event_index,true_population,condition,replicate
0,Myeloid,treatment,2
1,CD4_T,treatment,2
2,Neutrophil,treatment,2
3,Neutrophil,treatment,2
4,junk_debris,treatment,2
5,B,treatment,2
6,junk_dead,treatment,2
7,junk_doublet,treatment,2
8,CD8_T,treatment,2
9,B,treatment,2
10,junk_debris,treatment,2
11,junk_noise,treatment,2
12,junk_debris,treatment,2
13,Neutrophil,treatment,2
14,junk_noise,treatment,2
15,junk_noise,treatment,2
16,CD8_T,treatment,2
17,B,treatment,2
18,junk_debris,treatment,2
19,Myeloid,treatment,2
20,junk_debris,treatment,2
21,junk_dead,treatment,2
22,junk_debris,treatment,2
23,junk_debris,treatment,2
24,junk_doublet,treatment,2
25,CD4_T,treatment,2
26,junk_dead,treatment,2
27,junk_doublet,treatment,2
28,DC,treatment,2
29,CD8_T,treatment,2
30,junk_noise,treatment,2
31,junk_debris,treatment,2
32,junk_noise,treatment,2
33,Neutrophil,treatment,2
34,junk_dead,treatment,2
35,Myeloid,treatment,2
36,CD4_T,treatment,2
37,junk_dead,treatment,2
38,junk_doublet,treatment,2
39,NK,treatment,2
40,Neutrophil,treatment,2
41,DC,treatment,2
42,junk_debris,treatment,2
43,junk_debris,treatment,2
44,junk_debris,treatment,2
45,junk_dead,treatment,2
46,junk_debris,treatment,2
47,Myeloid,treatment,2
48,junk_dead,treatment,2
49,junk_debris,treatment,2
50,junk_debris,treatment,2
51,junk_dead,treatment,2
52,junk_doublet,treatment,2
53,junk_debris,treatment,2
54,Myeloid,treatment,2
55,junk_dead,treatment,2
56,junk_debris,treatment,2
57,CD4_T,treatment,2
58,DC,treatment,2
59,DC,treatment,2
60,B,treatment,2
61,junk_debris,treatment,2
62,junk_doublet,treatment,2
63,Myeloid,treatment,2
64,Myeloid,treatment,2
65,junk_debris,treatment,2
66,junk_doublet,treatment,2
67,junk_dead,treatment,2
68,junk_dead,treatment,2
69,CD4_T,treatment,2
70,B,treatment,2
71,junk_debris,treatment,2
72,junk_debris,treatment,2
73,CD4_T,treatment,2
74,NK,treatment,2
75,Neutrophil,treatment,2
76,DC,treatment,2
77,junk_debris,treatment,2
78,junk_noise,treatment,2
79,junk_dead,treatment,2
80,junk_debris,treatment,2
81,junk_debris,treatment,2
82,junk_dead,treatment,2
83,junk_doublet,treatment,2
84,junk_doublet,treatment,2
85,Myeloid,treatment,2
86,Myeloid,treatment,2
87,NK,treatment,2
88,B,treatment,2
89,junk_debris,treatment,2
90,Myeloid,treatment,2
91,CD4_T,treatment,2
92,junk_debris,treatment,2
93,junk_debris,treatment,2
94,CD4_T,treatment,2
95,Myeloid,treatment,2
96,CD8_T,treatment,2
97,junk_debris,treatment,2
98,Myeloid,treatment,2
99,junk_dead,treatment,2
100,junk_dead,treatment,2
101,junk_noise,treatment,2
102,junk_debris,treatment,2
103,junk_debris,treatment,2
104,junk_noise,treatment,2
105,junk_doublet,treatment,2
106,junk_noise,treatment,2
107,junk_dead,treatment,2
108,junk_dead,treatment,2
109,Myeloid,treatment,2
110,junk_debris,treatment,2
111,junk_dead,treatment,2
112,junk_noise,treatment,2
113,junk_debris,treatment,2
114,junk_doublet,treatment,2
115,junk_dead,treatment,2
116,junk_noise,treatment,2
117,junk_debris,treatment,2
118,junk_debris,treatment,2
119,junk_debris,treatment,2
120,junk_dead,treatment,2
121,Neutrophil,treatment,2
122,junk_dead,treatment,2
123,B,treatment,2
124,junk_doublet,treatment,2
125,junk_dead,treatment,2
126,junk_dead,treatment,2
127,junk_doublet,treatment,2
128,junk_doublet,treatment,2
129,junk_doublet,treatment,2
130,junk_dead,treatment,2
131,junk_dead,treatment,2
132,junk_debris,treatment,2
133,junk_dead,treatment,2
134,B,treatment,2
135,junk_doublet,treatment,2
136,junk_dead,treatment,2
137,junk_dead,treatment,2
138,Myeloid,treatment,2
139,B,treatment,2
140,Myeloid,treatment,2
141,junk_debris,treatment,2
142,junk_debris,treatment,2
143,Neutrophil,treatment,2
144,CD8_T,treatment,2
145,junk_dead,treatment,2
146,junk_debris,treatment,2
147,CD4_T,treatment,2
148,junk_debris,treatment,2
149,B,treatment,2
150,Neutrophil,treatment,2
151,junk_debris,treatment,2
152,junk_debris,treatment,2
153,junk_noise,treatment,2
154,junk_noise,treatment,2
155,Myeloid,treatment,2
156,B,treatment,2
157,CD4_T,treatment,2
158,junk_doublet,treatment,2
159,CD4_T,treatment,2
160,junk_debris,treatment,2
161,CD4_T,treatment,2
162,junk_debris,treatment,2
163,junk_dead,treatment,2
164,DC,treatment,2
165,CD4_T,treatment,2
166,B,treatment,2
167,junk_dead,treatment,2
168,junk_debris,treatment,2
169,CD4_T,treatment,2
170,CD4_T,treatment,2
171,NK,treatment,2
172,junk_debris,treatment,2
173,junk_debris,treatment,2
174,junk_dead,treatment,2
175,junk_doublet,treatment,2
176,B,treatment,2
177,junk_doublet,treatment,2
178,junk_dead,treatment,2
179,junk_dead,treatment,2
180,junk_doublet,treatment,2
181,B,treatment,2
182,junk_noise,treatment,2
183,B,treatment,2
184,junk_dead,treatment,2
185,Neutrophil,treatment,2
186,junk_dead,treatment,2
187,junk_dead,treatment,2
188,Myeloid,treatment,2
189,junk_debris,treatment,2
190,junk_doublet,treatment,2
191,junk_dead,treatment,2
192,junk_doublet,treatment,2
193,junk_dead,treatment,2
194,CD4_T,treatment,2
195,B,treatment,2
196,Myeloid,treatment,2
197,junk_dead,treatment,2
198,junk_noise,treatment,2
199,junk_doublet,treatment,2
200,Myeloid,treatment,2
201,junk_dead,treatment,2
202,junk_doublet,treatment,2
203,junk_debris,treatment,2
204,junk_doublet,treatment,2
205,junk_debris,treatment,2
206,junk_doublet,treatment,2
207,B,treatment,2
208,junk_debris,treatment,2
209,Myeloid,treatment,2
210,DC,treatment,2
211,junk_noise,treatment,2
212,junk_debris,treatment,2
213,junk_doublet,treatment,2
214,junk_debris,treatment,2
215,junk_noise,treatment,2
216,junk_debris,treatment,2
217,NK,treatment,2
218,junk_debris,treatment,2
219,junk_dead,treatment,2
220,B,treatment,2
221,junk_noise,treatment,2
222,junk_doublet,treatment,2
223,Myeloid,treatment,2
224,junk_debris,treatment,2
225,junk_noise,treatment,2
226,NK,treatment,2
227,junk_dead,treatment,2
228,junk_dead,treatment,2
229,junk_debris,treatment,2
230,Myeloid,treatment,2
231,junk_doublet,treatment,2
232,junk_debris,treatment,2
233,junk_doublet,treatment,2
234,junk_debris,treatment,2
235,Myeloid,treatment,2
236,Neutrophil,treatment,2
237,B,treatment,2
238,junk_doublet,treatment,2
239,Neutrophil,treatment,2
240,Myeloid,treatment,2
241,B,treatment,2
242,junk_dead,treatment,2
243,CD8_T,treatment,2
244,CD4_T,treatment,2
245,CD4_T,treatment,2
246,junk_noise,treatment,2
247,junk_dead,treatment,2
248,junk_noise,treatment,2
249,junk_doublet,treatment,2
250,CD4_T,treatment,2
251,CD8_T,treatment,2
252,junk_doublet,treatment,2
253,junk_dead,treatment,2
254,junk_noise,treatment,2
255,junk_doublet,treatment,2
256,junk_dead,treatment,2
257,Neutrophil,treatment,2
258,junk_debris,treatment,2
259,junk_debris,treatment,2
260,NK,treatment,2
261,junk_debris,treatment,2
262,B,treatment,2
263,junk_noise,treatment,2
264,CD8_T,treatment,2
265,junk_dead,treatment,2
266,junk_dead,treatment,2
267,CD4_T,treatment,2
268,junk_doublet,treatment,2
269,junk_doublet,treatment,2
270,Myeloid,treatment,2
271,junk_dead,treatment,2
272,junk_doublet,treatment,2
273,junk_doublet,treatment,2
274,B,treatment,2
275,Neutrophil,treatment,2
276,junk_doublet,treatment,2
277,junk_dead,treatment,2
278,Neutrophil,treatment,2
279,junk_debris,treatment,2
280,junk_doublet,treatment,2
281,junk_dead,treatment,2
282,junk_doublet,treatment,2
283,CD4_T,treatment,2
284,junk_doublet,treatment,2
285,junk_doublet,treatment,2
286,junk_noise,treatment,2
287,CD4_T,treatment,2
288,junk_debris,treatment,2
289,junk_doublet,treatment,2
290,junk_doublet,treatment,2
291,junk_doublet,treatment,2
292,junk_doublet,treatment,2
293,Neutrophil,treatment,2
294,junk_dead,treatment,2
295,junk_doublet,treatment,2
296,Myeloid,treatment,2
297,junk_debris,treatment,2
298,junk_debris,treatment,2
299,NK,treatment,2
300,junk_debris,treatment,2
301,junk_dead,treatment,2
302,B,treatment,2
303,Neutrophil,treatment,2
304,junk_doublet,treatment,2
305,DC,treatment,2
306,junk_noise,treatment,2
307,junk_noise,treatment,2
308,junk_doublet,treatment,2
309,junk_doublet,treatment,2
310,Myeloid,treatment,2
311,junk_doublet,treatment,2
312,junk_debris,treatment,2
313,junk_doublet,treatment,2
314,DC,treatment,2
315,junk_doublet,treatment,2
316,junk_doublet,treatment,2
317,junk_dead,treatment,2
318,junk_doublet,treatment,2
319,junk_dead,treatment,2
320,B,treatment,2
321,junk_doublet,treatment,2
322,junk_doublet,treatment,2
323,junk_dead,treatment,2
324,B,treatment,2
325,DC,treatment,2
326,junk_dead,treatment,2
327,junk_dead,treatment,2
328,junk_noise,treatment,2
329,junk_doublet,treatment,2
330,junk_debris,treatment,2
331,B,treatment,2
332,B,treatment,2
333,junk_dead,treatment,2
334,NK,treatment,2
335,junk_doublet,treatment,2
336,junk_noise,treatment,2
337,junk_debris,treatment,2
338,junk_dead,treatment,2
339,junk_noise,treatment,2
340,junk_dead,treatment,2
341,Myeloid,treatment,2
342,B,treatment,2
343,junk_dead,treatment,2
344,junk_noise,treatment,2
345,junk_dead,treatment,2
346,CD8_T,treatment,2
347,NK,treatment,2
348,DC,treatment,2
349,Neutrophil,treatment,2
350,junk_debris,treatment,2
351,B,treatment,2
352,Neutrophil,treatment,2
353,CD4_T,treatment,2
354,Myeloid,treatment,2
355,junk_debris,treatment,2
356,junk_debris,treatment,2
357,Myeloid,treatment,2
358,junk_debris,treatment,2
359,junk_doublet,treatment,2
360,junk_dead,treatment,2
361,junk_noise,treatment,2
362,junk_debris,treatment,2
363,junk_debris,treatment,2
364,B,treatment,2
365,B,treatment,2
366,junk_dead,treatment,2
367,B,treatment,2
368,CD4_T,treatment,2
369,junk_doublet,treatment,2
370,junk_debris,treatment,2
371,Myeloid,treatment,2
372,junk_dead,treatment,2
373,junk_noise,treatment,2
374,junk_debris,treatment,2
375,junk_noise,treatment,2
376,Myeloid,treatment,2
377,junk_debris,treatment,2
378,junk_dead,treatment,2
379,junk_debris,treatment,2
380,CD4_T,treatment,2
381,junk_doublet,treatment,2
382,junk_noise,treatment,2
383,junk_dead,treatment,2
384,Neutrophil,treatment,2
385,junk_debris,treatment,2
386,junk_dead,treatment,2
387,junk_noise,treatment,2
388,junk_dead,treatment,2
389,junk_doublet,treatment,2
390,junk_debris,treatment,2
391,junk_noise,treatment,2
392,junk_debris,treatment,2
393,junk_dead,treatment,2
394,junk_dead,treatment,2
395,CD4_T,treatment,2
396,CD4_T,treatment,2
397,Neutrophil,treatment,2
398,junk_noise,treatment,2
399,junk_doublet,treatment,2
400,junk_doublet,treatment,2
401,junk_noise,treatment,2
402,junk_dead,treatment,2
403,junk_debris,treatment,2
404,Myeloid,treatment,2
405,B,treatment,2
406,junk_doublet,treatment,2
407,junk_doublet,treatment,2
408,junk_noise,treatment,2
409,junk_doublet,treatment,2
410,junk_debris,treatment,2
411,junk_dead,treatment,2
412,junk_noise,treatment,2
413,Neutrophil,treatment,2
414,Neutrophil,treatment,2
415,junk_doublet,treatment,2
416,junk_dead,treatment,2
417,junk_debris,treatment,2
418,junk_debris,treatment,2
419,B,treatment,2
420,junk_debris,treatment,2
421,junk_doublet,treatment,2
422,junk_dead,treatment,2
423,junk_debris,treatment,2
424,junk_dead,treatment,2
425,junk_dead,treatment,2
426,junk_noise,treatment,2
427,junk_dead,treatment,2
428,junk_dead,treatment,2
429,CD4_T,treatment,2
430,junk_debris,treatment,2
431,CD8_T,treatment,2
432,junk_debris,treatment,2
433,B,treatment,2
434,junk_doublet,treatment,2
435,junk_dead,treatment,2
436,junk_noise,treatment,2
437,junk_debris,treatment,2
438,CD4_T,treatment,2
439,junk_dead,treatment,2
440,junk_debris,treatment,2
441,junk_debris,treatment,2
442,B,treatment,2
443,CD4_T,treatment,2
444,CD4_T,treatment,2
445,junk_doublet,treatment,2
446,junk_dead,treatment,2
447,junk_dead,treatment,2
448,junk_dead,treatment,2
449,B,treatment,2
450,CD4_T,treatment,2
451,B,treatment,2
452,CD8_T,treatment,2
453,junk_noise,treatment,2
454,junk_dead,treatment,2
455,junk_dead,treatment,2
456,Myeloid,treatment,2
457,junk_debris,treatment,2
458,CD4_T,treatment,2
459,CD4_T,treatment,2
460,junk_doublet,treatment,2
461,junk_doublet,treatment,2
462,junk_debris,treatment,2
463,junk_noise,treatment,2
464,junk_noise,treatment,2
465,junk_debris,treatment,2
466,junk_dead,treatment,2
467,Neutrophil,treatment,2
468,junk_dead,treatment,2
469,junk_dead,treatment,2
470,junk_debris,treatment,2
471,DC,treatment,2
472,junk_debris,treatment,2
473,junk_noise,treatment,2
474,junk_debris,treatment,2
475,junk_noise,treatment,2
476,junk_debris,treatment,2
477,junk_debris,treatment,2
478,junk_debris,treatment,2
479,junk_noise,treatment,2
480,junk_dead,treatment,2
481,junk_dead,treatment,2
482,B,treatment,2
483,junk_noise,treatment,2
484,junk_debris,treatment,2
485,junk_noise,treatment,2
486,junk_debris,treatment,2
487,junk_doublet,treatment,2
488,junk_debris,treatment,2
489,Neutrophil,treatment,2
490,junk_dead,treatment,2
491,junk_dead,treatment,2
492,junk_debris,treatment,2
493,junk_doublet,treatment,2
494,junk_debris,treatment,2
495,junk_noise,treatment,2
496,junk_doublet,treatment,2
497,CD4_T,treatment,2
498,junk_debris,treatment,2
499,Myeloid,treatment,2
500,junk_doublet,treatment,2
501,Neutrophil,treatment,2
502,junk_doublet,treatment,2
503,junk_debris,treatment,2
504,junk_debris,treatment,2
505,junk_doublet,treatment,2
506,B,treatment,2
507,junk_dead,treatment,2
508,junk_debris,treatment,2
509,Neutrophil,treatment,2
510,junk_dead,treatment,2
511,junk_doublet,treatment,2
512,junk_debris,treatment,2
513,junk_doublet,treatment,2
514,junk_debris,treatment,2
515,CD4_T,treatment,2
516,B,treatment,2
517,junk_debris,treatment,2
518,junk_doublet,treatment,2
519,junk_doublet,treatment,2
520,junk_dead,treatment,2
521,junk_debris,treatment,2
522,junk_debris,treatment,2
523,junk_noise,treatment,2
524,CD4_T,treatment,2
525,junk_debris,treatment,2
526,junk_doublet,treatment,2
527,junk_doublet,treatment,2
528,junk_debris,treatment,2
529,Myeloid,treatment,2
530,junk_dead,treatment,2
531,CD4_T,treatment,2
532,junk_dead,treatment,2
533,junk_doublet,treatment,2
534,CD8_T,treatment,2
535,junk_dead,treatment,2
536,junk_debris,treatment,2
537,junk_debris,treatment,2
538,CD4_T,treatment,2
539,B,treatment,2
540,junk_doublet,treatment,2
541,Myeloid,treatment,2
542,B,treatment,2
543,Neutrophil,treatment,2
544,B,treatment,2
545,junk_dead,treatment,2
546,B,treatment,2
547,Neutrophil,treatment,2
548,B,treatment,2
549,junk_dead,treatment,2
550,B,treatment,2
551,Neutrophil,treatment,2
552,CD8_T,treatment,2
553,junk_noise,treatment,2
554,junk_debris,treatment,2
555,Neutrophil,treatment,2
556,CD4_T,treatment,2
557,CD8_T,treatment,2
558,CD8_T,treatment,2
559,junk_doublet,treatment,2
560,junk_doublet,treatment,2
561,CD8_T,treatment,2
562,junk_dead,treatment,2
563,junk_debris,treatment,2
564,B,treatment,2
565,B,treatment,2
566,junk_debris,treatment,2
567,junk_dead,treatment,2
568,junk_doublet,treatment,2
569,junk_debris,treatment,2
570,junk_noise,treatment,2
571,junk_dead,treatment,2
572,junk_debris,treatment,2
573,CD4_T,treatment,2
574,junk_debris,treatment,2
575,junk_debris,treatment,2
576,Neutrophil,treatment,2
577,junk_noise,treatment,2
578,junk_dead,treatment,2
579,B,treatment,2
580,junk_doublet,treatment,2
581,Myeloid,treatment,2
582,CD8_T,treatment,2
583,junk_dead,treatment,2
584,junk_debris,treatment,2
585,Neutrophil,treatment,2
586,Neutrophil,treatment,2
587,junk_debris,treatment,2
588,junk_dead,treatment,2
589,junk_debris,treatment,2
590,junk_debris,treatment,2
591,junk_dead,treatment,2
592,DC,treatment,2
593,NK,treatment,2
594,junk_doublet,treatment,2
595,B,treatment,2
596,NK,treatment,2
597,junk_debris,treatment,2
598,junk_noise,treatment,2
599,junk_doublet,treatment,2
600,junk_dead,treatment,2
601,junk_noise,treatment,2
602,junk_debris,treatment,2
603,junk_debris,treatment,2
604,DC,treatment,2
605,Myeloid,treatment,2
606,CD4_T,treatment,2
607,CD4_T,treatment,2
608,Myeloid,treatment,2
609,junk_debris,treatment,2
610,CD4_T,treatment,2
611,CD4_T,treatment,2
612,Myeloid,treatment,2
613,Myeloid,treatment,2
614,CD4_T,treatment,2
615,CD4_T,treatment,2
616,Neutrophil,treatment,2
617,junk_doublet,treatment,2
618,Myeloid,treatment,2
619,junk_dead,treatment,2
620,CD4_T,treatment,2
621,CD4_T,treatment,2
622,junk_noise,treatment,2
623,junk_doublet,treatment,2
624,CD8_T,treatment,2
625,B,treatment,2
626,junk_debris,treatment,2
627,junk_doublet,treatment,2
628,junk_doublet,treatment,2
629,junk_doublet,treatment,2
630,junk_dead,treatment,2
631,junk_doublet,treatment,2
632,junk_noise,treatment,2
633,CD4_T,treatment,2
634,Myeloid,treatment,2
635,Myeloid,treatment,2
636,junk_dead,treatment,2
637,junk_debris,treatment,2
638,junk_dead,treatment,2
639,Myeloid,treatment,2
640,NK,treatment,2
641,junk_debris,treatment,2
642,junk_doublet,treatment,2
643,junk_noise,treatment,2
644,junk_noise,treatment,2
645,CD8_T,treatment,2
646,CD4_T,treatment,2
647,junk_debris,treatment,2
648,junk_debris,treatment,2
649,B,treatment,2
650,junk_doublet,treatment,2
651,CD4_T,treatment,2
652,junk_debris,treatment,2
653,junk_debris,treatment,2
654,junk_doublet,treatment,2
655,Neutrophil,treatment,2
656,junk_noise,treatment,2
657,junk_noise,treatment,2
658,junk_doublet,treatment,2
659,junk_debris,treatment,2
660,junk_doublet,treatment,2
661,NK,treatment,2
662,junk_debris,treatment,2
663,junk_debris,treatment,2
664,CD4_T,treatment,2
665,B,treatment,2
666,junk_dead,treatment,2
667,junk_dead,treatment,2
668,junk_doublet,treatment,2
669,Neutrophil,treatment,2
670,junk_doublet,treatment,2
671,junk_noise,treatment,2
672,Neutrophil,treatment,2
673,junk_debris,treatment,2
674,NK,treatment,2
675,junk_doublet,treatment,2
676,junk_debris,treatment,2
677,CD4_T,treatment,2
678,Myeloid,treatment,2
679,junk_noise,treatment,2
680,Neutrophil,treatment,2
681,junk_debris,treatment,2
682,NK,treatment,2
683,junk_debris,treatment,2
684,Neutrophil,treatment,2
685,junk_debris,treatment,2
686,junk_noise,treatment,2
687,junk_dead,treatment,2
688,junk_noise,treatment,2
689,junk_debris,treatment,2
690,junk_debris,treatment,2
691,junk_doublet,treatment,2
692,CD8_T,treatment,2
693,junk_debris,treatment,2
694,junk_debris,treatment,2
695,junk_dead,treatment,2
696,DC,treatment,2
697,junk_doublet,treatment,2
698,CD4_T,treatment,2
699,CD8_T,treatment,2
700,junk_debris,treatment,2
701,CD8_T,treatment,2
702,junk_debris,treatment,2
703,junk_noise,treatment,2
704,junk_dead,treatment,2
705,junk_noise,treatment,2
706,Myeloid,treatment,2
707,B,treatment,2
708,junk_noise,treatment,2
709,junk_dead,treatment,2
710,CD8_T,treatment,2
711,junk_debris,treatment,2
712,junk_noise,treatment,2
713,junk_debris,treatment,2
714,junk_debris,treatment,2
715,junk_noise,treatment,2
716,CD4_T,treatment,2
717,B,treatment,2
718,junk_debris,treatment,2
719,B,treatment,2
720,junk_dead,treatment,2
721,junk_noise,treatment,2
722,junk_noise,treatment,2
723,junk_noise,treatment,2
724,junk_noise,treatment,2
725,junk_debris,treatment,2
726,junk_debris,treatment,2
727,junk_doublet,treatment,2
728,junk_doublet,treatment,2
729,NK,treatment,2
730,CD4_T,treatment,2
731,CD4_T,treatment,2
732,junk_debris,treatment,2
733,junk_debris,treatment,2
734,Myeloid,treatment,2
735,junk_doublet,treatment,2
736,junk_dead,treatment,2
737,B,treatment,2
738,Neutrophil,treatment,2
739,junk_doublet,treatment,2
740,junk_dead,treatment,2
741,junk_dead,treatment,2
742,junk_debris,treatment,2
743,CD8_T,treatment,2
744,CD4_T,treatment,2
745,junk_debris,treatment,2
746,junk_debris,treatment,2
747,B,treatment,2
748,CD4_T,treatment,2
749,Neutrophil,treatment,2
750,CD4_T,treatment,2
751,junk_debris,treatment,2
752,Neutrophil,treatment,2
753,junk_doublet,treatment,2
754,junk_dead,treatment,2
755,junk_noise,treatment,2
756,junk_debris,treatment,2
757,Neutrophil,treatment,2
758,CD4_T,treatment,2
759,CD8_T,treatment,2
760,junk_noise,treatment,2
761,CD4_T,treatment,2
762,junk_dead,treatment,2
763,CD8_T,treatment,2
764,Myeloid,treatment,2
765,junk_doublet,treatment,2
766,CD4_T,treatment,2
767,junk_debris,treatment,2
768,junk_debris,treatment,2
769,B,treatment,2
770,junk_doublet,treatment,2
771,junk_debris,treatment,2
772,junk_noise,treatment,2
773,junk_debris,treatment,2
774,junk_debris,treatment,2
775,junk_doublet,treatment,2
776,CD4_T,treatment,2
777,Neutrophil,treatment,2
778,junk_debris,treatment,2
779,junk_debris,treatment,2
780,junk_debris,treatment,2
781,junk_doublet,treatment,2
782,junk_dead,treatment,2
783,Myeloid,treatment,2
784,junk_debris,treatment,2
785,junk_doublet,treatment,2
786,junk_doublet,treatment,2
787,junk_doublet,treatment,2
788,Neutrophil,treatment,2
789,junk_debris,treatment,2
790,Neutrophil,treatment,2
791,Neutrophil,treatment,2
792,junk_debris,treatment,2
793,junk_noise,treatment,2
794,Neutrophil,treatment,2
795,junk_doublet,treatment,2
796,junk_doublet,treatment,2
797,junk_dead,treatment,2
798,junk_noise,treatment,2
799,B,treatment,2
800,junk_dead,treatment,2
801,junk_dead,treatment,2
802,junk_dead,treatment,2
803,B,treatment,2
804,B,treatment,2
805,Myeloid,treatment,2
806,Neutrophil,treatment,2
807,junk_doublet,treatment,2
808,Myeloid,treatment,2
809,junk_debris,treatment,2
810,junk_doublet,treatment,2
811,junk_debris,treatment,2
812,Neutrophil,treatment,2
813,junk_debris,treatment,2
814,junk_noise,treatment,2
815,junk_noise,treatment,2
816,CD4_T,treatment,2
817,junk_debris,treatment,2
818,junk_dead,treatment,2
819,junk_debris,treatment,2
820,junk_debris,treatment,2
821,B,treatment,2
822,Myeloid,treatment,2
823,B,treatment,2
824,junk_dead,treatment,2
825,junk_debris,treatment,2
826,junk_debris,treatment,2
827,junk_noise,treatment,2
828,B,treatment,2
829,DC,treatment,2
830,junk_debris,treatment,2
831,junk_doublet,treatment,2
832,junk_doublet,treatment,2
833,junk_dead,treatment,2
834,junk_doublet,treatment,2
835,junk_doublet,treatment,2
836,CD8_T,treatment,2
837,junk_debris,treatment,2
838,junk_debris,treatment,2
839,junk_debris,treatment,2
840,Neutrophil,treatment,2
841,junk_dead,treatment,2
842,B,treatment,2
843,junk_debris,treatment,2
844,junk_debris,treatment,2
845,junk_debris,treatment,2
846,junk_dead,treatment,2
847,B,treatment,2
848,junk_debris,treatment,2
849,B,treatment,2
850,junk_debris,treatment,2
851,junk_doublet,treatment,2
852,B,treatment,2
853,junk_debris,treatment,2
854,junk_debris,treatment,2
855,junk_debris,treatment,2
856,Neutrophil,treatment,2
857,junk_debris,treatment,2
858,junk_doublet,treatment,2
859,junk_doublet,treatment,2
860,B,treatment,2
861,junk_noise,treatment,2
862,junk_debris,treatment,2
863,CD4_T,treatment,2
864,junk_dead,treatment,2
865,Neutrophil,treatment,2
866,B,treatment,2
867,junk_debris,treatment,2
868,junk_debris,treatment,2
869,CD8_T,treatment,2
870,B,treatment,2
871,B,treatment,2
872,junk_debris,treatment,2
873,B,treatment,2
874,junk_debris,treatment,2
875,junk_debris,treatment,2
876,CD8_T,treatment,2
877,NK,treatment,2
878,junk_doublet,treatment,2
879,Myeloid,treatment,2
880,junk_debris,treatment,2
881,Neutrophil,treatment,2
882,junk_noise,treatment,2
883,junk_debris,treatment,2
884,junk_doublet,treatment,2
885,Myeloid,treatment,2
886,junk_doublet,treatment,2
887,junk_noise,treatment,2
888,Myeloid,treatment,2
889,junk_debris,treatment,2
890,junk_dead,treatment,2
891,B,treatment,2
892,CD4_T,treatment,2
893,junk_debris,treatment,2
894,CD4_T,treatment,2
895,junk_noise,treatment,2
896,junk_debris,treatment,2
897,junk_dead,treatment,2
898,junk_noise,treatment,2
899,junk_debris,treatment,2
900,CD4_T,treatment,2
901,junk_debris,treatment,2
902,junk_debris,treatment,2
903,junk_dead,treatment,2
904,junk_debris,treatment,2
905,CD4_T,treatment,2
906,junk_debris,treatment,2
907,junk_noise,treatment,2
908,junk_doublet,treatment,2
909,CD8_T,treatment,2
910,CD4_T,treatment,2
911,B,treatment,2
912,DC,treatment,2
913,Neutrophil,treatment,2
914,junk_debris,treatment,2
915,junk_dead,treatment,2
916,Myeloid,treatment,2
917,Neutrophil,treatment,2
918,junk_debris,treatment,2
919,CD8_T,treatment,2
920,CD4_T,treatment,2
921,junk_dead,treatment,2
922,junk_doublet,treatment,2
923,junk_debris,treatment,2
924,junk_noise,treatment,2
925,junk_doublet,treatment,2
926,junk_debris,treatment,2
927,CD8_T,treatment,2
928,junk_dead,treatment,2
929,junk_noise,treatment,2
930,B,treatment,2
931,junk_dead,treatment,2
932,junk_debris,treatment,2
933,NK,treatment,2
934,B,treatment,2
935,Neutrophil,treatment,2
936,B,treatment,2
937,junk_debris,treatment,2
938,junk_noise,treatment,2
939,junk_debris,treatment,2
940,junk_debris,treatment,2
941,junk_debris,treatment,2
942,junk_noise,treatment,2
943,junk_debris,treatment,2
944,junk_noise,treatment,2
945,junk_debris,treatment,2
946,B,treatment,2
947,junk_dead,treatment,2
948,junk_dead,treatment,2
949,junk_doublet,treatment,2
950,junk_dead,treatment,2
951,CD4_T,treatment,2
952,junk_dead,treatment,2
953,junk_debris,treatment,2
954,junk_debris,treatment,2
955,junk_debris,treatment,2
956,junk_doublet,treatment,2
957,B,treatment,2
958,B,treatment,2
959,junk_debris,treatment,2
960,junk_doublet,treatment,2
961,junk_debris,treatment,2
962,junk_noise,treatment,2
963,junk_debris,treatment,2
964,NK,treatment,2
965,junk_dead,treatment,2
966,junk_doublet,treatment,2
967,CD8_T,treatment,2
968,junk_debris,treatment,2
969,junk_debris,treatment,2
970,Myeloid,treatment,2
971,junk_noise,treatment,2
972,Neutrophil,treatment,2
973,junk_debris,treatment,2
974,junk_debris,treatment,2
975,CD4_T,treatment,2
976,junk_doublet,treatment,2
977,junk_noise,treatment,2
978,CD8_T,treatment,2
979,junk_doublet,treatment,2
980,junk_debris,treatment,2
981,B,treatment,2
982,DC,treatment,2
983,junk_noise,treatment,2
984,CD4_T,treatment,2
985,junk_debris,treatment,2
986,junk_noise,treatment,2
987,junk_dead,treatment,2
988,Myeloid,treatment,2
989,junk_dead,treatment,2
990,junk_noise,treatment,2
991,CD4_T,treatment,2
992,junk_debris,treatment,2
993,junk_debris,treatment,2
994,DC,treatment,2
995,CD8_T,treatment,2
996,junk_noise,treatment,2
997,junk_debris,treatment,2
998,junk_noise,treatment,2
999,B,treatment,2
1000,junk_noise,treatment,2
1001,DC,treatment,2
1002,B,treatment,2
1003,junk_dead,treatment,2
1004,junk_noise,treatment,2
1005,junk_debris,treatment,2
1006,DC,treatment,2
1007,junk_debris,treatment,2
1008,junk_doublet,treatment,2
1009,CD8_T,treatment,2
1010,Myeloid,treatment,2
1011,Neutrophil,treatment,2
1012,junk_dead,treatment,2
1013,junk_debris,treatment,2
1014,junk_debris,treatment,2
1015,junk_debris,treatment,2
1016,Neutrophil,treatment,2
1017,Neutrophil,treatment,2
1018,junk_debris,treatment,2
1019,B,treatment,2
1020,Neutrophil,treatment,2
1021,CD8_T,treatment,2
1022,junk_doublet,treatment,2
1023,junk_doublet,treatment,2
1024,Myeloid,treatment,2
1025,junk_debris,treatment,2
1026,Myeloid,treatment,2
1027,CD8_T,treatment,2
1028,junk_debris,treatment,2
1029,B,treatment,2
1030,B,treatment,2
1031,junk_debris,treatment,2
1032,junk_noise,treatment,2
1033,junk_debris,treatment,2
1034,Myeloid,treatment,2
1035,junk_debris,treatment,2
1036,Myeloid,treatment,2
1037,B,treatment,2
1038,junk_noise,treatment,2
1039,junk_dead,treatment,2
1040,junk_debris,treatment,2
1041,junk_dead,treatment,2
1042,junk_debris,treatment,2
1043,NK,treatment,2
1044,junk_dead,treatment,2
1045,junk_debris,treatment,2
1046,junk_doublet,treatment,2
1047,junk_doublet,treatment,2
1048,B,treatment,2
1049,Myeloid,treatment,2
1050,CD8_T,treatment,2
1051,junk_debris,treatment,2
1052,junk_doublet,treatment,2
1053,CD4_T,treatment,2
1054,Myeloid,treatment,2
1055,junk_debris,treatment,2
1056,Myeloid,treatment,2
1057,CD4_T,treatment,2
1058,B,treatment,2
1059,junk_doublet,treatment,2
1060,junk_debris,treatment,2
1061,B,treatment,2
1062,junk_dead,treatment,2
1063,CD8_T,treatment,2
1064,CD4_T,treatment,2
1065,Myeloid,treatment,2
1066,CD4_T,treatment,2
1067,junk_noise,treatment,2
1068,junk_dead,treatment,2
1069,junk_dead,treatment,2
1070,junk_debris,treatment,2
1071,Myeloid,treatment,2
1072,CD8_T,treatment,2
1073,DC,treatment,2
1074,junk_noise,treatment,2
1075,junk_debris,treatment,2
1076,Myeloid,treatment,2
1077,junk_dead,treatment,2
1078,B,treatment,2
1079,Myeloid,treatment,2
1080,junk_doublet,treatment,2
1081,junk_dead,treatment,2
1082,CD8_T,treatment,2
1083,junk_dead,treatment,2
1084,CD4_T,treatment,2
1085,junk_noise,treatment,2
1086,junk_doublet,treatment,2
1087,junk_debris,treatment,2
1088,Neutrophil,treatment,2
1089,CD4_T,treatment,2
1090,junk_debris,treatment,2
1091,junk_debris,treatment,2
1092,junk_dead,treatment,2
1093,B,treatment,2
1094,CD4_T,treatment,2
1095,junk_debris,treatment,2
1096,junk_debris,treatment,2
1097,junk_debris,treatment,2
1098,B,treatment,2
1099,junk_debris,treatment,2
1100,junk_dead,treatment,2
1101,junk_debris,treatment,2
1102,Neutrophil,treatment,2
1103,junk_noise,treatment,2
1104,junk_dead,treatment,2
1105,B,treatment,2
1106,junk_debris,treatment,2
1107,CD8_T,treatment,2
1108,junk_noise,treatment,2
1109,junk_dead,treatment,2
1110,junk_debris,treatment,2
1111,junk_debris,treatment,2
1112,NK,treatment,2
1113,junk_noise,treatment,2
1114,CD4_T,treatment,2
1115,junk_debris,treatment,2
1116,junk_dead,treatment,2
1117,junk_noise,treatment,2
1118,junk_doublet,treatment,2
1119,junk_dead,treatment,2
1120,junk_doublet,treatment,2
1121,junk_debris,treatment,2
1122,B,treatment,2
1123,junk_dead,treatment,2
1124,junk_dead,treatment,2
1125,junk_noise,treatment,2
1126,junk_debris,treatment,2
1127,CD4_T,treatment,2
1128,junk_noise,treatment,2
1129,CD4_T,treatment,2
1130,junk_debris,treatment,2
1131,junk_noise,treatment,2
1132,junk_debris,treatment,2
1133,junk_dead,treatment,2
1134,junk_debris,treatment,2
1135,CD8_T,treatment,2
1136,junk_debris,treatment,2
1137,junk_debris,treatment,2
1138,junk_doublet,treatment,2
1139,CD4_T,treatment,2
1140,junk_dead,treatment,2
1141,junk_dead,treatment,2
1142,junk_debris,treatment,2
1143,junk_dead,treatment,2
1144,junk_debris,treatment,2
1145,junk_noise,treatment,2
1146,Neutrophil,treatment,2
1147,B,treatment,2
1148,B,treatment,2
1149,junk_doublet,treatment,2
1150,CD4_T,treatment,2
1151,junk_debris,treatment,2
1152,junk_debris,treatment,2
1153,CD8_T,treatment,2
1154,junk_doublet,treatment,2
1155,junk_doublet,treatment,2
1156,junk_dead,treatment,2
1157,CD8_T,treatment,2
1158,B,treatment,2
1159,CD4_T,treatment,2
1160,NK,treatment,2
1161,junk_dead,treatment,2
1162,junk_dead,treatment,2
1163,junk_dead,treatment,2
1164,junk_dead,treatment,2
1165,junk_noise,treatment,2
1166,junk_doublet,treatment,2
1167,junk_noise,treatment,2
1168,junk_dead,treatment,2
1169,B,treatment,2
1170,junk_dead,treatment,2
1171,junk_doublet,treatment,2
1172,junk_debris,treatment,2
1173,B,treatment,2
1174,Neutrophil,treatment,2
1175,junk_debris,treatment,2
1176,junk_noise,treatment,2
1177,CD8_T,treatment,2
1178,junk_debris,treatment,2
1179,junk_doublet,treatment,2
1180,junk_debris,treatment,2
1181,junk_doublet,treatment,2
1182,junk_dead,treatment,2
1183,junk_noise,treatment,2
1184,junk_doublet,treatment,2
1185,junk_doublet,treatment,2
1186,B,treatment,2
1187,junk_debris,treatment,2
1188,CD4_T,treatment,2
1189,junk_noise,treatment,2
1190,junk_dead,treatment,2
1191,CD4_T,treatment,2
1192,junk_dead,treatment,2
1193,CD8_T,treatment,2
1194,CD8_T,treatment,2
1195,junk_doublet,treatment,2
1196,junk_debris,treatment,2
1197,Neutrophil,treatment,2
1198,Myeloid,treatment,2
1199,junk_debris,treatment,2
1200,junk_dead,treatment,2
1201,CD4_T,treatment,2
1202,junk_debris,treatment,2
1203,junk_debris,treatment,2
1204,Myeloid,treatment,2
1205,junk_doublet,treatment,2
1206,junk_debris,treatment,2
1207,NK,treatment,2
1208,junk_dead,treatment,2
1209,junk_doublet,treatment,2
1210,Neutrophil,treatment,2
1211,junk_dead,treatment,2
1212,junk_dead,treatment,2
1213,junk_debris,treatment,2
1214,Myeloid,treatment,2
1215,Neutrophil,treatment,2
1216,Myeloid,treatment,2
1217,Neutrophil,treatment,2
1218,junk_debris,treatment,2
1219,CD4_T,treatment,2
1220,junk_doublet,treatment,2
1221,CD4_T,treatment,2
1222,DC,treatment,2
1223,junk_noise,treatment,2
1224,junk_debris,treatment,2
1225,DC,treatment,2
1226,CD4_T,treatment,2
1227,Myeloid,treatment,2
1228,Neutrophil,treatment,2
1229,junk_doublet,treatment,2
1230,junk_dead,treatment,2
1231,junk_debris,treatment,2
1232,junk_debris,treatment,2
1233,junk_dead,treatment,2
1234,junk_debris,treatment,2
1235,junk_debris,treatment,2
1236,Myeloid,treatment,2
1237,CD4_T,treatment,2
1238,CD4_T,treatment,2
1239,B,treatment,2
1240,junk_dead,treatment,2
1241,junk_debris,treatment,2
1242,DC,treatment,2
1243,junk_dead,treatment,2
1244,junk_noise,treatment,2
1245,junk_dead,treatment,2
1246,B,treatment,2
1247,junk_debris,treatment,2
1248,B,treatment,2
1249,junk_debris,treatment,2
1250,junk_dead,treatment,2
1251,B,treatment,2
1252,junk_noise,treatment,2
1253,junk_doublet,treatment,2
1254,CD4_T,treatment,2
1255,junk_debris,treatment,2
1256,junk_doublet,treatment,2
1257,Myeloid,treatment,2
1258,junk_debris,treatment,2
1259,junk_dead,treatment,2
1260,junk_debris,treatment,2
1261,junk_dead,treatment,2
1262,junk_debris,treatment,2
1263,junk_debris,treatment,2
1264,junk_debris,treatment,2
1265,junk_debris,treatment,2
1266,junk_dead,treatment,2
1267,CD8_T,treatment,2
1268,Neutrophil,treatment,2
1269,junk_noise,treatment,2
1270,junk_dead,treatment,2
1271,junk_debris,treatment,2
1272,junk_doublet,treatment,2
1273,junk_noise,treatment,2
1274,CD8_T,treatment,2
1275,junk_dead,treatment,2
1276,junk_doublet,treatment,2
1277,junk_doublet,treatment,2
1278,junk_debris,treatment,2
1279,Myeloid,treatment,2
1280,junk_noise,treatment,2
1281,B,treatment,2
1282,junk_noise,treatment,2
1283,junk_doublet,treatment,2
1284,junk_debris,treatment,2
1285,junk_dead,treatment,2
1286,junk_doublet,treatment,2
1287,junk_dead,treatment,2
1288,junk_debris,treatment,2
1289,junk_debris,treatment,2
1290,junk_debris,treatment,2
1291,junk_debris,treatment,2
1292,Myeloid,treatment,2
1293,junk_debris,treatment,2
1294,junk_debris,treatment,2
1295,B,treatment,2
1296,junk_debris,treatment,2
1297,junk_dead,treatment,2
1298,junk_noise,treatment,2
1299,junk_noise,treatment,2
1300,junk_debris,treatment,2
1301,junk_doublet,treatment,2
1302,junk_dead,treatment,2
1303,junk_doublet,treatment,2
1304,junk_dead,treatment,2
1305,junk_debris,treatment,2
1306,B,treatment,2
1307,CD4_T,treatment,2
1308,junk_doublet,treatment,2
1309,junk_debris,treatment,2
1310,junk_doublet,treatment,2
1311,junk_debris,treatment,2
1312,junk_debris,treatment,2
1313,B,treatment,2
1314,junk_debris,treatment,2
1315,junk_debris,treatment,2
1316,junk_dead,treatment,2
1317,junk_doublet,treatment,2
1318,junk_dead,treatment,2
1319,junk_noise,treatment,2
1320,CD4_T,treatment,2
1321,junk_debris,treatment,2
1322,junk_debris,treatment,2
1323,junk_dead,treatment,2
1324,junk_dead,treatment,2
1325,junk_noise,treatment,2
1326,junk_doublet,treatment,2
1327,junk_debris,treatment,2
1328,B,treatment,2
1329,junk_noise,treatment,2
1330,junk_debris,treatment,2
1331,junk_debris,treatment,2
1332,junk_noise,treatment,2
1333,junk_debris,treatment,2
1334,junk_doublet,treatment,2
1335,CD8_T,treatment,2
1336,junk_noise,treatment,2
1337,junk_debris,treatment,2
1338,junk_noise,treatment,2
1339,junk_dead,treatment,2
1340,B,treatment,2
1341,junk_debris,treatment,2
1342,Myeloid,treatment,2
1343,junk_doublet,treatment,2
1344,junk_doublet,treatment,2
1345,junk_doublet,treatment,2
1346,junk_debris,treatment,2
1347,B,treatment,2
1348,CD4_T,treatment,2
1349,junk_doublet,treatment,2
1350,junk_dead,treatment,2
1351,CD4_T,treatment,2
1352,junk_dead,treatment,2
1353,Neutrophil,treatment,2
1354,junk_debris,treatment,2
1355,NK,treatment,2
1356,junk_debris,treatment,2
1357,junk_debris,treatment,2
1358,Neutrophil,treatment,2
1359,junk_dead,treatment,2
1360,junk_debris,treatment,2
1361,DC,treatment,2
1362,junk_doublet,treatment,2
1363,CD4_T,treatment,2
1364,CD4_T,treatment,2
1365,junk_debris,treatment,2
1366,junk_doublet,treatment,2
1367,junk_debris,treatment,2
1368,CD4_T,treatment,2
1369,CD8_T,treatment,2
1370,junk_dead,treatment,2
1371,CD8_T,treatment,2
1372,junk_doublet,treatment,2
1373,junk_dead,treatment,2
1374,Neutrophil,treatment,2
1375,junk_debris,treatment,2
1376,junk_dead,treatment,2
1377,junk_debris,treatment,2
1378,junk_debris,treatment,2
1379,junk_debris,treatment,2
1380,junk_dead,treatment,2
1381,junk_doublet,treatment,2
1382,Myeloid,treatment,2
1383,CD8_T,treatment,2
1384,B,treatment,2
1385,CD4_T,treatment,2
1386,junk_debris,treatment,2
1387,Myeloid,treatment,2
1388,junk_dead,treatment,2
1389,junk_doublet,treatment,2
1390,Neutrophil,treatment,2
1391,Neutrophil,treatment,2
1392,junk_dead,treatment,2
1393,junk_doublet,treatment,2
1394,junk_doublet,treatment,2
1395,junk_debris,treatment,2
1396,junk_dead,treatment,2
1397,Myeloid,treatment,2
1398,junk_noise,treatment,2
1399,junk_noise,treatment,2
1400,B,treatment,2
1401,junk_debris,treatment,2
1402,Neutrophil,treatment,2
1403,junk_doublet,treatment,2
1404,junk_dead,treatment,2
1405,CD8_T,treatment,2
1406,junk_noise,treatment,2
1407,junk_debris,treatment,2
1408,junk_dead,treatment,2
1409,junk_noise,treatment,2
1410,B,treatment,2
1411,junk_noise,treatment,2
1412,junk_noise,treatment,2
1413,Myeloid,treatment,2
1414,CD4_T,treatment,2
1415,junk_noise,treatment,2
1416,junk_doublet,treatment,2
1417,junk_debris,treatment,2
1418,B,treatment,2
1419,junk_dead,treatment,2
1420,junk_debris,treatment,2
1421,junk_debris,treatment,2
1422,CD8_T,treatment,2
1423,Myeloid,treatment,2
1424,junk_dead,treatment,2
1425,junk_doublet,treatment,2
1426,junk_dead,treatment,2
1427,junk_debris,treatment,2
1428,CD8_T,treatment,2
1429,junk_doublet,treatment,2
1430,junk_dead,treatment,2
1431,junk_dead,treatment,2
1432,junk_noise,treatment,2
1433,Myeloid,treatment,2
1434,B,treatment,2
1435,junk_noise,treatment,2
1436,junk_dead,treatment,2
1437,junk_noise,treatment,2
1438,junk_debris,treatment,2
1439,DC,treatment,2
1440,junk_debris,treatment,2
1441,junk_dead,treatment,2
1442,junk_debris,treatment,2
1443,junk_debris,treatment,2
1444,junk_debris,treatment,2
1445,CD8_T,treatment,2
1446,Myeloid,treatment,2
1447,junk_dead,treatment,2
1448,junk_noise,treatment,2
1449,junk_noise,treatment,2
1450,junk_debris,treatment,2
1451,junk_doublet,treatment,2
1452,B,treatment,2
1453,junk_debris,treatment,2
1454,junk_debris,treatment,2
1455,junk_doublet,treatment,2
1456,NK,treatment,2
1457,Neutrophil,treatment,2
1458,junk_debris,treatment,2
1459,Neutrophil,treatment,2
1460,B,treatment,2
1461,junk_debris,treatment,2
1462,junk_debris,treatment,2
1463,junk_doublet,treatment,2
1464,junk_debris,treatment,2
1465,junk_doublet,treatment,2
1466,junk_noise,treatment,2
1467,CD4_T,treatment,2
1468,junk_debris,treatment,2
1469,junk_debris,treatment,2
1470,junk_debris,treatment,2
1471,CD8_T,treatment,2
1472,junk_doublet,treatment,2
1473,junk_debris,treatment,2
1474,junk_doublet,treatment,2
1475,junk_doublet,treatment,2
1476,junk_debris,treatment,2
1477,junk_doublet,treatment,2
1478,junk_noise,treatment,2
1479,junk_dead,treatment,2
1480,junk_doublet,treatment,2
1481,Myeloid,treatment,2
1482,B,treatment,2
1483,junk_debris,treatment,2
1484,CD8_T,treatment,2
1485,junk_dead,treatment,2
1486,junk_doublet,treatment,2
1487,junk_doublet,treatment,2
1488,junk_doublet,treatment,2
1489,junk_debris,treatment,2
1490,junk_debris,treatment,2
1491,junk_debris,treatment,2
1492,CD8_T,treatment,2
1493,junk_doublet,treatment,2
1494,Myeloid,treatment,2
1495,Neutrophil,treatment,2
1496,Myeloid,treatment,2
1497,junk_debris,treatment,2
1498,Neutrophil,treatment,2
1499,junk_debris,treatment,2
1500,junk_doublet,treatment,2
1501,junk_debris,treatment,2
1502,B,treatment,2
1503,junk_debris,treatment,2
1504,junk_debris,treatment,2
1505,junk_debris,treatment,2
1506,junk_debris,treatment,2
1507,junk_debris,treatment,2
1508,junk_debris,treatment,2
1509,junk_dead,treatment,2
1510,junk_dead,treatment,2
1511,junk_debris,treatment,2
1512,junk_doublet,treatment,2
1513,junk_dead,treatment,2
1514,junk_dead,treatment,2
1515,junk_debris,treatment,2
1516,junk_debris,treatment,2
1517,junk_noise,treatment,2
1518,junk_dead,treatment,2
1519,junk_noise,treatment,2
1520,B,treatment,2
1521,CD8_T,treatment,2
1522,junk_debris,treatment,2
1523,junk_debris,treatment,2
1524,CD8_T,treatment,2
1525,junk_doublet,treatment,2
1526,junk_dead,treatment,2
1527,junk_dead,treatment,2
1528,junk_debris,treatment,2
1529,junk_debris,treatment,2
1530,junk_debris,treatment,2
1531,junk_debris,treatment,2
1532,CD8_T,treatment,2
1533,junk_noise,treatment,2
1534,junk_dead,treatment,2
1535,junk_debris,treatment,2
1536,junk_doublet,treatment,2
1537,junk_doublet,treatment,2
1538,NK,treatment,2
1539,junk_dead,treatment,2
1540,Myeloid,treatment,2
1541,junk_doublet,treatment,2
1542,Neutrophil,treatment,2
1543,junk_debris,treatment,2
1544,junk_noise,treatment,2
1545,B,treatment,2
1546,junk_noise,treatment,2
1547,Myeloid,treatment,2
1548,junk_dead,treatment,2
1549,junk_debris,treatment,2
1550,junk_debris,treatment,2
1551,junk_doublet,treatment,2
1552,junk_doublet,treatment,2
1553,junk_debris,treatment,2
1554,CD8_T,treatment,2
1555,junk_debris,treatment,2
1556,Neutrophil,treatment,2
1557,junk_dead,treatment,2
1558,junk_doublet,treatment,2
1559,B,treatment,2
1560,junk_noise,treatment,2
1561,junk_noise,treatment,2
1562,junk_debris,treatment,2
1563,junk_dead,treatment,2
1564,Neutrophil,treatment,2
1565,junk_noise,treatment,2
1566,CD4_T,treatment,2
1567,junk_debris,treatment,2
1568,DC,treatment,2
1569,junk_debris,treatment,2
1570,B,treatment,2
1571,junk_doublet,treatment,2
1572,B,treatment,2
1573,junk_noise,treatment,2
1574,Myeloid,treatment,2
1575,junk_debris,treatment,2
1576,junk_dead,treatment,2
1577,junk_debris,treatment,2
1578,CD8_T,treatment,2
1579,junk_debris,treatment,2
1580,junk_debris,treatment,2
1581,Neutrophil,treatment,2
1582,junk_debris,treatment,2
1583,junk_dead,treatment,2
1584,junk_dead,treatment,2
1585,junk_dead,treatment,2
1586,junk_debris,treatment,2
1587,junk_doublet,treatment,2
1588,junk_debris,treatment,2
1589,junk_noise,treatment,2
1590,junk_doublet,treatment,2
1591,DC,treatment,2
1592,junk_noise,treatment,2
1593,junk_noise,treatment,2
1594,junk_debris,treatment,2
1595,junk_dead,treatment,2
1596,B,treatment,2
1597,CD4_T,treatment,2
1598,junk_doublet,treatment,2
1599,junk_noise,treatment,2
1600,junk_debris,treatment,2
1601,junk_debris,treatment,2
1602,CD8_T,treatment,2
1603,junk_dead,treatment,2
1604,junk_dead,treatment,2
1605,junk_debris,treatment,2
1606,junk_debris,treatment,2
1607,junk_doublet,treatment,2
1608,junk_dead,treatment,2
1609,B,treatment,2
1610,NK,treatment,2
1611,DC,treatment,2
1612,B,treatment,2
1613,B,treatment,2
1614,junk_debris,treatment,2
1615,junk_dead,treatment,2
1616,junk_debris,treatment,2
1617,Myeloid,treatment,2
1618,B,treatment,2
1619,junk_dead,treatment,2
1620,B,treatment,2
1621,DC,treatment,2
1622,Myeloid,treatment,2
1623,DC,treatment,2
1624,B,treatment,2
1625,Myeloid,treatment,2
1626,junk_debris,treatment,2
1627,junk_dead,treatment,2
1628,junk_debris,treatment,2
1629,junk_debris,treatment,2
1630,junk_debris,treatment,2
1631,junk_doublet,treatment,2
1632,junk_debris,treatment,2
1633,junk_doublet,treatment,2
1634,B,treatment,2
1635,junk_doublet,treatment,2
1636,junk_debris,treatment,2
1637,CD8_T,treatment,2
1638,junk_debris,treatment,2
1639,B,treatment,2
1640,junk_doublet,treatment,2
1641,Myeloid,treatment,2
1642,junk_debris,treatment,2
1643,junk_dead,treatment,2
1644,junk_debris,treatment,2
1645,junk_noise,treatment,2
1646,CD4_T,treatment,2
1647,junk_dead,treatment,2
1648,DC,treatment,2
1649,NK,treatment,2
1650,junk_debris,treatment,2
1651,junk_dead,treatment,2
1652,junk_dead,treatment,2
1653,DC,treatment,2
1654,junk_dead,treatment,2
1655,junk_doublet,treatment,2
1656,junk_debris,treatment,2
1657,junk_debris,treatment,2
1658,junk_debris,treatment,2
1659,Myeloid,treatment,2
1660,junk_noise,treatment,2
1661,junk_doublet,treatment,2
1662,junk_noise,treatment,2
1663,junk_debris,treatment,2
1664,junk_noise,treatment,2
1665,NK,treatment,2
1666,junk_dead,treatment,2
1667,Neutrophil,treatment,2
1668,junk_debris,treatment,2
1669,junk_debris,treatment,2
1670,junk_debris,treatment,2
1671,junk_doublet,treatment,2
1672,junk_debris,treatment,2
1673,junk_debris,treatment,2
1674,junk_debris,treatment,2
1675,junk_debris,treatment,2
1676,junk_debris,treatment,2
1677,junk_dead,treatment,2
1678,Myeloid,treatment,2
1679,junk_debris,treatment,2
1680,junk_doublet,treatment,2
1681,junk_doublet,treatment,2
1682,Myeloid,treatment,2
1683,junk_debris,treatment,2
1684,junk_debris,treatment,2
1685,Neutrophil,treatment,2
1686,NK,treatment,2
1687,CD8_T,treatment,2
1688,junk_doublet,treatment,2
1689,CD4_T,treatment,2
1690,junk_doublet,treatment,2
1691,junk_doublet,treatment,2
1692,DC,treatment,2
1693,junk_doublet,treatment,2
1694,CD4_T,treatment,2
1695,junk_debris,treatment,2
1696,junk_debris,treatment,2
1697,NK,treatment,2
1698,junk_dead,treatment,2
1699,B,treatment,2
1700,junk_dead,treatment,2
1701,junk_dead,treatment,2
1702,junk_noise,treatment,2
1703,junk_noise,treatment,2
1704,Neutrophil,treatment,2
1705,CD4_T,treatment,2
1706,junk_doublet,treatment,2
1707,junk_doublet,treatment,2
1708,DC,treatment,2
1709,B,treatment,2
1710,junk_noise,treatment,2
1711,Myeloid,treatment,2
1712,junk_doublet,treatment,2
1713,B,treatment,2
1714,junk_debris,treatment,2
1715,Neutrophil,treatment,2
1716,junk_debris,treatment,2
1717,junk_dead,treatment,2
1718,junk_noise,treatment,2
1719,junk_debris,treatment,2
1720,junk_debris,treatment,2
1721,junk_doublet,treatment,2
1722,junk_debris,treatment,2
1723,junk_doublet,treatment,2
1724,junk_dead,treatment,2
1725,junk_doublet,treatment,2
1726,B,treatment,2
1727,B,treatment,2
1728,junk_noise,treatment,2
1729,junk_doublet,treatment,2
1730,junk_dead,treatment,2
1731,junk_noise,treatment,2
1732,junk_debris,treatment,2
1733,junk_noise,treatment,2
1734,junk_doublet,treatment,2
1735,junk_debris,treatment,2
1736,junk_debris,treatment,2
1737,B,treatment,2
1738,junk_noise,treatment,2
1739,junk_debris,treatment,2
1740,Myeloid,treatment,2
1741,junk_debris,treatment,2
1742,B,treatment,2
1743,junk_debris,treatment,2
1744,B,treatment,2
1745,junk_debris,treatment,2
1746,junk_doublet,treatment,2
1747,junk_dead,treatment,2
1748,junk_dead,treatment,2
1749,Myeloid,treatment,2
1750,junk_noise,treatment,2
1751,junk_doublet,treatment,2
1752,junk_debris,treatment,2
1753,junk_doublet,treatment,2
1754,junk_doublet,treatment,2
1755,junk_doublet,treatment,2
1756,B,treatment,2
1757,junk_doublet,treatment,2
1758,Myeloid,treatment,2
1759,Neutrophil,treatment,2
1760,CD4_T,treatment,2
1761,junk_debris,treatment,2
1762,junk_dead,treatment,2
1763,junk_dead,treatment,2
1764,CD4_T,treatment,2
1765,junk_doublet,treatment,2
1766,junk_debris,treatment,2
1767,CD4_T,treatment,2
1768,junk_dead,treatment,2
1769,junk_debris,treatment,2
1770,junk_dead,treatment,2
1771,junk_debris,treatment,2
1772,B,treatment,2
1773,junk_debris,treatment,2
1774,junk_doublet,treatment,2
1775,junk_doublet,treatment,2
1776,B,treatment,2
1777,Myeloid,treatment,2
1778,junk_noise,treatment,2
1779,junk_doublet,treatment,2
1780,junk_doublet,treatment,2
1781,CD8_T,treatment,2
1782,B,treatment,2
1783,junk_noise,treatment,2
1784,Neutrophil,treatment,2
1785,Myeloid,treatment,2
1786,junk_dead,treatment,2
1787,Myeloid,treatment,2
1788,B,treatment,2
1789,junk_debris,treatment,2
1790,B,treatment,2
1791,junk_doublet,treatment,2
1792,DC,treatment,2
1793,junk_noise,treatment,2
1794,junk_dead,treatment,2
1795,junk_debris,treatment,2
1796,CD4_T,treatment,2
1797,CD4_T,treatment,2
1798,B,treatment,2
1799,Myeloid,treatment,2
1800,junk_debris,treatment,2
1801,Neutrophil,treatment,2
1802,junk_dead,treatment,2
1803,B,treatment,2
1804,junk_doublet,treatment,2
1805,B,treatment,2
1806,junk_noise,treatment,2
1807,junk_noise,treatment,2
1808,junk_noise,treatment,2
1809,junk_doublet,treatment,2
1810,junk_doublet,treatment,2
1811,junk_debris,treatment,2
1812,junk_doublet,treatment,2
1813,CD8_T,treatment,2
1814,junk_noise,treatment,2
1815,junk_debris,treatment,2
1816,junk_dead,treatment,2
1817,junk_debris,treatment,2
1818,junk_debris,treatment,2
1819,junk_doublet,treatment,2
1820,junk_doublet,treatment,2
1821,junk_doublet,treatment,2
1822,CD8_T,treatment,2
1823,junk_doublet,treatment,2
1824,junk_dead,treatment,2
1825,B,treatment,2
1826,B,treatment,2
1827,junk_noise,treatment,2
1828,B,treatment,2
1829,junk_dead,treatment,2
1830,junk_debris,treatment,2
1831,junk_doublet,treatment,2
1832,junk_debris,treatment,2
1833,junk_debris,treatment,2
1834,junk_doublet,treatment,2
1835,Myeloid,treatment,2
1836,junk_dead,treatment,2
1837,DC,treatment,2
1838,junk_debris,treatment,2
1839,junk_doublet,treatment,2
1840,junk_debris,treatment,2
1841,junk_dead,treatment,2
1842,Neutrophil,treatment,2
1843,junk_debris,treatment,2
1844,junk_debris,treatment,2
1845,junk_debris,treatment,2
1846,junk_doublet,treatment,2
1847,junk_noise,treatment,2
1848,Neutrophil,treatment,2
1849,Myeloid,treatment,2
1850,CD4_T,treatment,2
1851,junk_dead,treatment,2
1852,junk_debris,treatment,2
1853,junk_doublet,treatment,2
1854,junk_debris,treatment,2
1855,CD4_T,treatment,2
1856,junk_debris,treatment,2
1857,junk_noise,treatment,2
1858,junk_doublet,treatment,2
1859,junk_noise,treatment,2
1860,junk_dead,treatment,2
1861,junk_noise,treatment,2
1862,junk_dead,treatment,2
1863,junk_doublet,treatment,2
1864,junk_debris,treatment,2
1865,Neutrophil,treatment,2
1866,junk_dead,treatment,2
1867,junk_doublet,treatment,2
1868,Myeloid,treatment,2
1869,B,treatment,2
1870,CD4_T,treatment,2
1871,junk_noise,treatment,2
1872,junk_debris,treatment,2
1873,junk_doublet,treatment,2
1874,junk_debris,treatment,2
1875,junk_doublet,treatment,2
1876,DC,treatment,2
1877,B,treatment,2
1878,CD4_T,treatment,2
1879,Myeloid,treatment,2
1880,junk_noise,treatment,2
1881,junk_debris,treatment,2
1882,junk_dead,treatment,2
1883,junk_doublet,treatment,2
1884,junk_dead,treatment,2
1885,B,treatment,2
1886,junk_doublet,treatment,2
1887,B,treatment,2
1888,junk_noise,treatment,2
1889,junk_dead,treatment,2
1890,CD8_T,treatment,2
1891,junk_doublet,treatment,2
1892,junk_noise,treatment,2
1893,Neutrophil,treatment,2
1894,Neutrophil,treatment,2
1895,DC,treatment,2
1896,CD8_T,treatment,2
1897,CD4_T,treatment,2
1898,junk_doublet,treatment,2
1899,junk_noise,treatment,2
1900,junk_debris,treatment,2
1901,CD4_T,treatment,2
1902,CD4_T,treatment,2
1903,junk_dead,treatment,2
1904,junk_dead,treatment,2
1905,Myeloid,treatment,2
1906,junk_debris,treatment,2
1907,CD8_T,treatment,2
1908,junk_doublet,treatment,2
1909,B,treatment,2
1910,junk_doublet,treatment,2
1911,junk_dead,treatment,2
1912,junk_dead,treatment,2
1913,Myeloid,treatment,2
1914,junk_noise,treatment,2
1915,junk_debris,treatment,2
1916,junk_doublet,treatment,2
1917,Neutrophil,treatment,2
1918,junk_dead,treatment,2
1919,junk_noise,treatment,2
1920,junk_noise,treatment,2
1921,junk_debris,treatment,2
1922,Neutrophil,treatment,2
1923,CD4_T,treatment,2
1924,junk_debris,treatment,2
1925,junk_debris,treatment,2
1926,junk_debris,treatment,2
1927,Myeloid,treatment,2
1928,CD4_T,treatment,2
1929,NK,treatment,2
1930,junk_debris,treatment,2
1931,junk_noise,treatment,2
1932,DC,treatment,2
1933,Neutrophil,treatment,2
1934,junk_dead,treatment,2
1935,junk_debris,treatment,2
1936,junk_noise,treatment,2
1937,junk_dead,treatment,2
1938,junk_doublet,treatment,2
1939,Neutrophil,treatment,2
1940,DC,treatment,2
1941,junk_debris,treatment,2
1942,junk_debris,treatment,2
1943,junk_doublet,treatment,2
1944,junk_debris,treatment,2
1945,junk_noise,treatment,2
1946,junk_doublet,treatment,2
1947,Myeloid,treatment,2
1948,junk_dead,treatment,2
1949,junk_doublet,treatment,2
1950,junk_debris,treatment,2
1951,NK,treatment,2
1952,DC,treatment,2
1953,junk_debris,treatment,2
1954,NK,treatment,2
1955,junk_noise,treatment,2
1956,junk_doublet,treatment,2
1957,junk_debris,treatment,2
1958,junk_noise,treatment,2
1959,Myeloid,treatment,2
1960,junk_dead,treatment,2
1961,junk_noise,treatment,2
1962,junk_dead,treatment,2
1963,junk_doublet,treatment,2
1964,CD4_T,treatment,2
1965,CD4_T,treatment,2
1966,B,treatment,2
1967,junk_debris,treatment,2
1968,B,treatment,2
1969,junk_debris,treatment,2
1970,junk_debris,treatment,2
1971,junk_noise,treatment,2
1972,junk_debris,treatment,2
1973,CD4_T,treatment,2
1974,junk_debris,treatment,2
1975,junk_noise,treatment,2
1976,junk_dead,treatment,2
1977,junk_dead,treatment,2
1978,junk_noise,treatment,2
1979,DC,treatment,2
1980,junk_dead,treatment,2
1981,junk_dead,treatment,2
1982,B,treatment,2
1983,junk_debris,treatment,2
1984,CD4_T,treatment,2
1985,junk_debris,treatment,2
1986,junk_dead,treatment,2
1987,junk_debris,treatment,2
1988,B,treatment,2
1989,junk_doublet,treatment,2
1990,B,treatment,2
1991,CD4_T,treatment,2
1992,junk_noise,treatment,2
1993,junk_debris,treatment,2
1994,B,treatment,2
1995,junk_doublet,treatment,2
1996,junk_debris,treatment,2
1997,junk_debris,treatment,2
1998,DC,treatment,2
1999,NK,treatment,2
2000,Myeloid,treatment,2
2001,junk_noise,treatment,2
2002,Neutrophil,treatment,2
2003,DC,treatment,2
2004,B,treatment,2
2005,B,treatment,2
2006,junk_doublet,treatment,2
2007,junk_debris,treatment,2
2008,junk_dead,treatment,2
2009,junk_debris,treatment,2
2010,junk_debris,treatment,2
2011,junk_debris,treatment,2
2012,junk_doublet,treatment,2
2013,DC,treatment,2
2014,junk_doublet,treatment,2
2015,junk_doublet,treatment,2
2016,CD8_T,treatment,2
2017,junk_debris,treatment,2
2018,DC,treatment,2
2019,junk_noise,treatment,2
2020,B,treatment,2
2021,junk_noise,treatment,2
2022,junk_dead,treatment,2
2023,Neutrophil,treatment,2
2024,B,treatment,2
2025,junk_noise,treatment,2
2026,junk_dead,treatment,2
2027,Neutrophil,treatment,2
2028,junk_dead,treatment,2
2029,junk_debris,treatment,2
2030,junk_debris,treatment,2
2031,junk_debris,treatment,2
2032,junk_debris,treatment,2
2033,junk_debris,treatment,2
2034,junk_debris,treatment,2
2035,junk_doublet,treatment,2
2036,Myeloid,treatment,2
2037,Neutrophil,treatment,2
2038,CD8_T,treatment,2
2039,junk_dead,treatment,2
2040,junk_doublet,treatment,2
2041,junk_debris,treatment,2
2042,Myeloid,treatment,2
2043,junk_noise,treatment,2
2044,CD4_T,treatment,2
2045,NK,treatment,2
2046,junk_dead,treatment,2
2047,junk_debris,treatment,2
2048,Myeloid,treatment,2
2049,junk_dead,treatment,2
2050,Neutrophil,treatment,2
2051,junk_noise,treatment,2
2052,junk_doublet,treatment,2
2053,junk_dead,treatment,2
2054,CD4_T,treatment,2
2055,junk_dead,treatment,2
2056,junk_doublet,treatment,2
2057,CD4_T,treatment,2
2058,junk_doublet,treatment,2
2059,DC,treatment,2
2060,B,treatment,2
2061,junk_noise,treatment,2
2062,junk_noise,treatment,2
2063,junk_dead,treatment,2
2064,junk_doublet,treatment,2
2065,junk_dead,treatment,2
2066,Myeloid,treatment,2
2067,junk_noise,treatment,2
2068,junk_doublet,treatment,2
2069,junk_dead,treatment,2
2070,junk_debris,treatment,2
2071,B,treatment,2
2072,junk_debris,treatment,2
2073,Myeloid,treatment,2
2074,junk_debris,treatment,2
2075,Neutrophil,treatment,2
2076,Neutrophil,treatment,2
2077,junk_dead,treatment,2
2078,junk_noise,treatment,2
2079,CD8_T,treatment,2
2080,CD4_T,treatment,2
2081,Myeloid,treatment,2
2082,junk_noise,treatment,2
2083,junk_debris,treatment,2
2084,junk_debris,treatment,2
2085,junk_doublet,treatment,2
2086,B,treatment,2
2087,junk_debris,treatment,2
2088,Myeloid,treatment,2
2089,Myeloid,treatment,2
2090,junk_noise,treatment,2
2091,junk_doublet,treatment,2
2092,junk_debris,treatment,2
2093,junk_doublet,treatment,2
2094,junk_dead,treatment,2
2095,junk_dead,treatment,2
2096,junk_doublet,treatment,2
2097,Neutrophil,treatment,2
2098,junk_dead,treatment,2
2099,junk_noise,treatment,2
2100,junk_debris,treatment,2
2101,Neutrophil,treatment,2
2102,junk_debris,treatment,2
2103,CD8_T,treatment,2
2104,Myeloid,treatment,2
2105,junk_doublet,treatment,2
2106,junk_debris,treatment,2
2107,Myeloid,treatment,2
2108,junk_doublet,treatment,2
2109,junk_debris,treatment,2
2110,CD4_T,treatment,2
2111,Myeloid,treatment,2
2112,junk_dead,treatment,2
2113,junk_noise,treatment,2
2114,junk_dead,treatment,2
2115,junk_debris,treatment,2
2116,junk_doublet,treatment,2
2117,junk_doublet,treatment,2
2118,junk_dead,treatment,2
2119,junk_doublet,treatment,2
2120,Myeloid,treatment,2
2121,junk_debris,treatment,2
2122,Myeloid,treatment,2
2123,junk_debris,treatment,2
2124,junk_debris,treatment,2
2125,CD4_T,treatment,2
2126,junk_noise,treatment,2
2127,junk_debris,treatment,2
2128,junk_doublet,treatment,2
2129,Myeloid,treatment,2
2130,junk_debris,treatment,2
2131,CD4_T,treatment,2
2132,junk_debris,treatment,2
2133,CD8_T,treatment,2
2134,junk_dead,treatment,2
2135,junk_doublet,treatment,2
2136,B,treatment,2
2137,Myeloid,treatment,2
2138,B,treatment,2
2139,junk_noise,treatment,2
2140,B,treatment,2
2141,Myeloid,treatment,2
2142,CD4_T,treatment,2
2143,CD4_T,treatment,2
2144,Neutrophil,treatment,2
2145,junk_noise,treatment,2
2146,junk_dead,treatment,2
2147,Myeloid,treatment,2
2148,junk_doublet,treatment,2
2149,junk_debris,treatment,2
2150,junk_debris,treatment,2
2151,junk_debris,treatment,2
2152,B,treatment,2
2153,junk_dead,treatment,2
2154,junk_debris,treatment,2
2155,junk_dead,treatment,2
2156,DC,treatment,2
2157,junk_doublet,treatment,2
2158,Myeloid,treatment,2
2159,B,treatment,2
2160,junk_debris,treatment,2
2161,Neutrophil,treatment,2
2162,B,treatment,2
2163,CD4_T,treatment,2
2164,junk_noise,treatment,2
2165,junk_dead,treatment,2
2166,CD4_T,treatment,2
2167,Neutrophil,treatment,2
2168,junk_debris,treatment,2
2169,Myeloid,treatment,2
2170,junk_noise,treatment,2
2171,junk_debris,treatment,2
2172,junk_doublet,treatment,2
2173,B,treatment,2
2174,B,treatment,2
2175,junk_noise,treatment,2
2176,junk_doublet,treatment,2
2177,junk_noise,treatment,2
2178,junk_dead,treatment,2
2179,Myeloid,treatment,2
2180,junk_doublet,treatment,2
2181,junk_dead,treatment,2
2182,junk_dead,treatment,2
2183,junk_debris,treatment,2
2184,junk_dead,treatment,2
2185,junk_dead,treatment,2
2186,junk_debris,treatment,2
2187,CD4_T,treatment,2
2188,NK,treatment,2
2189,Neutrophil,treatment,2
2190,junk_doublet,treatment,2
2191,junk_dead,treatment,2
2192,CD4_T,treatment,2
2193,NK,treatment,2
2194,NK,treatment,2
2195,junk_noise,treatment,2
2196,junk_noise,treatment,2
2197,CD4_T,treatment,2
2198,junk_doublet,treatment,2
2199,junk_doublet,treatment,2
2200,Myeloid,treatment,2
2201,Myeloid,treatment,2
2202,junk_debris,treatment,2
2203,CD4_T,treatment,2
2204,junk_debris,treatment,2
2205,B,treatment,2
2206,junk_debris,treatment,2
2207,junk_dead,treatment,2
2208,B,treatment,2
2209,junk_debris,treatment,2
2210,B,treatment,2
2211,junk_noise,treatment,2
2212,Myeloid,treatment,2
2213,junk_doublet,treatment,2
2214,Neutrophil,treatment,2
2215,junk_dead,treatment,2
2216,Neutrophil,treatment,2
2217,CD4_T,treatment,2
2218,Neutrophil,treatment,2
2219,junk_debris,treatment,2
2220,junk_noise,treatment,2
2221,Myeloid,treatment,2
2222,junk_dead,treatment,2
2223,junk_debris,treatment,2
2224,junk_doublet,treatment,2
2225,junk_doublet,treatment,2
2226,junk_debris,treatment,2
2227,junk_dead,treatment,2
2228,junk_noise,treatment,2
2229,junk_debris,treatment,2
2230,junk_debris,treatment,2
2231,junk_debris,treatment,2
2232,junk_dead,treatment,2
2233,junk_doublet,treatment,2
2234,junk_noise,treatment,2
2235,CD4_T,treatment,2
2236,junk_doublet,treatment,2
2237,junk_debris,treatment,2
2238,DC,treatment,2
2239,Myeloid,treatment,2
2240,Neutrophil,treatment,2
2241,CD4_T,treatment,2
2242,B,treatment,2
2243,CD8_T,treatment,2
2244,junk_doublet,treatment,2
2245,junk_debris,treatment,2
2246,Myeloid,treatment,2
2247,junk_debris,treatment,2
2248,junk_debris,treatment,2
2249,NK,treatment,2
2250,junk_doublet,treatment,2
2251,CD4_T,treatment,2
2252,Myeloid,treatment,2
2253,junk_dead,treatment,2
2254,junk_doublet,treatment,2
2255,junk_debris,treatment,2
2256,B,treatment,2
2257,junk_debris,treatment,2
2258,B,treatment,2
2259,CD8_T,treatment,2
2260,junk_doublet,treatment,2
2261,junk_dead,treatment,2
2262,junk_debris,treatment,2
2263,Myeloid,treatment,2
2264,junk_dead,treatment,2
2265,junk_debris,treatment,2
2266,junk_dead,treatment,2
2267,B,treatment,2
2268,junk_noise,treatment,2
2269,junk_doublet,treatment,2
2270,junk_doublet,treatment,2
2271,junk_dead,treatment,2
2272,junk_debris,treatment,2
2273,B,treatment,2
2274,junk_doublet,treatment,2
2275,B,treatment,2
2276,Myeloid,treatment,2
2277,junk_debris,treatment,2
2278,Neutrophil,treatment,2
2279,Neutrophil,treatment,2
2280,junk_doublet,treatment,2
2281,junk_dead,treatment,2
2282,junk_doublet,treatment,2
2283,junk_debris,treatment,2
2284,B,treatment,2
2285,junk_doublet,treatment,2
2286,CD4_T,treatment,2
2287,junk_debris,treatment,2
2288,junk_noise,treatment,2
2289,junk_debris,treatment,2
2290,Myeloid,treatment,2
2291,B,treatment,2
2292,junk_dead,treatment,2
2293,Neutrophil,treatment,2
2294,junk_dead,treatment,2
2295,junk_dead,treatment,2
2296,B,treatment,2
2297,junk_doublet,treatment,2
2298,junk_debris,treatment,2
2299,DC,treatment,2
2300,junk_doublet,treatment,2
2301,junk_debris,treatment,2
2302,junk_noise,treatment,2
2303,junk_dead,treatment,2
2304,CD8_T,treatment,2
2305,junk_debris,treatment,2
2306,junk_debris,treatment,2
2307,junk_debris,treatment,2
2308,junk_dead,treatment,2
2309,junk_doublet,treatment,2
2310,junk_noise,treatment,2
2311,B,treatment,2
2312,CD4_T,treatment,2
2313,junk_debris,treatment,2
2314,junk_debris,treatment,2
2315,junk_dead,treatment,2
2316,CD4_T,treatment,2
2317,junk_debris,treatment,2
2318,junk_debris,treatment,2
2319,B,treatment,2
2320,junk_doublet,treatment,2
2321,CD4_T,treatment,2
2322,Neutrophil,treatment,2
2323,junk_dead,treatment,2
2324,junk_debris,treatment,2
2325,junk_doublet,treatment,2
2326,junk_doublet,treatment,2
2327,junk_debris,treatment,2
2328,junk_debris,treatment,2
2329,junk_doublet,treatment,2
2330,Myeloid,treatment,2
2331,junk_debris,treatment,2
2332,junk_dead,treatment,2
2333,CD4_T,treatment,2
2334,junk_doublet,treatment,2
2335,NK,treatment,2
2336,Neutrophil,treatment,2
2337,junk_debris,treatment,2
2338,junk_debris,treatment,2
2339,junk_debris,treatment,2
2340,B,treatment,2
2341,CD4_T,treatment,2
2342,B,treatment,2
2343,junk_doublet,treatment,2
2344,junk_debris,treatment,2
2345,junk_debris,treatment,2
2346,junk_debris,treatment,2
2347,B,treatment,2
2348,junk_debris,treatment,2
2349,junk_doublet,treatment,2
2350,junk_doublet,treatment,2
2351,B,treatment,2
2352,junk_doublet,treatment,2
2353,CD8_T,treatment,2
2354,junk_dead,treatment,2
2355,junk_debris,treatment,2
2356,junk_dead,treatment,2
2357,junk_dead,treatment,2
2358,junk_noise,treatment,2
2359,junk_debris,treatment,2
2360,B,treatment,2
2361,B,treatment,2
2362,B,treatment,2
2363,junk_noise,treatment,2
2364,junk_doublet,treatment,2
2365,junk_debris,treatment,2
2366,CD4_T,treatment,2
2367,junk_debris,treatment,2
2368,CD4_T,treatment,2
2369,junk_debris,treatment,2
2370,junk_noise,treatment,2
2371,junk_doublet,treatment,2
2372,junk_dead,treatment,2
2373,junk_dead,treatment,2
2374,junk_debris,treatment,2
2375,junk_doublet,treatment,2
2376,junk_dead,treatment,2
2377,Myeloid,treatment,2
2378,junk_dead,treatment,2
2379,junk_noise,treatment,2
2380,junk_doublet,treatment,2
2381,junk_doublet,treatment,2
2382,junk_dead,treatment,2
2383,junk_doublet,treatment,2
2384,Myeloid,treatment,2
2385,junk_debris,treatment,2
2386,B,treatment,2
2387,junk_doublet,treatment,2
2388,junk_debris,treatment,2
2389,B,treatment,2
2390,junk_noise,treatment,2
2391,junk_debris,treatment,2
2392,junk_debris,treatment,2
2393,CD4_T,treatment,2
2394,junk_doublet,treatment,2
2395,junk_debris,treatment,2
2396,junk_noise,treatment,2
2397,junk_debris,treatment,2
2398,junk_debris,treatment,2
2399,DC,treatment,2
2400,junk_noise,treatment,2
2401,junk_debris,treatment,2
2402,junk_debris,treatment,2
2403,junk_debris,treatment,2
2404,junk_debris,treatment,2
2405,junk_debris,treatment,2
2406,junk_dead,treatment,2
2407,junk_debris,treatment,2
2408,junk_dead,treatment,2
2409,CD4_T,treatment,2
2410,Neutrophil,treatment,2
2411,Myeloid,treatment,2
2412,B,treatment,2
2413,junk_debris,treatment,2
2414,junk_debris,treatment,2
2415,junk_dead,treatment,2
2416,junk_doublet,treatment,2
2417,junk_debris,treatment,2
2418,B,treatment,2
2419,Neutrophil,treatment,2
2420,junk_noise,treatment,2
2421,B,treatment,2
2422,junk_doublet,treatment,2
2423,junk_doublet,treatment,2
2424,junk_doublet,treatment,2
2425,junk_dead,treatment,2
2426,junk_doublet,treatment,2
2427,junk_doublet,treatment,2
2428,B,treatment,2
2429,junk_doublet,treatment,2
2430,CD4_T,treatment,2
2431,junk_dead,treatment,2
2432,CD8_T,treatment,2
2433,B,treatment,2
2434,junk_debris,treatment,2
2435,junk_doublet,treatment,2
2436,B,treatment,2
2437,B,treatment,2
2438,junk_dead,treatment,2
2439,junk_debris,treatment,2
2440,junk_dead,treatment,2
2441,junk_debris,treatment,2
2442,junk_debris,treatment,2
2443,CD4_T,treatment,2
2444,junk_debris,treatment,2
2445,Neutrophil,treatment,2
2446,junk_debris,treatment,2
2447,junk_dead,treatment,2
2448,junk_debris,treatment,2
2449,B,treatment,2
2450,Neutrophil,treatment,2
2451,junk_debris,treatment,2
2452,Neutrophil,treatment,2
2453,junk_debris,treatment,2
2454,Neutrophil,treatment,2
2455,junk_dead,treatment,2
2456,junk_debris,treatment,2
2457,junk_debris,treatment,2
2458,CD4_T,treatment,2
2459,junk_dead,treatment,2
2460,CD8_T,treatment,2
2461,DC,treatment,2
2462,junk_dead,treatment,2
2463,NK,treatment,2
2464,junk_debris,treatment,2
2465,junk_debris,treatment,2
2466,junk_doublet,treatment,2
2467,CD8_T,treatment,2
2468,junk_debris,treatment,2
2469,junk_doublet,treatment,2
2470,junk_doublet,treatment,2
2471,junk_dead,treatment,2
2472,CD4_T,treatment,2
2473,junk_dead,treatment,2
2474,junk_doublet,treatment,2
2475,junk_dead,treatment,2
2476,B,treatment,2
2477,junk_dead,treatment,2
2478,junk_debris,treatment,2
2479,CD8_T,treatment,2
2480,junk_dead,treatment,2
2481,CD8_T,treatment,2
2482,junk_dead,treatment,2
2483,junk_debris,treatment,2
2484,B,treatment,2
2485,junk_doublet,treatment,2
2486,junk_debris,treatment,2
2487,junk_dead,treatment,2
2488,CD4_T,treatment,2
2489,Myeloid,treatment,2
2490,Myeloid,treatment,2
2491,B,treatment,2
2492,junk_doublet,treatment,2
2493,junk_debris,treatment,2
2494,junk_doublet,treatment,2
2495,B,treatment,2
2496,junk_noise,treatment,2
2497,B,treatment,2
2498,junk_dead,treatment,2
2499,junk_doublet,treatment,2
2500,junk_doublet,treatment,2
2501,junk_doublet,treatment,2
2502,B,treatment,2
2503,junk_debris,treatment,2
2504,Myeloid,treatment,2
2505,junk_debris,treatment,2
2506,junk_noise,treatment,2
2507,junk_doublet,treatment,2
2508,junk_debris,treatment,2
2509,junk_debris,treatment,2
2510,Myeloid,treatment,2
2511,junk_noise,treatment,2
2512,junk_dead,treatment,2
2513,DC,treatment,2
2514,junk_dead,treatment,2
2515,Myeloid,treatment,2
2516,junk_debris,treatment,2
2517,junk_debris,treatment,2
2518,junk_dead,treatment,2
2519,Myeloid,treatment,2
2520,junk_debris,treatment,2
2521,B,treatment,2
2522,junk_debris,treatment,2
2523,junk_doublet,treatment,2
2524,junk_dead,treatment,2
2525,junk_doublet,treatment,2
2526,junk_noise,treatment,2
2527,junk_dead,treatment,2
2528,B,treatment,2
2529,CD4_T,treatment,2
2530,Neutrophil,treatment,2
2531,Myeloid,treatment,2
2532,junk_debris,treatment,2
2533,junk_doublet,treatment,2
2534,junk_debris,treatment,2
2535,junk_doublet,treatment,2
2536,B,treatment,2
2537,NK,treatment,2
2538,junk_debris,treatment,2
2539,Neutrophil,treatment,2
2540,junk_dead,treatment,2
2541,junk_dead,treatment,2
2542,junk_noise,treatment,2
2543,DC,treatment,2
2544,CD4_T,treatment,2
2545,junk_dead,treatment,2
2546,CD8_T,treatment,2
2547,B,treatment,2
2548,junk_doublet,treatment,2
2549,junk_dead,treatment,2
2550,junk_debris,treatment,2
2551,junk_noise,treatment,2
2552,junk_noise,treatment,2
2553,junk_debris,treatment,2
2554,junk_dead,treatment,2
2555,B,treatment,2
2556,junk_debris,treatment,2
2557,junk_dead,treatment,2
2558,junk_dead,treatment,2
2559,Myeloid,treatment,2
2560,junk_debris,treatment,2
2561,Myeloid,treatment,2
2562,junk_dead,treatment,2
2563,Myeloid,treatment,2
2564,junk_noise,treatment,2
2565,junk_dead,treatment,2
2566,junk_noise,treatment,2
2567,Neutrophil,treatment,2
2568,junk_dead,treatment,2
2569,junk_debris,treatment,2
2570,junk_debris,treatment,2
2571,Myeloid,treatment,2
2572,junk_debris,treatment,2
2573,junk_dead,treatment,2
2574,junk_debris,treatment,2
2575,Neutrophil,treatment,2
2576,B,treatment,2
2577,Myeloid,treatment,2
2578,CD8_T,treatment,2
2579,junk_doublet,treatment,2
2580,junk_dead,treatment,2
2581,Myeloid,treatment,2
2582,NK,treatment,2
2583,junk_debris,treatment,2
2584,junk_noise,treatment,2
2585,NK,treatment,2
2586,junk_debris,treatment,2
2587,junk_dead,treatment,2
2588,junk_debris,treatment,2
2589,junk_doublet,treatment,2
2590,CD8_T,treatment,2
2591,Neutrophil,treatment,2
2592,B,treatment,2
2593,junk_doublet,treatment,2
2594,junk_debris,treatment,2
2595,junk_debris,treatment,2
2596,junk_doublet,treatment,2
2597,junk_debris,treatment,2
2598,junk_debris,treatment,2
2599,junk_noise,treatment,2
2600,junk_debris,treatment,2
2601,junk_dead,treatment,2
2602,junk_dead,treatment,2
2603,Myeloid,treatment,2
2604,junk_dead,treatment,2
2605,junk_debris,treatment,2
2606,CD8_T,treatment,2
2607,CD4_T,treatment,2
2608,Neutrophil,treatment,2
2609,junk_debris,treatment,2
2610,Myeloid,treatment,2
2611,junk_doublet,treatment,2
2612,B,treatment,2
2613,junk_dead,treatment,2
2614,junk_noise,treatment,2
2615,CD4_T,treatment,2
2616,DC,treatment,2
2617,CD4_T,treatment,2
2618,junk_noise,treatment,2
2619,junk_debris,treatment,2
2620,junk_doublet,treatment,2
2621,junk_doublet,treatment,2
2622,junk_dead,treatment,2
2623,CD4_T,treatment,2
2624,junk_noise,treatment,2
2625,NK,treatment,2
2626,junk_dead,treatment,2
2627,Myeloid,treatment,2
2628,junk_debris,treatment,2
2629,junk_debris,treatment,2
2630,junk_doublet,treatment,2
2631,junk_debris,treatment,2
2632,junk_dead,treatment,2
2633,junk_debris,treatment,2
2634,NK,treatment,2
2635,CD4_T,treatment,2
2636,junk_noise,treatment,2
2637,junk_dead,treatment,2
2638,junk_dead,treatment,2
2639,CD8_T,treatment,2
2640,Myeloid,treatment,2
2641,B,treatment,2
2642,Neutrophil,treatment,2
2643,junk_debris,treatment,2
2644,junk_debris,treatment,2
2645,Neutrophil,treatment,2
2646,Neutrophil,treatment,2
2647,CD4_T,treatment,2
2648,junk_debris,treatment,2
2649,CD8_T,treatment,2
2650,junk_debris,treatment,2
2651,junk_noise,treatment,2
2652,junk_doublet,treatment,2
2653,junk_noise,treatment,2
2654,junk_debris,treatment,2
2655,Myeloid,treatment,2
2656,junk_doublet,treatment,2
2657,CD4_T,treatment,2
2658,junk_doublet,treatment,2
2659,junk_debris,treatment,2
2660,junk_debris,treatment,2
2661,junk_doublet,treatment,2
2662,junk_dead,treatment,2
2663,junk_dead,treatment,2
2664,junk_noise,treatment,2
2665,CD4_T,treatment,2
2666,DC,treatment,2
2667,junk_noise,treatment,2
2668,junk_debris,treatment,2
2669,junk_debris,treatment,2
2670,B,treatment,2
2671,junk_dead,treatment,2
2672,B,treatment,2
2673,junk_debris,treatment,2
2674,junk_dead,treatment,2
2675,CD4_T,treatment,2
2676,junk_doublet,treatment,2
2677,junk_doublet,treatment,2
2678,junk_debris,treatment,2
2679,junk_debris,treatment,2
2680,junk_debris,treatment,2
2681,DC,treatment,2
2682,junk_debris,treatment,2
2683,B,treatment,2
2684,junk_dead,treatment,2
2685,junk_debris,treatment,2
2686,DC,treatment,2
2687,CD4_T,treatment,2
2688,CD8_T,treatment,2
2689,DC,treatment,2
2690,junk_debris,treatment,2
2691,junk_debris,treatment,2
2692,CD8_T,treatment,2
2693,Neutrophil,treatment,2
2694,junk_debris,treatment,2
2695,Neutrophil,treatment,2
2696,CD8_T,treatment,2
2697,junk_doublet,treatment,2
2698,Neutrophil,treatment,2
2699,Myeloid,treatment,2
2700,junk_dead,treatment,2
2701,junk_debris,treatment,2
2702,junk_noise,treatment,2
2703,junk_dead,treatment,2
2704,Neutrophil,treatment,2
2705,CD8_T,treatment,2
2706,junk_dead,treatment,2
2707,junk_doublet,treatment,2
2708,B,treatment,2
2709,B,treatment,2
2710,B,treatment,2
2711,junk_doublet,treatment,2
2712,junk_noise,treatment,2
2713,CD4_T,treatment,2
2714,junk_debris,treatment,2
2715,B,treatment,2
2716,CD4_T,treatment,2
2717,junk_doublet,treatment,2
2718,junk_doublet,treatment,2
2719,CD4_T,treatment,2
2720,junk_debris,treatment,2
2721,junk_noise,treatment,2
2722,CD8_T,treatment,2
2723,B,treatment,2
2724,junk_noise,treatment,2
2725,Neutrophil,treatment,2
2726,Neutrophil,treatment,2
2727,junk_noise,treatment,2
2728,junk_debris,treatment,2
2729,junk_debris,treatment,2
2730,B,treatment,2
2731,junk_debris,treatment,2
2732,junk_doublet,treatment,2
2733,junk_dead,treatment,2
2734,junk_debris,treatment,2
2735,junk_dead,treatment,2
2736,junk_debris,treatment,2
2737,junk_debris,treatment,2
2738,Neutrophil,treatment,2
2739,junk_doublet,treatment,2
2740,junk_dead,treatment,2
2741,B,treatment,2
2742,junk_dead,treatment,2
2743,CD4_T,treatment,2
2744,junk_noise,treatment,2
2745,junk_debris,treatment,2
2746,junk_debris,treatment,2
2747,junk_debris,treatment,2
2748,junk_dead,treatment,2
2749,CD8_T,treatment,2
2750,CD4_T,treatment,2
2751,junk_dead,treatment,2
2752,junk_dead,treatment,2
2753,junk_doublet,treatment,2
2754,junk_doublet,treatment,2
2755,DC,treatment,2
2756,junk_dead,treatment,2
2757,junk_debris,treatment,2
2758,junk_debris,treatment,2
2759,junk_debris,treatment,2
2760,junk_doublet,treatment,2
2761,junk_debris,treatment,2
2762,junk_noise,treatment,2
2763,junk_debris,treatment,2
2764,junk_debris,treatment,2
2765,CD4_T,treatment,2
2766,junk_debris,treatment,2
2767,junk_dead,treatment,2
2768,B,treatment,2
2769,junk_doublet,treatment,2
2770,CD4_T,treatment,2
2771,CD4_T,treatment,2
2772,CD8_T,treatment,2
2773,junk_debris,treatment,2
2774,NK,treatment,2
2775,B,treatment,2
2776,B,treatment,2
2777,B,treatment,2
2778,junk_doublet,treatment,2
2779,junk_dead,treatment,2
2780,junk_debris,treatment,2
2781,CD4_T,treatment,2
2782,B,treatment,2
2783,B,treatment,2
2784,junk_dead,treatment,2
2785,junk_noise,treatment,2
2786,junk_debris,treatment,2
2787,Neutrophil,treatment,2
2788,junk_doublet,treatment,2
2789,junk_dead,treatment,2
2790,junk_doublet,treatment,2
2791,junk_dead,treatment,2
2792,junk_dead,treatment,2
2793,CD8_T,treatment,2
2794,Myeloid,treatment,2
2795,junk_doublet,treatment,2
2796,junk_debris,treatment,2
2797,CD4_T,treatment,2
2798,Myeloid,treatment,2
2799,junk_doublet,treatment,2
2800,junk_debris,treatment,2
2801,junk_debris,treatment,2
2802,junk_dead,treatment,2
2803,Myeloid,treatment,2
2804,junk_doublet,treatment,2
2805,junk_doublet,treatment,2
2806,CD4_T,treatment,2
2807,B,treatment,2
2808,junk_noise,treatment,2
2809,junk_doublet,treatment,2
2810,Myeloid,treatment,2
2811,junk_dead,treatment,2
2812,junk_dead,treatment,2
2813,CD8_T,treatment,2
2814,junk_noise,treatment,2
2815,junk_debris,treatment,2
2816,Myeloid,treatment,2
2817,Neutrophil,treatment,2
2818,junk_debris,treatment,2
2819,junk_noise,treatment,2
2820,junk_noise,treatment,2
2821,junk_debris,treatment,2
2822,junk_dead,treatment,2
2823,junk_dead,treatment,2
2824,junk_debris,treatment,2
2825,CD4_T,treatment,2
2826,NK,treatment,2
2827,junk_noise,treatment,2
2828,DC,treatment,2
2829,junk_doublet,treatment,2
2830,junk_noise,treatment,2
2831,junk_debris,treatment,2
2832,junk_dead,treatment,2
2833,NK,treatment,2
2834,CD4_T,treatment,2
2835,junk_debris,treatment,2
2836,Neutrophil,treatment,2
2837,junk_doublet,treatment,2
2838,junk_debris,treatment,2
2839,B,treatment,2
2840,junk_debris,treatment,2
2841,NK,treatment,2
2842,CD4_T,treatment,2
2843,junk_debris,treatment,2
2844,junk_debris,treatment,2
2845,junk_debris,treatment,2
2846,junk_debris,treatment,2
2847,NK,treatment,2
2848,B,treatment,2
2849,junk_debris,treatment,2
2850,junk_doublet,treatment,2
2851,B,treatment,2
2852,junk_debris,treatment,2
2853,junk_doublet,treatment,2
2854,junk_noise,treatment,2
2855,junk_debris,treatment,2
2856,B,treatment,2
2857,Myeloid,treatment,2
2858,DC,treatment,2
2859,junk_noise,treatment,2
2860,junk_noise,treatment,2
2861,CD8_T,treatment,2
2862,junk_doublet,treatment,2
2863,junk_debris,treatment,2
2864,junk_debris,treatment,2
2865,junk_noise,treatment,2
2866,B,treatment,2
2867,B,treatment,2
2868,Myeloid,treatment,2
2869,junk_noise,treatment,2
2870,Myeloid,treatment,2
2871,CD4_T,treatment,2
2872,junk_debris,treatment,2
2873,junk_dead,treatment,2
2874,B,treatment,2
2875,junk_doublet,treatment,2
2876,junk_debris,treatment,2
2877,junk_dead,treatment,2
2878,Myeloid,treatment,2
2879,Neutrophil,treatment,2
2880,B,treatment,2
2881,junk_doublet,treatment,2
2882,junk_doublet,treatment,2
2883,junk_dead,treatment,2
2884,junk_doublet,treatment,2
2885,Neutrophil,treatment,2
2886,CD4_T,treatment,2
2887,junk_debris,treatment,2
2888,junk_dead,treatment,2
2889,B,treatment,2
2890,Myeloid,treatment,2
2891,Myeloid,treatment,2
2892,Myeloid,treatment,2
2893,junk_debris,treatment,2
2894,junk_dead,treatment,2
2895,junk_debris,treatment,2
2896,junk_doublet,treatment,2
2897,junk_dead,treatment,2
2898,junk_doublet,treatment,2
2899,junk_doublet,treatment,2
2900,junk_dead,treatment,2
2901,junk_debris,treatment,2
2902,junk_doublet,treatment,2
2903,CD4_T,treatment,2
2904,Neutrophil,treatment,2
2905,CD8_T,treatment,2
2906,junk_doublet,treatment,2
2907,junk_dead,treatment,2
2908,junk_debris,treatment,2
2909,junk_doublet,treatment,2
2910,junk_doublet,treatment,2
2911,junk_dead,treatment,2
2912,junk_debris,treatment,2
2913,junk_debris,treatment,2
2914,junk_debris,treatment,2
2915,CD8_T,treatment,2
2916,junk_doublet,treatment,2
2917,Neutrophil,treatment,2
2918,CD4_T,treatment,2
2919,junk_dead,treatment,2
2920,junk_debris,treatment,2
2921,junk_doublet,treatment,2
2922,junk_debris,treatment,2
2923,NK,treatment,2
2924,junk_doublet,treatment,2
2925,junk_dead,treatment,2
2926,junk_doublet,treatment,2
2927,junk_debris,treatment,2
2928,junk_debris,treatment,2
2929,junk_doublet,treatment,2
2930,junk_noise,treatment,2
2931,junk_debris,treatment,2
2932,junk_debris,treatment,2
2933,junk_debris,treatment,2
2934,junk_doublet,treatment,2
2935,junk_doublet,treatment,2
2936,junk_debris,treatment,2
2937,junk_debris,treatment,2
2938,junk_debris,treatment,2
2939,B,treatment,2
2940,junk_doublet,treatment,2
2941,junk_dead,treatment,2
2942,junk_noise,treatment,2
2943,junk_noise,treatment,2
2944,junk_doublet,treatment,2
2945,junk_debris,treatment,2
2946,junk_debris,treatment,2
2947,junk_doublet,treatment,2
2948,Myeloid,treatment,2
2949,junk_doublet,treatment,2
2950,junk_debris,treatment,2
2951,junk_dead,treatment,2
2952,junk_doublet,treatment,2
2953,junk_debris,treatment,2
2954,junk_doublet,treatment,2
2955,junk_dead,treatment,2
2956,junk_debris,treatment,2
2957,CD4_T,treatment,2
2958,B,treatment,2
2959,junk_debris,treatment,2
2960,junk_doublet,treatment,2
2961,junk_noise,treatment,2
2962,junk_debris,treatment,2
2963,CD4_T,treatment,2
2964,Neutrophil,treatment,2
2965,junk_dead,treatment,2
2966,B,treatment,2
2967,junk_doublet,treatment,2
2968,junk_debris,treatment,2
2969,Myeloid,treatment,2
2970,junk_dead,treatment,2
2971,junk_noise,treatment,2
2972,junk_debris,treatment,2
2973,Neutrophil,treatment,2
2974,junk_doublet,treatment,2
2975,B,treatment,2
2976,junk_debris,treatment,2
2977,junk_dead,treatment,2
2978,CD8_T,treatment,2
2979,junk_debris,treatment,2
2980,junk_debris,treatment,2
2981,junk_doublet,treatment,2
2982,junk_doublet,treatment,2
2983,junk_noise,treatment,2
2984,junk_doublet,treatment,2
2985,Neutrophil,treatment,2
2986,junk_doublet,treatment,2
2987,CD4_T,treatment,2
2988,CD8_T,treatment,2
2989,junk_debris,treatment,2
2990,Neutrophil,treatment,2
2991,junk_noise,treatment,2
2992,NK,treatment,2
2993,junk_doublet,treatment,2
2994,Myeloid,treatment,2
2995,NK,treatment,2
2996,junk_doublet,treatment,2
2997,junk_debris,treatment,2
2998,junk_dead,treatment,2
2999,Myeloid,treatment,2
3000,CD4_T,treatment,2
3001,junk_dead,treatment,2
3002,junk_doublet,treatment,2
3003,B,treatment,2
3004,junk_debris,treatment,2
3005,junk_doublet,treatment,2
3006,junk_doublet,treatment,2
3007,junk_noise,treatment,2
3008,junk_dead,treatment,2
3009,CD4_T,treatment,2
3010,junk_noise,treatment,2
3011,junk_noise,treatment,2
3012,B,treatment,2
3013,CD4_T,treatment,2
3014,CD4_T,treatment,2
3015,Neutrophil,treatment,2
3016,junk_debris,treatment,2
3017,junk_dead,treatment,2
3018,junk_debris,treatment,2
3019,junk_noise,treatment,2
3020,junk_doublet,treatment,2
3021,CD4_T,treatment,2
3022,NK,treatment,2
3023,junk_debris,treatment,2
3024,B,treatment,2
3025,junk_dead,treatment,2
3026,CD4_T,treatment,2
3027,Myeloid,treatment,2
3028,B,treatment,2
3029,CD4_T,treatment,2
3030,junk_debris,treatment,2
3031,junk_noise,treatment,2
3032,junk_debris,treatment,2
3033,junk_debris,treatment,2
3034,CD4_T,treatment,2
3035,junk_doublet,treatment,2
3036,junk_doublet,treatment,2
3037,junk_doublet,treatment,2
3038,DC,treatment,2
3039,junk_noise,treatment,2
3040,junk_dead,treatment,2
3041,junk_debris,treatment,2
3042,Neutrophil,treatment,2
3043,junk_doublet,treatment,2
3044,junk_doublet,treatment,2
3045,junk_debris,treatment,2
3046,junk_doublet,treatment,2
3047,junk_noise,treatment,2
3048,junk_noise,treatment,2
3049,junk_noise,treatment,2
3050,junk_doublet,treatment,2
3051,CD4_T,treatment,2
3052,junk_debris,treatment,2
3053,junk_noise,treatment,2
3054,junk_debris,treatment,2
3055,B,treatment,2
3056,junk_debris,treatment,2
3057,B,treatment,2
3058,junk_debris,treatment,2
3059,CD4_T,treatment,2
3060,junk_debris,treatment,2
3061,junk_doublet,treatment,2
3062,CD8_T,treatment,2
3063,Myeloid,treatment,2
3064,CD8_T,treatment,2
3065,junk_debris,treatment,2
3066,junk_debris,treatment,2
3067,junk_debris,treatment,2
3068,junk_doublet,treatment,2
3069,junk_doublet,treatment,2
3070,junk_dead,treatment,2
3071,junk_dead,treatment,2
3072,junk_noise,treatment,2
3073,B,treatment,2
3074,junk_debris,treatment,2
3075,junk_debris,treatment,2
3076,junk_dead,treatment,2
3077,Neutrophil,treatment,2
3078,Myeloid,treatment,2
3079,junk_debris,treatment,2
3080,CD4_T,treatment,2
3081,junk_dead,treatment,2
3082,B,treatment,2
3083,junk_dead,treatment,2
3084,junk_debris,treatment,2
3085,junk_debris,treatment,2
3086,CD8_T,treatment,2
3087,Myeloid,treatment,2
3088,junk_noise,treatment,2
3089,CD8_T,treatment,2
3090,junk_debris,treatment,2
3091,junk_doublet,treatment,2
3092,CD4_T,treatment,2
3093,junk_doublet,treatment,2
3094,CD8_T,treatment,2
3095,B,treatment,2
3096,junk_debris,treatment,2
3097,junk_doublet,treatment,2
3098,junk_debris,treatment,2
3099,junk_debris,treatment,2
3100,junk_noise,treatment,2
3101,junk_debris,treatment,2
3102,junk_doublet,treatment,2
3103,junk_dead,treatment,2
3104,junk_debris,treatment,2
3105,junk_debris,treatment,2
3106,B,treatment,2
3107,junk_doublet,treatment,2
3108,junk_debris,treatment,2
3109,junk_debris,treatment,2
3110,junk_noise,treatment,2
3111,junk_noise,treatment,2
3112,junk_debris,treatment,2
3113,junk_debris,treatment,2
3114,junk_doublet,treatment,2
3115,junk_dead,treatment,2
3116,junk_debris,treatment,2
3117,B,treatment,2
3118,junk_noise,treatment,2
3119,junk_doublet,treatment,2
3120,CD8_T,treatment,2
3121,junk_debris,treatment,2
3122,NK,treatment,2
3123,junk_noise,treatment,2
3124,junk_debris,treatment,2
3125,junk_doublet,treatment,2
3126,junk_doublet,treatment,2
3127,junk_debris,treatment,2
3128,junk_debris,treatment,2
3129,junk_debris,treatment,2
3130,CD4_T,treatment,2
3131,junk_noise,treatment,2
3132,junk_debris,treatment,2
3133,junk_doublet,treatment,2
3134,junk_debris,treatment,2
3135,junk_dead,treatment,2
3136,Myeloid,treatment,2
3137,junk_debris,treatment,2
3138,junk_dead,treatment,2
3139,junk_doublet,treatment,2
3140,junk_doublet,treatment,2
3141,junk_noise,treatment,2
3142,DC,treatment,2
3143,Myeloid,treatment,2
3144,CD4_T,treatment,2
3145,junk_noise,treatment,2
3146,junk_debris,treatment,2
3147,B,treatment,2
3148,junk_noise,treatment,2
3149,junk_debris,treatment,2
3150,CD8_T,treatment,2
3151,CD4_T,treatment,2
3152,junk_dead,treatment,2
3153,Myeloid,treatment,2
3154,junk_debris,treatment,2
3155,junk_dead,treatment,2
3156,junk_debris,treatment,2
3157,junk_debris,treatment,2
3158,junk_dead,treatment,2
3159,junk_dead,treatment,2
3160,B,treatment,2
3161,junk_debris,treatment,2
3162,junk_debris,treatment,2
3163,junk_doublet,treatment,2
3164,NK,treatment,2
3165,junk_doublet,treatment,2
3166,junk_noise,treatment,2
3167,junk_debris,treatment,2
3168,junk_doublet,treatment,2
3169,junk_dead,treatment,2
3170,junk_debris,treatment,2
3171,junk_doublet,treatment,2
3172,B,treatment,2
3173,junk_noise,treatment,2
3174,junk_dead,treatment,2
3175,B,treatment,2
3176,junk_debris,treatment,2
3177,junk_debris,treatment,2
3178,junk_debris,treatment,2
3179,junk_doublet,treatment,2
3180,junk_debris,treatment,2
3181,junk_dead,treatment,2
3182,Myeloid,treatment,2
3183,CD4_T,treatment,2
3184,Neutrophil,treatment,2
3185,junk_dead,treatment,2
3186,junk_noise,treatment,2
3187,B,treatment,2
3188,junk_debris,treatment,2
3189,junk_doublet,treatment,2
3190,junk_noise,treatment,2
3191,junk_doublet,treatment,2
3192,junk_noise,treatment,2
3193,junk_debris,treatment,2
3194,DC,treatment,2
3195,CD4_T,treatment,2
3196,B,treatment,2
3197,junk_doublet,treatment,2
3198,junk_dead,treatment,2
3199,junk_dead,treatment,2
3200,junk_dead,treatment,2
3201,junk_debris,treatment,2
3202,junk_dead,treatment,2
3203,junk_dead,treatment,2
3204,junk_noise,treatment,2
3205,B,treatment,2
3206,Myeloid,treatment,2
3207,junk_debris,treatment,2
3208,junk_doublet,treatment,2
3209,DC,treatment,2
3210,CD4_T,treatment,2
3211,B,treatment,2
3212,junk_debris,treatment,2
3213,junk_noise,treatment,2
3214,CD4_T,treatment,2
3215,junk_dead,treatment,2
3216,CD4_T,treatment,2
3217,junk_debris,treatment,2
3218,junk_dead,treatment,2
3219,junk_doublet,treatment,2
3220,CD8_T,treatment,2
3221,NK,treatment,2
3222,CD4_T,treatment,2
3223,B,treatment,2
3224,CD4_T,treatment,2
3225,junk_doublet,treatment,2
3226,junk_debris,treatment,2
3227,CD4_T,treatment,2
3228,junk_dead,treatment,2
3229,junk_noise,treatment,2
3230,junk_debris,treatment,2
3231,junk_doublet,treatment,2
3232,junk_debris,treatment,2
3233,junk_doublet,treatment,2
3234,junk_noise,treatment,2
3235,CD8_T,treatment,2
3236,CD4_T,treatment,2
3237,junk_noise,treatment,2
3238,junk_doublet,treatment,2
3239,junk_dead,treatment,2
3240,junk_dead,treatment,2
3241,junk_dead,treatment,2
3242,junk_dead,treatment,2
3243,Neutrophil,treatment,2
3244,junk_noise,treatment,2
3245,junk_noise,treatment,2
3246,junk_dead,treatment,2
3247,junk_dead,treatment,2
3248,junk_doublet,treatment,2
3249,Neutrophil,treatment,2
3250,Neutrophil,treatment,2
3251,junk_debris,treatment,2
3252,junk_debris,treatment,2
3253,junk_noise,treatment,2
3254,junk_dead,treatment,2
3255,junk_dead,treatment,2
3256,junk_dead,treatment,2
3257,junk_debris,treatment,2
3258,junk_doublet,treatment,2
3259,junk_debris,treatment,2
3260,junk_doublet,treatment,2
3261,CD4_T,treatment,2
3262,junk_dead,treatment,2
3263,CD4_T,treatment,2
3264,junk_doublet,treatment,2
3265,Neutrophil,treatment,2
3266,junk_dead,treatment,2
3267,Myeloid,treatment,2
3268,junk_doublet,treatment,2
3269,junk_doublet,treatment,2
3270,junk_dead,treatment,2
3271,junk_debris,treatment,2
3272,junk_debris,treatment,2
3273,junk_noise,treatment,2
3274,junk_debris,treatment,2
3275,junk_noise,treatment,2
3276,B,treatment,2
3277,B,treatment,2
3278,junk_noise,treatment,2
3279,junk_doublet,treatment,2
3280,junk_dead,treatment,2
3281,junk_dead,treatment,2
3282,junk_doublet,treatment,2
3283,junk_debris,treatment,2
3284,Neutrophil,treatment,2
3285,NK,treatment,2
3286,junk_noise,treatment,2
3287,B,treatment,2
3288,Myeloid,treatment,2
3289,B,treatment,2
3290,Myeloid,treatment,2
3291,CD4_T,treatment,2
3292,Myeloid,treatment,2
3293,junk_noise,treatment,2
3294,junk_debris,treatment,2
3295,junk_debris,treatment,2
3296,junk_noise,treatment,2
3297,junk_debris,treatment,2
3298,junk_doublet,treatment,2
3299,junk_dead,treatment,2
3300,junk_doublet,treatment,2
3301,junk_doublet,treatment,2
3302,junk_debris,treatment,2
3303,junk_debris,treatment,2
3304,junk_debris,treatment,2
3305,B,treatment,2
3306,junk_noise,treatment,2
3307,CD8_T,treatment,2
3308,Myeloid,treatment,2
3309,DC,treatment,2
3310,B,treatment,2
3311,junk_noise,treatment,2
3312,junk_doublet,treatment,2
3313,junk_doublet,treatment,2
3314,junk_dead,treatment,2
3315,CD4_T,treatment,2
3316,junk_debris,treatment,2
3317,junk_debris,treatment,2
3318,B,treatment,2
3319,junk_noise,treatment,2
3320,B,treatment,2
3321,junk_debris,treatment,2
3322,junk_doublet,treatment,2
3323,junk_doublet,treatment,2
3324,Myeloid,treatment,2
3325,junk_debris,treatment,2
3326,junk_noise,treatment,2
3327,Neutrophil,treatment,2
3328,Myeloid,treatment,2
3329,junk_noise,treatment,2
3330,junk_doublet,treatment,2
3331,junk_debris,treatment,2
3332,junk_doublet,treatment,2
3333,B,treatment,2
3334,CD4_T,treatment,2
3335,junk_debris,treatment,2
3336,Neutrophil,treatment,2
3337,junk_noise,treatment,2
3338,B,treatment,2
3339,junk_debris,treatment,2
3340,junk_noise,treatment,2
3341,junk_noise,treatment,2
3342,junk_dead,treatment,2
3343,junk_doublet,treatment,2
3344,junk_noise,treatment,2
3345,B,treatment,2
3346,Neutrophil,treatment,2
3347,NK,treatment,2
3348,junk_noise,treatment,2
3349,CD8_T,treatment,2
3350,junk_debris,treatment,2
3351,CD4_T,treatment,2
3352,junk_doublet,treatment,2
3353,junk_noise,treatment,2
3354,CD4_T,treatment,2
3355,CD8_T,treatment,2
3356,B,treatment,2
3357,CD4_T,treatment,2
3358,junk_dead,treatment,2
3359,junk_dead,treatment,2
3360,B,treatment,2
3361,junk_doublet,treatment,2
3362,Myeloid,treatment,2
3363,B,treatment,2
3364,junk_noise,treatment,2
3365,junk_doublet,treatment,2
3366,junk_noise,treatment,2
3367,junk_debris,treatment,2
3368,junk_debris,treatment,2
3369,junk_debris,treatment,2
3370,junk_noise,treatment,2
3371,Myeloid,treatment,2
3372,B,treatment,2
3373,junk_debris,treatment,2
3374,junk_debris,treatment,2
3375,CD4_T,treatment,2
3376,junk_debris,treatment,2
3377,NK,treatment,2
3378,junk_noise,treatment,2
3379,junk_debris,treatment,2
3380,junk_debris,treatment,2
3381,junk_doublet,treatment,2
3382,Myeloid,treatment,2
3383,junk_doublet,treatment,2
3384,junk_doublet,treatment,2
3385,Neutrophil,treatment,2
3386,junk_dead,treatment,2
3387,CD4_T,treatment,2
3388,Myeloid,treatment,2
3389,junk_dead,treatment,2
3390,junk_debris,treatment,2
3391,junk_debris,treatment,2
3392,junk_dead,treatment,2
3393,junk_noise,treatment,2
3394,NK,treatment,2
3395,junk_debris,treatment,2
3396,junk_debris,treatment,2
3397,junk_debris,treatment,2
3398,junk_dead,treatment,2
3399,CD4_T,treatment,2
3400,junk_dead,treatment,2
3401,B,treatment,2
3402,Neutrophil,treatment,2
3403,junk_noise,treatment,2
3404,junk_dead,treatment,2
3405,junk_doublet,treatment,2
3406,junk_noise,treatment,2
3407,junk_debris,treatment,2
3408,junk_debris,treatment,2
3409,junk_noise,treatment,2
3410,junk_doublet,treatment,2
3411,junk_debris,treatment,2
3412,junk_debris,treatment,2
3413,CD8_T,treatment,2
3414,B,treatment,2
3415,junk_dead,treatment,2
3416,junk_doublet,treatment,2
3417,junk_doublet,treatment,2
3418,junk_noise,treatment,2
3419,junk_debris,treatment,2
3420,B,treatment,2
3421,junk_debris,treatment,2
3422,junk_dead,treatment,2
3423,junk_doublet,treatment,2
3424,Neutrophil,treatment,2
3425,B,treatment,2
3426,junk_debris,treatment,2
3427,junk_noise,treatment,2
3428,junk_doublet,treatment,2
3429,junk_debris,treatment,2
3430,junk_noise,treatment,2
3431,junk_doublet,treatment,2
3432,junk_dead,treatment,2
3433,Neutrophil,treatment,2
3434,junk_noise,treatment,2
3435,junk_noise,treatment,2
3436,junk_doublet,treatment,2
3437,junk_dead,treatment,2
3438,CD4_T,treatment,2
3439,junk_debris,treatment,2
3440,junk_doublet,treatment,2
3441,junk_debris,treatment,2
3442,junk_debris,treatment,2
3443,junk_noise,treatment,2
3444,junk_dead,treatment,2
3445,junk_debris,treatment,2
3446,CD4_T,treatment,2
3447,CD8_T,treatment,2
3448,junk_debris,treatment,2
3449,junk_debris,treatment,2
3450,B,treatment,2
3451,junk_doublet,treatment,2
3452,junk_debris,treatment,2
3453,junk_dead,treatment,2
3454,junk_dead,treatment,2
3455,B,treatment,2
3456,junk_dead,treatment,2
3457,DC,treatment,2
3458,junk_noise,treatment,2
3459,B,treatment,2
3460,CD4_T,treatment,2
3461,junk_doublet,treatment,2
3462,CD8_T,treatment,2
3463,junk_debris,treatment,2
3464,Neutrophil,treatment,2
3465,junk_debris,treatment,2
3466,CD4_T,treatment,2
3467,junk_dead,treatment,2
3468,junk_noise,treatment,2
3469,junk_dead,treatment,2
3470,CD8_T,treatment,2
3471,Myeloid,treatment,2
3472,DC,treatment,2
3473,junk_debris,treatment,2
3474,junk_dead,treatment,2
3475,junk_debris,treatment,2
3476,B,treatment,2
3477,Myeloid,treatment,2
3478,junk_debris,treatment,2
3479,DC,treatment,2
3480,B,treatment,2
3481,Myeloid,treatment,2
3482,Myeloid,treatment,2
3483,junk_dead,treatment,2
3484,Myeloid,treatment,2
3485,CD4_T,treatment,2
3486,B,treatment,2
3487,B,treatment,2
3488,junk_debris,treatment,2
3489,junk_debris,treatment,2
3490,junk_noise,treatment,2
3491,Myeloid,treatment,2
3492,junk_debris,treatment,2
3493,CD8_T,treatment,2
3494,junk_doublet,treatment,2
3495,junk_dead,treatment,2
3496,junk_dead,treatment,2
3497,junk_doublet,treatment,2
3498,CD4_T,treatment,2
3499,junk_dead,treatment,2
3500,junk_noise,treatment,2
3501,junk_dead,treatment,2
3502,junk_debris,treatment,2
3503,Myeloid,treatment,2
3504,CD4_T,treatment,2
3505,B,treatment,2
3506,B,treatment,2
3507,junk_noise,treatment,2
3508,CD4_T,treatment,2
3509,junk_noise,treatment,2
3510,junk_doublet,treatment,2
3511,junk_doublet,treatment,2
3512,junk_debris,treatment,2
3513,junk_debris,treatment,2
3514,junk_debris,treatment,2
3515,junk_debris,treatment,2
3516,junk_noise,treatment,2
3517,Neutrophil,treatment,2
3518,Neutrophil,treatment,2
3519,Neutrophil,treatment,2
3520,Myeloid,treatment,2
3521,junk_dead,treatment,2
3522,junk_noise,treatment,2
3523,junk_dead,treatment,2
3524,junk_dead,treatment,2
3525,junk_debris,treatment,2
3526,junk_dead,treatment,2
3527,Neutrophil,treatment,2
3528,B,treatment,2
3529,junk_debris,treatment,2
3530,junk_dead,treatment,2
3531,DC,treatment,2
3532,junk_debris,treatment,2
3533,junk_debris,treatment,2
3534,B,treatment,2
3535,junk_debris,treatment,2
3536,junk_debris,treatment,2
3537,CD4_T,treatment,2
3538,junk_dead,treatment,2
3539,junk_debris,treatment,2
3540,junk_debris,treatment,2
3541,junk_debris,treatment,2
3542,junk_doublet,treatment,2
3543,junk_noise,treatment,2
3544,junk_dead,treatment,2
3545,junk_doublet,treatment,2
3546,CD4_T,treatment,2
3547,junk_dead,treatment,2
3548,junk_doublet,treatment,2
3549,Neutrophil,treatment,2
3550,junk_dead,treatment,2
3551,junk_debris,treatment,2
3552,junk_doublet,treatment,2
3553,junk_doublet,treatment,2
3554,Myeloid,treatment,2
3555,CD4_T,treatment,2
3556,CD4_T,treatment,2
3557,junk_debris,treatment,2
3558,junk_noise,treatment,2
3559,junk_debris,treatment,2
3560,junk_doublet,treatment,2
3561,junk_doublet,treatment,2
3562,junk_noise,treatment,2
3563,junk_debris,treatment,2
3564,NK,treatment,2
3565,Myeloid,treatment,2
3566,B,treatment,2
3567,junk_doublet,treatment,2
3568,junk_doublet,treatment,2
3569,CD4_T,treatment,2
3570,junk_dead,treatment,2
3571,junk_doublet,treatment,2
3572,junk_doublet,treatment,2
3573,junk_doublet,treatment,2
3574,junk_debris,treatment,2
3575,junk_noise,treatment,2
3576,junk_debris,treatment,2
3577,junk_debris,treatment,2
3578,junk_debris,treatment,2
3579,junk_doublet,treatment,2
3580,junk_noise,treatment,2
3581,junk_debris,treatment,2
3582,junk_debris,treatment,2
3583,junk_debris,treatment,2
3584,B,treatment,2
3585,junk_doublet,treatment,2
3586,junk_dead,treatment,2
3587,junk_debris,treatment,2
3588,junk_noise,treatment,2
3589,junk_dead,treatment,2
3590,Myeloid,treatment,2
3591,B,treatment,2
3592,B,treatment,2
3593,junk_debris,treatment,2
3594,CD8_T,treatment,2
3595,junk_doublet,treatment,2
3596,junk_doublet,treatment,2
3597,Myeloid,treatment,2
3598,CD4_T,treatment,2
3599,junk_debris,treatment,2
3600,junk_noise,treatment,2
3601,junk_dead,treatment,2
3602,B,treatment,2
3603,junk_noise,treatment,2
3604,CD4_T,treatment,2
3605,junk_doublet,treatment,2
3606,B,treatment,2
3607,junk_doublet,treatment,2
3608,junk_debris,treatment,2
3609,Neutrophil,treatment,2
3610,B,treatment,2
3611,junk_debris,treatment,2
3612,junk_doublet,treatment,2
3613,DC,treatment,2
3614,CD8_T,treatment,2
3615,Myeloid,treatment,2
3616,junk_debris,treatment,2
3617,DC,treatment,2
3618,junk_doublet,treatment,2
3619,B,treatment,2
3620,junk_debris,treatment,2
3621,junk_dead,treatment,2
3622,Myeloid,treatment,2
3623,Myeloid,treatment,2
3624,junk_debris,treatment,2
3625,junk_dead,treatment,2
3626,B,treatment,2
3627,junk_debris,treatment,2
3628,CD4_T,treatment,2
3629,CD4_T,treatment,2
3630,CD8_T,treatment,2
3631,CD4_T,treatment,2
3632,junk_dead,treatment,2
3633,CD4_T,treatment,2
3634,DC,treatment,2
3635,B,treatment,2
3636,Myeloid,treatment,2
3637,junk_noise,treatment,2
3638,junk_debris,treatment,2
3639,junk_debris,treatment,2
3640,CD4_T,treatment,2
3641,CD8_T,treatment,2
3642,Myeloid,treatment,2
3643,B,treatment,2
3644,junk_dead,treatment,2
3645,junk_debris,treatment,2
3646,junk_dead,treatment,2
3647,junk_doublet,treatment,2
3648,Myeloid,treatment,2
3649,junk_noise,treatment,2
3650,junk_debris,treatment,2
3651,B,treatment,2
3652,junk_doublet,treatment,2
3653,Myeloid,treatment,2
3654,junk_doublet,treatment,2
3655,junk_debris,treatment,2
3656,junk_noise,treatment,2
3657,CD8_T,treatment,2
3658,junk_dead,treatment,2
3659,junk_debris,treatment,2
3660,CD8_T,treatment,2
3661,B,treatment,2
3662,B,treatment,2
3663,Myeloid,treatment,2
3664,junk_noise,treatment,2
3665,Neutrophil,treatment,2
3666,Myeloid,treatment,2
3667,junk_dead,treatment,2
3668,Myeloid,treatment,2
3669,junk_debris,treatment,2
3670,junk_dead,treatment,2
3671,junk_debris,treatment,2
3672,Neutrophil,treatment,2
3673,CD4_T,treatment,2
3674,junk_debris,treatment,2
3675,junk_doublet,treatment,2
3676,junk_debris,treatment,2
3677,DC,treatment,2
3678,junk_debris,treatment,2
3679,B,treatment,2
3680,Neutrophil,treatment,2
3681,junk_dead,treatment,2
3682,CD8_T,treatment,2
3683,junk_dead,treatment,2
3684,junk_doublet,treatment,2
3685,CD4_T,treatment,2
3686,junk_doublet,treatment,2
3687,junk_noise,treatment,2
3688,junk_doublet,treatment,2
3689,B,treatment,2
3690,junk_debris,treatment,2
3691,junk_dead,treatment,2
3692,Myeloid,treatment,2
3693,junk_dead,treatment,2
3694,junk_noise,treatment,2
3695,junk_noise,treatment,2
3696,CD4_T,treatment,2
3697,junk_dead,treatment,2
3698,junk_debris,treatment,2
3699,Myeloid,treatment,2
3700,CD4_T,treatment,2
3701,B,treatment,2
3702,junk_doublet,treatment,2
3703,junk_dead,treatment,2
3704,CD4_T,treatment,2
3705,Neutrophil,treatment,2
3706,junk_noise,treatment,2
3707,junk_debris,treatment,2
3708,junk_debris,treatment,2
3709,junk_debris,treatment,2
3710,CD4_T,treatment,2
3711,junk_debris,treatment,2
3712,junk_doublet,treatment,2
3713,junk_debris,treatment,2
3714,CD8_T,treatment,2
3715,junk_debris,treatment,2
3716,CD8_T,treatment,2
3717,B,treatment,2
3718,junk_dead,treatment,2
3719,junk_debris,treatment,2
3720,B,treatment,2
3721,B,treatment,2
3722,junk_doublet,treatment,2
3723,CD8_T,treatment,2
3724,CD4_T,treatment,2
3725,B,treatment,2
3726,junk_doublet,treatment,2
3727,junk_doublet,treatment,2
3728,junk_debris,treatment,2
3729,junk_debris,treatment,2
3730,B,treatment,2
3731,Myeloid,treatment,2
3732,junk_doublet,treatment,2
3733,DC,treatment,2
3734,junk_dead,treatment,2
3735,junk_dead,treatment,2
3736,Myeloid,treatment,2
3737,junk_debris,treatment,2
3738,CD4_T,treatment,2
3739,NK,treatment,2
3740,Neutrophil,treatment,2
3741,B,treatment,2
3742,junk_noise,treatment,2
3743,CD4_T,treatment,2
3744,junk_dead,treatment,2
3745,junk_noise,treatment,2
3746,junk_dead,treatment,2
3747,B,treatment,2
3748,junk_dead,treatment,2
3749,CD4_T,treatment,2
3750,Myeloid,treatment,2
3751,junk_debris,treatment,2
3752,junk_doublet,treatment,2
3753,junk_doublet,treatment,2
3754,junk_doublet,treatment,2
3755,Neutrophil,treatment,2
3756,junk_debris,treatment,2
3757,junk_doublet,treatment,2
3758,junk_doublet,treatment,2
3759,B,treatment,2
3760,junk_dead,treatment,2
3761,junk_noise,treatment,2
3762,junk_debris,treatment,2
3763,junk_debris,treatment,2
3764,junk_doublet,treatment,2
3765,junk_dead,treatment,2
3766,junk_doublet,treatment,2
3767,junk_debris,treatment,2
3768,CD8_T,treatment,2
3769,junk_noise,treatment,2
3770,junk_doublet,treatment,2
3771,CD4_T,treatment,2
3772,junk_noise,treatment,2
3773,junk_debris,treatment,2
3774,junk_noise,treatment,2
3775,B,treatment,2
3776,junk_noise,treatment,2
3777,DC,treatment,2
3778,B,treatment,2
3779,CD8_T,treatment,2
3780,Neutrophil,treatment,2
3781,junk_dead,treatment,2
3782,junk_debris,treatment,2
3783,B,treatment,2
3784,junk_debris,treatment,2
3785,junk_doublet,treatment,2
3786,junk_noise,treatment,2
3787,junk_dead,treatment,2
3788,junk_debris,treatment,2
3789,DC,treatment,2
3790,CD4_T,treatment,2
3791,Neutrophil,treatment,2
3792,Myeloid,treatment,2
3793,B,treatment,2
3794,CD4_T,treatment,2
3795,junk_noise,treatment,2
3796,B,treatment,2
3797,Myeloid,treatment,2
3798,junk_dead,treatment,2
3799,junk_doublet,treatment,2
3800,Neutrophil,treatment,2
3801,NK,treatment,2
3802,junk_noise,treatment,2
3803,junk_doublet,treatment,2
3804,junk_debris,treatment,2
3805,junk_noise,treatment,2
3806,junk_doublet,treatment,2
3807,junk_debris,treatment,2
3808,NK,treatment,2
3809,CD8_T,treatment,2
3810,junk_dead,treatment,2
3811,junk_debris,treatment,2
3812,junk_noise,treatment,2
3813,CD4_T,treatment,2
3814,junk_doublet,treatment,2
3815,junk_doublet,treatment,2
3816,junk_debris,treatment,2
3817,junk_dead,treatment,2
3818,CD4_T,treatment,2
3819,junk_dead,treatment,2
3820,junk_noise,treatment,2
3821,junk_doublet,treatment,2
3822,junk_debris,treatment,2
3823,B,treatment,2
3824,junk_noise,treatment,2
3825,junk_doublet,treatment,2
3826,junk_dead,treatment,2
3827,Neutrophil,treatment,2
3828,CD8_T,treatment,2
3829,junk_noise,treatment,2
3830,NK,treatment,2
3831,junk_noise,treatment,2
3832,Neutrophil,treatment,2
3833,junk_noise,treatment,2
3834,CD4_T,treatment,2
3835,Neutrophil,treatment,2
3836,junk_noise,treatment,2
3837,junk_dead,treatment,2
3838,junk_debris,treatment,2
3839,B,treatment,2
3840,CD4_T,treatment,2
3841,CD4_T,treatment,2
3842,junk_doublet,treatment,2
3843,junk_doublet,treatment,2
3844,junk_doublet,treatment,2
3845,junk_noise,treatment,2
3846,junk_noise,treatment,2
3847,DC,treatment,2
3848,junk_dead,treatment,2
3849,junk_noise,treatment,2
3850,junk_debris,treatment,2
3851,junk_debris,treatment,2
3852,junk_dead,treatment,2
3853,junk_doublet,treatment,2
3854,B,treatment,2
3855,junk_debris,treatment,2
3856,junk_doublet,treatment,2
3857,junk_dead,treatment,2
3858,junk_noise,treatment,2
3859,junk_debris,treatment,2
3860,junk_dead,treatment,2
3861,NK,treatment,2
3862,CD4_T,treatment,2
3863,junk_dead,treatment,2
3864,junk_noise,treatment,2
3865,junk_doublet,treatment,2
3866,junk_noise,treatment,2
3867,junk_doublet,treatment,2
3868,B,treatment,2
3869,CD4_T,treatment,2
3870,junk_debris,treatment,2
3871,junk_debris,treatment,2
3872,junk_debris,treatment,2
3873,junk_doublet,treatment,2
3874,junk_debris,treatment,2
3875,junk_dead,treatment,2
3876,junk_dead,treatment,2
3877,junk_doublet,treatment,2
3878,B,treatment,2
3879,junk_dead,treatment,2
3880,junk_debris,treatment,2
3881,DC,treatment,2
3882,B,treatment,2
3883,junk_dead,treatment,2
3884,junk_debris,treatment,2
3885,junk_debris,treatment,2
3886,B,treatment,2
3887,junk_debris,treatment,2
3888,junk_doublet,treatment,2
3889,junk_dead,treatment,2
3890,junk_debris,treatment,2
3891,B,treatment,2
3892,junk_noise,treatment,2
3893,junk_debris,treatment,2
3894,B,treatment,2
3895,junk_noise,treatment,2
3896,junk_doublet,treatment,2
3897,junk_doublet,treatment,2
3898,junk_dead,treatment,2
3899,junk_debris,treatment,2
3900,junk_doublet,treatment,2
3901,junk_debris,treatment,2
3902,B,treatment,2
3903,junk_noise,treatment,2
3904,junk_debris,treatment,2
3905,junk_dead,treatment,2
3906,junk_debris,treatment,2
3907,junk_debris,treatment,2
3908,junk_doublet,treatment,2
3909,B,treatment,2
3910,junk_doublet,treatment,2
3911,Neutrophil,treatment,2
3912,CD8_T,treatment,2
3913,junk_dead,treatment,2
3914,junk_dead,treatment,2
3915,junk_dead,treatment,2
3916,junk_debris,treatment,2
3917,junk_noise,treatment,2
3918,junk_doublet,treatment,2
3919,B,treatment,2
3920,junk_dead,treatment,2
3921,junk_dead,treatment,2
3922,DC,treatment,2
3923,B,treatment,2
3924,DC,treatment,2
3925,CD8_T,treatment,2
3926,junk_doublet,treatment,2
3927,B,treatment,2
3928,junk_debris,treatment,2
3929,B,treatment,2
3930,B,treatment,2
3931,junk_debris,treatment,2
3932,junk_doublet,treatment,2
3933,Neutrophil,treatment,2
3934,junk_doublet,treatment,2
3935,B,treatment,2
3936,junk_debris,treatment,2
3937,B,treatment,2
3938,junk_noise,treatment,2
3939,junk_dead,treatment,2
3940,junk_noise,treatment,2
3941,junk_debris,treatment,2
3942,junk_debris,treatment,2
3943,junk_dead,treatment,2
3944,junk_debris,treatment,2
3945,Neutrophil,treatment,2
3946,DC,treatment,2
3947,B,treatment,2
3948,junk_dead,treatment,2
3949,junk_doublet,treatment,2
3950,junk_doublet,treatment,2
3951,junk_doublet,treatment,2
3952,junk_doublet,treatment,2
3953,CD8_T,treatment,2
3954,Myeloid,treatment,2
3955,junk_debris,treatment,2
3956,junk_doublet,treatment,2
3957,junk_doublet,treatment,2
3958,junk_debris,treatment,2
3959,junk_dead,treatment,2
3960,junk_dead,treatment,2
3961,Myeloid,treatment,2
3962,junk_doublet,treatment,2
3963,junk_debris,treatment,2
3964,junk_doublet,treatment,2
3965,junk_doublet,treatment,2
3966,junk_noise,treatment,2
3967,CD8_T,treatment,2
3968,junk_doublet,treatment,2
3969,CD4_T,treatment,2
3970,junk_debris,treatment,2
3971,Myeloid,treatment,2
3972,junk_noise,treatment,2
3973,B,treatment,2
3974,junk_dead,treatment,2
3975,CD4_T,treatment,2
3976,junk_debris,treatment,2
3977,junk_debris,treatment,2
3978,B,treatment,2
3979,Neutrophil,treatment,2
3980,CD4_T,treatment,2
3981,Myeloid,treatment,2
3982,junk_debris,treatment,2
3983,junk_dead,treatment,2
3984,junk_debris,treatment,2
3985,Neutrophil,treatment,2
3986,junk_doublet,treatment,2
3987,junk_noise,treatment,2
3988,junk_doublet,treatment,2
3989,junk_debris,treatment,2
3990,junk_debris,treatment,2
3991,junk_dead,treatment,2
3992,CD4_T,treatment,2
3993,junk_debris,treatment,2
3994,junk_noise,treatment,2
3995,junk_doublet,treatment,2
3996,junk_debris,treatment,2
3997,junk_noise,treatment,2
3998,Neutrophil,treatment,2
3999,junk_noise,treatment,2
4000,junk_dead,treatment,2
4001,Myeloid,treatment,2
4002,junk_debris,treatment,2
4003,DC,treatment,2
4004,junk_debris,treatment,2
4005,junk_debris,treatment,2
4006,B,treatment,2
4007,junk_debris,treatment,2
4008,junk_dead,treatment,2
4009,junk_noise,treatment,2
4010,junk_doublet,treatment,2
4011,junk_dead,treatment,2
4012,junk_doublet,treatment,2
4013,NK,treatment,2
4014,junk_debris,treatment,2
4015,CD4_T,treatment,2
4016,junk_debris,treatment,2
4017,junk_dead,treatment,2
4018,junk_debris,treatment,2
4019,junk_noise,treatment,2
4020,NK,treatment,2
4021,junk_debris,treatment,2
4022,junk_debris,treatment,2
4023,junk_debris,treatment,2
4024,junk_doublet,treatment,2
4025,B,treatment,2
4026,junk_doublet,treatment,2
4027,B,treatment,2
4028,junk_noise,treatment,2
4029,junk_dead,treatment,2
4030,junk_doublet,treatment,2
4031,Myeloid,treatment,2
4032,B,treatment,2
4033,junk_noise,treatment,2
4034,junk_debris,treatment,2
4035,junk_dead,treatment,2
4036,B,treatment,2
4037,CD4_T,treatment,2
4038,junk_doublet,treatment,2
4039,CD4_T,treatment,2
4040,junk_doublet,treatment,2
4041,junk_debris,treatment,2
4042,junk_dead,treatment,2
4043,junk_dead,treatment,2
4044,B,treatment,2
4045,junk_debris,treatment,2
4046,Myeloid,treatment,2
4047,Myeloid,treatment,2
4048,junk_doublet,treatment,2
4049,CD8_T,treatment,2
4050,B,treatment,2
4051,CD4_T,treatment,2
4052,junk_doublet,treatment,2
4053,Myeloid,treatment,2
4054,junk_noise,treatment,2
4055,CD4_T,treatment,2
4056,junk_dead,treatment,2
4057,junk_debris,treatment,2
4058,CD8_T,treatment,2
4059,B,treatment,2
4060,junk_dead,treatment,2
4061,junk_dead,treatment,2
4062,junk_dead,treatment,2
4063,junk_doublet,treatment,2
4064,junk_debris,treatment,2
4065,CD4_T,treatment,2
4066,junk_dead,treatment,2
4067,CD4_T,treatment,2
4068,junk_debris,treatment,2
4069,junk_noise,treatment,2
4070,junk_debris,treatment,2
4071,junk_noise,treatment,2
4072,B,treatment,2
4073,Neutrophil,treatment,2
4074,CD4_T,treatment,2
4075,junk_doublet,treatment,2
4076,junk_debris,treatment,2
4077,junk_debris,treatment,2
4078,junk_debris,treatment,2
4079,CD8_T,treatment,2
4080,junk_dead,treatment,2
4081,junk_debris,treatment,2
4082,junk_debris,treatment,2
4083,CD4_T,treatment,2
4084,junk_noise,treatment,2
4085,B,treatment,2
4086,CD4_T,treatment,2
4087,junk_noise,treatment,2
4088,junk_debris,treatment,2
4089,junk_debris,treatment,2
4090,junk_doublet,treatment,2
4091,junk_dead,treatment,2
4092,junk_doublet,treatment,2
4093,Neutrophil,treatment,2
4094,junk_doublet,treatment,2
4095,junk_debris,treatment,2
4096,junk_doublet,treatment,2
4097,junk_debris,treatment,2
4098,Neutrophil,treatment,2
4099,B,treatment,2
4100,junk_doublet,treatment,2
4101,junk_debris,treatment,2
4102,junk_dead,treatment,2
4103,CD8_T,treatment,2
4104,B,treatment,2
4105,junk_dead,treatment,2
4106,junk_dead,treatment,2
4107,DC,treatment,2
4108,junk_debris,treatment,2
4109,junk_debris,treatment,2
4110,junk_debris,treatment,2
4111,Neutrophil,treatment,2
4112,CD4_T,treatment,2
4113,CD8_T,treatment,2
4114,junk_doublet,treatment,2
4115,Neutrophil,treatment,2
4116,junk_debris,treatment,2
4117,junk_debris,treatment,2
4118,junk_debris,treatment,2
4119,junk_debris,treatment,2
4120,Myeloid,treatment,2
4121,junk_doublet,treatment,2
4122,NK,treatment,2
4123,junk_debris,treatment,2
4124,junk_doublet,treatment,2
4125,junk_dead,treatment,2
4126,junk_doublet,treatment,2
4127,CD4_T,treatment,2
4128,junk_debris,treatment,2
4129,junk_dead,treatment,2
4130,junk_doublet,treatment,2
4131,junk_debris,treatment,2
4132,junk_dead,treatment,2
4133,junk_dead,treatment,2
4134,B,treatment,2
4135,B,treatment,2
4136,junk_dead,treatment,2
4137,Neutrophil,treatment,2
4138,CD8_T,treatment,2
4139,junk_debris,treatment,2
4140,junk_dead,treatment,2
4141,CD8_T,treatment,2
4142,junk_noise,treatment,2
4143,CD4_T,treatment,2
4144,CD4_T,treatment,2
4145,junk_dead,treatment,2
4146,NK,treatment,2
4147,CD4_T,treatment,2
4148,DC,treatment,2
4149,junk_debris,treatment,2
4150,junk_doublet,treatment,2
4151,junk_debris,treatment,2
4152,B,treatment,2
4153,junk_dead,treatment,2
4154,junk_doublet,treatment,2
4155,CD8_T,treatment,2
4156,B,treatment,2
4157,CD4_T,treatment,2
4158,junk_debris,treatment,2
4159,junk_dead,treatment,2
4160,junk_noise,treatment,2
4161,CD4_T,treatment,2
4162,B,treatment,2
4163,junk_debris,treatment,2
4164,junk_noise,treatment,2
4165,NK,treatment,2
4166,B,treatment,2
4167,junk_debris,treatment,2
4168,junk_debris,treatment,2
4169,CD4_T,treatment,2
4170,junk_debris,treatment,2
4171,junk_doublet,treatment,2
4172,Myeloid,treatment,2
4173,junk_debris,treatment,2
4174,junk_noise,treatment,2
4175,junk_noise,treatment,2
4176,CD4_T,treatment,2
4177,junk_doublet,treatment,2
4178,B,treatment,2
4179,B,treatment,2
4180,B,treatment,2
4181,junk_debris,treatment,2
4182,CD8_T,treatment,2
4183,junk_dead,treatment,2
4184,Neutrophil,treatment,2
4185,junk_dead,treatment,2
4186,Myeloid,treatment,2
4187,junk_debris,treatment,2
4188,junk_debris,treatment,2
4189,CD4_T,treatment,2
4190,junk_dead,treatment,2
4191,junk_noise,treatment,2
4192,NK,treatment,2
4193,junk_debris,treatment,2
4194,junk_doublet,treatment,2
4195,DC,treatment,2
4196,CD4_T,treatment,2
4197,junk_debris,treatment,2
4198,B,treatment,2
4199,NK,treatment,2
4200,junk_noise,treatment,2
4201,Myeloid,treatment,2
4202,junk_debris,treatment,2
4203,junk_doublet,treatment,2
4204,Myeloid,treatment,2
4205,junk_dead,treatment,2
4206,junk_doublet,treatment,2
4207,junk_dead,treatment,2
4208,junk_dead,treatment,2
4209,DC,treatment,2
4210,junk_noise,treatment,2
4211,NK,treatment,2
4212,junk_dead,treatment,2
4213,junk_debris,treatment,2
4214,Myeloid,treatment,2
4215,B,treatment,2
4216,Neutrophil,treatment,2
4217,junk_dead,treatment,2
4218,junk_noise,treatment,2
4219,CD4_T,treatment,2
4220,junk_doublet,treatment,2
4221,junk_debris,treatment,2
4222,DC,treatment,2
4223,junk_dead,treatment,2
4224,DC,treatment,2
4225,junk_doublet,treatment,2
4226,junk_dead,treatment,2
4227,junk_dead,treatment,2
4228,junk_doublet,treatment,2
4229,junk_doublet,treatment,2
4230,junk_noise,treatment,2
4231,junk_dead,treatment,2
4232,CD4_T,treatment,2
4233,junk_noise,treatment,2
4234,CD4_T,treatment,2
4235,NK,treatment,2
4236,junk_doublet,treatment,2
4237,junk_debris,treatment,2
4238,Neutrophil,treatment,2
4239,junk_debris,treatment,2
4240,junk_dead,treatment,2
4241,junk_debris,treatment,2
4242,junk_debris,treatment,2
4243,junk_debris,treatment,2
4244,junk_debris,treatment,2
4245,junk_doublet,treatment,2
4246,junk_debris,treatment,2
4247,junk_dead,treatment,2
4248,CD8_T,treatment,2
4249,Myeloid,treatment,2
4250,junk_doublet,treatment,2
4251,Neutrophil,treatment,2
4252,junk_doublet,treatment,2
4253,junk_dead,treatment,2
4254,junk_debris,treatment,2
4255,NK,treatment,2
4256,junk_dead,treatment,2
4257,junk_debris,treatment,2
4258,B,treatment,2
4259,junk_doublet,treatment,2
4260,junk_noise,treatment,2
4261,junk_dead,treatment,2
4262,NK,treatment,2
4263,junk_debris,treatment,2
4264,junk_dead,treatment,2
4265,junk_dead,treatment,2
4266,junk_noise,treatment,2
4267,B,treatment,2
4268,junk_dead,treatment,2
4269,CD4_T,treatment,2
4270,CD8_T,treatment,2
4271,junk_doublet,treatment,2
4272,junk_debris,treatment,2
4273,junk_dead,treatment,2
4274,junk_doublet,treatment,2
4275,junk_debris,treatment,2
4276,CD4_T,treatment,2
4277,Neutrophil,treatment,2
4278,CD4_T,treatment,2
4279,NK,treatment,2
4280,CD4_T,treatment,2
4281,junk_debris,treatment,2
4282,junk_debris,treatment,2
4283,junk_doublet,treatment,2
4284,junk_debris,treatment,2
4285,junk_debris,treatment,2
4286,junk_dead,treatment,2
4287,junk_noise,treatment,2
4288,junk_debris,treatment,2
4289,junk_dead,treatment,2
4290,junk_debris,treatment,2
4291,B,treatment,2
4292,junk_doublet,treatment,2
4293,junk_dead,treatment,2
4294,junk_debris,treatment,2
4295,junk_doublet,treatment,2
4296,Myeloid,treatment,2
4297,junk_debris,treatment,2
4298,junk_debris,treatment,2
4299,junk_doublet,treatment,2
4300,junk_debris,treatment,2
4301,Myeloid,treatment,2
4302,junk_debris,treatment,2
4303,junk_noise,treatment,2
4304,junk_dead,treatment,2
4305,DC,treatment,2
4306,B,treatment,2
4307,junk_debris,treatment,2
4308,DC,treatment,2
4309,junk_doublet,treatment,2
4310,CD4_T,treatment,2
4311,B,treatment,2
4312,junk_debris,treatment,2
4313,NK,treatment,2
4314,junk_doublet,treatment,2
4315,junk_debris,treatment,2
4316,CD8_T,treatment,2
4317,junk_doublet,treatment,2
4318,junk_debris,treatment,2
4319,junk_noise,treatment,2
4320,NK,treatment,2
4321,Myeloid,treatment,2
4322,junk_debris,treatment,2
4323,junk_debris,treatment,2
4324,Neutrophil,treatment,2
4325,B,treatment,2
4326,junk_doublet,treatment,2
4327,junk_debris,treatment,2
4328,B,treatment,2
4329,junk_doublet,treatment,2
4330,junk_debris,treatment,2
4331,CD4_T,treatment,2
4332,junk_dead,treatment,2
4333,junk_doublet,treatment,2
4334,junk_debris,treatment,2
4335,junk_debris,treatment,2
4336,CD4_T,treatment,2
4337,CD4_T,treatment,2
4338,junk_debris,treatment,2
4339,junk_dead,treatment,2
4340,junk_noise,treatment,2
4341,CD4_T,treatment,2
4342,Neutrophil,treatment,2
4343,junk_debris,treatment,2
4344,B,treatment,2
4345,DC,treatment,2
4346,junk_dead,treatment,2
4347,junk_noise,treatment,2
4348,junk_dead,treatment,2
4349,junk_dead,treatment,2
4350,junk_dead,treatment,2
4351,junk_debris,treatment,2
4352,CD4_T,treatment,2
4353,junk_doublet,treatment,2
4354,junk_debris,treatment,2
4355,junk_debris,treatment,2
4356,B,treatment,2
4357,junk_debris,treatment,2
4358,junk_noise,treatment,2
4359,B,treatment,2
4360,junk_noise,treatment,2
4361,B,treatment,2
4362,junk_doublet,treatment,2
4363,junk_doublet,treatment,2
4364,junk_dead,treatment,2
4365,junk_dead,treatment,2
4366,NK,treatment,2
4367,junk_debris,treatment,2
4368,junk_noise,treatment,2
4369,Neutrophil,treatment,2
4370,CD4_T,treatment,2
4371,junk_dead,treatment,2
4372,junk_debris,treatment,2
4373,Neutrophil,treatment,2
4374,junk_dead,treatment,2
4375,junk_noise,treatment,2
4376,CD8_T,treatment,2
4377,junk_debris,treatment,2
4378,junk_doublet,treatment,2
4379,junk_debris,treatment,2
4380,junk_doublet,treatment,2
4381,junk_dead,treatment,2
4382,DC,treatment,2
4383,junk_noise,treatment,2
4384,junk_dead,treatment,2
4385,junk_noise,treatment,2
4386,junk_debris,treatment,2
4387,Neutrophil,treatment,2
4388,Neutrophil,treatment,2
4389,junk_noise,treatment,2
4390,junk_doublet,treatment,2
4391,junk_debris,treatment,2
4392,CD8_T,treatment,2
4393,Neutrophil,treatment,2
4394,Myeloid,treatment,2
4395,junk_doublet,treatment,2
4396,junk_dead,treatment,2
4397,junk_debris,treatment,2
4398,Neutrophil,treatment,2
4399,junk_dead,treatment,2
4400,junk_debris,treatment,2
4401,Myeloid,treatment,2
4402,junk_noise,treatment,2
4403,junk_dead,treatment,2
4404,junk_doublet,treatment,2
4405,Myeloid,treatment,2
4406,junk_doublet,treatment,2
4407,Neutrophil,treatment,2
4408,junk_dead,treatment,2
4409,Neutrophil,treatment,2
4410,Myeloid,treatment,2
4411,B,treatment,2
4412,junk_dead,treatment,2
4413,CD8_T,treatment,2
4414,junk_dead,treatment,2
4415,junk_dead,treatment,2
4416,Neutrophil,treatment,2
4417,junk_debris,treatment,2
4418,junk_debris,treatment,2
4419,junk_debris,treatment,2
4420,DC,treatment,2
4421,B,treatment,2
4422,junk_dead,treatment,2
4423,junk_debris,treatment,2
4424,CD4_T,treatment,2
4425,Myeloid,treatment,2
4426,junk_debris,treatment,2
4427,junk_doublet,treatment,2
4428,junk_dead,treatment,2
4429,B,treatment,2
4430,Myeloid,treatment,2
4431,CD8_T,treatment,2
4432,junk_dead,treatment,2
4433,junk_dead,treatment,2
4434,Myeloid,treatment,2
4435,junk_noise,treatment,2
4436,junk_doublet,treatment,2
4437,junk_doublet,treatment,2
4438,junk_debris,treatment,2
4439,junk_dead,treatment,2
4440,junk_debris,treatment,2
4441,junk_noise,treatment,2
4442,junk_noise,treatment,2
4443,junk_doublet,treatment,2
4444,junk_debris,treatment,2
4445,junk_debris,treatment,2
4446,junk_doublet,treatment,2
4447,B,treatment,2
4448,NK,treatment,2
4449,B,treatment,2
4450,junk_debris,treatment,2
4451,junk_doublet,treatment,2
4452,junk_debris,treatment,2
4453,NK,treatment,2
4454,junk_debris,treatment,2
4455,junk_noise,treatment,2
4456,Myeloid,treatment,2
4457,junk_debris,treatment,2
4458,junk_debris,treatment,2
4459,junk_debris,treatment,2
4460,CD4_T,treatment,2
4461,junk_noise,treatment,2
4462,junk_doublet,treatment,2
4463,junk_noise,treatment,2
4464,junk_debris,treatment,2
4465,B,treatment,2
4466,B,treatment,2
4467,junk_debris,treatment,2
4468,junk_dead,treatment,2
4469,CD4_T,treatment,2
4470,B,treatment,2
4471,junk_doublet,treatment,2
4472,junk_doublet,treatment,2
4473,Myeloid,treatment,2
4474,junk_debris,treatment,2
4475,junk_debris,treatment,2
4476,junk_noise,treatment,2
4477,junk_dead,treatment,2
4478,junk_debris,treatment,2
4479,B,treatment,2
4480,CD8_T,treatment,2
4481,Myeloid,treatment,2
4482,junk_dead,treatment,2
4483,junk_dead,treatment,2
4484,junk_doublet,treatment,2
4485,junk_debris,treatment,2
4486,junk_doublet,treatment,2
4487,junk_dead,treatment,2
4488,B,treatment,2
4489,Myeloid,treatment,2
4490,junk_dead,treatment,2
4491,B,treatment,2
4492,CD8_T,treatment,2
4493,junk_dead,treatment,2
4494,B,treatment,2
4495,junk_debris,treatment,2
4496,B,treatment,2
4497,junk_noise,treatment,2
4498,B,treatment,2
4499,junk_debris,treatment,2
4500,junk_debris,treatment,2
4501,junk_debris,treatment,2
4502,junk_debris,treatment,2
4503,B,treatment,2
4504,junk_debris,treatment,2
4505,B,treatment,2
4506,junk_debris,treatment,2
4507,junk_dead,treatment,2
4508,B,treatment,2
4509,junk_doublet,treatment,2
4510,junk_doublet,treatment,2
4511,junk_doublet,treatment,2
4512,junk_dead,treatment,2
4513,B,treatment,2
4514,junk_noise,treatment,2
4515,junk_dead,treatment,2
4516,junk_debris,treatment,2
4517,junk_debris,treatment,2
4518,junk_dead,treatment,2
4519,CD4_T,treatment,2
4520,junk_dead,treatment,2
4521,CD4_T,treatment,2
4522,junk_doublet,treatment,2
4523,junk_debris,treatment,2
4524,CD4_T,treatment,2
4525,junk_noise,treatment,2
4526,junk_debris,treatment,2
4527,junk_doublet,treatment,2
4528,junk_dead,treatment,2
4529,junk_dead,treatment,2
4530,CD8_T,treatment,2
4531,junk_debris,treatment,2
4532,junk_noise,treatment,2
4533,B,treatment,2
4534,Myeloid,treatment,2
4535,Neutrophil,treatment,2
4536,junk_debris,treatment,2
4537,Myeloid,treatment,2
4538,B,treatment,2
4539,junk_debris,treatment,2
4540,CD4_T,treatment,2
4541,junk_debris,treatment,2
4542,junk_debris,treatment,2
4543,Myeloid,treatment,2
4544,B,treatment,2
4545,B,treatment,2
4546,junk_doublet,treatment,2
4547,CD4_T,treatment,2
4548,junk_debris,treatment,2
4549,Myeloid,treatment,2
4550,junk_debris,treatment,2
4551,junk_noise,treatment,2
4552,junk_noise,treatment,2
4553,B,treatment,2
4554,junk_debris,treatment,2
4555,junk_doublet,treatment,2
4556,junk_debris,treatment,2
4557,DC,treatment,2
4558,junk_dead,treatment,2
4559,junk_dead,treatment,2
4560,junk_debris,treatment,2
4561,CD4_T,treatment,2
4562,CD4_T,treatment,2
4563,junk_debris,treatment,2
4564,junk_doublet,treatment,2
4565,junk_dead,treatment,2
4566,junk_debris,treatment,2
4567,junk_doublet,treatment,2
4568,CD8_T,treatment,2
4569,junk_noise,treatment,2
4570,junk_dead,treatment,2
4571,CD8_T,treatment,2
4572,junk_doublet,treatment,2
4573,junk_doublet,treatment,2
4574,junk_doublet,treatment,2
4575,junk_dead,treatment,2
4576,junk_debris,treatment,2
4577,junk_debris,treatment,2
4578,junk_debris,treatment,2
4579,CD4_T,treatment,2
4580,junk_debris,treatment,2
4581,Neutrophil,treatment,2
4582,CD8_T,treatment,2
4583,NK,treatment,2
4584,junk_debris,treatment,2
4585,Myeloid,treatment,2
4586,junk_noise,treatment,2
4587,CD4_T,treatment,2
4588,junk_debris,treatment,2
4589,junk_doublet,treatment,2
4590,junk_debris,treatment,2
4591,junk_doublet,treatment,2
4592,junk_debris,treatment,2
4593,junk_debris,treatment,2
4594,B,treatment,2
4595,junk_debris,treatment,2
4596,NK,treatment,2
4597,junk_debris,treatment,2
4598,B,treatment,2
4599,CD4_T,treatment,2
4600,B,treatment,2
4601,B,treatment,2
4602,B,treatment,2
4603,junk_noise,treatment,2
4604,junk_debris,treatment,2
4605,Myeloid,treatment,2
4606,junk_noise,treatment,2
4607,junk_debris,treatment,2
4608,Myeloid,treatment,2
4609,junk_doublet,treatment,2
4610,junk_debris,treatment,2
4611,junk_dead,treatment,2
4612,junk_doublet,treatment,2
4613,junk_debris,treatment,2
4614,junk_dead,treatment,2
4615,Myeloid,treatment,2
4616,junk_debris,treatment,2
4617,junk_dead,treatment,2
4618,B,treatment,2
4619,Myeloid,treatment,2
4620,junk_doublet,treatment,2
4621,junk_debris,treatment,2
4622,CD4_T,treatment,2
4623,junk_debris,treatment,2
4624,Neutrophil,treatment,2
4625,junk_dead,treatment,2
4626,CD4_T,treatment,2
4627,junk_dead,treatment,2
4628,B,treatment,2
4629,junk_doublet,treatment,2
4630,junk_dead,treatment,2
4631,junk_dead,treatment,2
4632,Neutrophil,treatment,2
4633,junk_noise,treatment,2
4634,CD4_T,treatment,2
4635,junk_dead,treatment,2
4636,junk_dead,treatment,2
4637,CD4_T,treatment,2
4638,junk_debris,treatment,2
4639,junk_dead,treatment,2
4640,B,treatment,2
4641,junk_dead,treatment,2
4642,B,treatment,2
4643,Myeloid,treatment,2
4644,junk_debris,treatment,2
4645,B,treatment,2
4646,junk_debris,treatment,2
4647,junk_doublet,treatment,2
4648,junk_noise,treatment,2
4649,junk_debris,treatment,2
4650,junk_debris,treatment,2
4651,junk_noise,treatment,2
4652,junk_doublet,treatment,2
4653,junk_dead,treatment,2
4654,junk_debris,treatment,2
4655,B,treatment,2
4656,DC,treatment,2
4657,junk_doublet,treatment,2
4658,junk_debris,treatment,2
4659,junk_debris,treatment,2
4660,junk_dead,treatment,2
4661,junk_doublet,treatment,2
4662,junk_noise,treatment,2
4663,junk_debris,treatment,2
4664,CD4_T,treatment,2
4665,DC,treatment,2
4666,junk_debris,treatment,2
4667,CD8_T,treatment,2
4668,junk_dead,treatment,2
4669,junk_debris,treatment,2
4670,CD8_T,treatment,2
4671,junk_dead,treatment,2
4672,junk_noise,treatment,2
4673,junk_debris,treatment,2
4674,junk_noise,treatment,2
4675,B,treatment,2
4676,junk_doublet,treatment,2
4677,junk_noise,treatment,2
4678,Myeloid,treatment,2
4679,junk_doublet,treatment,2
4680,junk_debris,treatment,2
4681,junk_noise,treatment,2
4682,B,treatment,2
4683,Neutrophil,treatment,2
4684,CD8_T,treatment,2
4685,CD4_T,treatment,2
4686,junk_dead,treatment,2
4687,Neutrophil,treatment,2
4688,junk_doublet,treatment,2
4689,junk_dead,treatment,2
4690,junk_debris,treatment,2
4691,junk_noise,treatment,2
4692,NK,treatment,2
4693,CD8_T,treatment,2
4694,Myeloid,treatment,2
4695,junk_doublet,treatment,2
4696,CD4_T,treatment,2
4697,CD8_T,treatment,2
4698,CD4_T,treatment,2
4699,junk_doublet,treatment,2
4700,Neutrophil,treatment,2
4701,junk_doublet,treatment,2
4702,DC,treatment,2
4703,junk_noise,treatment,2
4704,Myeloid,treatment,2
4705,B,treatment,2
4706,B,treatment,2
4707,junk_doublet,treatment,2
4708,B,treatment,2
4709,junk_dead,treatment,2
4710,CD4_T,treatment,2
4711,junk_dead,treatment,2
4712,junk_doublet,treatment,2
4713,junk_dead,treatment,2
4714,junk_doublet,treatment,2
4715,junk_dead,treatment,2
4716,junk_doublet,treatment,2
4717,Myeloid,treatment,2
4718,CD4_T,treatment,2
4719,junk_debris,treatment,2
4720,CD4_T,treatment,2
4721,junk_dead,treatment,2
4722,CD4_T,treatment,2
4723,junk_debris,treatment,2
4724,junk_doublet,treatment,2
4725,junk_dead,treatment,2
4726,CD8_T,treatment,2
4727,junk_noise,treatment,2
4728,junk_debris,treatment,2
4729,junk_dead,treatment,2
4730,NK,treatment,2
4731,junk_debris,treatment,2
4732,Myeloid,treatment,2
4733,junk_noise,treatment,2
4734,B,treatment,2
4735,Myeloid,treatment,2
4736,junk_debris,treatment,2
4737,CD4_T,treatment,2
4738,junk_debris,treatment,2
4739,junk_debris,treatment,2
4740,CD4_T,treatment,2
4741,junk_debris,treatment,2
4742,CD4_T,treatment,2
4743,B,treatment,2
4744,junk_debris,treatment,2
4745,junk_debris,treatment,2
4746,junk_debris,treatment,2
4747,junk_debris,treatment,2
4748,Myeloid,treatment,2
4749,junk_debris,treatment,2
4750,junk_dead,treatment,2
4751,B,treatment,2
4752,Myeloid,treatment,2
4753,junk_debris,treatment,2
4754,junk_dead,treatment,2
4755,Neutrophil,treatment,2
4756,junk_debris,treatment,2
4757,junk_dead,treatment,2
4758,Neutrophil,treatment,2
4759,junk_noise,treatment,2
4760,B,treatment,2
4761,CD8_T,treatment,2
4762,junk_doublet,treatment,2
4763,junk_noise,treatment,2
4764,junk_dead,treatment,2
4765,NK,treatment,2
4766,junk_noise,treatment,2
4767,junk_dead,treatment,2
4768,DC,treatment,2
4769,junk_debris,treatment,2
4770,B,treatment,2
4771,junk_noise,treatment,2
4772,junk_dead,treatment,2
4773,junk_noise,treatment,2
4774,junk_dead,treatment,2
4775,Myeloid,treatment,2
4776,junk_doublet,treatment,2
4777,junk_doublet,treatment,2
4778,junk_debris,treatment,2
4779,B,treatment,2
4780,junk_debris,treatment,2
4781,B,treatment,2
4782,CD4_T,treatment,2
4783,junk_dead,treatment,2
4784,junk_debris,treatment,2
4785,B,treatment,2
4786,junk_debris,treatment,2
4787,junk_debris,treatment,2
4788,junk_dead,treatment,2
4789,B,treatment,2
4790,junk_dead,treatment,2
4791,Myeloid,treatment,2
4792,CD4_T,treatment,2
4793,Neutrophil,treatment,2
4794,junk_doublet,treatment,2
4795,CD4_T,treatment,2
4796,CD4_T,treatment,2
4797,junk_debris,treatment,2
4798,junk_debris,treatment,2
4799,junk_doublet,treatment,2
4800,junk_debris,treatment,2
4801,junk_dead,treatment,2
4802,junk_debris,treatment,2
4803,CD4_T,treatment,2
4804,Myeloid,treatment,2
4805,Myeloid,treatment,2
4806,Myeloid,treatment,2
4807,junk_debris,treatment,2
4808,junk_debris,treatment,2
4809,CD4_T,treatment,2
4810,B,treatment,2
4811,B,treatment,2
4812,CD4_T,treatment,2
4813,CD4_T,treatment,2
4814,junk_debris,treatment,2
4815,junk_noise,treatment,2
4816,junk_debris,treatment,2
4817,junk_noise,treatment,2
4818,CD8_T,treatment,2
4819,CD4_T,treatment,2
4820,junk_debris,treatment,2
4821,junk_debris,treatment,2
4822,junk_debris,treatment,2
4823,Myeloid,treatment,2
4824,junk_debris,treatment,2
4825,junk_doublet,treatment,2
4826,junk_debris,treatment,2
4827,B,treatment,2
4828,DC,treatment,2
4829,Myeloid,treatment,2
4830,CD4_T,treatment,2
4831,junk_dead,treatment,2
4832,CD4_T,treatment,2
4833,junk_dead,treatment,2
4834,DC,treatment,2
4835,Myeloid,treatment,2
4836,DC,treatment,2
4837,junk_debris,treatment,2
4838,junk_debris,treatment,2
4839,junk_debris,treatment,2
4840,DC,treatment,2
4841,Neutrophil,treatment,2
4842,Myeloid,treatment,2
4843,junk_debris,treatment,2
4844,Myeloid,treatment,2
4845,junk_debris,treatment,2
4846,Myeloid,treatment,2
4847,junk_doublet,treatment,2
4848,junk_doublet,treatment,2
4849,Neutrophil,treatment,2
4850,B,treatment,2
4851,CD4_T,treatment,2
4852,Myeloid,treatment,2
4853,junk_debris,treatment,2
4854,Myeloid,treatment,2
4855,junk_debris,treatment,2
4856,junk_debris,treatment,2
4857,junk_doublet,treatment,2
4858,junk_doublet,treatment,2
4859,junk_debris,treatment,2
4860,junk_dead,treatment,2
4861,junk_dead,treatment,2
4862,junk_dead,treatment,2
4863,junk_noise,treatment,2
4864,B,treatment,2
4865,B,treatment,2
4866,CD8_T,treatment,2
4867,junk_debris,treatment,2
4868,junk_debris,treatment,2
4869,junk_dead,treatment,2
4870,junk_debris,treatment,2
4871,junk_doublet,treatment,2
4872,junk_debris,treatment,2
4873,junk_debris,treatment,2
4874,junk_noise,treatment,2
4875,junk_debris,treatment,2
4876,junk_dead,treatment,2
4877,junk_dead,treatment,2
4878,junk_debris,treatment,2
4879,junk_doublet,treatment,2
4880,B,treatment,2
4881,junk_dead,treatment,2
4882,junk_debris,treatment,2
4883,B,treatment,2
4884,junk_doublet,treatment,2
4885,junk_doublet,treatment,2
4886,junk_doublet,treatment,2
4887,CD4_T,treatment,2
4888,junk_debris,treatment,2
4889,junk_dead,treatment,2
4890,B,treatment,2
4891,B,treatment,2
4892,CD8_T,treatment,2
4893,junk_noise,treatment,2
4894,B,treatment,2
4895,B,treatment,2
4896,Neutrophil,treatment,2
4897,junk_debris,treatment,2
4898,CD4_T,treatment,2
4899,DC,treatment,2
4900,junk_noise,treatment,2
4901,junk_dead,treatment,2
4902,B,treatment,2
4903,junk_debris,treatment,2
4904,junk_debris,treatment,2
4905,junk_doublet,treatment,2
4906,Myeloid,treatment,2
4907,junk_dead,treatment,2
4908,junk_debris,treatment,2
4909,junk_dead,treatment,2
4910,junk_doublet,treatment,2
4911,junk_doublet,treatment,2
4912,junk_debris,treatment,2
4913,Myeloid,treatment,2
4914,junk_debris,treatment,2
4915,junk_dead,treatment,2
4916,junk_noise,treatment,2
4917,junk_debris,treatment,2
4918,CD8_T,treatment,2
4919,junk_debris,treatment,2
4920,B,treatment,2
4921,junk_noise,treatment,2
4922,junk_debris,treatment,2
4923,junk_dead,treatment,2
4924,junk_debris,treatment,2
4925,CD4_T,treatment,2
4926,B,treatment,2
4927,junk_noise,treatment,2
4928,junk_doublet,treatment,2
4929,B,treatment,2
4930,junk_doublet,treatment,2
4931,B,treatment,2
4932,junk_doublet,treatment,2
4933,junk_debris,treatment,2
4934,junk_debris,treatment,2
4935,junk_doublet,treatment,2
4936,junk_debris,treatment,2
4937,junk_debris,treatment,2
4938,CD8_T,treatment,2
4939,junk_noise,treatment,2
4940,junk_debris,treatment,2
4941,junk_dead,treatment,2
4942,junk_doublet,treatment,2
4943,junk_dead,treatment,2
4944,Neutrophil,treatment,2
4945,junk_debris,treatment,2
4946,junk_doublet,treatment,2
4947,junk_doublet,treatment,2
4948,junk_doublet,treatment,2
4949,NK,treatment,2
4950,CD4_T,treatment,2
4951,junk_debris,treatment,2
4952,junk_debris,treatment,2
4953,Myeloid,treatment,2
4954,junk_doublet,treatment,2
4955,junk_doublet,treatment,2
4956,Neutrophil,treatment,2
4957,junk_debris,treatment,2
4958,junk_noise,treatment,2
4959,junk_doublet,treatment,2
4960,junk_dead,treatment,2
4961,junk_debris,treatment,2
4962,junk_dead,treatment,2
4963,junk_debris,treatment,2
4964,junk_doublet,treatment,2
4965,junk_dead,treatment,2
4966,junk_dead,treatment,2
4967,Neutrophil,treatment,2
4968,DC,treatment,2
4969,DC,treatment,2
4970,B,treatment,2
4971,junk_dead,treatment,2
4972,junk_debris,treatment,2
4973,junk_debris,treatment,2
4974,CD8_T,treatment,2
4975,junk_dead,treatment,2
4976,Myeloid,treatment,2
4977,DC,treatment,2
4978,junk_doublet,treatment,2
4979,junk_dead,treatment,2
4980,junk_noise,treatment,2
4981,junk_noise,treatment,2
4982,DC,treatment,2
4983,junk_debris,treatment,2
4984,junk_noise,treatment,2
4985,CD8_T,treatment,2
4986,Myeloid,treatment,2
4987,Neutrophil,treatment,2
4988,junk_dead,treatment,2
4989,junk_doublet,treatment,2
4990,CD8_T,treatment,2
4991,junk_debris,treatment,2
4992,junk_dead,treatment,2
4993,junk_doublet,treatment,2
4994,junk_debris,treatment,2
4995,junk_dead,treatment,2
4996,B,treatment,2
4997,junk_doublet,treatment,2
4998,junk_debris,treatment,2
4999,B,treatment,2
