event_index,true_population,condition,replicate
0,junk_doublet,treatment,3
1,junk_debris,treatment,3
2,junk_dead,treatment,3
3,B,treatment,3
4,B,treatment,3
5,CD8_T,treatment,3
6,junk_doublet,treatment,3
7,junk_debris,treatment,3
8,junk_debris,treatment,3
9,junk_dead,treatment,3
10,Neutrophil,treatment,3
11,junk_debris,treatment,3
12,junk_doublet,treatment,3
13,junk_dead,treatment,3
14,B,treatment,3
15,junk_debris,treatment,3
16,junk_noise,treatment,3
17,junk_dead,treatment,3
18,junk_debris,treatment,3
19,junk_dead,treatment,3
20,junk_dead,treatment,3
21,CD8_T,treatment,3
22,junk_debris,treatment,3
23,B,treatment,3
24,Myeloid,treatment,3
25,junk_debris,treatment,3
26,junk_debris,treatment,3
27,junk_debris,treatment,3
28,junk_debris,treatment,3
29,junk_dead,treatment,3
30,junk_dead,treatment,3
31,junk_doublet,treatment,3
32,B,treatment,3
33,junk_doublet,treatment,3
34,junk_doublet,treatment,3
35,junk_noise,treatment,3
36,junk_noise,treatment,3
37,junk_doublet,treatment,3
38,junk_dead,treatment,3
39,junk_debris,treatment,3
40,CD4_T,treatment,3
41,junk_debris,treatment,3
42,junk_doublet,treatment,3
43,junk_debris,treatment,3
44,junk_debris,treatment,3
45,CD8_T,treatment,3
46,junk_doublet,treatment,3
47,junk_doublet,treatment,3
48,B,treatment,3
49,junk_dead,treatment,3
50,junk_debris,treatment,3
51,junk_doublet,treatment,3
52,junk_noise,treatment,3
53,B,treatment,3
54,junk_doublet,treatment,3
55,B,treatment,3
56,Myeloid,treatment,3
57,Myeloid,treatment,3
58,junk_dead,treatment,3
59,B,treatment,3
60,junk_dead,treatment,3
61,junk_debris,treatment,3
62,junk_dead,treatment,3
63,junk_debris,treatment,3
64,junk_dead,treatment,3
65,CD4_T,treatment,3
66,junk_noise,treatment,3
67,B,treatment,3
68,Myeloid,treatment,3
69,junk_debris,treatment,3
70,junk_debris,treatment,3
71,junk_noise,treatment,3
72,Neutrophil,treatment,3
73,junk_debris,treatment,3
74,junk_debris,treatment,3
75,CD4_T,treatment,3
76,junk_noise,treatment,3
77,junk_dead,treatment,3
78,junk_doublet,treatment,3
79,junk_doublet,treatment,3
80,CD8_T,treatment,3
81,CD4_T,treatment,3
82,B,treatment,3
83,junk_debris,treatment,3
84,junk_debris,treatment,3
85,junk_debris,treatment,3
86,Myeloid,treatment,3
87,junk_noise,treatment,3
88,junk_debris,treatment,3
89,junk_doublet,treatment,3
90,Neutrophil,treatment,3
91,junk_doublet,treatment,3
92,junk_debris,treatment,3
93,Myeloid,treatment,3
94,junk_doublet,treatment,3
95,junk_debris,treatment,3
96,Myeloid,treatment,3
97,CD8_T,treatment,3
98,junk_noise,treatment,3
99,junk_debris,treatment,3
100,junk_debris,treatment,3
101,Neutrophil,treatment,3
102,junk_debris,treatment,3
103,junk_debris,treatment,3
104,junk_debris,treatment,3
105,junk_noise,treatment,3
106,CD4_T,treatment,3
107,CD4_T,treatment,3
108,junk_debris,treatment,3
109,junk_dead,treatment,3
110,junk_noise,treatment,3
111,junk_doublet,treatment,3
112,junk_doublet,treatment,3
113,junk_debris,treatment,3
114,CD8_T,treatment,3
115,junk_doublet,treatment,3
116,Myeloid,treatment,3
117,junk_doublet,treatment,3
118,junk_doublet,treatment,3
119,B,treatment,3
120,junk_noise,treatment,3
121,junk_doublet,treatment,3
122,junk_debris,treatment,3
123,CD4_T,treatment,3
124,CD4_T,treatment,3
125,junk_dead,treatment,3
126,junk_debris,treatment,3
127,junk_debris,treatment,3
128,junk_dead,treatment,3
129,Myeloid,treatment,3
130,junk_doublet,treatment,3
131,junk_doublet,treatment,3
132,CD4_T,treatment,3
133,junk_debris,treatment,3
134,Myeloid,treatment,3
135,junk_dead,treatment,3
136,junk_doublet,treatment,3
137,junk_debris,treatment,3
138,junk_noise,treatment,3
139,junk_dead,treatment,3
140,B,treatment,3
141,junk_debris,treatment,3
142,CD8_T,treatment,3
143,junk_dead,treatment,3
144,Myeloid,treatment,3
145,CD4_T,treatment,3
146,junk_debris,treatment,3
147,B,treatment,3
148,junk_noise,treatment,3
149,junk_noise,treatment,3
150,junk_noise,treatment,3
151,junk_dead,treatment,3
152,CD4_T,treatment,3
153,B,treatment,3
154,junk_debris,treatment,3
155,junk_doublet,treatment,3
156,junk_doublet,treatment,3
157,junk_debris,treatment,3
158,junk_doublet,treatment,3
159,junk_doublet,treatment,3
160,B,treatment,3
161,junk_doublet,treatment,3
162,junk_debris,treatment,3
163,CD4_T,treatment,3
164,CD4_T,treatment,3
165,junk_noise,treatment,3
166,B,treatment,3
167,junk_doublet,treatment,3
168,CD8_T,treatment,3
169,junk_debris,treatment,3
170,junk_debris,treatment,3
171,junk_doublet,treatment,3
172,junk_debris,treatment,3
173,B,treatment,3
174,junk_debris,treatment,3
175,B,treatment,3
176,Myeloid,treatment,3
177,Myeloid,treatment,3
178,junk_noise,treatment,3
179,CD4_T,treatment,3
180,junk_dead,treatment,3
181,junk_dead,treatment,3
182,junk_doublet,treatment,3
183,junk_noise,treatment,3
184,junk_debris,treatment,3
185,CD8_T,treatment,3
186,B,treatment,3
187,junk_doublet,treatment,3
188,junk_doublet,treatment,3
189,junk_debris,treatment,3
190,junk_doublet,treatment,3
191,B,treatment,3
192,junk_dead,treatment,3
193,junk_debris,treatment,3
194,NK,treatment,3
195,junk_debris,treatment,3
196,CD4_T,treatment,3
197,junk_doublet,treatment,3
198,CD4_T,treatment,3
199,junk_doublet,treatment,3
200,junk_doublet,treatment,3
201,CD4_T,treatment,3
202,junk_noise,treatment,3
203,Myeloid,treatment,3
204,CD4_T,treatment,3
205,junk_doublet,treatment,3
206,junk_noise,treatment,3
207,CD8_T,treatment,3
208,junk_debris,treatment,3
209,junk_debris,treatment,3
210,junk_doublet,treatment,3
211,junk_noise,treatment,3
212,junk_debris,treatment,3
213,junk_noise,treatment,3
214,junk_noise,treatment,3
215,junk_debris,treatment,3
216,junk_doublet,treatment,3
217,junk_dead,treatment,3
218,Neutrophil,treatment,3
219,junk_debris,treatment,3
220,junk_noise,treatment,3
221,junk_dead,treatment,3
222,CD8_T,treatment,3
223,Myeloid,treatment,3
224,junk_doublet,treatment,3
225,CD8_T,treatment,3
226,junk_dead,treatment,3
227,CD4_T,treatment,3
228,junk_noise,treatment,3
229,junk_dead,treatment,3
230,Myeloid,treatment,3
231,Neutrophil,treatment,3
232,junk_debris,treatment,3
233,junk_noise,treatment,3
234,junk_doublet,treatment,3
235,junk_dead,treatment,3
236,junk_debris,treatment,3
237,junk_doublet,treatment,3
238,junk_debris,treatment,3
239,junk_debris,treatment,3
240,junk_debris,treatment,3
241,junk_dead,treatment,3
242,junk_dead,treatment,3
243,junk_dead,treatment,3
244,CD8_T,treatment,3
245,junk_debris,treatment,3
246,junk_debris,treatment,3
247,junk_dead,treatment,3
248,B,treatment,3
249,CD8_T,treatment,3
250,B,treatment,3
251,junk_dead,treatment,3
252,junk_noise,treatment,3
253,junk_noise,treatment,3
254,junk_dead,treatment,3
255,junk_debris,treatment,3
256,junk_debris,treatment,3
257,junk_noise,treatment,3
258,junk_doublet,treatment,3
259,junk_doublet,treatment,3
260,junk_debris,treatment,3
261,junk_doublet,treatment,3
262,B,treatment,3
263,CD8_T,treatment,3
264,Myeloid,treatment,3
265,CD4_T,treatment,3
266,junk_dead,treatment,3
267,junk_dead,treatment,3
268,CD4_T,treatment,3
269,junk_dead,treatment,3
270,junk_doublet,treatment,3
271,junk_dead,treatment,3
272,junk_debris,treatment,3
273,junk_doublet,treatment,3
274,junk_debris,treatment,3
275,B,treatment,3
276,junk_dead,treatment,3
277,junk_dead,treatment,3
278,B,treatment,3
279,B,treatment,3
280,junk_noise,treatment,3
281,junk_doublet,treatment,3
282,junk_noise,treatment,3
283,B,treatment,3
284,junk_noise,treatment,3
285,junk_debris,treatment,3
286,CD4_T,treatment,3
287,junk_debris,treatment,3
288,CD4_T,treatment,3
289,NK,treatment,3
290,CD4_T,treatment,3
291,junk_debris,treatment,3
292,junk_dead,treatment,3
293,junk_debris,treatment,3
294,CD8_T,treatment,3
295,CD4_T,treatment,3
296,junk_doublet,treatment,3
297,junk_debris,treatment,3
298,junk_doublet,treatment,3
299,CD4_T,treatment,3
300,junk_debris,treatment,3
301,CD8_T,treatment,3
302,CD4_T,treatment,3
303,junk_debris,treatment,3
304,CD8_T,treatment,3
305,B,treatment,3
306,junk_noise,treatment,3
307,junk_debris,treatment,3
308,CD4_T,treatment,3
309,junk_debris,treatment,3
310,junk_debris,treatment,3
311,junk_doublet,treatment,3
312,junk_debris,treatment,3
313,junk_dead,treatment,3
314,junk_dead,treatment,3
315,junk_debris,treatment,3
316,junk_dead,treatment,3
317,junk_noise,treatment,3
318,Myeloid,treatment,3
319,junk_dead,treatment,3
320,CD8_T,treatment,3
321,B,treatment,3
322,CD4_T,treatment,3
323,Myeloid,treatment,3
324,junk_debris,treatment,3
325,junk_dead,treatment,3
326,junk_noise,treatment,3
327,junk_dead,treatment,3
328,NK,treatment,3
329,junk_dead,treatment,3
330,junk_doublet,treatment,3
331,NK,treatment,3
332,CD4_T,treatment,3
333,B,treatment,3
334,junk_dead,treatment,3
335,junk_debris,treatment,3
336,junk_noise,treatment,3
337,junk_doublet,treatment,3
338,junk_dead,treatment,3
339,B,treatment,3
340,junk_noise,treatment,3
341,CD8_T,treatment,3
342,junk_debris,treatment,3
343,junk_doublet,treatment,3
344,CD4_T,treatment,3
345,junk_debris,treatment,3
346,junk_debris,treatment,3
347,Neutrophil,treatment,3
348,CD8_T,treatment,3
349,junk_dead,treatment,3
350,CD8_T,treatment,3
351,junk_debris,treatment,3
352,B,treatment,3
353,junk_dead,treatment,3
354,junk_debris,treatment,3
355,NK,treatment,3
356,junk_debris,treatment,3
357,junk_noise,treatment,3
358,junk_doublet,treatment,3
359,junk_debris,treatment,3
360,CD4_T,treatment,3
361,junk_noise,treatment,3
362,junk_debris,treatment,3
363,junk_dead,treatment,3
364,junk_debris,treatment,3
365,junk_noise,treatment,3
366,B,treatment,3
367,Neutrophil,treatment,3
368,junk_doublet,treatment,3
369,B,treatment,3
370,junk_debris,treatment,3
371,junk_doublet,treatment,3
372,junk_dead,treatment,3
373,B,treatment,3
374,Myeloid,treatment,3
375,junk_debris,treatment,3
376,CD8_T,treatment,3
377,B,treatment,3
378,junk_debris,treatment,3
379,junk_debris,treatment,3
380,junk_dead,treatment,3
381,junk_debris,treatment,3
382,junk_dead,treatment,3
383,junk_doublet,treatment,3
384,junk_dead,treatment,3
385,Myeloid,treatment,3
386,junk_debris,treatment,3
387,junk_debris,treatment,3
388,junk_debris,treatment,3
389,B,treatment,3
390,junk_noise,treatment,3
391,junk_noise,treatment,3
392,junk_debris,treatment,3
393,B,treatment,3
394,NK,treatment,3
395,junk_debris,treatment,3
396,junk_debris,treatment,3
397,junk_debris,treatment,3
398,junk_doublet,treatment,3
399,CD8_T,treatment,3
400,junk_dead,treatment,3
401,Neutrophil,treatment,3
402,CD4_T,treatment,3
403,junk_noise,treatment,3
404,CD8_T,treatment,3
405,junk_debris,treatment,3
406,B,treatment,3
407,junk_debris,treatment,3
408,junk_dead,treatment,3
409,Myeloid,treatment,3
410,B,treatment,3
411,junk_debris,treatment,3
412,Myeloid,treatment,3
413,junk_debris,treatment,3
414,junk_debris,treatment,3
415,CD4_T,treatment,3
416,CD4_T,treatment,3
417,junk_debris,treatment,3
418,CD4_T,treatment,3
419,junk_noise,treatment,3
420,B,treatment,3
421,junk_dead,treatment,3
422,junk_debris,treatment,3
423,CD4_T,treatment,3
424,junk_debris,treatment,3
425,B,treatment,3
426,Myeloid,treatment,3
427,junk_noise,treatment,3
428,Myeloid,treatment,3
429,junk_dead,treatment,3
430,junk_dead,treatment,3
431,junk_debris,treatment,3
432,junk_debris,treatment,3
433,CD8_T,treatment,3
434,DC,treatment,3
435,junk_doublet,treatment,3
436,junk_debris,treatment,3
437,junk_dead,treatment,3
438,Neutrophil,treatment,3
439,junk_dead,treatment,3
440,junk_noise,treatment,3
441,junk_dead,treatment,3
442,B,treatment,3
443,junk_doublet,treatment,3
444,B,treatment,3
445,junk_dead,treatment,3
446,B,treatment,3
447,CD4_T,treatment,3
448,junk_debris,treatment,3
449,junk_noise,treatment,3
450,junk_noise,treatment,3
451,junk_doublet,treatment,3
452,B,treatment,3
453,junk_debris,treatment,3
454,CD4_T,treatment,3
455,junk_debris,treatment,3
456,Neutrophil,treatment,3
457,B,treatment,3
458,junk_dead,treatment,3
459,junk_doublet,treatment,3
460,Myeloid,treatment,3
461,junk_dead,treatment,3
462,Myeloid,treatment,3
463,junk_dead,treatment,3
464,junk_debris,treatment,3
465,junk_dead,treatment,3
466,B,treatment,3
467,junk_debris,treatment,3
468,junk_debris,treatment,3
469,junk_noise,treatment,3
470,B,treatment,3
471,junk_noise,treatment,3
472,junk_debris,treatment,3
473,Myeloid,treatment,3
474,junk_dead,treatment,3
475,Neutrophil,treatment,3
476,junk_dead,treatment,3
477,junk_noise,treatment,3
478,junk_dead,treatment,3
479,CD4_T,treatment,3
480,junk_dead,treatment,3
481,junk_debris,treatment,3
482,junk_noise,treatment,3
483,junk_noise,treatment,3
484,junk_debris,treatment,3
485,junk_doublet,treatment,3
486,junk_doublet,treatment,3
487,junk_doublet,treatment,3
488,Myeloid,treatment,3
489,B,treatment,3
490,Myeloid,treatment,3
491,junk_doublet,treatment,3
492,B,treatment,3
493,junk_dead,treatment,3
494,junk_debris,treatment,3
495,junk_dead,treatment,3
496,junk_noise,treatment,3
497,junk_doublet,treatment,3
498,DC,treatment,3
499,CD4_T,treatment,3
500,junk_debris,treatment,3
501,junk_dead,treatment,3
502,junk_dead,treatment,3
503,junk_debris,treatment,3
504,Neutrophil,treatment,3
505,junk_debris,treatment,3
506,junk_dead,treatment,3
507,junk_debris,treatment,3
508,CD8_T,treatment,3
509,junk_debris,treatment,3
510,junk_debris,treatment,3
511,Myeloid,treatment,3
512,CD4_T,treatment,3
513,junk_dead,treatment,3
514,B,treatment,3
515,junk_doublet,treatment,3
516,junk_dead,treatment,3
517,junk_noise,treatment,3
518,junk_dead,treatment,3
519,junk_debris,treatment,3
520,B,treatment,3
521,CD4_T,treatment,3
522,junk_doublet,treatment,3
523,junk_debris,treatment,3
524,junk_noise,treatment,3
525,junk_doublet,treatment,3
526,B,treatment,3
527,junk_debris,treatment,3
528,junk_debris,treatment,3
529,junk_debris,treatment,3
530,CD8_T,treatment,3
531,CD4_T,treatment,3
532,CD4_T,treatment,3
533,junk_debris,treatment,3
534,junk_dead,treatment,3
535,junk_noise,treatment,3
536,junk_dead,treatment,3
537,CD8_T,treatment,3
538,DC,treatment,3
539,CD8_T,treatment,3
540,junk_dead,treatment,3
541,Myeloid,treatment,3
542,junk_doublet,treatment,3
543,junk_dead,treatment,3
544,junk_noise,treatment,3
545,junk_doublet,treatment,3
546,junk_noise,treatment,3
547,junk_dead,treatment,3
548,CD4_T,treatment,3
549,junk_debris,treatment,3
550,junk_debris,treatment,3
551,CD4_T,treatment,3
552,junk_debris,treatment,3
553,junk_debris,treatment,3
554,junk_noise,treatment,3
555,B,treatment,3
556,junk_debris,treatment,3
557,Neutrophil,treatment,3
558,junk_debris,treatment,3
559,B,treatment,3
560,junk_debris,treatment,3
561,B,treatment,3
562,junk_dead,treatment,3
563,B,treatment,3
564,junk_debris,treatment,3
565,junk_debris,treatment,3
566,CD8_T,treatment,3
567,junk_debris,treatment,3
568,junk_doublet,treatment,3
569,junk_dead,treatment,3
570,junk_debris,treatment,3
571,junk_dead,treatment,3
572,junk_dead,treatment,3
573,junk_noise,treatment,3
574,Neutrophil,treatment,3
575,CD8_T,treatment,3
576,CD4_T,treatment,3
577,Myeloid,treatment,3
578,junk_dead,treatment,3
579,junk_debris,treatment,3
580,junk_doublet,treatment,3
581,junk_dead,treatment,3
582,junk_debris,treatment,3
583,Neutrophil,treatment,3
584,Myeloid,treatment,3
585,Myeloid,treatment,3
586,Myeloid,treatment,3
587,Neutrophil,treatment,3
588,junk_dead,treatment,3
589,junk_noise,treatment,3
590,junk_noise,treatment,3
591,junk_doublet,treatment,3
592,Myeloid,treatment,3
593,junk_noise,treatment,3
594,CD4_T,treatment,3
595,junk_doublet,treatment,3
596,junk_doublet,treatment,3
597,junk_noise,treatment,3
598,CD8_T,treatment,3
599,junk_dead,treatment,3
600,junk_noise,treatment,3
601,junk_doublet,treatment,3
602,junk_doublet,treatment,3
603,junk_doublet,treatment,3
604,junk_noise,treatment,3
605,junk_doublet,treatment,3
606,junk_debris,treatment,3
607,DC,treatment,3
608,CD8_T,treatment,3
609,B,treatment,3
610,junk_noise,treatment,3
611,junk_doublet,treatment,3
612,B,treatment,3
613,junk_doublet,treatment,3
614,NK,treatment,3
615,Neutrophil,treatment,3
616,Myeloid,treatment,3
617,junk_doublet,treatment,3
618,CD4_T,treatment,3
619,junk_dead,treatment,3
620,B,treatment,3
621,junk_debris,treatment,3
622,Myeloid,treatment,3
623,B,treatment,3
624,junk_doublet,treatment,3
625,junk_debris,treatment,3
626,B,treatment,3
627,junk_dead,treatment,3
628,B,treatment,3
629,junk_debris,treatment,3
630,junk_debris,treatment,3
631,junk_debris,treatment,3
632,Myeloid,treatment,3
633,Myeloid,treatment,3
634,junk_noise,treatment,3
635,junk_dead,treatment,3
636,junk_debris,treatment,3
637,B,treatment,3
638,junk_dead,treatment,3
639,junk_dead,treatment,3
640,junk_noise,treatment,3
641,B,treatment,3
642,junk_doublet,treatment,3
643,Myeloid,treatment,3
644,junk_debris,treatment,3
645,junk_debris,treatment,3
646,junk_doublet,treatment,3
647,junk_dead,treatment,3
648,junk_debris,treatment,3
649,junk_dead,treatment,3
650,junk_doublet,treatment,3
651,B,treatment,3
652,junk_dead,treatment,3
653,junk_doublet,treatment,3
654,CD8_T,treatment,3
655,junk_debris,treatment,3
656,junk_dead,treatment,3
657,junk_doublet,treatment,3
658,CD8_T,treatment,3
659,CD4_T,treatment,3
660,CD4_T,treatment,3
661,B,treatment,3
662,junk_debris,treatment,3
663,B,treatment,3
664,NK,treatment,3
665,CD4_T,treatment,3
666,CD8_T,treatment,3
667,CD4_T,treatment,3
668,junk_doublet,treatment,3
669,junk_dead,treatment,3
670,junk_noise,treatment,3
671,junk_doublet,treatment,3
672,junk_doublet,treatment,3
673,junk_debris,treatment,3
674,junk_noise,treatment,3
675,junk_debris,treatment,3
676,junk_doublet,treatment,3
677,junk_noise,treatment,3
678,junk_doublet,treatment,3
679,junk_debris,treatment,3
680,junk_debris,treatment,3
681,junk_debris,treatment,3
682,junk_noise,treatment,3
683,junk_debris,treatment,3
684,junk_debris,treatment,3
685,junk_noise,treatment,3
686,Myeloid,treatment,3
687,B,treatment,3
688,junk_doublet,treatment,3
689,junk_debris,treatment,3
690,junk_doublet,treatment,3
691,CD4_T,treatment,3
692,B,treatment,3
693,junk_debris,treatment,3
694,CD4_T,treatment,3
695,Myeloid,treatment,3
696,CD4_T,treatment,3
697,Neutrophil,treatment,3
698,junk_debris,treatment,3
699,B,treatment,3
700,Neutrophil,treatment,3
701,CD8_T,treatment,3
702,junk_debris,treatment,3
703,junk_doublet,treatment,3
704,junk_doublet,treatment,3
705,junk_noise,treatment,3
706,junk_debris,treatment,3
707,junk_dead,treatment,3
708,B,treatment,3
709,junk_dead,treatment,3
710,junk_debris,treatment,3
711,CD4_T,treatment,3
712,DC,treatment,3
713,junk_debris,treatment,3
714,junk_dead,treatment,3
715,junk_dead,treatment,3
716,CD4_T,treatment,3
717,junk_noise,treatment,3
718,junk_debris,treatment,3
719,junk_debris,treatment,3
720,junk_debris,treatment,3
721,CD4_T,treatment,3
722,junk_doublet,treatment,3
723,CD8_T,treatment,3
724,Neutrophil,treatment,3
725,B,treatment,3
726,junk_dead,treatment,3
727,B,treatment,3
728,junk_dead,treatment,3
729,CD8_T,treatment,3
730,CD4_T,treatment,3
731,CD4_T,treatment,3
732,junk_debris,treatment,3
733,CD4_T,treatment,3
734,CD4_T,treatment,3
735,junk_dead,treatment,3
736,junk_dead,treatment,3
737,junk_doublet,treatment,3
738,junk_doublet,treatment,3
739,junk_debris,treatment,3
740,junk_debris,treatment,3
741,junk_doublet,treatment,3
742,junk_debris,treatment,3
743,CD4_T,treatment,3
744,junk_doublet,treatment,3
745,junk_debris,treatment,3
746,junk_doublet,treatment,3
747,junk_dead,treatment,3
748,Myeloid,treatment,3
749,B,treatment,3
750,junk_debris,treatment,3
751,CD4_T,treatment,3
752,junk_doublet,treatment,3
753,junk_dead,treatment,3
754,CD4_T,treatment,3
755,CD4_T,treatment,3
756,junk_debris,treatment,3
757,junk_noise,treatment,3
758,CD8_T,treatment,3
759,junk_debris,treatment,3
760,junk_dead,treatment,3
761,junk_dead,treatment,3
762,junk_noise,treatment,3
763,junk_dead,treatment,3
764,CD4_T,treatment,3
765,Neutrophil,treatment,3
766,junk_noise,treatment,3
767,junk_dead,treatment,3
768,junk_doublet,treatment,3
769,junk_doublet,treatment,3
770,junk_doublet,treatment,3
771,CD8_T,treatment,3
772,junk_dead,treatment,3
773,junk_dead,treatment,3
774,junk_doublet,treatment,3
775,junk_dead,treatment,3
776,junk_debris,treatment,3
777,junk_doublet,treatment,3
778,B,treatment,3
779,B,treatment,3
780,junk_debris,treatment,3
781,junk_debris,treatment,3
782,junk_doublet,treatment,3
783,junk_noise,treatment,3
784,Neutrophil,treatment,3
785,junk_noise,treatment,3
786,NK,treatment,3
787,junk_debris,treatment,3
788,junk_noise,treatment,3
789,junk_noise,treatment,3
790,junk_dead,treatment,3
791,CD8_T,treatment,3
792,CD4_T,treatment,3
793,junk_doublet,treatment,3
794,junk_dead,treatment,3
795,B,treatment,3
796,junk_debris,treatment,3
797,B,treatment,3
798,junk_debris,treatment,3
799,junk_debris,treatment,3
800,B,treatment,3
801,CD4_T,treatment,3
802,B,treatment,3
803,CD4_T,treatment,3
804,junk_debris,treatment,3
805,junk_dead,treatment,3
806,junk_debris,treatment,3
807,B,treatment,3
808,junk_doublet,treatment,3
809,B,treatment,3
810,junk_doublet,treatment,3
811,Myeloid,treatment,3
812,junk_debris,treatment,3
813,B,treatment,3
814,junk_debris,treatment,3
815,junk_dead,treatment,3
816,junk_noise,treatment,3
817,junk_debris,treatment,3
818,Myeloid,treatment,3
819,junk_dead,treatment,3
820,Neutrophil,treatment,3
821,junk_dead,treatment,3
822,junk_doublet,treatment,3
823,junk_doublet,treatment,3
824,junk_debris,treatment,3
825,junk_noise,treatment,3
826,junk_debris,treatment,3
827,junk_debris,treatment,3
828,junk_doublet,treatment,3
829,junk_debris,treatment,3
830,CD4_T,treatment,3
831,Neutrophil,treatment,3
832,junk_debris,treatment,3
833,junk_dead,treatment,3
834,Myeloid,treatment,3
835,junk_debris,treatment,3
836,junk_dead,treatment,3
837,B,treatment,3
838,junk_noise,treatment,3
839,junk_debris,treatment,3
840,CD4_T,treatment,3
841,junk_noise,treatment,3
842,junk_debris,treatment,3
843,junk_doublet,treatment,3
844,CD4_T,treatment,3
845,junk_dead,treatment,3
846,B,treatment,3
847,CD4_T,treatment,3
848,junk_dead,treatment,3
849,junk_debris,treatment,3
850,Myeloid,treatment,3
851,B,treatment,3
852,junk_dead,treatment,3
853,junk_debris,treatment,3
854,Myeloid,treatment,3
855,junk_doublet,treatment,3
856,junk_dead,treatment,3
857,junk_debris,treatment,3
858,junk_dead,treatment,3
859,CD8_T,treatment,3
860,Neutrophil,treatment,3
861,junk_debris,treatment,3
862,junk_doublet,treatment,3
863,junk_debris,treatment,3
864,junk_debris,treatment,3
865,Myeloid,treatment,3
866,Myeloid,treatment,3
867,CD4_T,treatment,3
868,junk_debris,treatment,3
869,CD8_T,treatment,3
870,B,treatment,3
871,junk_doublet,treatment,3
872,NK,treatment,3
873,junk_dead,treatment,3
874,junk_noise,treatment,3
875,junk_doublet,treatment,3
876,junk_doublet,treatment,3
877,Neutrophil,treatment,3
878,CD4_T,treatment,3
879,junk_noise,treatment,3
880,NK,treatment,3
881,junk_dead,treatment,3
882,junk_debris,treatment,3
883,Myeloid,treatment,3
884,B,treatment,3
885,CD4_T,treatment,3
886,B,treatment,3
887,CD8_T,treatment,3
888,junk_debris,treatment,3
889,junk_doublet,treatment,3
890,junk_doublet,treatment,3
891,junk_noise,treatment,3
892,junk_debris,treatment,3
893,junk_dead,treatment,3
894,junk_noise,treatment,3
895,CD8_T,treatment,3
896,CD4_T,treatment,3
897,junk_doublet,treatment,3
898,junk_debris,treatment,3
899,junk_noise,treatment,3
900,NK,treatment,3
901,junk_doublet,treatment,3
902,junk_noise,treatment,3
903,junk_doublet,treatment,3
904,B,treatment,3
905,junk_debris,treatment,3
906,junk_debris,treatment,3
907,junk_noise,treatment,3
908,B,treatment,3
909,junk_debris,treatment,3
910,junk_dead,treatment,3
911,junk_dead,treatment,3
912,junk_debris,treatment,3
913,CD8_T,treatment,3
914,CD4_T,treatment,3
915,junk_dead,treatment,3
916,B,treatment,3
917,junk_doublet,treatment,3
918,junk_debris,treatment,3
919,CD4_T,treatment,3
920,B,treatment,3
921,junk_dead,treatment,3
922,B,treatment,3
923,Neutrophil,treatment,3
924,junk_debris,treatment,3
925,NK,treatment,3
926,junk_dead,treatment,3
927,junk_noise,treatment,3
928,junk_dead,treatment,3
929,CD8_T,treatment,3
930,junk_dead,treatment,3
931,CD8_T,treatment,3
932,junk_debris,treatment,3
933,junk_debris,treatment,3
934,B,treatment,3
935,B,treatment,3
936,junk_dead,treatment,3
937,junk_dead,treatment,3
938,junk_debris,treatment,3
939,junk_debris,treatment,3
940,Neutrophil,treatment,3
941,junk_doublet,treatment,3
942,junk_debris,treatment,3
943,CD8_T,treatment,3
944,junk_doublet,treatment,3
945,CD8_T,treatment,3
946,junk_debris,treatment,3
947,CD4_T,treatment,3
948,junk_doublet,treatment,3
949,junk_debris,treatment,3
950,junk_noise,treatment,3
951,junk_noise,treatment,3
952,DC,treatment,3
953,CD8_T,treatment,3
954,B,treatment,3
955,CD8_T,treatment,3
956,junk_debris,treatment,3
957,junk_debris,treatment,3
958,junk_dead,treatment,3
959,junk_noise,treatment,3
960,junk_debris,treatment,3
961,junk_dead,treatment,3
962,junk_doublet,treatment,3
963,junk_doublet,treatment,3
964,B,treatment,3
965,CD8_T,treatment,3
966,junk_debris,treatment,3
967,B,treatment,3
968,junk_debris,treatment,3
969,junk_debris,treatment,3
970,junk_debris,treatment,3
971,junk_doublet,treatment,3
972,B,treatment,3
973,Myeloid,treatment,3
974,junk_debris,treatment,3
975,junk_debris,treatment,3
976,junk_noise,treatment,3
977,Myeloid,treatment,3
978,junk_debris,treatment,3
979,CD4_T,treatment,3
980,junk_debris,treatment,3
981,junk_debris,treatment,3
982,junk_debris,treatment,3
983,junk_dead,treatment,3
984,junk_debris,treatment,3
985,junk_debris,treatment,3
986,junk_debris,treatment,3
987,junk_debris,treatment,3
988,NK,treatment,3
989,junk_debris,treatment,3
990,Myeloid,treatment,3
991,junk_debris,treatment,3
992,junk_doublet,treatment,3
993,Myeloid,treatment,3
994,junk_dead,treatment,3
995,junk_dead,treatment,3
996,CD4_T,treatment,3
997,junk_debris,treatment,3
998,junk_noise,treatment,3
999,junk_dead,treatment,3
1000,CD4_T,treatment,3
1001,CD8_T,treatment,3
1002,junk_dead,treatment,3
1003,junk_dead,treatment,3
1004,junk_debris,treatment,3
1005,B,treatment,3
1006,junk_debris,treatment,3
1007,B,treatment,3
1008,B,treatment,3
1009,junk_doublet,treatment,3
1010,B,treatment,3
1011,Myeloid,treatment,3
1012,junk_debris,treatment,3
1013,junk_debris,treatment,3
1014,junk_debris,treatment,3
1015,junk_debris,treatment,3
1016,Myeloid,treatment,3
1017,junk_debris,treatment,3
1018,junk_debris,treatment,3
1019,junk_noise,treatment,3
1020,junk_noise,treatment,3
1021,junk_doublet,treatment,3
1022,CD4_T,treatment,3
1023,CD4_T,treatment,3
1024,junk_doublet,treatment,3
1025,Myeloid,treatment,3
1026,CD4_T,treatment,3
1027,junk_noise,treatment,3
1028,CD4_T,treatment,3
1029,junk_debris,treatment,3
1030,NK,treatment,3
1031,junk_debris,treatment,3
1032,B,treatment,3
1033,junk_doublet,treatment,3
1034,B,treatment,3
1035,junk_doublet,treatment,3
1036,junk_doublet,treatment,3
1037,junk_noise,treatment,3
1038,junk_debris,treatment,3
1039,junk_debris,treatment,3
1040,junk_noise,treatment,3
1041,junk_doublet,treatment,3
1042,junk_doublet,treatment,3
1043,junk_dead,treatment,3
1044,junk_noise,treatment,3
1045,CD8_T,treatment,3
1046,junk_debris,treatment,3
1047,junk_noise,treatment,3
1048,B,treatment,3
1049,Neutrophil,treatment,3
1050,junk_noise,treatment,3
1051,B,treatment,3
1052,CD8_T,treatment,3
1053,junk_noise,treatment,3
1054,Myeloid,treatment,3
1055,Myeloid,treatment,3
1056,junk_debris,treatment,3
1057,junk_debris,treatment,3
1058,B,treatment,3
1059,junk_debris,treatment,3
1060,junk_doublet,treatment,3
1061,CD8_T,treatment,3
1062,junk_debris,treatment,3
1063,NK,treatment,3
1064,junk_doublet,treatment,3
1065,CD4_T,treatment,3
1066,junk_debris,treatment,3
1067,junk_debris,treatment,3
1068,Myeloid,treatment,3
1069,CD8_T,treatment,3
1070,junk_dead,treatment,3
1071,junk_dead,treatment,3
1072,junk_doublet,treatment,3
1073,junk_noise,treatment,3
1074,B,treatment,3
1075,junk_dead,treatment,3
1076,junk_debris,treatment,3
1077,Neutrophil,treatment,3
1078,junk_doublet,treatment,3
1079,junk_doublet,treatment,3
1080,junk_dead,treatment,3
1081,Neutrophil,treatment,3
1082,Myeloid,treatment,3
1083,junk_debris,treatment,3
1084,DC,treatment,3
1085,CD8_T,treatment,3
1086,B,treatment,3
1087,junk_debris,treatment,3
1088,junk_debris,treatment,3
1089,junk_doublet,treatment,3
1090,junk_dead,treatment,3
1091,B,treatment,3
1092,junk_debris,treatment,3
1093,junk_debris,treatment,3
1094,junk_dead,treatment,3
1095,junk_noise,treatment,3
1096,B,treatment,3
1097,junk_dead,treatment,3
1098,junk_doublet,treatment,3
1099,junk_debris,treatment,3
1100,junk_noise,treatment,3
1101,junk_noise,treatment,3
1102,junk_doublet,treatment,3
1103,Neutrophil,treatment,3
1104,junk_debris,treatment,3
1105,Neutrophil,treatment,3
1106,junk_noise,treatment,3
1107,B,treatment,3
1108,CD8_T,treatment,3
1109,junk_noise,treatment,3
1110,junk_debris,treatment,3
1111,junk_debris,treatment,3
1112,junk_noise,treatment,3
1113,B,treatment,3
1114,CD8_T,treatment,3
1115,B,treatment,3
1116,junk_dead,treatment,3
1117,DC,treatment,3
1118,junk_debris,treatment,3
1119,junk_debris,treatment,3
1120,B,treatment,3
1121,junk_doublet,treatment,3
1122,junk_debris,treatment,3
1123,B,treatment,3
1124,junk_doublet,treatment,3
1125,junk_doublet,treatment,3
1126,junk_doublet,treatment,3
1127,CD4_T,treatment,3
1128,junk_debris,treatment,3
1129,junk_debris,treatment,3
1130,junk_debris,treatment,3
1131,junk_doublet,treatment,3
1132,junk_debris,treatment,3
1133,junk_doublet,treatment,3
1134,junk_noise,treatment,3
1135,junk_dead,treatment,3
1136,CD4_T,treatment,3
1137,B,treatment,3
1138,junk_noise,treatment,3
1139,CD8_T,treatment,3
1140,Myeloid,treatment,3
1141,B,treatment,3
1142,B,treatment,3
1143,junk_noise,treatment,3
1144,CD8_T,treatment,3
1145,junk_dead,treatment,3
1146,Neutrophil,treatment,3
1147,CD8_T,treatment,3
1148,junk_debris,treatment,3
1149,junk_doublet,treatment,3
1150,junk_debris,treatment,3
1151,junk_debris,treatment,3
1152,junk_dead,treatment,3
1153,CD8_T,treatment,3
1154,CD4_T,treatment,3
1155,junk_dead,treatment,3
1156,junk_debris,treatment,3
1157,CD8_T,treatment,3
1158,junk_debris,treatment,3
1159,junk_debris,treatment,3
1160,junk_dead,treatment,3
1161,Myeloid,treatment,3
1162,junk_debris,treatment,3
1163,junk_debris,treatment,3
1164,junk_dead,treatment,3
1165,Myeloid,treatment,3
1166,junk_debris,treatment,3
1167,junk_noise,treatment,3
1168,CD8_T,treatment,3
1169,junk_debris,treatment,3
1170,junk_noise,treatment,3
1171,CD4_T,treatment,3
1172,junk_dead,treatment,3
1173,junk_debris,treatment,3
1174,junk_doublet,treatment,3
1175,CD8_T,treatment,3
1176,junk_doublet,treatment,3
1177,junk_debris,treatment,3
1178,junk_debris,treatment,3
1179,B,treatment,3
1180,junk_doublet,treatment,3
1181,junk_noise,treatment,3
1182,CD4_T,treatment,3
1183,junk_doublet,treatment,3
1184,junk_debris,treatment,3
1185,junk_debris,treatment,3
1186,junk_doublet,treatment,3
1187,B,treatment,3
1188,B,treatment,3
1189,junk_dead,treatment,3
1190,CD8_T,treatment,3
1191,junk_debris,treatment,3
1192,B,treatment,3
1193,junk_debris,treatment,3
1194,junk_debris,treatment,3
1195,junk_debris,treatment,3
1196,junk_debris,treatment,3
1197,junk_debris,treatment,3
1198,junk_dead,treatment,3
1199,junk_dead,treatment,3
1200,junk_noise,treatment,3
1201,CD8_T,treatment,3
1202,B,treatment,3
1203,Neutrophil,treatment,3
1204,junk_noise,treatment,3
1205,CD8_T,treatment,3
1206,junk_noise,treatment,3
1207,Myeloid,treatment,3
1208,junk_doublet,treatment,3
1209,junk_dead,treatment,3
1210,junk_doublet,treatment,3
1211,B,treatment,3
1212,junk_doublet,treatment,3
1213,CD4_T,treatment,3
1214,Neutrophil,treatment,3
1215,junk_dead,treatment,3
1216,junk_doublet,treatment,3
1217,junk_dead,treatment,3
1218,junk_noise,treatment,3
1219,junk_debris,treatment,3
1220,junk_doublet,treatment,3
1221,NK,treatment,3
1222,junk_debris,treatment,3
1223,junk_doublet,treatment,3
1224,junk_doublet,treatment,3
1225,junk_noise,treatment,3
1226,NK,treatment,3
1227,junk_doublet,treatment,3
1228,Neutrophil,treatment,3
1229,junk_doublet,treatment,3
1230,CD8_T,treatment,3
1231,junk_debris,treatment,3
1232,junk_debris,treatment,3
1233,junk_dead,treatment,3
1234,Myeloid,treatment,3
1235,junk_doublet,treatment,3
1236,junk_dead,treatment,3
1237,junk_debris,treatment,3
1238,junk_debris,treatment,3
1239,junk_debris,treatment,3
1240,B,treatment,3
1241,junk_dead,treatment,3
1242,junk_noise,treatment,3
1243,Myeloid,treatment,3
1244,junk_noise,treatment,3
1245,junk_debris,treatment,3
1246,junk_doublet,treatment,3
1247,junk_doublet,treatment,3
1248,junk_debris,treatment,3
1249,junk_debris,treatment,3
1250,junk_noise,treatment,3
1251,CD8_T,treatment,3
1252,junk_noise,treatment,3
1253,junk_doublet,treatment,3
1254,DC,treatment,3
1255,junk_debris,treatment,3
1256,junk_noise,treatment,3
1257,junk_dead,treatment,3
1258,junk_debris,treatment,3
1259,Myeloid,treatment,3
1260,Neutrophil,treatment,3
1261,junk_noise,treatment,3
1262,B,treatment,3
1263,junk_noise,treatment,3
1264,B,treatment,3
1265,junk_debris,treatment,3
1266,junk_doublet,treatment,3
1267,Neutrophil,treatment,3
1268,junk_noise,treatment,3
1269,B,treatment,3
1270,junk_dead,treatment,3
1271,junk_dead,treatment,3
1272,junk_debris,treatment,3
1273,junk_noise,treatment,3
1274,junk_debris,treatment,3
1275,CD4_T,treatment,3
1276,junk_noise,treatment,3
1277,B,treatment,3
1278,CD4_T,treatment,3
1279,B,treatment,3
1280,junk_dead,treatment,3
1281,Myeloid,treatment,3
1282,junk_noise,treatment,3
1283,Myeloid,treatment,3
1284,junk_debris,treatment,3
1285,junk_doublet,treatment,3
1286,junk_debris,treatment,3
1287,CD8_T,treatment,3
1288,junk_debris,treatment,3
1289,junk_debris,treatment,3
1290,junk_noise,treatment,3
1291,CD8_T,treatment,3
1292,Myeloid,treatment,3
1293,junk_noise,treatment,3
1294,Myeloid,treatment,3
1295,CD4_T,treatment,3
1296,CD8_T,treatment,3
1297,junk_noise,treatment,3
1298,CD4_T,treatment,3
1299,B,treatment,3
1300,junk_debris,treatment,3
1301,junk_debris,treatment,3
1302,junk_dead,treatment,3
1303,CD4_T,treatment,3
1304,junk_debris,treatment,3
1305,Neutrophil,treatment,3
1306,junk_noise,treatment,3
1307,B,treatment,3
1308,junk_dead,treatment,3
1309,junk_dead,treatment,3
1310,junk_dead,treatment,3
1311,junk_noise,treatment,3
1312,junk_debris,treatment,3
1313,NK,treatment,3
1314,junk_doublet,treatment,3
1315,junk_debris,treatment,3
1316,Myeloid,treatment,3
1317,CD4_T,treatment,3
1318,Neutrophil,treatment,3
1319,CD8_T,treatment,3
1320,junk_debris,treatment,3
1321,B,treatment,3
1322,B,treatment,3
1323,junk_debris,treatment,3
1324,junk_debris,treatment,3
1325,B,treatment,3
1326,junk_noise,treatment,3
1327,junk_dead,treatment,3
1328,junk_doublet,treatment,3
1329,junk_noise,treatment,3
1330,B,treatment,3
1331,Myeloid,treatment,3
1332,junk_debris,treatment,3
1333,junk_debris,treatment,3
1334,junk_doublet,treatment,3
1335,junk_dead,treatment,3
1336,B,treatment,3
1337,junk_debris,treatment,3
1338,junk_debris,treatment,3
1339,B,treatment,3
1340,B,treatment,3
1341,NK,treatment,3
1342,junk_doublet,treatment,3
1343,junk_doublet,treatment,3
1344,junk_debris,treatment,3
1345,junk_doublet,treatment,3
1346,CD8_T,treatment,3
1347,B,treatment,3
1348,junk_debris,treatment,3
1349,junk_debris,treatment,3
1350,CD8_T,treatment,3
1351,CD4_T,treatment,3
1352,junk_dead,treatment,3
1353,junk_debris,treatment,3
1354,junk_dead,treatment,3
1355,junk_noise,treatment,3
1356,B,treatment,3
1357,junk_debris,treatment,3
1358,junk_noise,treatment,3
1359,B,treatment,3
1360,junk_debris,treatment,3
1361,junk_noise,treatment,3
1362,junk_debris,treatment,3
1363,junk_debris,treatment,3
1364,Myeloid,treatment,3
1365,junk_noise,treatment,3
1366,junk_debris,treatment,3
1367,junk_noise,treatment,3
1368,junk_doublet,treatment,3
1369,junk_debris,treatment,3
1370,junk_dead,treatment,3
1371,junk_doublet,treatment,3
1372,junk_debris,treatment,3
1373,Neutrophil,treatment,3
1374,B,treatment,3
1375,junk_debris,treatment,3
1376,Neutrophil,treatment,3
1377,junk_doublet,treatment,3
1378,B,treatment,3
1379,junk_debris,treatment,3
1380,CD8_T,treatment,3
1381,B,treatment,3
1382,CD8_T,treatment,3
1383,junk_doublet,treatment,3
1384,junk_doublet,treatment,3
1385,Myeloid,treatment,3
1386,Neutrophil,treatment,3
1387,CD4_T,treatment,3
1388,CD4_T,treatment,3
1389,CD4_T,treatment,3
1390,CD4_T,treatment,3
1391,Myeloid,treatment,3
1392,junk_dead,treatment,3
1393,CD8_T,treatment,3
1394,B,treatment,3
1395,B,treatment,3
1396,B,treatment,3
1397,junk_debris,treatment,3
1398,B,treatment,3
1399,junk_dead,treatment,3
1400,Myeloid,treatment,3
1401,junk_debris,treatment,3
1402,NK,treatment,3
1403,junk_debris,treatment,3
1404,junk_noise,treatment,3
1405,junk_debris,treatment,3
1406,junk_dead,treatment,3
1407,junk_doublet,treatment,3
1408,junk_doublet,treatment,3
1409,junk_dead,treatment,3
1410,junk_dead,treatment,3
1411,junk_debris,treatment,3
1412,CD4_T,treatment,3
1413,junk_doublet,treatment,3
1414,junk_noise,treatment,3
1415,junk_dead,treatment,3
1416,junk_noise,treatment,3
1417,junk_debris,treatment,3
1418,CD4_T,treatment,3
1419,B,treatment,3
1420,junk_noise,treatment,3
1421,junk_debris,treatment,3
1422,junk_debris,treatment,3
1423,junk_debris,treatment,3
1424,Myeloid,treatment,3
1425,CD8_T,treatment,3
1426,Myeloid,treatment,3
1427,junk_debris,treatment,3
1428,junk_dead,treatment,3
1429,NK,treatment,3
1430,junk_doublet,treatment,3
1431,junk_doublet,treatment,3
1432,junk_dead,treatment,3
1433,junk_debris,treatment,3
1434,junk_debris,treatment,3
1435,junk_dead,treatment,3
1436,junk_dead,treatment,3
1437,junk_dead,treatment,3
1438,CD4_T,treatment,3
1439,Myeloid,treatment,3
1440,junk_debris,treatment,3
1441,junk_debris,treatment,3
1442,junk_noise,treatment,3
1443,junk_noise,treatment,3
1444,junk_noise,treatment,3
1445,junk_doublet,treatment,3
1446,CD8_T,treatment,3
1447,Neutrophil,treatment,3
1448,junk_debris,treatment,3
1449,junk_debris,treatment,3
1450,junk_noise,treatment,3
1451,junk_dead,treatment,3
1452,CD8_T,treatment,3
1453,junk_doublet,treatment,3
1454,B,treatment,3
1455,junk_doublet,treatment,3
1456,junk_dead,treatment,3
1457,junk_dead,treatment,3
1458,CD8_T,treatment,3
1459,Myeloid,treatment,3
1460,junk_debris,treatment,3
1461,junk_debris,treatment,3
1462,junk_doublet,treatment,3
1463,junk_debris,treatment,3
1464,B,treatment,3
1465,CD4_T,treatment,3
1466,Myeloid,treatment,3
1467,B,treatment,3
1468,junk_noise,treatment,3
1469,NK,treatment,3
1470,junk_dead,treatment,3
1471,junk_noise,treatment,3
1472,junk_debris,treatment,3
1473,CD4_T,treatment,3
1474,junk_dead,treatment,3
1475,Myeloid,treatment,3
1476,CD8_T,treatment,3
1477,B,treatment,3
1478,junk_doublet,treatment,3
1479,junk_debris,treatment,3
1480,NK,treatment,3
1481,junk_dead,treatment,3
1482,junk_debris,treatment,3
1483,junk_noise,treatment,3
1484,junk_noise,treatment,3
1485,Myeloid,treatment,3
1486,junk_noise,treatment,3
1487,junk_doublet,treatment,3
1488,junk_doublet,treatment,3
1489,junk_noise,treatment,3
1490,junk_doublet,treatment,3
1491,junk_debris,treatment,3
1492,junk_dead,treatment,3
1493,junk_doublet,treatment,3
1494,junk_doublet,treatment,3
1495,junk_noise,treatment,3
1496,junk_doublet,treatment,3
1497,junk_noise,treatment,3
1498,B,treatment,3
1499,junk_doublet,treatment,3
1500,junk_dead,treatment,3
1501,junk_debris,treatment,3
1502,junk_debris,treatment,3
1503,junk_debris,treatment,3
1504,junk_debris,treatment,3
1505,junk_debris,treatment,3
1506,junk_doublet,treatment,3
1507,junk_debris,treatment,3
1508,junk_debris,treatment,3
1509,junk_debris,treatment,3
1510,CD8_T,treatment,3
1511,CD8_T,treatment,3
1512,NK,treatment,3
1513,CD4_T,treatment,3
1514,CD4_T,treatment,3
1515,junk_noise,treatment,3
1516,junk_noise,treatment,3
1517,B,treatment,3
1518,Neutrophil,treatment,3
1519,CD8_T,treatment,3
1520,junk_debris,treatment,3
1521,B,treatment,3
1522,B,treatment,3
1523,Myeloid,treatment,3
1524,junk_doublet,treatment,3
1525,junk_dead,treatment,3
1526,NK,treatment,3
1527,junk_noise,treatment,3
1528,junk_noise,treatment,3
1529,junk_debris,treatment,3
1530,junk_debris,treatment,3
1531,junk_debris,treatment,3
1532,Myeloid,treatment,3
1533,junk_dead,treatment,3
1534,Myeloid,treatment,3
1535,junk_noise,treatment,3
1536,NK,treatment,3
1537,junk_doublet,treatment,3
1538,CD4_T,treatment,3
1539,junk_debris,treatment,3
1540,junk_debris,treatment,3
1541,junk_dead,treatment,3
1542,junk_debris,treatment,3
1543,Neutrophil,treatment,3
1544,Myeloid,treatment,3
1545,junk_dead,treatment,3
1546,Myeloid,treatment,3
1547,junk_debris,treatment,3
1548,Myeloid,treatment,3
1549,CD4_T,treatment,3
1550,CD4_T,treatment,3
1551,junk_doublet,treatment,3
1552,junk_dead,treatment,3
1553,junk_noise,treatment,3
1554,Myeloid,treatment,3
1555,Myeloid,treatment,3
1556,B,treatment,3
1557,junk_debris,treatment,3
1558,Neutrophil,treatment,3
1559,junk_debris,treatment,3
1560,junk_debris,treatment,3
1561,junk_debris,treatment,3
1562,junk_noise,treatment,3
1563,junk_dead,treatment,3
1564,junk_noise,treatment,3
1565,junk_dead,treatment,3
1566,Neutrophil,treatment,3
1567,CD4_T,treatment,3
1568,CD8_T,treatment,3
1569,B,treatment,3
1570,junk_debris,treatment,3
1571,junk_debris,treatment,3
1572,junk_doublet,treatment,3
1573,junk_debris,treatment,3
1574,CD4_T,treatment,3
1575,junk_dead,treatment,3
1576,junk_noise,treatment,3
1577,B,treatment,3
1578,B,treatment,3
1579,CD8_T,treatment,3
1580,CD4_T,treatment,3
1581,CD8_T,treatment,3
1582,Neutrophil,treatment,3
1583,junk_doublet,treatment,3
1584,CD4_T,treatment,3
1585,junk_dead,treatment,3
1586,junk_debris,treatment,3
1587,junk_dead,treatment,3
1588,junk_doublet,treatment,3
1589,CD4_T,treatment,3
1590,B,treatment,3
1591,CD8_T,treatment,3
1592,Myeloid,treatment,3
1593,junk_doublet,treatment,3
1594,CD4_T,treatment,3
1595,CD8_T,treatment,3
1596,Myeloid,treatment,3
1597,CD8_T,treatment,3
1598,B,treatment,3
1599,junk_noise,treatment,3
1600,junk_debris,treatment,3
1601,junk_debris,treatment,3
1602,B,treatment,3
1603,junk_debris,treatment,3
1604,junk_noise,treatment,3
1605,junk_debris,treatment,3
1606,junk_debris,treatment,3
1607,Myeloid,treatment,3
1608,junk_debris,treatment,3
1609,junk_dead,treatment,3
1610,junk_debris,treatment,3
1611,CD4_T,treatment,3
1612,junk_debris,treatment,3
1613,junk_dead,treatment,3
1614,junk_dead,treatment,3
1615,Neutrophil,treatment,3
1616,CD4_T,treatment,3
1617,B,treatment,3
1618,junk_debris,treatment,3
1619,CD4_T,treatment,3
1620,B,treatment,3
1621,junk_dead,treatment,3
1622,junk_dead,treatment,3
1623,junk_debris,treatment,3
1624,junk_debris,treatment,3
1625,Neutrophil,treatment,3
1626,junk_debris,treatment,3
1627,Neutrophil,treatment,3
1628,junk_debris,treatment,3
1629,junk_dead,treatment,3
1630,junk_debris,treatment,3
1631,Neutrophil,treatment,3
1632,junk_doublet,treatment,3
1633,junk_dead,treatment,3
1634,CD4_T,treatment,3
1635,B,treatment,3
1636,CD8_T,treatment,3
1637,CD8_T,treatment,3
1638,Neutrophil,treatment,3
1639,B,treatment,3
1640,junk_debris,treatment,3
1641,B,treatment,3
1642,junk_dead,treatment,3
1643,CD8_T,treatment,3
1644,junk_debris,treatment,3
1645,junk_debris,treatment,3
1646,junk_debris,treatment,3
1647,B,treatment,3
1648,CD4_T,treatment,3
1649,junk_dead,treatment,3
1650,junk_noise,treatment,3
1651,CD4_T,treatment,3
1652,junk_debris,treatment,3
1653,Myeloid,treatment,3
1654,junk_debris,treatment,3
1655,junk_dead,treatment,3
1656,CD4_T,treatment,3
1657,B,treatment,3
1658,junk_doublet,treatment,3
1659,junk_doublet,treatment,3
1660,Myeloid,treatment,3
1661,junk_noise,treatment,3
1662,junk_dead,treatment,3
1663,Neutrophil,treatment,3
1664,junk_dead,treatment,3
1665,DC,treatment,3
1666,B,treatment,3
1667,junk_debris,treatment,3
1668,junk_noise,treatment,3
1669,CD4_T,treatment,3
1670,Myeloid,treatment,3
1671,junk_dead,treatment,3
1672,junk_debris,treatment,3
1673,junk_doublet,treatment,3
1674,junk_dead,treatment,3
1675,junk_dead,treatment,3
1676,junk_doublet,treatment,3
1677,junk_doublet,treatment,3
1678,B,treatment,3
1679,Myeloid,treatment,3
1680,junk_noise,treatment,3
1681,CD8_T,treatment,3
1682,junk_dead,treatment,3
1683,junk_noise,treatment,3
1684,junk_dead,treatment,3
1685,junk_debris,treatment,3
1686,junk_dead,treatment,3
1687,DC,treatment,3
1688,junk_dead,treatment,3
1689,junk_noise,treatment,3
1690,CD8_T,treatment,3
1691,Myeloid,treatment,3
1692,junk_debris,treatment,3
1693,junk_doublet,treatment,3
1694,CD4_T,treatment,3
1695,B,treatment,3
1696,junk_dead,treatment,3
1697,junk_doublet,treatment,3
1698,junk_dead,treatment,3
1699,Neutrophil,treatment,3
1700,junk_debris,treatment,3
1701,CD4_T,treatment,3
1702,junk_dead,treatment,3
1703,CD8_T,treatment,3
1704,junk_dead,treatment,3
1705,junk_noise,treatment,3
1706,CD4_T,treatment,3
1707,junk_dead,treatment,3
1708,junk_debris,treatment,3
1709,junk_dead,treatment,3
1710,Neutrophil,treatment,3
1711,junk_doublet,treatment,3
1712,junk_dead,treatment,3
1713,junk_dead,treatment,3
1714,junk_dead,treatment,3
1715,junk_debris,treatment,3
1716,Myeloid,treatment,3
1717,CD8_T,treatment,3
1718,junk_doublet,treatment,3
1719,B,treatment,3
1720,Neutrophil,treatment,3
1721,junk_debris,treatment,3
1722,junk_noise,treatment,3
1723,B,treatment,3
1724,junk_debris,treatment,3
1725,junk_dead,treatment,3
1726,junk_debris,treatment,3
1727,CD4_T,treatment,3
1728,junk_dead,treatment,3
1729,B,treatment,3
1730,junk_debris,treatment,3
1731,junk_doublet,treatment,3
1732,CD8_T,treatment,3
1733,NK,treatment,3
1734,junk_dead,treatment,3
1735,junk_debris,treatment,3
1736,junk_debris,treatment,3
1737,B,treatment,3
1738,Neutrophil,treatment,3
1739,junk_debris,treatment,3
1740,junk_noise,treatment,3
1741,B,treatment,3
1742,junk_dead,treatment,3
1743,junk_doublet,treatment,3
1744,junk_debris,treatment,3
1745,junk_debris,treatment,3
1746,junk_noise,treatment,3
1747,B,treatment,3
1748,junk_doublet,treatment,3
1749,Myeloid,treatment,3
1750,CD4_T,treatment,3
1751,junk_debris,treatment,3
1752,junk_debris,treatment,3
1753,CD4_T,treatment,3
1754,junk_debris,treatment,3
1755,CD8_T,treatment,3
1756,B,treatment,3
1757,junk_doublet,treatment,3
1758,Myeloid,treatment,3
1759,junk_doublet,treatment,3
1760,B,treatment,3
1761,B,treatment,3
1762,junk_dead,treatment,3
1763,junk_debris,treatment,3
1764,junk_dead,treatment,3
1765,junk_debris,treatment,3
1766,junk_doublet,treatment,3
1767,junk_debris,treatment,3
1768,B,treatment,3
1769,junk_doublet,treatment,3
1770,junk_debris,treatment,3
1771,Myeloid,treatment,3
1772,Myeloid,treatment,3
1773,B,treatment,3
1774,DC,treatment,3
1775,B,treatment,3
1776,CD4_T,treatment,3
1777,CD4_T,treatment,3
1778,B,treatment,3
1779,junk_debris,treatment,3
1780,CD8_T,treatment,3
1781,CD4_T,treatment,3
1782,B,treatment,3
1783,junk_noise,treatment,3
1784,B,treatment,3
1785,junk_dead,treatment,3
1786,B,treatment,3
1787,junk_doublet,treatment,3
1788,junk_dead,treatment,3
1789,junk_dead,treatment,3
1790,B,treatment,3
1791,junk_dead,treatment,3
1792,CD8_T,treatment,3
1793,junk_debris,treatment,3
1794,CD8_T,treatment,3
1795,junk_doublet,treatment,3
1796,Myeloid,treatment,3
1797,junk_dead,treatment,3
1798,junk_noise,treatment,3
1799,CD4_T,treatment,3
1800,junk_debris,treatment,3
1801,Neutrophil,treatment,3
1802,junk_doublet,treatment,3
1803,junk_doublet,treatment,3
1804,junk_noise,treatment,3
1805,junk_dead,treatment,3
1806,junk_debris,treatment,3
1807,junk_debris,treatment,3
1808,junk_doublet,treatment,3
1809,junk_noise,treatment,3
1810,junk_debris,treatment,3
1811,B,treatment,3
1812,CD8_T,treatment,3
1813,junk_noise,treatment,3
1814,B,treatment,3
1815,Myeloid,treatment,3
1816,junk_debris,treatment,3
1817,junk_dead,treatment,3
1818,B,treatment,3
1819,junk_debris,treatment,3
1820,junk_debris,treatment,3
1821,junk_noise,treatment,3
1822,junk_debris,treatment,3
1823,junk_dead,treatment,3
1824,junk_doublet,treatment,3
1825,Myeloid,treatment,3
1826,junk_noise,treatment,3
1827,junk_debris,treatment,3
1828,Myeloid,treatment,3
1829,junk_debris,treatment,3
1830,junk_doublet,treatment,3
1831,B,treatment,3
1832,junk_dead,treatment,3
1833,junk_debris,treatment,3
1834,Neutrophil,treatment,3
1835,junk_debris,treatment,3
1836,CD4_T,treatment,3
1837,junk_debris,treatment,3
1838,junk_debris,treatment,3
1839,B,treatment,3
1840,junk_debris,treatment,3
1841,junk_debris,treatment,3
1842,junk_dead,treatment,3
1843,junk_debris,treatment,3
1844,CD4_T,treatment,3
1845,CD4_T,treatment,3
1846,junk_dead,treatment,3
1847,junk_debris,treatment,3
1848,junk_noise,treatment,3
1849,junk_dead,treatment,3
1850,junk_debris,treatment,3
1851,junk_noise,treatment,3
1852,junk_dead,treatment,3
1853,junk_doublet,treatment,3
1854,DC,treatment,3
1855,junk_debris,treatment,3
1856,junk_doublet,treatment,3
1857,junk_dead,treatment,3
1858,B,treatment,3
1859,Myeloid,treatment,3
1860,junk_noise,treatment,3
1861,junk_debris,treatment,3
1862,junk_noise,treatment,3
1863,junk_doublet,treatment,3
1864,junk_noise,treatment,3
1865,junk_debris,treatment,3
1866,junk_debris,treatment,3
1867,Neutrophil,treatment,3
1868,junk_debris,treatment,3
1869,B,treatment,3
1870,junk_doublet,treatment,3
1871,junk_doublet,treatment,3
1872,junk_debris,treatment,3
1873,junk_doublet,treatment,3
1874,Neutrophil,treatment,3
1875,junk_doublet,treatment,3
1876,DC,treatment,3
1877,junk_debris,treatment,3
1878,junk_dead,treatment,3
1879,CD4_T,treatment,3
1880,junk_debris,treatment,3
1881,junk_noise,treatment,3
1882,junk_noise,treatment,3
1883,B,treatment,3
1884,junk_debris,treatment,3
1885,junk_doublet,treatment,3
1886,junk_dead,treatment,3
1887,junk_doublet,treatment,3
1888,Myeloid,treatment,3
1889,junk_doublet,treatment,3
1890,junk_debris,treatment,3
1891,B,treatment,3
1892,Neutrophil,treatment,3
1893,junk_dead,treatment,3
1894,DC,treatment,3
1895,Myeloid,treatment,3
1896,junk_debris,treatment,3
1897,junk_debris,treatment,3
1898,junk_noise,treatment,3
1899,junk_debris,treatment,3
1900,junk_dead,treatment,3
1901,NK,treatment,3
1902,junk_debris,treatment,3
1903,Myeloid,treatment,3
1904,junk_doublet,treatment,3
1905,junk_dead,treatment,3
1906,Myeloid,treatment,3
1907,junk_doublet,treatment,3
1908,junk_doublet,treatment,3
1909,junk_doublet,treatment,3
1910,junk_debris,treatment,3
1911,junk_doublet,treatment,3
1912,B,treatment,3
1913,Myeloid,treatment,3
1914,B,treatment,3
1915,Neutrophil,treatment,3
1916,B,treatment,3
1917,B,treatment,3
1918,junk_noise,treatment,3
1919,junk_doublet,treatment,3
1920,Neutrophil,treatment,3
1921,Neutrophil,treatment,3
1922,junk_noise,treatment,3
1923,junk_debris,treatment,3
1924,junk_debris,treatment,3
1925,CD4_T,treatment,3
1926,junk_noise,treatment,3
1927,B,treatment,3
1928,junk_dead,treatment,3
1929,junk_debris,treatment,3
1930,Myeloid,treatment,3
1931,junk_noise,treatment,3
1932,junk_doublet,treatment,3
1933,B,treatment,3
1934,junk_doublet,treatment,3
1935,Myeloid,treatment,3
1936,junk_debris,treatment,3
1937,junk_doublet,treatment,3
1938,CD8_T,treatment,3
1939,junk_noise,treatment,3
1940,junk_dead,treatment,3
1941,CD4_T,treatment,3
1942,CD4_T,treatment,3
1943,B,treatment,3
1944,Neutrophil,treatment,3
1945,junk_dead,treatment,3
1946,junk_debris,treatment,3
1947,junk_debris,treatment,3
1948,junk_debris,treatment,3
1949,Neutrophil,treatment,3
1950,junk_dead,treatment,3
1951,junk_debris,treatment,3
1952,junk_dead,treatment,3
1953,junk_noise,treatment,3
1954,junk_noise,treatment,3
1955,DC,treatment,3
1956,DC,treatment,3
1957,junk_noise,treatment,3
1958,CD4_T,treatment,3
1959,junk_dead,treatment,3
1960,junk_doublet,treatment,3
1961,CD8_T,treatment,3
1962,Neutrophil,treatment,3
1963,junk_dead,treatment,3
1964,Neutrophil,treatment,3
1965,junk_debris,treatment,3
1966,junk_noise,treatment,3
1967,NK,treatment,3
1968,junk_debris,treatment,3
1969,junk_debris,treatment,3
1970,junk_doublet,treatment,3
1971,junk_debris,treatment,3
1972,junk_debris,treatment,3
1973,Neutrophil,treatment,3
1974,junk_debris,treatment,3
1975,junk_dead,treatment,3
1976,junk_doublet,treatment,3
1977,junk_debris,treatment,3
1978,junk_debris,treatment,3
1979,CD4_T,treatment,3
1980,junk_doublet,treatment,3
1981,B,treatment,3
1982,junk_dead,treatment,3
1983,junk_noise,treatment,3
1984,junk_doublet,treatment,3
1985,junk_dead,treatment,3
1986,CD8_T,treatment,3
1987,junk_doublet,treatment,3
1988,junk_dead,treatment,3
1989,junk_noise,treatment,3
1990,junk_dead,treatment,3
1991,junk_doublet,treatment,3
1992,CD4_T,treatment,3
1993,junk_noise,treatment,3
1994,Myeloid,treatment,3
1995,junk_noise,treatment,3
1996,junk_debris,treatment,3
1997,junk_doublet,treatment,3
1998,junk_debris,treatment,3
1999,CD4_T,treatment,3
2000,junk_debris,treatment,3
2001,junk_debris,treatment,3
2002,junk_dead,treatment,3
2003,junk_doublet,treatment,3
2004,CD8_T,treatment,3
2005,junk_noise,treatment,3
2006,junk_dead,treatment,3
2007,B,treatment,3
2008,B,treatment,3
2009,junk_dead,treatment,3
2010,CD4_T,treatment,3
2011,junk_debris,treatment,3
2012,CD4_T,treatment,3
2013,junk_dead,treatment,3
2014,junk_noise,treatment,3
2015,junk_debris,treatment,3
2016,junk_doublet,treatment,3
2017,CD8_T,treatment,3
2018,junk_dead,treatment,3
2019,junk_debris,treatment,3
2020,B,treatment,3
2021,junk_noise,treatment,3
2022,junk_debris,treatment,3
2023,junk_dead,treatment,3
2024,junk_doublet,treatment,3
2025,junk_debris,treatment,3
2026,junk_dead,treatment,3
2027,junk_debris,treatment,3
2028,B,treatment,3
2029,junk_noise,treatment,3
2030,junk_debris,treatment,3
2031,junk_debris,treatment,3
2032,junk_doublet,treatment,3
2033,junk_debris,treatment,3
2034,CD8_T,treatment,3
2035,junk_debris,treatment,3
2036,junk_debris,treatment,3
2037,junk_debris,treatment,3
2038,NK,treatment,3
2039,CD8_T,treatment,3
2040,junk_debris,treatment,3
2041,junk_debris,treatment,3
2042,junk_noise,treatment,3
2043,junk_doublet,treatment,3
2044,junk_debris,treatment,3
2045,Myeloid,treatment,3
2046,junk_doublet,treatment,3
2047,CD4_T,treatment,3
2048,junk_debris,treatment,3
2049,NK,treatment,3
2050,junk_dead,treatment,3
2051,junk_dead,treatment,3
2052,junk_debris,treatment,3
2053,Myeloid,treatment,3
2054,junk_doublet,treatment,3
2055,junk_dead,treatment,3
2056,junk_debris,treatment,3
2057,junk_debris,treatment,3
2058,junk_doublet,treatment,3
2059,B,treatment,3
2060,CD4_T,treatment,3
2061,junk_doublet,treatment,3
2062,junk_dead,treatment,3
2063,junk_debris,treatment,3
2064,junk_dead,treatment,3
2065,B,treatment,3
2066,junk_debris,treatment,3
2067,junk_debris,treatment,3
2068,junk_doublet,treatment,3
2069,CD4_T,treatment,3
2070,CD4_T,treatment,3
2071,junk_dead,treatment,3
2072,B,treatment,3
2073,junk_debris,treatment,3
2074,junk_noise,treatment,3
2075,junk_debris,treatment,3
2076,junk_dead,treatment,3
2077,junk_dead,treatment,3
2078,junk_dead,treatment,3
2079,junk_doublet,treatment,3
2080,junk_debris,treatment,3
2081,CD4_T,treatment,3
2082,junk_noise,treatment,3
2083,Neutrophil,treatment,3
2084,junk_debris,treatment,3
2085,junk_debris,treatment,3
2086,CD8_T,treatment,3
2087,junk_doublet,treatment,3
2088,junk_debris,treatment,3
2089,CD8_T,treatment,3
2090,junk_doublet,treatment,3
2091,junk_doublet,treatment,3
2092,junk_noise,treatment,3
2093,junk_debris,treatment,3
2094,junk_dead,treatment,3
2095,junk_noise,treatment,3
2096,junk_debris,treatment,3
2097,junk_noise,treatment,3
2098,Neutrophil,treatment,3
2099,junk_doublet,treatment,3
2100,B,treatment,3
2101,junk_debris,treatment,3
2102,junk_doublet,treatment,3
2103,junk_noise,treatment,3
2104,CD4_T,treatment,3
2105,junk_dead,treatment,3
2106,junk_debris,treatment,3
2107,junk_debris,treatment,3
2108,junk_dead,treatment,3
2109,junk_debris,treatment,3
2110,junk_noise,treatment,3
2111,junk_dead,treatment,3
2112,junk_noise,treatment,3
2113,junk_dead,treatment,3
2114,CD8_T,treatment,3
2115,junk_debris,treatment,3
2116,junk_doublet,treatment,3
2117,Myeloid,treatment,3
2118,junk_doublet,treatment,3
2119,CD4_T,treatment,3
2120,Myeloid,treatment,3
2121,junk_noise,treatment,3
2122,CD4_T,treatment,3
2123,CD4_T,treatment,3
2124,junk_noise,treatment,3
2125,junk_debris,treatment,3
2126,junk_doublet,treatment,3
2127,Myeloid,treatment,3
2128,junk_doublet,treatment,3
2129,junk_doublet,treatment,3
2130,junk_debris,treatment,3
2131,junk_noise,treatment,3
2132,junk_debris,treatment,3
2133,junk_debris,treatment,3
2134,B,treatment,3
2135,junk_debris,treatment,3
2136,CD4_T,treatment,3
2137,junk_debris,treatment,3
2138,junk_noise,treatment,3
2139,junk_dead,treatment,3
2140,junk_debris,treatment,3
2141,junk_doublet,treatment,3
2142,junk_debris,treatment,3
2143,CD4_T,treatment,3
2144,junk_debris,treatment,3
2145,junk_noise,treatment,3
2146,B,treatment,3
2147,junk_noise,treatment,3
2148,junk_dead,treatment,3
2149,junk_doublet,treatment,3
2150,B,treatment,3
2151,junk_debris,treatment,3
2152,CD8_T,treatment,3
2153,junk_noise,treatment,3
2154,junk_doublet,treatment,3
2155,junk_noise,treatment,3
2156,Myeloid,treatment,3
2157,junk_debris,treatment,3
2158,junk_debris,treatment,3
2159,junk_debris,treatment,3
2160,Neutrophil,treatment,3
2161,CD8_T,treatment,3
2162,junk_debris,treatment,3
2163,B,treatment,3
2164,junk_noise,treatment,3
2165,Neutrophil,treatment,3
2166,junk_doublet,treatment,3
2167,junk_debris,treatment,3
2168,CD4_T,treatment,3
2169,junk_doublet,treatment,3
2170,junk_debris,treatment,3
2171,junk_debris,treatment,3
2172,Neutrophil,treatment,3
2173,junk_debris,treatment,3
2174,junk_noise,treatment,3
2175,DC,treatment,3
2176,junk_dead,treatment,3
2177,B,treatment,3
2178,B,treatment,3
2179,junk_noise,treatment,3
2180,junk_dead,treatment,3
2181,junk_noise,treatment,3
2182,junk_noise,treatment,3
2183,junk_debris,treatment,3
2184,CD4_T,treatment,3
2185,B,treatment,3
2186,junk_debris,treatment,3
2187,B,treatment,3
2188,junk_dead,treatment,3
2189,junk_debris,treatment,3
2190,junk_debris,treatment,3
2191,CD8_T,treatment,3
2192,junk_doublet,treatment,3
2193,junk_debris,treatment,3
2194,junk_dead,treatment,3
2195,B,treatment,3
2196,junk_debris,treatment,3
2197,junk_dead,treatment,3
2198,junk_debris,treatment,3
2199,junk_noise,treatment,3
2200,CD8_T,treatment,3
2201,junk_debris,treatment,3
2202,Myeloid,treatment,3
2203,junk_doublet,treatment,3
2204,junk_noise,treatment,3
2205,junk_debris,treatment,3
2206,junk_debris,treatment,3
2207,junk_debris,treatment,3
2208,B,treatment,3
2209,junk_debris,treatment,3
2210,junk_debris,treatment,3
2211,junk_doublet,treatment,3
2212,junk_dead,treatment,3
2213,Myeloid,treatment,3
2214,Myeloid,treatment,3
2215,CD4_T,treatment,3
2216,junk_doublet,treatment,3
2217,junk_doublet,treatment,3
2218,B,treatment,3
2219,junk_dead,treatment,3
2220,junk_debris,treatment,3
2221,B,treatment,3
2222,CD8_T,treatment,3
2223,junk_debris,treatment,3
2224,B,treatment,3
2225,junk_doublet,treatment,3
2226,junk_doublet,treatment,3
2227,junk_dead,treatment,3
2228,junk_debris,treatment,3
2229,junk_debris,treatment,3
2230,junk_noise,treatment,3
2231,junk_doublet,treatment,3
2232,Myeloid,treatment,3
2233,junk_noise,treatment,3
2234,Neutrophil,treatment,3
2235,junk_dead,treatment,3
2236,junk_debris,treatment,3
2237,CD4_T,treatment,3
2238,junk_noise,treatment,3
2239,CD4_T,treatment,3
2240,junk_doublet,treatment,3
2241,B,treatment,3
2242,junk_debris,treatment,3
2243,junk_debris,treatment,3
2244,B,treatment,3
2245,Myeloid,treatment,3
2246,junk_debris,treatment,3
2247,junk_debris,treatment,3
2248,junk_dead,treatment,3
2249,junk_doublet,treatment,3
2250,junk_debris,treatment,3
2251,B,treatment,3
2252,junk_dead,treatment,3
2253,CD4_T,treatment,3
2254,Neutrophil,treatment,3
2255,junk_dead,treatment,3
2256,junk_debris,treatment,3
2257,junk_debris,treatment,3
2258,junk_dead,treatment,3
2259,NK,treatment,3
2260,CD4_T,treatment,3
2261,junk_doublet,treatment,3
2262,junk_doublet,treatment,3
2263,Myeloid,treatment,3
2264,junk_doublet,treatment,3
2265,junk_debris,treatment,3
2266,Myeloid,treatment,3
2267,junk_debris,treatment,3
2268,junk_debris,treatment,3
2269,junk_noise,treatment,3
2270,junk_dead,treatment,3
2271,junk_doublet,treatment,3
2272,Myeloid,treatment,3
2273,junk_dead,treatment,3
2274,CD8_T,treatment,3
2275,junk_dead,treatment,3
2276,Myeloid,treatment,3
2277,CD8_T,treatment,3
2278,NK,treatment,3
2279,CD4_T,treatment,3
2280,Myeloid,treatment,3
2281,B,treatment,3
2282,junk_noise,treatment,3
2283,junk_debris,treatment,3
2284,junk_debris,treatment,3
2285,junk_dead,treatment,3
2286,junk_doublet,treatment,3
2287,junk_noise,treatment,3
2288,CD4_T,treatment,3
2289,junk_dead,treatment,3
2290,junk_debris,treatment,3
2291,junk_noise,treatment,3
2292,B,treatment,3
2293,junk_dead,treatment,3
2294,junk_doublet,treatment,3
2295,junk_dead,treatment,3
2296,junk_noise,treatment,3
2297,CD8_T,treatment,3
2298,CD8_T,treatment,3
2299,junk_debris,treatment,3
2300,CD4_T,treatment,3
2301,junk_debris,treatment,3
2302,B,treatment,3
2303,junk_doublet,treatment,3
2304,junk_debris,treatment,3
2305,CD4_T,treatment,3
2306,junk_debris,treatment,3
2307,Neutrophil,treatment,3
2308,B,treatment,3
2309,junk_debris,treatment,3
2310,junk_noise,treatment,3
2311,Myeloid,treatment,3
2312,B,treatment,3
2313,junk_debris,treatment,3
2314,Myeloid,treatment,3
2315,Neutrophil,treatment,3
2316,CD4_T,treatment,3
2317,junk_doublet,treatment,3
2318,junk_doublet,treatment,3
2319,junk_doublet,treatment,3
2320,CD8_T,treatment,3
2321,CD4_T,treatment,3
2322,junk_debris,treatment,3
2323,junk_debris,treatment,3
2324,junk_debris,treatment,3
2325,Myeloid,treatment,3
2326,junk_doublet,treatment,3
2327,junk_dead,treatment,3
2328,junk_dead,treatment,3
2329,junk_debris,treatment,3
2330,B,treatment,3
2331,junk_debris,treatment,3
2332,junk_dead,treatment,3
2333,B,treatment,3
2334,CD8_T,treatment,3
2335,junk_noise,treatment,3
2336,junk_doublet,treatment,3
2337,junk_doublet,treatment,3
2338,junk_debris,treatment,3
2339,junk_debris,treatment,3
2340,junk_dead,treatment,3
2341,junk_debris,treatment,3
2342,junk_debris,treatment,3
2343,junk_noise,treatment,3
2344,junk_dead,treatment,3
2345,junk_debris,treatment,3
2346,junk_debris,treatment,3
2347,junk_doublet,treatment,3
2348,B,treatment,3
2349,junk_debris,treatment,3
2350,junk_doublet,treatment,3
2351,junk_doublet,treatment,3
2352,junk_dead,treatment,3
2353,Neutrophil,treatment,3
2354,junk_doublet,treatment,3
2355,junk_dead,treatment,3
2356,Myeloid,treatment,3
2357,junk_doublet,treatment,3
2358,junk_dead,treatment,3
2359,junk_noise,treatment,3
2360,junk_debris,treatment,3
2361,CD4_T,treatment,3
2362,junk_doublet,treatment,3
2363,junk_noise,treatment,3
2364,junk_debris,treatment,3
2365,junk_debris,treatment,3
2366,junk_dead,treatment,3
2367,junk_dead,treatment,3
2368,CD4_T,treatment,3
2369,junk_debris,treatment,3
2370,junk_dead,treatment,3
2371,CD4_T,treatment,3
2372,Myeloid,treatment,3
2373,junk_debris,treatment,3
2374,junk_doublet,treatment,3
2375,Myeloid,treatment,3
2376,junk_debris,treatment,3
2377,junk_doublet,treatment,3
2378,junk_doublet,treatment,3
2379,junk_debris,treatment,3
2380,Myeloid,treatment,3
2381,CD8_T,treatment,3
2382,junk_dead,treatment,3
2383,junk_doublet,treatment,3
2384,junk_dead,treatment,3
2385,junk_doublet,treatment,3
2386,NK,treatment,3
2387,B,treatment,3
2388,junk_debris,treatment,3
2389,B,treatment,3
2390,junk_noise,treatment,3
2391,junk_noise,treatment,3
2392,junk_debris,treatment,3
2393,junk_debris,treatment,3
2394,junk_doublet,treatment,3
2395,junk_noise,treatment,3
2396,junk_debris,treatment,3
2397,junk_doublet,treatment,3
2398,B,treatment,3
2399,junk_doublet,treatment,3
2400,junk_doublet,treatment,3
2401,B,treatment,3
2402,junk_noise,treatment,3
2403,junk_dead,treatment,3
2404,junk_dead,treatment,3
2405,junk_debris,treatment,3
2406,junk_doublet,treatment,3
2407,NK,treatment,3
2408,junk_debris,treatment,3
2409,junk_debris,treatment,3
2410,junk_debris,treatment,3
2411,junk_debris,treatment,3
2412,junk_doublet,treatment,3
2413,Myeloid,treatment,3
2414,junk_dead,treatment,3
2415,junk_dead,treatment,3
2416,Myeloid,treatment,3
2417,junk_doublet,treatment,3
2418,B,treatment,3
2419,junk_debris,treatment,3
2420,Myeloid,treatment,3
2421,CD4_T,treatment,3
2422,junk_debris,treatment,3
2423,Myeloid,treatment,3
2424,junk_dead,treatment,3
2425,junk_dead,treatment,3
2426,junk_debris,treatment,3
2427,Myeloid,treatment,3
2428,NK,treatment,3
2429,junk_doublet,treatment,3
2430,B,treatment,3
2431,junk_dead,treatment,3
2432,junk_doublet,treatment,3
2433,Myeloid,treatment,3
2434,junk_noise,treatment,3
2435,junk_dead,treatment,3
2436,junk_doublet,treatment,3
2437,junk_doublet,treatment,3
2438,junk_debris,treatment,3
2439,B,treatment,3
2440,Myeloid,treatment,3
2441,CD4_T,treatment,3
2442,junk_doublet,treatment,3
2443,junk_noise,treatment,3
2444,CD8_T,treatment,3
2445,CD4_T,treatment,3
2446,Myeloid,treatment,3
2447,junk_noise,treatment,3
2448,Myeloid,treatment,3
2449,junk_debris,treatment,3
2450,junk_debris,treatment,3
2451,B,treatment,3
2452,junk_dead,treatment,3
2453,junk_debris,treatment,3
2454,DC,treatment,3
2455,B,treatment,3
2456,junk_noise,treatment,3
2457,junk_dead,treatment,3
2458,junk_debris,treatment,3
2459,junk_debris,treatment,3
2460,DC,treatment,3
2461,CD4_T,treatment,3
2462,CD8_T,treatment,3
2463,NK,treatment,3
2464,B,treatment,3
2465,CD4_T,treatment,3
2466,B,treatment,3
2467,Myeloid,treatment,3
2468,Myeloid,treatment,3
2469,junk_doublet,treatment,3
2470,CD4_T,treatment,3
2471,Myeloid,treatment,3
2472,junk_debris,treatment,3
2473,NK,treatment,3
2474,junk_debris,treatment,3
2475,B,treatment,3
2476,junk_doublet,treatment,3
2477,junk_noise,treatment,3
2478,junk_dead,treatment,3
2479,B,treatment,3
2480,junk_debris,treatment,3
2481,CD4_T,treatment,3
2482,junk_noise,treatment,3
2483,CD8_T,treatment,3
2484,junk_doublet,treatment,3
2485,B,treatment,3
2486,CD8_T,treatment,3
2487,junk_debris,treatment,3
2488,junk_dead,treatment,3
2489,CD4_T,treatment,3
2490,junk_doublet,treatment,3
2491,junk_doublet,treatment,3
2492,B,treatment,3
2493,CD8_T,treatment,3
2494,Myeloid,treatment,3
2495,junk_debris,treatment,3
2496,B,treatment,3
2497,B,treatment,3
2498,CD4_T,treatment,3
2499,Neutrophil,treatment,3
2500,NK,treatment,3
2501,Myeloid,treatment,3
2502,junk_dead,treatment,3
2503,Myeloid,treatment,3
2504,junk_debris,treatment,3
2505,B,treatment,3
2506,junk_doublet,treatment,3
2507,Myeloid,treatment,3
2508,junk_doublet,treatment,3
2509,junk_debris,treatment,3
2510,junk_noise,treatment,3
2511,junk_dead,treatment,3
2512,junk_doublet,treatment,3
2513,CD8_T,treatment,3
2514,junk_debris,treatment,3
2515,CD4_T,treatment,3
2516,junk_noise,treatment,3
2517,junk_dead,treatment,3
2518,DC,treatment,3
2519,junk_noise,treatment,3
2520,junk_dead,treatment,3
2521,junk_doublet,treatment,3
2522,junk_debris,treatment,3
2523,CD4_T,treatment,3
2524,CD8_T,treatment,3
2525,junk_debris,treatment,3
2526,NK,treatment,3
2527,junk_doublet,treatment,3
2528,junk_dead,treatment,3
2529,junk_noise,treatment,3
2530,junk_debris,treatment,3
2531,junk_dead,treatment,3
2532,junk_dead,treatment,3
2533,junk_doublet,treatment,3
2534,Myeloid,treatment,3
2535,junk_doublet,treatment,3
2536,junk_doublet,treatment,3
2537,junk_dead,treatment,3
2538,NK,treatment,3
2539,junk_noise,treatment,3
2540,B,treatment,3
2541,junk_dead,treatment,3
2542,junk_debris,treatment,3
2543,B,treatment,3
2544,B,treatment,3
2545,CD8_T,treatment,3
2546,junk_debris,treatment,3
2547,CD4_T,treatment,3
2548,Myeloid,treatment,3
2549,CD4_T,treatment,3
2550,junk_debris,treatment,3
2551,junk_dead,treatment,3
2552,B,treatment,3
2553,junk_noise,treatment,3
2554,B,treatment,3
2555,B,treatment,3
2556,B,treatment,3
2557,CD8_T,treatment,3
2558,junk_noise,treatment,3
2559,B,treatment,3
2560,Neutrophil,treatment,3
2561,CD4_T,treatment,3
2562,B,treatment,3
2563,Neutrophil,treatment,3
2564,CD4_T,treatment,3
2565,junk_debris,treatment,3
2566,Myeloid,treatment,3
2567,junk_debris,treatment,3
2568,junk_noise,treatment,3
2569,junk_dead,treatment,3
2570,junk_debris,treatment,3
2571,B,treatment,3
2572,Myeloid,treatment,3
2573,junk_doublet,treatment,3
2574,Myeloid,treatment,3
2575,junk_debris,treatment,3
2576,junk_debris,treatment,3
2577,junk_debris,treatment,3
2578,CD4_T,treatment,3
2579,junk_dead,treatment,3
2580,junk_noise,treatment,3
2581,CD8_T,treatment,3
2582,junk_doublet,treatment,3
2583,B,treatment,3
2584,junk_noise,treatment,3
2585,junk_doublet,treatment,3
2586,junk_dead,treatment,3
2587,junk_debris,treatment,3
2588,junk_dead,treatment,3
2589,CD4_T,treatment,3
2590,junk_debris,treatment,3
2591,junk_noise,treatment,3
2592,junk_debris,treatment,3
2593,junk_dead,treatment,3
2594,junk_doublet,treatment,3
2595,junk_debris,treatment,3
2596,junk_debris,treatment,3
2597,B,treatment,3
2598,junk_doublet,treatment,3
2599,junk_noise,treatment,3
2600,CD8_T,treatment,3
2601,junk_doublet,treatment,3
2602,Neutrophil,treatment,3
2603,junk_debris,treatment,3
2604,Myeloid,treatment,3
2605,junk_doublet,treatment,3
2606,junk_doublet,treatment,3
2607,B,treatment,3
2608,junk_dead,treatment,3
2609,junk_noise,treatment,3
2610,Myeloid,treatment,3
2611,junk_debris,treatment,3
2612,junk_noise,treatment,3
2613,CD4_T,treatment,3
2614,junk_debris,treatment,3
2615,junk_noise,treatment,3
2616,NK,treatment,3
2617,junk_doublet,treatment,3
2618,CD8_T,treatment,3
2619,CD4_T,treatment,3
2620,junk_dead,treatment,3
2621,Neutrophil,treatment,3
2622,junk_doublet,treatment,3
2623,Neutrophil,treatment,3
2624,junk_dead,treatment,3
2625,junk_noise,treatment,3
2626,junk_doublet,treatment,3
2627,junk_debris,treatment,3
2628,Myeloid,treatment,3
2629,junk_doublet,treatment,3
2630,junk_doublet,treatment,3
2631,CD4_T,treatment,3
2632,junk_doublet,treatment,3
2633,junk_doublet,treatment,3
2634,junk_doublet,treatment,3
2635,CD8_T,treatment,3
2636,B,treatment,3
2637,junk_noise,treatment,3
2638,junk_doublet,treatment,3
2639,Myeloid,treatment,3
2640,junk_dead,treatment,3
2641,junk_noise,treatment,3
2642,junk_dead,treatment,3
2643,junk_dead,treatment,3
2644,junk_doublet,treatment,3
2645,NK,treatment,3
2646,junk_debris,treatment,3
2647,junk_doublet,treatment,3
2648,junk_doublet,treatment,3
2649,junk_debris,treatment,3
2650,Neutrophil,treatment,3
2651,junk_debris,treatment,3
2652,junk_dead,treatment,3
2653,junk_debris,treatment,3
2654,junk_doublet,treatment,3
2655,CD8_T,treatment,3
2656,junk_debris,treatment,3
2657,junk_dead,treatment,3
2658,junk_debris,treatment,3
2659,junk_noise,treatment,3
2660,junk_doublet,treatment,3
2661,junk_debris,treatment,3
2662,junk_doublet,treatment,3
2663,B,treatment,3
2664,junk_debris,treatment,3
2665,junk_doublet,treatment,3
2666,junk_debris,treatment,3
2667,Myeloid,treatment,3
2668,junk_noise,treatment,3
2669,junk_dead,treatment,3
2670,Myeloid,treatment,3
2671,junk_debris,treatment,3
2672,CD4_T,treatment,3
2673,junk_debris,treatment,3
2674,junk_doublet,treatment,3
2675,junk_doublet,treatment,3
2676,Neutrophil,treatment,3
2677,junk_noise,treatment,3
2678,CD8_T,treatment,3
2679,junk_noise,treatment,3
2680,junk_debris,treatment,3
2681,junk_debris,treatment,3
2682,junk_debris,treatment,3
2683,junk_debris,treatment,3
2684,junk_dead,treatment,3
2685,junk_dead,treatment,3
2686,junk_dead,treatment,3
2687,junk_noise,treatment,3
2688,junk_doublet,treatment,3
2689,junk_dead,treatment,3
2690,junk_noise,treatment,3
2691,junk_debris,treatment,3
2692,junk_debris,treatment,3
2693,junk_debris,treatment,3
2694,junk_doublet,treatment,3
2695,CD4_T,treatment,3
2696,junk_debris,treatment,3
2697,Myeloid,treatment,3
2698,CD8_T,treatment,3
2699,junk_debris,treatment,3
2700,junk_noise,treatment,3
2701,junk_noise,treatment,3
2702,junk_debris,treatment,3
2703,junk_debris,treatment,3
2704,junk_doublet,treatment,3
2705,junk_doublet,treatment,3
2706,CD8_T,treatment,3
2707,CD4_T,treatment,3
2708,junk_doublet,treatment,3
2709,junk_debris,treatment,3
2710,junk_noise,treatment,3
2711,B,treatment,3
2712,junk_debris,treatment,3
2713,junk_debris,treatment,3
2714,CD4_T,treatment,3
2715,junk_doublet,treatment,3
2716,junk_doublet,treatment,3
2717,junk_doublet,treatment,3
2718,junk_doublet,treatment,3
2719,junk_doublet,treatment,3
2720,junk_doublet,treatment,3
2721,junk_doublet,treatment,3
2722,CD4_T,treatment,3
2723,junk_noise,treatment,3
2724,B,treatment,3
2725,junk_dead,treatment,3
2726,junk_dead,treatment,3
2727,junk_debris,treatment,3
2728,junk_doublet,treatment,3
2729,junk_doublet,treatment,3
2730,junk_noise,treatment,3
2731,junk_dead,treatment,3
2732,junk_dead,treatment,3
2733,CD8_T,treatment,3
2734,junk_dead,treatment,3
2735,junk_dead,treatment,3
2736,junk_dead,treatment,3
2737,junk_dead,treatment,3
2738,junk_doublet,treatment,3
2739,junk_noise,treatment,3
2740,junk_doublet,treatment,3
2741,junk_debris,treatment,3
2742,junk_dead,treatment,3
2743,CD8_T,treatment,3
2744,Myeloid,treatment,3
2745,B,treatment,3
2746,junk_debris,treatment,3
2747,junk_dead,treatment,3
2748,junk_debris,treatment,3
2749,junk_dead,treatment,3
2750,junk_dead,treatment,3
2751,junk_debris,treatment,3
2752,junk_dead,treatment,3
2753,CD4_T,treatment,3
2754,Myeloid,treatment,3
2755,junk_debris,treatment,3
2756,CD8_T,treatment,3
2757,junk_debris,treatment,3
2758,junk_dead,treatment,3
2759,junk_debris,treatment,3
2760,junk_doublet,treatment,3
2761,junk_dead,treatment,3
2762,CD8_T,treatment,3
2763,junk_debris,treatment,3
2764,junk_doublet,treatment,3
2765,Myeloid,treatment,3
2766,junk_dead,treatment,3
2767,junk_debris,treatment,3
2768,junk_dead,treatment,3
2769,junk_doublet,treatment,3
2770,junk_noise,treatment,3
2771,junk_doublet,treatment,3
2772,junk_debris,treatment,3
2773,NK,treatment,3
2774,Myeloid,treatment,3
2775,junk_noise,treatment,3
2776,CD8_T,treatment,3
2777,B,treatment,3
2778,CD4_T,treatment,3
2779,junk_doublet,treatment,3
2780,Myeloid,treatment,3
2781,B,treatment,3
2782,junk_dead,treatment,3
2783,junk_debris,treatment,3
2784,Myeloid,treatment,3
2785,junk_dead,treatment,3
2786,CD8_T,treatment,3
2787,junk_noise,treatment,3
2788,CD4_T,treatment,3
2789,junk_debris,treatment,3
2790,junk_doublet,treatment,3
2791,junk_debris,treatment,3
2792,junk_dead,treatment,3
2793,junk_doublet,treatment,3
2794,CD8_T,treatment,3
2795,CD4_T,treatment,3
2796,Myeloid,treatment,3
2797,junk_dead,treatment,3
2798,junk_debris,treatment,3
2799,CD8_T,treatment,3
2800,junk_dead,treatment,3
2801,CD8_T,treatment,3
2802,junk_doublet,treatment,3
2803,junk_noise,treatment,3
2804,CD4_T,treatment,3
2805,junk_doublet,treatment,3
2806,NK,treatment,3
2807,Neutrophil,treatment,3
2808,junk_debris,treatment,3
2809,CD4_T,treatment,3
2810,junk_debris,treatment,3
2811,Neutrophil,treatment,3
2812,Myeloid,treatment,3
2813,junk_dead,treatment,3
2814,junk_doublet,treatment,3
2815,Neutrophil,treatment,3
2816,junk_debris,treatment,3
2817,junk_debris,treatment,3
2818,B,treatment,3
2819,B,treatment,3
2820,B,treatment,3
2821,junk_debris,treatment,3
2822,CD4_T,treatment,3
2823,junk_dead,treatment,3
2824,junk_debris,treatment,3
2825,junk_dead,treatment,3
2826,junk_dead,treatment,3
2827,junk_doublet,treatment,3
2828,junk_doublet,treatment,3
2829,Myeloid,treatment,3
2830,CD8_T,treatment,3
2831,junk_doublet,treatment,3
2832,junk_debris,treatment,3
2833,junk_dead,treatment,3
2834,junk_debris,treatment,3
2835,B,treatment,3
2836,CD4_T,treatment,3
2837,junk_debris,treatment,3
2838,junk_noise,treatment,3
2839,Myeloid,treatment,3
2840,junk_dead,treatment,3
2841,junk_noise,treatment,3
2842,junk_debris,treatment,3
2843,CD4_T,treatment,3
2844,junk_doublet,treatment,3
2845,junk_noise,treatment,3
2846,NK,treatment,3
2847,junk_noise,treatment,3
2848,junk_debris,treatment,3
2849,CD8_T,treatment,3
2850,Myeloid,treatment,3
2851,junk_doublet,treatment,3
2852,CD8_T,treatment,3
2853,junk_debris,treatment,3
2854,junk_debris,treatment,3
2855,junk_dead,treatment,3
2856,B,treatment,3
2857,junk_noise,treatment,3
2858,junk_noise,treatment,3
2859,junk_debris,treatment,3
2860,junk_doublet,treatment,3
2861,Neutrophil,treatment,3
2862,B,treatment,3
2863,DC,treatment,3
2864,CD4_T,treatment,3
2865,B,treatment,3
2866,junk_debris,treatment,3
2867,junk_noise,treatment,3
2868,CD8_T,treatment,3
2869,CD4_T,treatment,3
2870,junk_debris,treatment,3
2871,Neutrophil,treatment,3
2872,junk_debris,treatment,3
2873,NK,treatment,3
2874,CD4_T,treatment,3
2875,junk_dead,treatment,3
2876,CD8_T,treatment,3
2877,junk_debris,treatment,3
2878,junk_doublet,treatment,3
2879,junk_dead,treatment,3
2880,junk_noise,treatment,3
2881,junk_debris,treatment,3
2882,junk_doublet,treatment,3
2883,junk_debris,treatment,3
2884,CD4_T,treatment,3
2885,junk_dead,treatment,3
2886,junk_debris,treatment,3
2887,junk_noise,treatment,3
2888,junk_doublet,treatment,3
2889,junk_debris,treatment,3
2890,junk_doublet,treatment,3
2891,junk_doublet,treatment,3
2892,junk_noise,treatment,3
2893,junk_dead,treatment,3
2894,junk_debris,treatment,3
2895,Neutrophil,treatment,3
2896,junk_doublet,treatment,3
2897,junk_debris,treatment,3
2898,CD4_T,treatment,3
2899,junk_dead,treatment,3
2900,junk_dead,treatment,3
2901,Myeloid,treatment,3
2902,junk_debris,treatment,3
2903,junk_debris,treatment,3
2904,junk_debris,treatment,3
2905,junk_debris,treatment,3
2906,junk_debris,treatment,3
2907,Neutrophil,treatment,3
2908,CD8_T,treatment,3
2909,junk_dead,treatment,3
2910,junk_doublet,treatment,3
2911,junk_debris,treatment,3
2912,junk_debris,treatment,3
2913,Neutrophil,treatment,3
2914,junk_doublet,treatment,3
2915,junk_dead,treatment,3
2916,junk_noise,treatment,3
2917,DC,treatment,3
2918,junk_noise,treatment,3
2919,junk_noise,treatment,3
2920,junk_noise,treatment,3
2921,junk_doublet,treatment,3
2922,B,treatment,3
2923,Neutrophil,treatment,3
2924,junk_dead,treatment,3
2925,junk_doublet,treatment,3
2926,junk_debris,treatment,3
2927,CD8_T,treatment,3
2928,junk_debris,treatment,3
2929,CD4_T,treatment,3
2930,CD8_T,treatment,3
2931,junk_noise,treatment,3
2932,junk_doublet,treatment,3
2933,B,treatment,3
2934,junk_doublet,treatment,3
2935,Myeloid,treatment,3
2936,Myeloid,treatment,3
2937,junk_debris,treatment,3
2938,DC,treatment,3
2939,Neutrophil,treatment,3
2940,junk_doublet,treatment,3
2941,B,treatment,3
2942,junk_debris,treatment,3
2943,junk_dead,treatment,3
2944,B,treatment,3
2945,junk_debris,treatment,3
2946,Neutrophil,treatment,3
2947,junk_dead,treatment,3
2948,junk_doublet,treatment,3
2949,junk_dead,treatment,3
2950,B,treatment,3
2951,Myeloid,treatment,3
2952,junk_dead,treatment,3
2953,junk_debris,treatment,3
2954,CD4_T,treatment,3
2955,junk_dead,treatment,3
2956,junk_noise,treatment,3
2957,CD4_T,treatment,3
2958,B,treatment,3
2959,junk_debris,treatment,3
2960,junk_dead,treatment,3
2961,junk_noise,treatment,3
2962,junk_doublet,treatment,3
2963,CD4_T,treatment,3
2964,junk_dead,treatment,3
2965,junk_dead,treatment,3
2966,junk_doublet,treatment,3
2967,junk_noise,treatment,3
2968,Myeloid,treatment,3
2969,junk_dead,treatment,3
2970,junk_doublet,treatment,3
2971,junk_debris,treatment,3
2972,B,treatment,3
2973,junk_noise,treatment,3
2974,junk_debris,treatment,3
2975,junk_dead,treatment,3
2976,junk_debris,treatment,3
2977,NK,treatment,3
2978,B,treatment,3
2979,Myeloid,treatment,3
2980,junk_noise,treatment,3
2981,junk_debris,treatment,3
2982,Myeloid,treatment,3
2983,junk_debris,treatment,3
2984,junk_doublet,treatment,3
2985,junk_debris,treatment,3
2986,Neutrophil,treatment,3
2987,NK,treatment,3
2988,junk_debris,treatment,3
2989,junk_noise,treatment,3
2990,junk_dead,treatment,3
2991,junk_dead,treatment,3
2992,CD4_T,treatment,3
2993,junk_debris,treatment,3
2994,B,treatment,3
2995,B,treatment,3
2996,B,treatment,3
2997,B,treatment,3
2998,junk_dead,treatment,3
2999,Myeloid,treatment,3
3000,junk_debris,treatment,3
3001,junk_doublet,treatment,3
3002,B,treatment,3
3003,Neutrophil,treatment,3
3004,junk_doublet,treatment,3
3005,junk_doublet,treatment,3
3006,junk_noise,treatment,3
3007,junk_dead,treatment,3
3008,B,treatment,3
3009,junk_dead,treatment,3
3010,junk_doublet,treatment,3
3011,B,treatment,3
3012,junk_noise,treatment,3
3013,CD8_T,treatment,3
3014,junk_debris,treatment,3
3015,junk_debris,treatment,3
3016,junk_debris,treatment,3
3017,junk_debris,treatment,3
3018,junk_debris,treatment,3
3019,Myeloid,treatment,3
3020,junk_dead,treatment,3
3021,Myeloid,treatment,3
3022,junk_doublet,treatment,3
3023,junk_debris,treatment,3
3024,junk_doublet,treatment,3
3025,junk_debris,treatment,3
3026,junk_doublet,treatment,3
3027,junk_dead,treatment,3
3028,junk_dead,treatment,3
3029,CD4_T,treatment,3
3030,CD4_T,treatment,3
3031,CD8_T,treatment,3
3032,Neutrophil,treatment,3
3033,junk_doublet,treatment,3
3034,CD8_T,treatment,3
3035,junk_debris,treatment,3
3036,NK,treatment,3
3037,junk_debris,treatment,3
3038,junk_doublet,treatment,3
3039,junk_doublet,treatment,3
3040,junk_doublet,treatment,3
3041,junk_debris,treatment,3
3042,junk_doublet,treatment,3
3043,junk_debris,treatment,3
3044,B,treatment,3
3045,Neutrophil,treatment,3
3046,junk_dead,treatment,3
3047,CD8_T,treatment,3
3048,junk_debris,treatment,3
3049,junk_doublet,treatment,3
3050,Myeloid,treatment,3
3051,CD8_T,treatment,3
3052,Neutrophil,treatment,3
3053,junk_debris,treatment,3
3054,junk_debris,treatment,3
3055,junk_noise,treatment,3
3056,B,treatment,3
3057,junk_dead,treatment,3
3058,junk_debris,treatment,3
3059,CD4_T,treatment,3
3060,Myeloid,treatment,3
3061,junk_debris,treatment,3
3062,CD4_T,treatment,3
3063,CD4_T,treatment,3
3064,junk_noise,treatment,3
3065,B,treatment,3
3066,CD4_T,treatment,3
3067,junk_noise,treatment,3
3068,CD8_T,treatment,3
3069,B,treatment,3
3070,junk_dead,treatment,3
3071,Myeloid,treatment,3
3072,B,treatment,3
3073,junk_dead,treatment,3
3074,junk_doublet,treatment,3
3075,junk_debris,treatment,3
3076,CD8_T,treatment,3
3077,junk_debris,treatment,3
3078,junk_dead,treatment,3
3079,junk_doublet,treatment,3
3080,CD4_T,treatment,3
3081,Myeloid,treatment,3
3082,junk_debris,treatment,3
3083,junk_dead,treatment,3
3084,Myeloid,treatment,3
3085,Neutrophil,treatment,3
3086,junk_debris,treatment,3
3087,Neutrophil,treatment,3
3088,CD8_T,treatment,3
3089,B,treatment,3
3090,junk_noise,treatment,3
3091,junk_doublet,treatment,3
3092,junk_debris,treatment,3
3093,Myeloid,treatment,3
3094,junk_debris,treatment,3
3095,junk_doublet,treatment,3
3096,CD4_T,treatment,3
3097,junk_debris,treatment,3
3098,junk_debris,treatment,3
3099,junk_debris,treatment,3
3100,junk_debris,treatment,3
3101,junk_dead,treatment,3
3102,Neutrophil,treatment,3
3103,junk_dead,treatment,3
3104,junk_doublet,treatment,3
3105,B,treatment,3
3106,NK,treatment,3
3107,Neutrophil,treatment,3
3108,B,treatment,3
3109,junk_doublet,treatment,3
3110,CD4_T,treatment,3
3111,Myeloid,treatment,3
3112,junk_dead,treatment,3
3113,CD4_T,treatment,3
3114,B,treatment,3
3115,junk_doublet,treatment,3
3116,junk_debris,treatment,3
3117,junk_debris,treatment,3
3118,junk_dead,treatment,3
3119,junk_dead,treatment,3
3120,CD8_T,treatment,3
3121,Neutrophil,treatment,3
3122,junk_doublet,treatment,3
3123,CD4_T,treatment,3
3124,CD4_T,treatment,3
3125,Neutrophil,treatment,3
3126,junk_noise,treatment,3
3127,junk_debris,treatment,3
3128,junk_debris,treatment,3
3129,Myeloid,treatment,3
3130,junk_dead,treatment,3
3131,junk_debris,treatment,3
3132,Neutrophil,treatment,3
3133,junk_doublet,treatment,3
3134,CD4_T,treatment,3
3135,B,treatment,3
3136,junk_debris,treatment,3
3137,junk_dead,treatment,3
3138,junk_debris,treatment,3
3139,junk_dead,treatment,3
3140,junk_doublet,treatment,3
3141,CD4_T,treatment,3
3142,junk_dead,treatment,3
3143,junk_noise,treatment,3
3144,junk_doublet,treatment,3
3145,Neutrophil,treatment,3
3146,junk_debris,treatment,3
3147,junk_debris,treatment,3
3148,junk_doublet,treatment,3
3149,CD8_T,treatment,3
3150,junk_noise,treatment,3
3151,junk_doublet,treatment,3
3152,junk_debris,treatment,3
3153,B,treatment,3
3154,Myeloid,treatment,3
3155,NK,treatment,3
3156,junk_debris,treatment,3
3157,CD8_T,treatment,3
3158,B,treatment,3
3159,B,treatment,3
3160,Myeloid,treatment,3
3161,B,treatment,3
3162,CD4_T,treatment,3
3163,CD4_T,treatment,3
3164,B,treatment,3
3165,junk_doublet,treatment,3
3166,junk_dead,treatment,3
3167,junk_debris,treatment,3
3168,junk_debris,treatment,3
3169,B,treatment,3
3170,junk_debris,treatment,3
3171,Myeloid,treatment,3
3172,junk_debris,treatment,3
3173,CD8_T,treatment,3
3174,junk_dead,treatment,3
3175,junk_debris,treatment,3
3176,CD4_T,treatment,3
3177,junk_dead,treatment,3
3178,junk_dead,treatment,3
3179,junk_noise,treatment,3
3180,CD8_T,treatment,3
3181,junk_dead,treatment,3
3182,junk_debris,treatment,3
3183,junk_debris,treatment,3
3184,junk_dead,treatment,3
3185,junk_debris,treatment,3
3186,junk_debris,treatment,3
3187,B,treatment,3
3188,junk_noise,treatment,3
3189,junk_debris,treatment,3
3190,junk_dead,treatment,3
3191,junk_debris,treatment,3
3192,B,treatment,3
3193,junk_debris,treatment,3
3194,junk_noise,treatment,3
3195,B,treatment,3
3196,junk_debris,treatment,3
3197,junk_noise,treatment,3
3198,junk_dead,treatment,3
3199,junk_dead,treatment,3
3200,junk_noise,treatment,3
3201,junk_noise,treatment,3
3202,Neutrophil,treatment,3
3203,Myeloid,treatment,3
3204,Myeloid,treatment,3
3205,junk_noise,treatment,3
3206,B,treatment,3
3207,B,treatment,3
3208,B,treatment,3
3209,junk_debris,treatment,3
3210,junk_doublet,treatment,3
3211,CD4_T,treatment,3
3212,B,treatment,3
3213,junk_noise,treatment,3
3214,B,treatment,3
3215,junk_noise,treatment,3
3216,junk_debris,treatment,3
3217,junk_doublet,treatment,3
3218,junk_noise,treatment,3
3219,junk_dead,treatment,3
3220,junk_dead,treatment,3
3221,junk_debris,treatment,3
3222,junk_debris,treatment,3
3223,Myeloid,treatment,3
3224,junk_dead,treatment,3
3225,Neutrophil,treatment,3
3226,junk_dead,treatment,3
3227,junk_doublet,treatment,3
3228,junk_noise,treatment,3
3229,Neutrophil,treatment,3
3230,junk_dead,treatment,3
3231,junk_debris,treatment,3
3232,junk_noise,treatment,3
3233,CD8_T,treatment,3
3234,junk_noise,treatment,3
3235,junk_noise,treatment,3
3236,CD4_T,treatment,3
3237,junk_debris,treatment,3
3238,Neutrophil,treatment,3
3239,CD8_T,treatment,3
3240,junk_dead,treatment,3
3241,CD4_T,treatment,3
3242,junk_noise,treatment,3
3243,junk_dead,treatment,3
3244,CD4_T,treatment,3
3245,junk_noise,treatment,3
3246,Myeloid,treatment,3
3247,junk_doublet,treatment,3
3248,B,treatment,3
3249,junk_noise,treatment,3
3250,Myeloid,treatment,3
3251,junk_dead,treatment,3
3252,junk_doublet,treatment,3
3253,CD8_T,treatment,3
3254,junk_debris,treatment,3
3255,junk_debris,treatment,3
3256,CD8_T,treatment,3
3257,Neutrophil,treatment,3
3258,DC,treatment,3
3259,junk_dead,treatment,3
3260,junk_noise,treatment,3
3261,junk_debris,treatment,3
3262,CD4_T,treatment,3
3263,junk_dead,treatment,3
3264,junk_debris,treatment,3
3265,CD4_T,treatment,3
3266,junk_noise,treatment,3
3267,B,treatment,3
3268,junk_dead,treatment,3
3269,NK,treatment,3
3270,NK,treatment,3
3271,CD4_T,treatment,3
3272,CD4_T,treatment,3
3273,CD4_T,treatment,3
3274,CD4_T,treatment,3
3275,junk_debris,treatment,3
3276,junk_noise,treatment,3
3277,junk_debris,treatment,3
3278,junk_debris,treatment,3
3279,B,treatment,3
3280,B,treatment,3
3281,junk_dead,treatment,3
3282,B,treatment,3
3283,junk_debris,treatment,3
3284,Neutrophil,treatment,3
3285,junk_debris,treatment,3
3286,junk_debris,treatment,3
3287,junk_debris,treatment,3
3288,junk_debris,treatment,3
3289,junk_debris,treatment,3
3290,CD8_T,treatment,3
3291,CD8_T,treatment,3
3292,junk_dead,treatment,3
3293,junk_doublet,treatment,3
3294,B,treatment,3
3295,junk_debris,treatment,3
3296,B,treatment,3
3297,junk_noise,treatment,3
3298,CD8_T,treatment,3
3299,junk_debris,treatment,3
3300,B,treatment,3
3301,junk_dead,treatment,3
3302,junk_debris,treatment,3
3303,junk_dead,treatment,3
3304,B,treatment,3
3305,junk_debris,treatment,3
3306,junk_dead,treatment,3
3307,CD8_T,treatment,3
3308,junk_doublet,treatment,3
3309,junk_noise,treatment,3
3310,junk_dead,treatment,3
3311,junk_debris,treatment,3
3312,junk_doublet,treatment,3
3313,junk_dead,treatment,3
3314,junk_doublet,treatment,3
3315,Neutrophil,treatment,3
3316,junk_debris,treatment,3
3317,junk_dead,treatment,3
3318,Myeloid,treatment,3
3319,junk_dead,treatment,3
3320,CD4_T,treatment,3
3321,Myeloid,treatment,3
3322,B,treatment,3
3323,junk_doublet,treatment,3
3324,Neutrophil,treatment,3
3325,junk_debris,treatment,3
3326,junk_debris,treatment,3
3327,B,treatment,3
3328,junk_debris,treatment,3
3329,junk_noise,treatment,3
3330,Myeloid,treatment,3
3331,junk_debris,treatment,3
3332,junk_noise,treatment,3
3333,junk_doublet,treatment,3
3334,junk_dead,treatment,3
3335,Myeloid,treatment,3
3336,junk_dead,treatment,3
3337,junk_noise,treatment,3
3338,junk_dead,treatment,3
3339,junk_debris,treatment,3
3340,junk_debris,treatment,3
3341,CD8_T,treatment,3
3342,CD4_T,treatment,3
3343,junk_debris,treatment,3
3344,junk_debris,treatment,3
3345,Neutrophil,treatment,3
3346,CD4_T,treatment,3
3347,B,treatment,3
3348,junk_doublet,treatment,3
3349,Myeloid,treatment,3
3350,junk_debris,treatment,3
3351,junk_dead,treatment,3
3352,Myeloid,treatment,3
3353,junk_doublet,treatment,3
3354,B,treatment,3
3355,junk_doublet,treatment,3
3356,junk_doublet,treatment,3
3357,Myeloid,treatment,3
3358,B,treatment,3
3359,junk_noise,treatment,3
3360,junk_debris,treatment,3
3361,Myeloid,treatment,3
3362,NK,treatment,3
3363,CD8_T,treatment,3
3364,CD8_T,treatment,3
3365,junk_dead,treatment,3
3366,junk_doublet,treatment,3
3367,junk_doublet,treatment,3
3368,junk_doublet,treatment,3
3369,junk_noise,treatment,3
3370,junk_debris,treatment,3
3371,junk_debris,treatment,3
3372,junk_doublet,treatment,3
3373,CD4_T,treatment,3
3374,junk_debris,treatment,3
3375,junk_debris,treatment,3
3376,CD8_T,treatment,3
3377,CD8_T,treatment,3
3378,B,treatment,3
3379,junk_debris,treatment,3
3380,junk_noise,treatment,3
3381,Myeloid,treatment,3
3382,junk_noise,treatment,3
3383,junk_debris,treatment,3
3384,B,treatment,3
3385,junk_noise,treatment,3
3386,CD4_T,treatment,3
3387,junk_debris,treatment,3
3388,junk_debris,treatment,3
3389,junk_debris,treatment,3
3390,Myeloid,treatment,3
3391,CD4_T,treatment,3
3392,junk_debris,treatment,3
3393,junk_debris,treatment,3
3394,junk_debris,treatment,3
3395,junk_noise,treatment,3
3396,junk_debris,treatment,3
3397,junk_dead,treatment,3
3398,junk_debris,treatment,3
3399,junk_doublet,treatment,3
3400,Myeloid,treatment,3
3401,junk_dead,treatment,3
3402,junk_debris,treatment,3
3403,junk_doublet,treatment,3
3404,junk_debris,treatment,3
3405,junk_doublet,treatment,3
3406,junk_dead,treatment,3
3407,junk_noise,treatment,3
3408,junk_dead,treatment,3
3409,B,treatment,3
3410,junk_debris,treatment,3
3411,junk_debris,treatment,3
3412,junk_noise,treatment,3
3413,junk_noise,treatment,3
3414,junk_dead,treatment,3
3415,junk_doublet,treatment,3
3416,junk_doublet,treatment,3
3417,junk_debris,treatment,3
3418,CD8_T,treatment,3
3419,junk_debris,treatment,3
3420,junk_dead,treatment,3
3421,junk_doublet,treatment,3
3422,junk_doublet,treatment,3
3423,junk_noise,treatment,3
3424,junk_dead,treatment,3
3425,junk_debris,treatment,3
3426,junk_dead,treatment,3
3427,CD8_T,treatment,3
3428,junk_debris,treatment,3
3429,junk_dead,treatment,3
3430,junk_dead,treatment,3
3431,CD8_T,treatment,3
3432,junk_debris,treatment,3
3433,junk_debris,treatment,3
3434,junk_debris,treatment,3
3435,B,treatment,3
3436,junk_doublet,treatment,3
3437,junk_doublet,treatment,3
3438,B,treatment,3
3439,junk_debris,treatment,3
3440,junk_doublet,treatment,3
3441,junk_dead,treatment,3
3442,junk_dead,treatment,3
3443,junk_doublet,treatment,3
3444,junk_doublet,treatment,3
3445,junk_debris,treatment,3
3446,junk_doublet,treatment,3
3447,junk_dead,treatment,3
3448,junk_doublet,treatment,3
3449,junk_doublet,treatment,3
3450,Myeloid,treatment,3
3451,junk_debris,treatment,3
3452,junk_dead,treatment,3
3453,junk_doublet,treatment,3
3454,junk_debris,treatment,3
3455,CD4_T,treatment,3
3456,junk_dead,treatment,3
3457,Neutrophil,treatment,3
3458,junk_debris,treatment,3
3459,junk_dead,treatment,3
3460,CD8_T,treatment,3
3461,CD4_T,treatment,3
3462,junk_debris,treatment,3
3463,junk_debris,treatment,3
3464,junk_doublet,treatment,3
3465,Myeloid,treatment,3
3466,CD4_T,treatment,3
3467,junk_debris,treatment,3
3468,NK,treatment,3
3469,Myeloid,treatment,3
3470,junk_doublet,treatment,3
3471,junk_debris,treatment,3
3472,junk_dead,treatment,3
3473,junk_debris,treatment,3
3474,junk_debris,treatment,3
3475,junk_noise,treatment,3
3476,junk_dead,treatment,3
3477,junk_debris,treatment,3
3478,B,treatment,3
3479,junk_doublet,treatment,3
3480,junk_debris,treatment,3
3481,junk_dead,treatment,3
3482,Neutrophil,treatment,3
3483,Myeloid,treatment,3
3484,junk_doublet,treatment,3
3485,junk_debris,treatment,3
3486,junk_debris,treatment,3
3487,Myeloid,treatment,3
3488,junk_debris,treatment,3
3489,junk_doublet,treatment,3
3490,CD4_T,treatment,3
3491,CD8_T,treatment,3
3492,junk_doublet,treatment,3
3493,CD8_T,treatment,3
3494,junk_doublet,treatment,3
3495,junk_dead,treatment,3
3496,CD4_T,treatment,3
3497,CD4_T,treatment,3
3498,junk_noise,treatment,3
3499,junk_debris,treatment,3
3500,junk_doublet,treatment,3
3501,CD8_T,treatment,3
3502,NK,treatment,3
3503,junk_debris,treatment,3
3504,junk_doublet,treatment,3
3505,junk_debris,treatment,3
3506,CD4_T,treatment,3
3507,B,treatment,3
3508,Myeloid,treatment,3
3509,junk_debris,treatment,3
3510,junk_dead,treatment,3
3511,junk_noise,treatment,3
3512,junk_dead,treatment,3
3513,junk_debris,treatment,3
3514,Myeloid,treatment,3
3515,junk_noise,treatment,3
3516,Myeloid,treatment,3
3517,junk_dead,treatment,3
3518,B,treatment,3
3519,junk_dead,treatment,3
3520,Myeloid,treatment,3
3521,junk_debris,treatment,3
3522,junk_dead,treatment,3
3523,junk_doublet,treatment,3
3524,junk_noise,treatment,3
3525,junk_debris,treatment,3
3526,B,treatment,3
3527,junk_dead,treatment,3
3528,Neutrophil,treatment,3
3529,CD8_T,treatment,3
3530,B,treatment,3
3531,junk_dead,treatment,3
3532,junk_noise,treatment,3
3533,CD8_T,treatment,3
3534,Myeloid,treatment,3
3535,junk_doublet,treatment,3
3536,junk_noise,treatment,3
3537,junk_dead,treatment,3
3538,DC,treatment,3
3539,junk_noise,treatment,3
3540,junk_doublet,treatment,3
3541,junk_debris,treatment,3
3542,junk_dead,treatment,3
3543,junk_dead,treatment,3
3544,Myeloid,treatment,3
3545,CD4_T,treatment,3
3546,DC,treatment,3
3547,junk_noise,treatment,3
3548,junk_debris,treatment,3
3549,junk_noise,treatment,3
3550,junk_dead,treatment,3
3551,NK,treatment,3
3552,junk_noise,treatment,3
3553,junk_debris,treatment,3
3554,CD4_T,treatment,3
3555,junk_debris,treatment,3
3556,junk_doublet,treatment,3
3557,junk_debris,treatment,3
3558,junk_dead,treatment,3
3559,junk_debris,treatment,3
3560,junk_noise,treatment,3
3561,CD4_T,treatment,3
3562,junk_debris,treatment,3
3563,CD4_T,treatment,3
3564,junk_doublet,treatment,3
3565,junk_dead,treatment,3
3566,junk_dead,treatment,3
3567,junk_doublet,treatment,3
3568,NK,treatment,3
3569,CD8_T,treatment,3
3570,junk_doublet,treatment,3
3571,junk_doublet,treatment,3
3572,junk_doublet,treatment,3
3573,junk_debris,treatment,3
3574,CD4_T,treatment,3
3575,junk_debris,treatment,3
3576,junk_debris,treatment,3
3577,junk_debris,treatment,3
3578,junk_doublet,treatment,3
3579,CD4_T,treatment,3
3580,junk_dead,treatment,3
3581,junk_debris,treatment,3
3582,junk_debris,treatment,3
3583,B,treatment,3
3584,junk_debris,treatment,3
3585,junk_debris,treatment,3
3586,junk_debris,treatment,3
3587,junk_debris,treatment,3
3588,junk_doublet,treatment,3
3589,B,treatment,3
3590,junk_dead,treatment,3
3591,junk_dead,treatment,3
3592,junk_debris,treatment,3
3593,B,treatment,3
3594,DC,treatment,3
3595,junk_doublet,treatment,3
3596,junk_debris,treatment,3
3597,junk_doublet,treatment,3
3598,B,treatment,3
3599,junk_doublet,treatment,3
3600,junk_dead,treatment,3
3601,junk_dead,treatment,3
3602,junk_dead,treatment,3
3603,B,treatment,3
3604,CD4_T,treatment,3
3605,junk_noise,treatment,3
3606,junk_debris,treatment,3
3607,Myeloid,treatment,3
3608,CD4_T,treatment,3
3609,junk_debris,treatment,3
3610,B,treatment,3
3611,CD4_T,treatment,3
3612,junk_debris,treatment,3
3613,junk_debris,treatment,3
3614,Myeloid,treatment,3
3615,B,treatment,3
3616,Neutrophil,treatment,3
3617,junk_doublet,treatment,3
3618,junk_debris,treatment,3
3619,Myeloid,treatment,3
3620,junk_debris,treatment,3
3621,junk_debris,treatment,3
3622,Myeloid,treatment,3
3623,junk_doublet,treatment,3
3624,B,treatment,3
3625,B,treatment,3
3626,junk_doublet,treatment,3
3627,junk_debris,treatment,3
3628,CD8_T,treatment,3
3629,B,treatment,3
3630,junk_doublet,treatment,3
3631,B,treatment,3
3632,junk_debris,treatment,3
3633,CD8_T,treatment,3
3634,junk_debris,treatment,3
3635,B,treatment,3
3636,junk_debris,treatment,3
3637,junk_debris,treatment,3
3638,junk_noise,treatment,3
3639,CD4_T,treatment,3
3640,junk_dead,treatment,3
3641,CD4_T,treatment,3
3642,B,treatment,3
3643,B,treatment,3
3644,junk_doublet,treatment,3
3645,junk_debris,treatment,3
3646,Myeloid,treatment,3
3647,junk_debris,treatment,3
3648,junk_debris,treatment,3
3649,junk_dead,treatment,3
3650,junk_debris,treatment,3
3651,junk_dead,treatment,3
3652,Neutrophil,treatment,3
3653,junk_debris,treatment,3
3654,junk_noise,treatment,3
3655,junk_debris,treatment,3
3656,junk_doublet,treatment,3
3657,junk_noise,treatment,3
3658,junk_doublet,treatment,3
3659,B,treatment,3
3660,Neutrophil,treatment,3
3661,junk_dead,treatment,3
3662,junk_doublet,treatment,3
3663,CD8_T,treatment,3
3664,CD8_T,treatment,3
3665,junk_doublet,treatment,3
3666,junk_debris,treatment,3
3667,junk_dead,treatment,3
3668,CD8_T,treatment,3
3669,junk_debris,treatment,3
3670,junk_debris,treatment,3
3671,junk_debris,treatment,3
3672,DC,treatment,3
3673,junk_debris,treatment,3
3674,CD8_T,treatment,3
3675,junk_doublet,treatment,3
3676,junk_noise,treatment,3
3677,CD4_T,treatment,3
3678,junk_dead,treatment,3
3679,junk_doublet,treatment,3
3680,B,treatment,3
3681,Myeloid,treatment,3
3682,junk_debris,treatment,3
3683,Neutrophil,treatment,3
3684,junk_debris,treatment,3
3685,junk_doublet,treatment,3
3686,Neutrophil,treatment,3
3687,junk_noise,treatment,3
3688,junk_doublet,treatment,3
3689,CD8_T,treatment,3
3690,junk_noise,treatment,3
3691,junk_noise,treatment,3
3692,Myeloid,treatment,3
3693,B,treatment,3
3694,junk_noise,treatment,3
3695,junk_dead,treatment,3
3696,junk_dead,treatment,3
3697,junk_debris,treatment,3
3698,junk_debris,treatment,3
3699,junk_doublet,treatment,3
3700,Myeloid,treatment,3
3701,junk_dead,treatment,3
3702,junk_noise,treatment,3
3703,junk_doublet,treatment,3
3704,Myeloid,treatment,3
3705,junk_debris,treatment,3
3706,junk_doublet,treatment,3
3707,B,treatment,3
3708,junk_dead,treatment,3
3709,junk_debris,treatment,3
3710,junk_dead,treatment,3
3711,junk_noise,treatment,3
3712,junk_debris,treatment,3
3713,junk_doublet,treatment,3
3714,junk_noise,treatment,3
3715,junk_dead,treatment,3
3716,CD4_T,treatment,3
3717,junk_doublet,treatment,3
3718,junk_debris,treatment,3
3719,CD8_T,treatment,3
3720,junk_dead,treatment,3
3721,junk_debris,treatment,3
3722,CD8_T,treatment,3
3723,Neutrophil,treatment,3
3724,CD4_T,treatment,3
3725,junk_noise,treatment,3
3726,junk_dead,treatment,3
3727,junk_dead,treatment,3
3728,junk_dead,treatment,3
3729,junk_debris,treatment,3
3730,junk_debris,treatment,3
3731,junk_dead,treatment,3
3732,junk_doublet,treatment,3
3733,junk_debris,treatment,3
3734,junk_debris,treatment,3
3735,junk_debris,treatment,3
3736,junk_dead,treatment,3
3737,CD4_T,treatment,3
3738,NK,treatment,3
3739,junk_debris,treatment,3
3740,junk_doublet,treatment,3
3741,junk_debris,treatment,3
3742,junk_noise,treatment,3
3743,Myeloid,treatment,3
3744,CD4_T,treatment,3
3745,junk_dead,treatment,3
3746,CD8_T,treatment,3
3747,Neutrophil,treatment,3
3748,junk_dead,treatment,3
3749,junk_dead,treatment,3
3750,junk_doublet,treatment,3
3751,junk_debris,treatment,3
3752,B,treatment,3
3753,junk_dead,treatment,3
3754,Myeloid,treatment,3
3755,junk_doublet,treatment,3
3756,junk_doublet,treatment,3
3757,junk_debris,treatment,3
3758,junk_dead,treatment,3
3759,B,treatment,3
3760,junk_dead,treatment,3
3761,junk_debris,treatment,3
3762,CD4_T,treatment,3
3763,junk_debris,treatment,3
3764,B,treatment,3
3765,junk_doublet,treatment,3
3766,Myeloid,treatment,3
3767,junk_dead,treatment,3
3768,Neutrophil,treatment,3
3769,junk_debris,treatment,3
3770,junk_doublet,treatment,3
3771,junk_noise,treatment,3
3772,junk_dead,treatment,3
3773,B,treatment,3
3774,junk_dead,treatment,3
3775,CD4_T,treatment,3
3776,CD4_T,treatment,3
3777,junk_noise,treatment,3
3778,junk_debris,treatment,3
3779,Myeloid,treatment,3
3780,junk_debris,treatment,3
3781,CD4_T,treatment,3
3782,junk_noise,treatment,3
3783,junk_dead,treatment,3
3784,junk_dead,treatment,3
3785,junk_debris,treatment,3
3786,junk_debris,treatment,3
3787,junk_doublet,treatment,3
3788,CD4_T,treatment,3
3789,junk_debris,treatment,3
3790,Neutrophil,treatment,3
3791,junk_dead,treatment,3
3792,junk_debris,treatment,3
3793,CD4_T,treatment,3
3794,Myeloid,treatment,3
3795,junk_dead,treatment,3
3796,junk_debris,treatment,3
3797,Neutrophil,treatment,3
3798,junk_debris,treatment,3
3799,Myeloid,treatment,3
3800,CD8_T,treatment,3
3801,junk_doublet,treatment,3
3802,CD8_T,treatment,3
3803,Neutrophil,treatment,3
3804,junk_debris,treatment,3
3805,junk_doublet,treatment,3
3806,junk_debris,treatment,3
3807,CD4_T,treatment,3
3808,junk_debris,treatment,3
3809,Neutrophil,treatment,3
3810,junk_dead,treatment,3
3811,junk_dead,treatment,3
3812,B,treatment,3
3813,junk_dead,treatment,3
3814,junk_dead,treatment,3
3815,junk_debris,treatment,3
3816,junk_doublet,treatment,3
3817,junk_debris,treatment,3
3818,junk_debris,treatment,3
3819,B,treatment,3
3820,CD8_T,treatment,3
3821,junk_doublet,treatment,3
3822,junk_noise,treatment,3
3823,junk_debris,treatment,3
3824,B,treatment,3
3825,junk_dead,treatment,3
3826,junk_doublet,treatment,3
3827,junk_dead,treatment,3
3828,junk_doublet,treatment,3
3829,junk_debris,treatment,3
3830,junk_doublet,treatment,3
3831,CD8_T,treatment,3
3832,junk_doublet,treatment,3
3833,junk_debris,treatment,3
3834,junk_debris,treatment,3
3835,junk_debris,treatment,3
3836,junk_doublet,treatment,3
3837,junk_dead,treatment,3
3838,Neutrophil,treatment,3
3839,junk_dead,treatment,3
3840,junk_doublet,treatment,3
3841,junk_dead,treatment,3
3842,junk_debris,treatment,3
3843,junk_doublet,treatment,3
3844,B,treatment,3
3845,junk_dead,treatment,3
3846,Myeloid,treatment,3
3847,junk_debris,treatment,3
3848,Neutrophil,treatment,3
3849,Neutrophil,treatment,3
3850,junk_noise,treatment,3
3851,junk_dead,treatment,3
3852,B,treatment,3
3853,junk_doublet,treatment,3
3854,junk_debris,treatment,3
3855,junk_debris,treatment,3
3856,junk_debris,treatment,3
3857,B,treatment,3
3858,junk_doublet,treatment,3
3859,junk_noise,treatment,3
3860,Myeloid,treatment,3
3861,junk_debris,treatment,3
3862,junk_debris,treatment,3
3863,junk_debris,treatment,3
3864,CD8_T,treatment,3
3865,junk_dead,treatment,3
3866,junk_doublet,treatment,3
3867,junk_noise,treatment,3
3868,junk_noise,treatment,3
3869,junk_noise,treatment,3
3870,junk_debris,treatment,3
3871,junk_debris,treatment,3
3872,junk_dead,treatment,3
3873,junk_debris,treatment,3
3874,junk_debris,treatment,3
3875,junk_noise,treatment,3
3876,junk_debris,treatment,3
3877,junk_doublet,treatment,3
3878,CD8_T,treatment,3
3879,junk_debris,treatment,3
3880,junk_debris,treatment,3
3881,junk_noise,treatment,3
3882,junk_doublet,treatment,3
3883,junk_debris,treatment,3
3884,junk_debris,treatment,3
3885,junk_debris,treatment,3
3886,junk_doublet,treatment,3
3887,B,treatment,3
3888,junk_doublet,treatment,3
3889,NK,treatment,3
3890,junk_noise,treatment,3
3891,CD4_T,treatment,3
3892,junk_dead,treatment,3
3893,CD8_T,treatment,3
3894,Neutrophil,treatment,3
3895,CD4_T,treatment,3
3896,junk_dead,treatment,3
3897,B,treatment,3
3898,junk_noise,treatment,3
3899,B,treatment,3
3900,Myeloid,treatment,3
3901,junk_debris,treatment,3
3902,Neutrophil,treatment,3
3903,junk_dead,treatment,3
3904,junk_doublet,treatment,3
3905,B,treatment,3
3906,junk_debris,treatment,3
3907,junk_doublet,treatment,3
3908,CD4_T,treatment,3
3909,junk_doublet,treatment,3
3910,junk_debris,treatment,3
3911,junk_dead,treatment,3
3912,junk_doublet,treatment,3
3913,Myeloid,treatment,3
3914,junk_debris,treatment,3
3915,junk_doublet,treatment,3
3916,Myeloid,treatment,3
3917,B,treatment,3
3918,junk_dead,treatment,3
3919,B,treatment,3
3920,junk_debris,treatment,3
3921,junk_doublet,treatment,3
3922,junk_noise,treatment,3
3923,B,treatment,3
3924,B,treatment,3
3925,junk_noise,treatment,3
3926,CD4_T,treatment,3
3927,NK,treatment,3
3928,junk_noise,treatment,3
3929,junk_dead,treatment,3
3930,CD4_T,treatment,3
3931,junk_debris,treatment,3
3932,CD4_T,treatment,3
3933,junk_debris,treatment,3
3934,junk_debris,treatment,3
3935,CD4_T,treatment,3
3936,CD4_T,treatment,3
3937,CD4_T,treatment,3
3938,B,treatment,3
3939,junk_dead,treatment,3
3940,junk_noise,treatment,3
3941,junk_debris,treatment,3
3942,CD4_T,treatment,3
3943,junk_debris,treatment,3
3944,junk_doublet,treatment,3
3945,junk_noise,treatment,3
3946,Myeloid,treatment,3
3947,junk_dead,treatment,3
3948,junk_noise,treatment,3
3949,junk_noise,treatment,3
3950,junk_doublet,treatment,3
3951,CD8_T,treatment,3
3952,CD4_T,treatment,3
3953,CD4_T,treatment,3
3954,junk_dead,treatment,3
3955,junk_doublet,treatment,3
3956,junk_doublet,treatment,3
3957,junk_debris,treatment,3
3958,Neutrophil,treatment,3
3959,junk_dead,treatment,3
3960,junk_debris,treatment,3
3961,junk_dead,treatment,3
3962,junk_debris,treatment,3
3963,junk_debris,treatment,3
3964,junk_debris,treatment,3
3965,junk_debris,treatment,3
3966,junk_debris,treatment,3
3967,junk_debris,treatment,3
3968,junk_doublet,treatment,3
3969,Myeloid,treatment,3
3970,junk_dead,treatment,3
3971,junk_debris,treatment,3
3972,junk_doublet,treatment,3
3973,Myeloid,treatment,3
3974,junk_dead,treatment,3
3975,DC,treatment,3
3976,CD4_T,treatment,3
3977,Myeloid,treatment,3
3978,junk_doublet,treatment,3
3979,junk_debris,treatment,3
3980,junk_noise,treatment,3
3981,junk_noise,treatment,3
3982,junk_debris,treatment,3
3983,junk_doublet,treatment,3
3984,CD4_T,treatment,3
3985,junk_dead,treatment,3
3986,CD4_T,treatment,3
3987,CD4_T,treatment,3
3988,junk_debris,treatment,3
3989,junk_noise,treatment,3
3990,junk_debris,treatment,3
3991,junk_doublet,treatment,3
3992,junk_doublet,treatment,3
3993,junk_debris,treatment,3
3994,junk_debris,treatment,3
3995,Neutrophil,treatment,3
3996,Neutrophil,treatment,3
3997,junk_dead,treatment,3
3998,junk_doublet,treatment,3
3999,junk_doublet,treatment,3
4000,junk_debris,treatment,3
4001,CD4_T,treatment,3
4002,junk_doublet,treatment,3
4003,junk_debris,treatment,3
4004,junk_dead,treatment,3
4005,junk_debris,treatment,3
4006,junk_debris,treatment,3
4007,junk_doublet,treatment,3
4008,junk_debris,treatment,3
4009,junk_dead,treatment,3
4010,junk_doublet,treatment,3
4011,junk_doublet,treatment,3
4012,junk_doublet,treatment,3
4013,CD4_T,treatment,3
4014,Neutrophil,treatment,3
4015,junk_doublet,treatment,3
4016,CD8_T,treatment,3
4017,Neutrophil,treatment,3
4018,junk_dead,treatment,3
4019,B,treatment,3
4020,B,treatment,3
4021,B,treatment,3
4022,junk_noise,treatment,3
4023,junk_dead,treatment,3
4024,junk_dead,treatment,3
4025,junk_debris,treatment,3
4026,CD4_T,treatment,3
4027,junk_debris,treatment,3
4028,junk_dead,treatment,3
4029,B,treatment,3
4030,junk_doublet,treatment,3
4031,junk_dead,treatment,3
4032,Myeloid,treatment,3
4033,Myeloid,treatment,3
4034,Neutrophil,treatment,3
4035,CD4_T,treatment,3
4036,Neutrophil,treatment,3
4037,junk_debris,treatment,3
4038,CD8_T,treatment,3
4039,junk_doublet,treatment,3
4040,junk_noise,treatment,3
4041,junk_dead,treatment,3
4042,Neutrophil,treatment,3
4043,junk_noise,treatment,3
4044,junk_debris,treatment,3
4045,junk_noise,treatment,3
4046,junk_debris,treatment,3
4047,CD4_T,treatment,3
4048,junk_debris,treatment,3
4049,junk_debris,treatment,3
4050,junk_debris,treatment,3
4051,junk_debris,treatment,3
4052,junk_dead,treatment,3
4053,junk_debris,treatment,3
4054,junk_dead,treatment,3
4055,DC,treatment,3
4056,Myeloid,treatment,3
4057,junk_dead,treatment,3
4058,junk_dead,treatment,3
4059,junk_doublet,treatment,3
4060,junk_doublet,treatment,3
4061,junk_debris,treatment,3
4062,B,treatment,3
4063,junk_dead,treatment,3
4064,junk_debris,treatment,3
4065,B,treatment,3
4066,junk_doublet,treatment,3
4067,Myeloid,treatment,3
4068,CD8_T,treatment,3
4069,junk_dead,treatment,3
4070,junk_doublet,treatment,3
4071,junk_doublet,treatment,3
4072,NK,treatment,3
4073,junk_debris,treatment,3
4074,CD8_T,treatment,3
4075,junk_debris,treatment,3
4076,junk_debris,treatment,3
4077,junk_dead,treatment,3
4078,junk_doublet,treatment,3
4079,junk_dead,treatment,3
4080,DC,treatment,3
4081,junk_debris,treatment,3
4082,CD8_T,treatment,3
4083,B,treatment,3
4084,junk_debris,treatment,3
4085,junk_debris,treatment,3
4086,junk_dead,treatment,3
4087,B,treatment,3
4088,junk_doublet,treatment,3
4089,junk_doublet,treatment,3
4090,junk_debris,treatment,3
4091,junk_debris,treatment,3
4092,Myeloid,treatment,3
4093,Myeloid,treatment,3
4094,CD4_T,treatment,3
4095,CD4_T,treatment,3
4096,CD8_T,treatment,3
4097,junk_debris,treatment,3
4098,Myeloid,treatment,3
4099,CD8_T,treatment,3
4100,junk_debris,treatment,3
4101,B,treatment,3
4102,junk_doublet,treatment,3
4103,junk_debris,treatment,3
4104,junk_dead,treatment,3
4105,CD8_T,treatment,3
4106,B,treatment,3
4107,junk_doublet,treatment,3
4108,junk_dead,treatment,3
4109,junk_debris,treatment,3
4110,junk_dead,treatment,3
4111,CD8_T,treatment,3
4112,junk_debris,treatment,3
4113,junk_doublet,treatment,3
4114,Neutrophil,treatment,3
4115,junk_noise,treatment,3
4116,junk_doublet,treatment,3
4117,junk_doublet,treatment,3
4118,B,treatment,3
4119,NK,treatment,3
4120,CD8_T,treatment,3
4121,junk_doublet,treatment,3
4122,Neutrophil,treatment,3
4123,DC,treatment,3
4124,CD4_T,treatment,3
4125,junk_doublet,treatment,3
4126,junk_dead,treatment,3
4127,junk_debris,treatment,3
4128,junk_noise,treatment,3
4129,junk_doublet,treatment,3
4130,junk_debris,treatment,3
4131,junk_debris,treatment,3
4132,junk_debris,treatment,3
4133,junk_doublet,treatment,3
4134,B,treatment,3
4135,CD4_T,treatment,3
4136,junk_debris,treatment,3
4137,junk_doublet,treatment,3
4138,B,treatment,3
4139,junk_doublet,treatment,3
4140,CD4_T,treatment,3
4141,junk_noise,treatment,3
4142,junk_dead,treatment,3
4143,CD4_T,treatment,3
4144,junk_debris,treatment,3
4145,B,treatment,3
4146,junk_doublet,treatment,3
4147,junk_debris,treatment,3
4148,junk_doublet,treatment,3
4149,CD4_T,treatment,3
4150,junk_doublet,treatment,3
4151,junk_noise,treatment,3
4152,B,treatment,3
4153,junk_dead,treatment,3
4154,junk_debris,treatment,3
4155,Neutrophil,treatment,3
4156,junk_debris,treatment,3
4157,junk_debris,treatment,3
4158,B,treatment,3
4159,junk_dead,treatment,3
4160,junk_dead,treatment,3
4161,junk_dead,treatment,3
4162,CD4_T,treatment,3
4163,junk_debris,treatment,3
4164,Myeloid,treatment,3
4165,junk_noise,treatment,3
4166,junk_debris,treatment,3
4167,junk_doublet,treatment,3
4168,B,treatment,3
4169,junk_debris,treatment,3
4170,junk_doublet,treatment,3
4171,Myeloid,treatment,3
4172,CD8_T,treatment,3
4173,CD8_T,treatment,3
4174,junk_dead,treatment,3
4175,junk_debris,treatment,3
4176,junk_doublet,treatment,3
4177,CD8_T,treatment,3
4178,junk_noise,treatment,3
4179,junk_dead,treatment,3
4180,CD8_T,treatment,3
4181,junk_debris,treatment,3
4182,B,treatment,3
4183,junk_debris,treatment,3
4184,junk_noise,treatment,3
4185,junk_debris,treatment,3
4186,junk_doublet,treatment,3
4187,Myeloid,treatment,3
4188,DC,treatment,3
4189,junk_dead,treatment,3
4190,CD4_T,treatment,3
4191,junk_debris,treatment,3
4192,junk_debris,treatment,3
4193,junk_noise,treatment,3
4194,junk_noise,treatment,3
4195,junk_doublet,treatment,3
4196,junk_noise,treatment,3
4197,junk_doublet,treatment,3
4198,junk_debris,treatment,3
4199,junk_doublet,treatment,3
4200,junk_doublet,treatment,3
4201,junk_noise,treatment,3
4202,junk_dead,treatment,3
4203,Neutrophil,treatment,3
4204,junk_debris,treatment,3
4205,junk_noise,treatment,3
4206,junk_dead,treatment,3
4207,junk_debris,treatment,3
4208,junk_doublet,treatment,3
4209,junk_noise,treatment,3
4210,junk_dead,treatment,3
4211,DC,treatment,3
4212,CD4_T,treatment,3
4213,junk_doublet,treatment,3
4214,junk_doublet,treatment,3
4215,junk_doublet,treatment,3
4216,junk_doublet,treatment,3
4217,B,treatment,3
4218,junk_dead,treatment,3
4219,junk_noise,treatment,3
4220,junk_doublet,treatment,3
4221,junk_dead,treatment,3
4222,CD4_T,treatment,3
4223,junk_dead,treatment,3
4224,junk_debris,treatment,3
4225,junk_doublet,treatment,3
4226,junk_doublet,treatment,3
4227,junk_debris,treatment,3
4228,Neutrophil,treatment,3
4229,junk_dead,treatment,3
4230,junk_dead,treatment,3
4231,junk_debris,treatment,3
4232,B,treatment,3
4233,Myeloid,treatment,3
4234,junk_debris,treatment,3
4235,junk_doublet,treatment,3
4236,CD8_T,treatment,3
4237,junk_dead,treatment,3
4238,junk_dead,treatment,3
4239,junk_dead,treatment,3
4240,CD8_T,treatment,3
4241,junk_debris,treatment,3
4242,junk_doublet,treatment,3
4243,junk_debris,treatment,3
4244,CD4_T,treatment,3
4245,Neutrophil,treatment,3
4246,junk_doublet,treatment,3
4247,CD8_T,treatment,3
4248,CD8_T,treatment,3
4249,junk_debris,treatment,3
4250,junk_debris,treatment,3
4251,junk_debris,treatment,3
4252,junk_debris,treatment,3
4253,B,treatment,3
4254,junk_dead,treatment,3
4255,junk_dead,treatment,3
4256,junk_debris,treatment,3
4257,DC,treatment,3
4258,Myeloid,treatment,3
4259,junk_dead,treatment,3
4260,Myeloid,treatment,3
4261,junk_noise,treatment,3
4262,junk_debris,treatment,3
4263,CD4_T,treatment,3
4264,junk_debris,treatment,3
4265,junk_noise,treatment,3
4266,NK,treatment,3
4267,junk_debris,treatment,3
4268,CD8_T,treatment,3
4269,junk_doublet,treatment,3
4270,junk_noise,treatment,3
4271,Neutrophil,treatment,3
4272,CD4_T,treatment,3
4273,junk_debris,treatment,3
4274,junk_doublet,treatment,3
4275,junk_dead,treatment,3
4276,junk_debris,treatment,3
4277,Myeloid,treatment,3
4278,CD8_T,treatment,3
4279,junk_debris,treatment,3
4280,Myeloid,treatment,3
4281,junk_dead,treatment,3
4282,CD4_T,treatment,3
4283,junk_debris,treatment,3
4284,CD4_T,treatment,3
4285,junk_debris,treatment,3
4286,junk_doublet,treatment,3
4287,junk_debris,treatment,3
4288,junk_debris,treatment,3
4289,junk_doublet,treatment,3
4290,junk_doublet,treatment,3
4291,CD4_T,treatment,3
4292,junk_debris,treatment,3
4293,Neutrophil,treatment,3
4294,junk_debris,treatment,3
4295,junk_debris,treatment,3
4296,junk_noise,treatment,3
4297,junk_debris,treatment,3
4298,junk_doublet,treatment,3
4299,junk_debris,treatment,3
4300,junk_noise,treatment,3
4301,junk_debris,treatment,3
4302,junk_dead,treatment,3
4303,B,treatment,3
4304,junk_dead,treatment,3
4305,junk_dead,treatment,3
4306,CD8_T,treatment,3
4307,junk_dead,treatment,3
4308,junk_debris,treatment,3
4309,junk_dead,treatment,3
4310,junk_noise,treatment,3
4311,junk_dead,treatment,3
4312,junk_doublet,treatment,3
4313,junk_doublet,treatment,3
4314,NK,treatment,3
4315,junk_debris,treatment,3
4316,junk_debris,treatment,3
4317,junk_doublet,treatment,3
4318,junk_debris,treatment,3
4319,junk_noise,treatment,3
4320,Myeloid,treatment,3
4321,junk_noise,treatment,3
4322,CD4_T,treatment,3
4323,Myeloid,treatment,3
4324,junk_debris,treatment,3
4325,junk_debris,treatment,3
4326,junk_dead,treatment,3
4327,junk_dead,treatment,3
4328,CD4_T,treatment,3
4329,NK,treatment,3
4330,CD4_T,treatment,3
4331,junk_dead,treatment,3
4332,junk_debris,treatment,3
4333,junk_dead,treatment,3
4334,Myeloid,treatment,3
4335,junk_noise,treatment,3
4336,junk_noise,treatment,3
4337,junk_doublet,treatment,3
4338,CD4_T,treatment,3
4339,B,treatment,3
4340,junk_debris,treatment,3
4341,junk_debris,treatment,3
4342,junk_noise,treatment,3
4343,junk_dead,treatment,3
4344,junk_debris,treatment,3
4345,B,treatment,3
4346,junk_doublet,treatment,3
4347,junk_doublet,treatment,3
4348,CD4_T,treatment,3
4349,junk_dead,treatment,3
4350,Neutrophil,treatment,3
4351,B,treatment,3
4352,B,treatment,3
4353,junk_debris,treatment,3
4354,junk_debris,treatment,3
4355,Myeloid,treatment,3
4356,junk_noise,treatment,3
4357,CD8_T,treatment,3
4358,B,treatment,3
4359,Neutrophil,treatment,3
4360,junk_doublet,treatment,3
4361,junk_debris,treatment,3
4362,junk_debris,treatment,3
4363,junk_debris,treatment,3
4364,junk_doublet,treatment,3
4365,junk_doublet,treatment,3
4366,junk_doublet,treatment,3
4367,Myeloid,treatment,3
4368,junk_doublet,treatment,3
4369,junk_debris,treatment,3
4370,Myeloid,treatment,3
4371,Myeloid,treatment,3
4372,junk_doublet,treatment,3
4373,junk_debris,treatment,3
4374,CD8_T,treatment,3
4375,junk_noise,treatment,3
4376,junk_noise,treatment,3
4377,B,treatment,3
4378,Myeloid,treatment,3
4379,B,treatment,3
4380,junk_dead,treatment,3
4381,CD8_T,treatment,3
4382,junk_debris,treatment,3
4383,B,treatment,3
4384,junk_debris,treatment,3
4385,junk_dead,treatment,3
4386,junk_doublet,treatment,3
4387,B,treatment,3
4388,junk_noise,treatment,3
4389,junk_noise,treatment,3
4390,B,treatment,3
4391,junk_doublet,treatment,3
4392,junk_noise,treatment,3
4393,junk_debris,treatment,3
4394,junk_doublet,treatment,3
4395,B,treatment,3
4396,B,treatment,3
4397,junk_debris,treatment,3
4398,junk_dead,treatment,3
4399,junk_doublet,treatment,3
4400,B,treatment,3
4401,junk_debris,treatment,3
4402,junk_doublet,treatment,3
4403,CD4_T,treatment,3
4404,junk_doublet,treatment,3
4405,junk_debris,treatment,3
4406,B,treatment,3
4407,junk_dead,treatment,3
4408,junk_debris,treatment,3
4409,Neutrophil,treatment,3
4410,junk_debris,treatment,3
4411,junk_dead,treatment,3
4412,NK,treatment,3
4413,junk_dead,treatment,3
4414,junk_debris,treatment,3
4415,junk_debris,treatment,3
4416,junk_doublet,treatment,3
4417,junk_noise,treatment,3
4418,junk_dead,treatment,3
4419,junk_noise,treatment,3
4420,junk_dead,treatment,3
4421,junk_debris,treatment,3
4422,junk_doublet,treatment,3
4423,junk_debris,treatment,3
4424,junk_doublet,treatment,3
4425,junk_dead,treatment,3
4426,junk_dead,treatment,3
4427,NK,treatment,3
4428,junk_noise,treatment,3
4429,junk_debris,treatment,3
4430,junk_doublet,treatment,3
4431,junk_noise,treatment,3
4432,junk_debris,treatment,3
4433,junk_doublet,treatment,3
4434,junk_debris,treatment,3
4435,junk_dead,treatment,3
4436,junk_debris,treatment,3
4437,CD4_T,treatment,3
4438,B,treatment,3
4439,junk_debris,treatment,3
4440,junk_noise,treatment,3
4441,junk_debris,treatment,3
4442,junk_debris,treatment,3
4443,junk_doublet,treatment,3
4444,B,treatment,3
4445,B,treatment,3
4446,junk_noise,treatment,3
4447,junk_doublet,treatment,3
4448,B,treatment,3
4449,junk_doublet,treatment,3
4450,NK,treatment,3
4451,junk_doublet,treatment,3
4452,B,treatment,3
4453,junk_debris,treatment,3
4454,CD4_T,treatment,3
4455,junk_debris,treatment,3
4456,junk_dead,treatment,3
4457,junk_dead,treatment,3
4458,junk_doublet,treatment,3
4459,junk_doublet,treatment,3
4460,B,treatment,3
4461,junk_debris,treatment,3
4462,CD4_T,treatment,3
4463,CD4_T,treatment,3
4464,junk_debris,treatment,3
4465,NK,treatment,3
4466,junk_noise,treatment,3
4467,Neutrophil,treatment,3
4468,junk_doublet,treatment,3
4469,junk_doublet,treatment,3
4470,junk_dead,treatment,3
4471,B,treatment,3
4472,junk_doublet,treatment,3
4473,junk_debris,treatment,3
4474,CD8_T,treatment,3
4475,junk_dead,treatment,3
4476,CD4_T,treatment,3
4477,junk_dead,treatment,3
4478,CD4_T,treatment,3
4479,CD4_T,treatment,3
4480,Myeloid,treatment,3
4481,junk_noise,treatment,3
4482,B,treatment,3
4483,junk_debris,treatment,3
4484,junk_dead,treatment,3
4485,junk_doublet,treatment,3
4486,junk_debris,treatment,3
4487,junk_noise,treatment,3
4488,junk_debris,treatment,3
4489,junk_debris,treatment,3
4490,junk_noise,treatment,3
4491,CD8_T,treatment,3
4492,junk_dead,treatment,3
4493,CD4_T,treatment,3
4494,junk_noise,treatment,3
4495,junk_debris,treatment,3
4496,Neutrophil,treatment,3
4497,junk_debris,treatment,3
4498,junk_dead,treatment,3
4499,CD4_T,treatment,3
4500,junk_noise,treatment,3
4501,junk_debris,treatment,3
4502,junk_dead,treatment,3
4503,junk_noise,treatment,3
4504,Myeloid,treatment,3
4505,junk_dead,treatment,3
4506,junk_dead,treatment,3
4507,junk_debris,treatment,3
4508,junk_doublet,treatment,3
4509,junk_debris,treatment,3
4510,junk_doublet,treatment,3
4511,junk_dead,treatment,3
4512,junk_dead,treatment,3
4513,junk_debris,treatment,3
4514,B,treatment,3
4515,CD8_T,treatment,3
4516,junk_doublet,treatment,3
4517,CD8_T,treatment,3
4518,junk_debris,treatment,3
4519,junk_dead,treatment,3
4520,junk_dead,treatment,3
4521,B,treatment,3
4522,junk_doublet,treatment,3
4523,junk_debris,treatment,3
4524,junk_debris,treatment,3
4525,junk_debris,treatment,3
4526,CD4_T,treatment,3
4527,junk_noise,treatment,3
4528,Myeloid,treatment,3
4529,CD8_T,treatment,3
4530,junk_debris,treatment,3
4531,CD4_T,treatment,3
4532,DC,treatment,3
4533,Myeloid,treatment,3
4534,junk_debris,treatment,3
4535,junk_debris,treatment,3
4536,junk_debris,treatment,3
4537,junk_debris,treatment,3
4538,junk_noise,treatment,3
4539,B,treatment,3
4540,Neutrophil,treatment,3
4541,junk_debris,treatment,3
4542,DC,treatment,3
4543,junk_doublet,treatment,3
4544,Myeloid,treatment,3
4545,junk_noise,treatment,3
4546,CD8_T,treatment,3
4547,junk_dead,treatment,3
4548,junk_debris,treatment,3
4549,Myeloid,treatment,3
4550,DC,treatment,3
4551,junk_doublet,treatment,3
4552,junk_dead,treatment,3
4553,B,treatment,3
4554,NK,treatment,3
4555,junk_noise,treatment,3
4556,junk_debris,treatment,3
4557,junk_dead,treatment,3
4558,junk_debris,treatment,3
4559,B,treatment,3
4560,junk_dead,treatment,3
4561,junk_doublet,treatment,3
4562,junk_dead,treatment,3
4563,junk_dead,treatment,3
4564,Myeloid,treatment,3
4565,junk_dead,treatment,3
4566,CD8_T,treatment,3
4567,junk_doublet,treatment,3
4568,junk_debris,treatment,3
4569,junk_dead,treatment,3
4570,Neutrophil,treatment,3
4571,junk_debris,treatment,3
4572,B,treatment,3
4573,junk_dead,treatment,3
4574,junk_debris,treatment,3
4575,B,treatment,3
4576,junk_debris,treatment,3
4577,junk_dead,treatment,3
4578,junk_noise,treatment,3
4579,junk_debris,treatment,3
4580,Myeloid,treatment,3
4581,junk_noise,treatment,3
4582,Myeloid,treatment,3
4583,CD4_T,treatment,3
4584,B,treatment,3
4585,junk_doublet,treatment,3
4586,Myeloid,treatment,3
4587,junk_debris,treatment,3
4588,junk_debris,treatment,3
4589,CD4_T,treatment,3
4590,junk_dead,treatment,3
4591,junk_dead,treatment,3
4592,junk_dead,treatment,3
4593,CD8_T,treatment,3
4594,junk_debris,treatment,3
4595,CD8_T,treatment,3
4596,B,treatment,3
4597,B,treatment,3
4598,B,treatment,3
4599,Myeloid,treatment,3
4600,Myeloid,treatment,3
4601,junk_debris,treatment,3
4602,junk_debris,treatment,3
4603,Myeloid,treatment,3
4604,junk_debris,treatment,3
4605,junk_noise,treatment,3
4606,junk_debris,treatment,3
4607,junk_doublet,treatment,3
4608,junk_debris,treatment,3
4609,B,treatment,3
4610,Myeloid,treatment,3
4611,junk_doublet,treatment,3
4612,junk_doublet,treatment,3
4613,junk_debris,treatment,3
4614,junk_debris,treatment,3
4615,B,treatment,3
4616,Neutrophil,treatment,3
4617,junk_doublet,treatment,3
4618,Myeloid,treatment,3
4619,junk_dead,treatment,3
4620,junk_debris,treatment,3
4621,junk_dead,treatment,3
4622,junk_debris,treatment,3
4623,junk_doublet,treatment,3
4624,junk_doublet,treatment,3
4625,junk_debris,treatment,3
4626,CD4_T,treatment,3
4627,B,treatment,3
4628,junk_dead,treatment,3
4629,junk_debris,treatment,3
4630,junk_debris,treatment,3
4631,junk_dead,treatment,3
4632,junk_debris,treatment,3
4633,junk_dead,treatment,3
4634,DC,treatment,3
4635,junk_doublet,treatment,3
4636,junk_doublet,treatment,3
4637,junk_noise,treatment,3
4638,junk_dead,treatment,3
4639,junk_noise,treatment,3
4640,junk_debris,treatment,3
4641,junk_debris,treatment,3
4642,junk_doublet,treatment,3
4643,junk_doublet,treatment,3
4644,junk_doublet,treatment,3
4645,CD8_T,treatment,3
4646,NK,treatment,3
4647,junk_debris,treatment,3
4648,junk_doublet,treatment,3
4649,Neutrophil,treatment,3
4650,junk_noise,treatment,3
4651,Myeloid,treatment,3
4652,Myeloid,treatment,3
4653,junk_doublet,treatment,3
4654,DC,treatment,3
4655,junk_doublet,treatment,3
4656,junk_dead,treatment,3
4657,CD4_T,treatment,3
4658,junk_debris,treatment,3
4659,junk_doublet,treatment,3
4660,CD8_T,treatment,3
4661,junk_doublet,treatment,3
4662,junk_dead,treatment,3
4663,junk_dead,treatment,3
4664,junk_doublet,treatment,3
4665,junk_doublet,treatment,3
4666,Myeloid,treatment,3
4667,B,treatment,3
4668,junk_dead,treatment,3
4669,junk_debris,treatment,3
4670,junk_doublet,treatment,3
4671,junk_debris,treatment,3
4672,junk_noise,treatment,3
4673,junk_dead,treatment,3
4674,Neutrophil,treatment,3
4675,junk_debris,treatment,3
4676,junk_doublet,treatment,3
4677,junk_noise,treatment,3
4678,junk_dead,treatment,3
4679,junk_dead,treatment,3
4680,junk_dead,treatment,3
4681,junk_noise,treatment,3
4682,junk_debris,treatment,3
4683,NK,treatment,3
4684,Myeloid,treatment,3
4685,junk_debris,treatment,3
4686,Neutrophil,treatment,3
4687,junk_debris,treatment,3
4688,junk_debris,treatment,3
4689,junk_debris,treatment,3
4690,junk_debris,treatment,3
4691,B,treatment,3
4692,junk_debris,treatment,3
4693,CD4_T,treatment,3
4694,junk_dead,treatment,3
4695,junk_noise,treatment,3
4696,junk_dead,treatment,3
4697,junk_doublet,treatment,3
4698,junk_doublet,treatment,3
4699,junk_doublet,treatment,3
4700,junk_noise,treatment,3
4701,junk_dead,treatment,3
4702,Neutrophil,treatment,3
4703,junk_noise,treatment,3
4704,junk_doublet,treatment,3
4705,Myeloid,treatment,3
4706,junk_noise,treatment,3
4707,junk_doublet,treatment,3
4708,junk_doublet,treatment,3
4709,junk_debris,treatment,3
4710,junk_dead,treatment,3
4711,junk_doublet,treatment,3
4712,junk_debris,treatment,3
4713,junk_debris,treatment,3
4714,junk_debris,treatment,3
4715,junk_noise,treatment,3
4716,Myeloid,treatment,3
4717,junk_noise,treatment,3
4718,junk_noise,treatment,3
4719,Neutrophil,treatment,3
4720,CD4_T,treatment,3
4721,junk_doublet,treatment,3
4722,junk_doublet,treatment,3
4723,CD4_T,treatment,3
4724,junk_dead,treatment,3
4725,junk_debris,treatment,3
4726,junk_dead,treatment,3
4727,B,treatment,3
4728,junk_debris,treatment,3
4729,CD8_T,treatment,3
4730,CD4_T,treatment,3
4731,Neutrophil,treatment,3
4732,junk_debris,treatment,3
4733,junk_noise,treatment,3
4734,Myeloid,treatment,3
4735,junk_debris,treatment,3
4736,CD8_T,treatment,3
4737,junk_debris,treatment,3
4738,junk_debris,treatment,3
4739,junk_dead,treatment,3
4740,DC,treatment,3
4741,NK,treatment,3
4742,junk_doublet,treatment,3
4743,B,treatment,3
4744,junk_noise,treatment,3
4745,junk_doublet,treatment,3
4746,junk_doublet,treatment,3
4747,junk_dead,treatment,3
4748,junk_dead,treatment,3
4749,Myeloid,treatment,3
4750,junk_noise,treatment,3
4751,junk_dead,treatment,3
4752,junk_debris,treatment,3
4753,Neutrophil,treatment,3
4754,B,treatment,3
4755,junk_debris,treatment,3
4756,junk_doublet,treatment,3
4757,junk_doublet,treatment,3
4758,junk_debris,treatment,3
4759,junk_debris,treatment,3
4760,junk_doublet,treatment,3
4761,junk_debris,treatment,3
4762,junk_dead,treatment,3
4763,junk_dead,treatment,3
4764,B,treatment,3
4765,CD4_T,treatment,3
4766,DC,treatment,3
4767,B,treatment,3
4768,junk_dead,treatment,3
4769,junk_noise,treatment,3
4770,Myeloid,treatment,3
4771,Myeloid,treatment,3
4772,junk_debris,treatment,3
4773,Myeloid,treatment,3
4774,junk_debris,treatment,3
4775,CD8_T,treatment,3
4776,B,treatment,3
4777,junk_debris,treatment,3
4778,junk_dead,treatment,3
4779,junk_dead,treatment,3
4780,B,treatment,3
4781,junk_dead,treatment,3
4782,B,treatment,3
4783,NK,treatment,3
4784,Myeloid,treatment,3
4785,junk_debris,treatment,3
4786,junk_doublet,treatment,3
4787,B,treatment,3
4788,Myeloid,treatment,3
4789,B,treatment,3
4790,junk_debris,treatment,3
4791,junk_debris,treatment,3
4792,junk_debris,treatment,3
4793,junk_dead,treatment,3
4794,CD4_T,treatment,3
4795,NK,treatment,3
4796,B,treatment,3
4797,junk_dead,treatment,3
4798,Neutrophil,treatment,3
4799,B,treatment,3
4800,junk_noise,treatment,3
4801,junk_doublet,treatment,3
4802,junk_doublet,treatment,3
4803,Neutrophil,treatment,3
4804,junk_debris,treatment,3
4805,CD8_T,treatment,3
4806,junk_debris,treatment,3
4807,junk_dead,treatment,3
4808,junk_dead,treatment,3
4809,junk_debris,treatment,3
4810,B,treatment,3
4811,CD4_T,treatment,3
4812,NK,treatment,3
4813,junk_debris,treatment,3
4814,junk_debris,treatment,3
4815,CD4_T,treatment,3
4816,junk_noise,treatment,3
4817,CD4_T,treatment,3
4818,junk_debris,treatment,3
4819,junk_debris,treatment,3
4820,junk_dead,treatment,3
4821,B,treatment,3
4822,junk_debris,treatment,3
4823,junk_debris,treatment,3
4824,junk_dead,treatment,3
4825,B,treatment,3
4826,junk_dead,treatment,3
4827,junk_doublet,treatment,3
4828,junk_doublet,treatment,3
4829,junk_debris,treatment,3
4830,Neutrophil,treatment,3
4831,junk_noise,treatment,3
4832,Neutrophil,treatment,3
4833,junk_debris,treatment,3
4834,junk_dead,treatment,3
4835,junk_debris,treatment,3
4836,junk_doublet,treatment,3
4837,junk_doublet,treatment,3
4838,DC,treatment,3
4839,junk_noise,treatment,3
4840,junk_doublet,treatment,3
4841,junk_debris,treatment,3
4842,junk_doublet,treatment,3
4843,B,treatment,3
4844,junk_debris,treatment,3
4845,junk_dead,treatment,3
4846,junk_debris,treatment,3
4847,junk_noise,treatment,3
4848,junk_doublet,treatment,3
4849,Neutrophil,treatment,3
4850,junk_dead,treatment,3
4851,junk_debris,treatment,3
4852,Myeloid,treatment,3
4853,junk_dead,treatment,3
4854,junk_doublet,treatment,3
4855,junk_noise,treatment,3
4856,junk_debris,treatment,3
4857,junk_dead,treatment,3
4858,junk_doublet,treatment,3
4859,junk_doublet,treatment,3
4860,junk_debris,treatment,3
4861,junk_doublet,treatment,3
4862,B,treatment,3
4863,B,treatment,3
4864,junk_dead,treatment,3
4865,Myeloid,treatment,3
4866,junk_debris,treatment,3
4867,junk_dead,treatment,3
4868,CD4_T,treatment,3
4869,Myeloid,treatment,3
4870,Neutrophil,treatment,3
4871,junk_dead,treatment,3
4872,junk_dead,treatment,3
4873,junk_debris,treatment,3
4874,junk_debris,treatment,3
4875,junk_debris,treatment,3
4876,CD4_T,treatment,3
4877,Myeloid,treatment,3
4878,junk_debris,treatment,3
4879,junk_debris,treatment,3
4880,junk_doublet,treatment,3
4881,junk_debris,treatment,3
4882,junk_doublet,treatment,3
4883,Neutrophil,treatment,3
4884,junk_dead,treatment,3
4885,Neutrophil,treatment,3
4886,Neutrophil,treatment,3
4887,junk_doublet,treatment,3
4888,junk_dead,treatment,3
4889,CD8_T,treatment,3
4890,B,treatment,3
4891,junk_debris,treatment,3
4892,DC,treatment,3
4893,junk_debris,treatment,3
4894,CD4_T,treatment,3
4895,Myeloid,treatment,3
4896,junk_dead,treatment,3
4897,junk_debris,treatment,3
4898,junk_dead,treatment,3
4899,junk_noise,treatment,3
4900,CD8_T,treatment,3
4901,junk_doublet,treatment,3
4902,junk_dead,treatment,3
4903,junk_doublet,treatment,3
4904,Neutrophil,treatment,3
4905,B,treatment,3
4906,Neutrophil,treatment,3
4907,junk_noise,treatment,3
4908,Myeloid,treatment,3
4909,B,treatment,3
4910,junk_noise,treatment,3
4911,junk_debris,treatment,3
4912,junk_doublet,treatment,3
4913,CD4_T,treatment,3
4914,junk_dead,treatment,3
4915,junk_doublet,treatment,3
4916,junk_dead,treatment,3
4917,junk_debris,treatment,3
4918,B,treatment,3
4919,junk_doublet,treatment,3
4920,junk_doublet,treatment,3
4921,junk_dead,treatment,3
4922,junk_dead,treatment,3
4923,junk_doublet,treatment,3
4924,CD8_T,treatment,3
4925,junk_debris,treatment,3
4926,junk_debris,treatment,3
4927,B,treatment,3
4928,junk_doublet,treatment,3
4929,CD4_T,treatment,3
4930,junk_dead,treatment,3
4931,Neutrophil,treatment,3
4932,DC,treatment,3
4933,junk_doublet,treatment,3
4934,Myeloid,treatment,3
4935,junk_debris,treatment,3
4936,Myeloid,treatment,3
4937,Myeloid,treatment,3
4938,junk_debris,treatment,3
4939,junk_dead,treatment,3
4940,junk_doublet,treatment,3
4941,junk_debris,treatment,3
4942,junk_doublet,treatment,3
4943,junk_dead,treatment,3
4944,Neutrophil,treatment,3
4945,junk_debris,treatment,3
4946,junk_debris,treatment,3
4947,B,treatment,3
4948,junk_debris,treatment,3
4949,junk_dead,treatment,3
4950,CD4_T,treatment,3
4951,Myeloid,treatment,3
4952,junk_debris,treatment,3
4953,junk_debris,treatment,3
4954,Neutrophil,treatment,3
4955,Myeloid,treatment,3
4956,junk_debris,treatment,3
4957,Myeloid,treatment,3
4958,junk_noise,treatment,3
4959,junk_debris,treatment,3
4960,Myeloid,treatment,3
4961,junk_debris,treatment,3
4962,Myeloid,treatment,3
4963,junk_doublet,treatment,3
4964,B,treatment,3
4965,CD4_T,treatment,3
4966,junk_doublet,treatment,3
4967,junk_debris,treatment,3
4968,junk_dead,treatment,3
4969,Myeloid,treatment,3
4970,junk_doublet,treatment,3
4971,junk_doublet,treatment,3
4972,junk_doublet,treatment,3
4973,junk_doublet,treatment,3
4974,junk_debris,treatment,3
4975,junk_doublet,treatment,3
4976,junk_debris,treatment,3
4977,junk_dead,treatment,3
4978,Neutrophil,treatment,3
4979,CD8_T,treatment,3
4980,junk_noise,treatment,3
4981,Neutrophil,treatment,3
4982,junk_debris,treatment,3
4983,junk_dead,treatment,3
4984,junk_doublet,treatment,3
4985,junk_dead,treatment,3
4986,junk_debris,treatment,3
4987,B,treatment,3
4988,junk_dead,treatment,3
4989,junk_noise,treatment,3
4990,B,treatment,3
4991,CD8_T,treatment,3
4992,junk_doublet,treatment,3
4993,B,treatment,3
4994,junk_debris,treatment,3
4995,junk_dead,treatment,3
4996,junk_debris,treatment,3
4997,junk_doublet,treatment,3
4998,Neutrophil,treatment,3
4999,B,treatment,3
