event_index,true_population,condition,replicate
0,junk_debris,control,4
1,Neutrophil,control,4
2,NK,control,4
3,junk_dead,control,4
4,junk_doublet,control,4
5,CD4_T,control,4
6,CD8_T,control,4
7,junk_doublet,control,4
8,junk_debris,control,4
9,junk_dead,control,4
10,junk_debris,control,4
11,junk_debris,control,4
12,Myeloid,control,4
13,B,control,4
14,junk_doublet,control,4
15,junk_doublet,control,4
16,B,control,4
17,NK,control,4
18,junk_doublet,control,4
19,junk_debris,control,4
20,junk_debris,control,4
21,junk_doublet,control,4
22,Myeloid,control,4
23,junk_doublet,control,4
24,junk_noise,control,4
25,junk_debris,control,4
26,junk_debris,control,4
27,Myeloid,control,4
28,junk_doublet,control,4
29,Neutrophil,control,4
30,Neutrophil,control,4
31,junk_doublet,control,4
32,CD8_T,control,4
33,junk_debris,control,4
34,junk_debris,control,4
35,Myeloid,control,4
36,B,control,4
37,junk_debris,control,4
38,CD8_T,control,4
39,Myeloid,control,4
40,junk_doublet,control,4
41,junk_debris,control,4
42,junk_debris,control,4
43,junk_dead,control,4
44,junk_noise,control,4
45,junk_dead,control,4
46,junk_doublet,control,4
47,Myeloid,control,4
48,Neutrophil,control,4
49,junk_dead,control,4
50,junk_doublet,control,4
51,junk_doublet,control,4
52,Myeloid,control,4
53,junk_noise,control,4
54,junk_dead,control,4
55,junk_debris,control,4
56,Myeloid,control,4
57,B,control,4
58,junk_doublet,control,4
59,junk_debris,control,4
60,junk_debris,control,4
61,junk_debris,control,4
62,Neutrophil,control,4
63,junk_dead,control,4
64,NK,control,4
65,junk_doublet,control,4
66,Myeloid,control,4
67,Neutrophil,control,4
68,junk_doublet,control,4
69,junk_noise,control,4
70,CD8_T,control,4
71,junk_debris,control,4
72,junk_dead,control,4
73,DC,control,4
74,junk_dead,control,4
75,CD4_T,control,4
76,NK,control,4
77,Myeloid,control,4
78,junk_doublet,control,4
79,junk_debris,control,4
80,junk_doublet,control,4
81,junk_dead,control,4
82,CD8_T,control,4
83,junk_doublet,control,4
84,junk_noise,control,4
85,junk_doublet,control,4
86,junk_doublet,control,4
87,junk_dead,control,4
88,CD4_T,control,4
89,junk_doublet,control,4
90,CD4_T,control,4
91,junk_debris,control,4
92,B,control,4
93,junk_debris,control,4
94,B,control,4
95,junk_debris,control,4
96,Myeloid,control,4
97,junk_debris,control,4
98,CD4_T,control,4
99,B,control,4
100,B,control,4
101,junk_dead,control,4
102,CD4_T,control,4
103,junk_doublet,control,4
104,B,control,4
105,junk_dead,control,4
106,junk_dead,control,4
107,junk_doublet,control,4
108,junk_debris,control,4
109,Myeloid,control,4
110,CD8_T,control,4
111,junk_noise,control,4
112,junk_dead,control,4
113,junk_dead,control,4
114,Myeloid,control,4
115,Myeloid,control,4
116,CD8_T,control,4
117,junk_doublet,control,4
118,DC,control,4
119,junk_noise,control,4
120,junk_dead,control,4
121,B,control,4
122,B,control,4
123,Myeloid,control,4
124,junk_dead,control,4
125,B,control,4
126,junk_doublet,control,4
127,junk_dead,control,4
128,junk_debris,control,4
129,junk_noise,control,4
130,junk_noise,control,4
131,junk_noise,control,4
132,CD4_T,control,4
133,Myeloid,control,4
134,junk_dead,control,4
135,NK,control,4
136,CD8_T,control,4
137,junk_dead,control,4
138,junk_doublet,control,4
139,B,control,4
140,Neutrophil,control,4
141,junk_noise,control,4
142,junk_dead,control,4
143,junk_debris,control,4
144,junk_debris,control,4
145,junk_debris,control,4
146,junk_debris,control,4
147,junk_dead,control,4
148,CD4_T,control,4
149,junk_dead,control,4
150,Neutrophil,control,4
151,NK,control,4
152,junk_debris,control,4
153,junk_debris,control,4
154,junk_dead,control,4
155,CD4_T,control,4
156,junk_doublet,control,4
157,junk_dead,control,4
158,CD4_T,control,4
159,junk_doublet,control,4
160,junk_debris,control,4
161,CD4_T,control,4
162,junk_dead,control,4
163,junk_doublet,control,4
164,junk_doublet,control,4
165,junk_dead,control,4
166,junk_dead,control,4
167,junk_doublet,control,4
168,junk_debris,control,4
169,junk_doublet,control,4
170,Myeloid,control,4
171,junk_doublet,control,4
172,NK,control,4
173,junk_dead,control,4
174,junk_doublet,control,4
175,junk_debris,control,4
176,junk_debris,control,4
177,B,control,4
178,junk_debris,control,4
179,junk_debris,control,4
180,junk_dead,control,4
181,B,control,4
182,junk_doublet,control,4
183,B,control,4
184,junk_noise,control,4
185,junk_noise,control,4
186,Myeloid,control,4
187,Neutrophil,control,4
188,Neutrophil,control,4
189,junk_debris,control,4
190,junk_debris,control,4
191,junk_debris,control,4
192,CD4_T,control,4
193,junk_debris,control,4
194,junk_noise,control,4
195,junk_doublet,control,4
196,junk_doublet,control,4
197,junk_debris,control,4
198,Myeloid,control,4
199,junk_dead,control,4
200,DC,control,4
201,Myeloid,control,4
202,junk_debris,control,4
203,NK,control,4
204,junk_noise,control,4
205,junk_noise,control,4
206,junk_dead,control,4
207,CD4_T,control,4
208,junk_doublet,control,4
209,CD8_T,control,4
210,junk_doublet,control,4
211,CD8_T,control,4
212,junk_debris,control,4
213,junk_doublet,control,4
214,junk_dead,control,4
215,junk_doublet,control,4
216,junk_doublet,control,4
217,B,control,4
218,junk_dead,control,4
219,junk_noise,control,4
220,junk_debris,control,4
221,junk_doublet,control,4
222,junk_doublet,control,4
223,Neutrophil,control,4
224,junk_debris,control,4
225,junk_debris,control,4
226,Neutrophil,control,4
227,junk_debris,control,4
228,junk_noise,control,4
229,B,control,4
230,junk_dead,control,4
231,junk_noise,control,4
232,junk_doublet,control,4
233,junk_doublet,control,4
234,CD4_T,control,4
235,CD4_T,control,4
236,CD4_T,control,4
237,junk_noise,control,4
238,junk_doublet,control,4
239,Myeloid,control,4
240,junk_debris,control,4
241,junk_debris,control,4
242,junk_noise,control,4
243,junk_debris,control,4
244,junk_doublet,control,4
245,junk_noise,control,4
246,CD8_T,control,4
247,junk_doublet,control,4
248,junk_doublet,control,4
249,CD4_T,control,4
250,CD4_T,control,4
251,junk_doublet,control,4
252,junk_dead,control,4
253,B,control,4
254,junk_dead,control,4
255,Neutrophil,control,4
256,junk_debris,control,4
257,CD4_T,control,4
258,junk_doublet,control,4
259,Myeloid,control,4
260,junk_debris,control,4
261,junk_debris,control,4
262,junk_debris,control,4
263,Neutrophil,control,4
264,junk_noise,control,4
265,Myeloid,control,4
266,junk_noise,control,4
267,B,control,4
268,junk_noise,control,4
269,junk_debris,control,4
270,CD8_T,control,4
271,junk_dead,control,4
272,CD8_T,control,4
273,junk_doublet,control,4
274,Neutrophil,control,4
275,Neutrophil,control,4
276,junk_noise,control,4
277,junk_doublet,control,4
278,junk_noise,control,4
279,CD4_T,control,4
280,junk_dead,control,4
281,junk_noise,control,4
282,B,control,4
283,junk_dead,control,4
284,junk_doublet,control,4
285,junk_doublet,control,4
286,junk_dead,control,4
287,junk_debris,control,4
288,junk_debris,control,4
289,Neutrophil,control,4
290,junk_noise,control,4
291,B,control,4
292,junk_dead,control,4
293,Neutrophil,control,4
294,junk_dead,control,4
295,B,control,4
296,junk_dead,control,4
297,junk_doublet,control,4
298,B,control,4
299,junk_debris,control,4
300,junk_debris,control,4
301,junk_dead,control,4
302,Myeloid,control,4
303,junk_noise,control,4
304,junk_debris,control,4
305,B,control,4
306,Myeloid,control,4
307,CD4_T,control,4
308,junk_noise,control,4
309,junk_doublet,control,4
310,junk_debris,control,4
311,CD4_T,control,4
312,CD4_T,control,4
313,CD8_T,control,4
314,junk_debris,control,4
315,CD4_T,control,4
316,junk_noise,control,4
317,Myeloid,control,4
318,junk_debris,control,4
319,junk_dead,control,4
320,junk_debris,control,4
321,junk_doublet,control,4
322,junk_debris,control,4
323,Neutrophil,control,4
324,junk_noise,control,4
325,junk_doublet,control,4
326,junk_doublet,control,4
327,B,control,4
328,junk_debris,control,4
329,junk_noise,control,4
330,junk_noise,control,4
331,junk_debris,control,4
332,B,control,4
333,junk_debris,control,4
334,junk_dead,control,4
335,junk_doublet,control,4
336,junk_debris,control,4
337,junk_debris,control,4
338,junk_dead,control,4
339,junk_debris,control,4
340,junk_doublet,control,4
341,B,control,4
342,CD4_T,control,4
343,junk_doublet,control,4
344,junk_dead,control,4
345,Neutrophil,control,4
346,Myeloid,control,4
347,junk_doublet,control,4
348,Neutrophil,control,4
349,junk_debris,control,4
350,junk_doublet,control,4
351,junk_doublet,control,4
352,junk_debris,control,4
353,Myeloid,control,4
354,CD8_T,control,4
355,CD4_T,control,4
356,junk_debris,control,4
357,junk_doublet,control,4
358,junk_debris,control,4
359,junk_debris,control,4
360,B,control,4
361,junk_dead,control,4
362,CD4_T,control,4
363,junk_debris,control,4
364,Myeloid,control,4
365,junk_noise,control,4
366,junk_debris,control,4
367,B,control,4
368,B,control,4
369,Myeloid,control,4
370,CD4_T,control,4
371,junk_debris,control,4
372,junk_doublet,control,4
373,Neutrophil,control,4
374,Myeloid,control,4
375,junk_debris,control,4
376,CD4_T,control,4
377,junk_debris,control,4
378,Myeloid,control,4
379,junk_debris,control,4
380,junk_noise,control,4
381,Myeloid,control,4
382,CD4_T,control,4
383,junk_dead,control,4
384,junk_dead,control,4
385,Neutrophil,control,4
386,junk_noise,control,4
387,junk_debris,control,4
388,junk_debris,control,4
389,junk_debris,control,4
390,junk_doublet,control,4
391,CD4_T,control,4
392,junk_doublet,control,4
393,junk_doublet,control,4
394,junk_dead,control,4
395,junk_dead,control,4
396,junk_debris,control,4
397,B,control,4
398,junk_doublet,control,4
399,B,control,4
400,junk_noise,control,4
401,junk_debris,control,4
402,junk_noise,control,4
403,B,control,4
404,junk_noise,control,4
405,Myeloid,control,4
406,Neutrophil,control,4
407,junk_doublet,control,4
408,junk_noise,control,4
409,junk_dead,control,4
410,B,control,4
411,junk_doublet,control,4
412,CD4_T,control,4
413,junk_doublet,control,4
414,CD4_T,control,4
415,junk_debris,control,4
416,Myeloid,control,4
417,Myeloid,control,4
418,junk_noise,control,4
419,junk_noise,control,4
420,junk_noise,control,4
421,Neutrophil,control,4
422,junk_debris,control,4
423,CD8_T,control,4
424,junk_debris,control,4
425,Neutrophil,control,4
426,junk_dead,control,4
427,B,control,4
428,junk_debris,control,4
429,junk_dead,control,4
430,junk_dead,control,4
431,junk_doublet,control,4
432,junk_noise,control,4
433,B,control,4
434,DC,control,4
435,junk_dead,control,4
436,junk_debris,control,4
437,CD4_T,control,4
438,junk_doublet,control,4
439,junk_dead,control,4
440,junk_dead,control,4
441,junk_dead,control,4
442,CD8_T,control,4
443,junk_dead,control,4
444,junk_dead,control,4
445,junk_doublet,control,4
446,junk_dead,control,4
447,Myeloid,control,4
448,junk_debris,control,4
449,junk_noise,control,4
450,B,control,4
451,junk_doublet,control,4
452,CD4_T,control,4
453,junk_noise,control,4
454,junk_debris,control,4
455,junk_doublet,control,4
456,junk_debris,control,4
457,junk_noise,control,4
458,junk_debris,control,4
459,NK,control,4
460,junk_debris,control,4
461,B,control,4
462,NK,control,4
463,junk_dead,control,4
464,Neutrophil,control,4
465,junk_debris,control,4
466,junk_dead,control,4
467,junk_dead,control,4
468,CD8_T,control,4
469,junk_debris,control,4
470,junk_debris,control,4
471,Neutrophil,control,4
472,Neutrophil,control,4
473,Neutrophil,control,4
474,junk_debris,control,4
475,junk_debris,control,4
476,junk_dead,control,4
477,junk_doublet,control,4
478,junk_debris,control,4
479,junk_dead,control,4
480,junk_debris,control,4
481,junk_dead,control,4
482,junk_debris,control,4
483,junk_debris,control,4
484,junk_doublet,control,4
485,junk_debris,control,4
486,junk_debris,control,4
487,junk_dead,control,4
488,junk_debris,control,4
489,DC,control,4
490,B,control,4
491,CD4_T,control,4
492,junk_doublet,control,4
493,Neutrophil,control,4
494,junk_doublet,control,4
495,Neutrophil,control,4
496,junk_doublet,control,4
497,junk_dead,control,4
498,junk_debris,control,4
499,junk_debris,control,4
500,Myeloid,control,4
501,junk_debris,control,4
502,junk_debris,control,4
503,junk_dead,control,4
504,junk_doublet,control,4
505,DC,control,4
506,junk_dead,control,4
507,junk_doublet,control,4
508,junk_debris,control,4
509,junk_debris,control,4
510,junk_debris,control,4
511,Myeloid,control,4
512,Neutrophil,control,4
513,B,control,4
514,junk_dead,control,4
515,Myeloid,control,4
516,junk_dead,control,4
517,junk_noise,control,4
518,B,control,4
519,junk_doublet,control,4
520,junk_doublet,control,4
521,NK,control,4
522,CD8_T,control,4
523,junk_noise,control,4
524,Neutrophil,control,4
525,junk_debris,control,4
526,junk_doublet,control,4
527,junk_doublet,control,4
528,junk_noise,control,4
529,junk_debris,control,4
530,Neutrophil,control,4
531,DC,control,4
532,B,control,4
533,junk_dead,control,4
534,junk_dead,control,4
535,B,control,4
536,junk_debris,control,4
537,junk_noise,control,4
538,junk_debris,control,4
539,Myeloid,control,4
540,junk_debris,control,4
541,B,control,4
542,CD4_T,control,4
543,B,control,4
544,junk_dead,control,4
545,B,control,4
546,junk_doublet,control,4
547,junk_noise,control,4
548,NK,control,4
549,junk_debris,control,4
550,junk_doublet,control,4
551,CD4_T,control,4
552,DC,control,4
553,junk_dead,control,4
554,Myeloid,control,4
555,junk_dead,control,4
556,junk_dead,control,4
557,CD8_T,control,4
558,junk_debris,control,4
559,junk_dead,control,4
560,junk_dead,control,4
561,B,control,4
562,CD8_T,control,4
563,junk_doublet,control,4
564,junk_debris,control,4
565,Myeloid,control,4
566,junk_noise,control,4
567,junk_noise,control,4
568,junk_noise,control,4
569,junk_doublet,control,4
570,B,control,4
571,junk_noise,control,4
572,B,control,4
573,junk_doublet,control,4
574,junk_debris,control,4
575,junk_doublet,control,4
576,junk_debris,control,4
577,junk_debris,control,4
578,junk_noise,control,4
579,junk_dead,control,4
580,B,control,4
581,junk_noise,control,4
582,CD8_T,control,4
583,B,control,4
584,junk_dead,control,4
585,CD8_T,control,4
586,Neutrophil,control,4
587,junk_doublet,control,4
588,CD8_T,control,4
589,junk_noise,control,4
590,junk_dead,control,4
591,junk_dead,control,4
592,CD4_T,control,4
593,Neutrophil,control,4
594,CD8_T,control,4
595,junk_dead,control,4
596,junk_noise,control,4
597,B,control,4
598,junk_debris,control,4
599,Myeloid,control,4
600,B,control,4
601,junk_dead,control,4
602,B,control,4
603,junk_dead,control,4
604,B,control,4
605,junk_debris,control,4
606,junk_dead,control,4
607,junk_noise,control,4
608,junk_doublet,control,4
609,junk_debris,control,4
610,junk_debris,control,4
611,Myeloid,control,4
612,junk_dead,control,4
613,junk_doublet,control,4
614,junk_debris,control,4
615,CD4_T,control,4
616,CD8_T,control,4
617,B,control,4
618,junk_debris,control,4
619,junk_doublet,control,4
620,Neutrophil,control,4
621,junk_dead,control,4
622,junk_noise,control,4
623,NK,control,4
624,NK,control,4
625,junk_dead,control,4
626,junk_debris,control,4
627,Myeloid,control,4
628,CD4_T,control,4
629,junk_dead,control,4
630,Neutrophil,control,4
631,CD4_T,control,4
632,B,control,4
633,DC,control,4
634,junk_debris,control,4
635,junk_doublet,control,4
636,CD4_T,control,4
637,junk_debris,control,4
638,Neutrophil,control,4
639,junk_dead,control,4
640,B,control,4
641,junk_debris,control,4
642,junk_debris,control,4
643,junk_debris,control,4
644,junk_noise,control,4
645,Neutrophil,control,4
646,junk_noise,control,4
647,junk_dead,control,4
648,junk_dead,control,4
649,junk_noise,control,4
650,B,control,4
651,junk_dead,control,4
652,junk_dead,control,4
653,junk_noise,control,4
654,junk_doublet,control,4
655,junk_dead,control,4
656,junk_doublet,control,4
657,DC,control,4
658,NK,control,4
659,CD4_T,control,4
660,junk_doublet,control,4
661,NK,control,4
662,junk_dead,control,4
663,junk_dead,control,4
664,junk_doublet,control,4
665,CD4_T,control,4
666,junk_dead,control,4
667,junk_doublet,control,4
668,Myeloid,control,4
669,junk_dead,control,4
670,Myeloid,control,4
671,junk_debris,control,4
672,Neutrophil,control,4
673,junk_debris,control,4
674,junk_doublet,control,4
675,Neutrophil,control,4
676,CD4_T,control,4
677,junk_debris,control,4
678,CD4_T,control,4
679,Myeloid,control,4
680,Myeloid,control,4
681,junk_debris,control,4
682,B,control,4
683,junk_debris,control,4
684,junk_debris,control,4
685,junk_dead,control,4
686,B,control,4
687,junk_doublet,control,4
688,junk_noise,control,4
689,Neutrophil,control,4
690,Myeloid,control,4
691,junk_debris,control,4
692,junk_noise,control,4
693,junk_debris,control,4
694,junk_doublet,control,4
695,B,control,4
696,junk_debris,control,4
697,junk_debris,control,4
698,Myeloid,control,4
699,junk_doublet,control,4
700,junk_dead,control,4
701,junk_doublet,control,4
702,junk_debris,control,4
703,junk_noise,control,4
704,CD8_T,control,4
705,CD8_T,control,4
706,junk_doublet,control,4
707,Myeloid,control,4
708,junk_doublet,control,4
709,CD8_T,control,4
710,junk_dead,control,4
711,junk_debris,control,4
712,junk_debris,control,4
713,CD4_T,control,4
714,junk_debris,control,4
715,junk_dead,control,4
716,junk_debris,control,4
717,Myeloid,control,4
718,B,control,4
719,CD4_T,control,4
720,junk_dead,control,4
721,junk_doublet,control,4
722,junk_doublet,control,4
723,junk_debris,control,4
724,Neutrophil,control,4
725,junk_debris,control,4
726,junk_debris,control,4
727,CD4_T,control,4
728,junk_debris,control,4
729,B,control,4
730,junk_debris,control,4
731,junk_doublet,control,4
732,junk_debris,control,4
733,junk_dead,control,4
734,Neutrophil,control,4
735,Myeloid,control,4
736,junk_debris,control,4
737,junk_dead,control,4
738,junk_dead,control,4
739,junk_dead,control,4
740,junk_doublet,control,4
741,junk_doublet,control,4
742,NK,control,4
743,junk_doublet,control,4
744,Neutrophil,control,4
745,junk_debris,control,4
746,junk_doublet,control,4
747,junk_debris,control,4
748,junk_debris,control,4
749,junk_dead,control,4
750,junk_doublet,control,4
751,junk_debris,control,4
752,junk_doublet,control,4
753,junk_debris,control,4
754,Myeloid,control,4
755,junk_debris,control,4
756,junk_dead,control,4
757,junk_noise,control,4
758,junk_debris,control,4
759,junk_dead,control,4
760,junk_noise,control,4
761,CD4_T,control,4
762,junk_debris,control,4
763,CD4_T,control,4
764,junk_debris,control,4
765,junk_doublet,control,4
766,junk_dead,control,4
767,junk_debris,control,4
768,B,control,4
769,B,control,4
770,CD8_T,control,4
771,junk_noise,control,4
772,junk_dead,control,4
773,junk_doublet,control,4
774,junk_dead,control,4
775,junk_doublet,control,4
776,junk_noise,control,4
777,junk_debris,control,4
778,junk_dead,control,4
779,B,control,4
780,junk_debris,control,4
781,junk_debris,control,4
782,CD4_T,control,4
783,Neutrophil,control,4
784,junk_noise,control,4
785,B,control,4
786,junk_noise,control,4
787,junk_debris,control,4
788,junk_debris,control,4
789,junk_debris,control,4
790,junk_dead,control,4
791,junk_noise,control,4
792,junk_dead,control,4
793,junk_dead,control,4
794,junk_debris,control,4
795,Neutrophil,control,4
796,junk_noise,control,4
797,junk_debris,control,4
798,junk_noise,control,4
799,Myeloid,control,4
800,junk_debris,control,4
801,junk_doublet,control,4
802,CD4_T,control,4
803,DC,control,4
804,junk_doublet,control,4
805,CD8_T,control,4
806,junk_dead,control,4
807,junk_debris,control,4
808,junk_dead,control,4
809,Myeloid,control,4
810,junk_noise,control,4
811,junk_noise,control,4
812,junk_debris,control,4
813,junk_doublet,control,4
814,junk_debris,control,4
815,CD8_T,control,4
816,junk_debris,control,4
817,junk_debris,control,4
818,junk_noise,control,4
819,junk_dead,control,4
820,junk_doublet,control,4
821,junk_dead,control,4
822,junk_dead,control,4
823,junk_dead,control,4
824,junk_dead,control,4
825,junk_dead,control,4
826,junk_doublet,control,4
827,junk_noise,control,4
828,junk_noise,control,4
829,junk_doublet,control,4
830,junk_noise,control,4
831,junk_doublet,control,4
832,CD8_T,control,4
833,junk_dead,control,4
834,junk_debris,control,4
835,junk_debris,control,4
836,junk_debris,control,4
837,junk_dead,control,4
838,B,control,4
839,junk_noise,control,4
840,junk_noise,control,4
841,junk_debris,control,4
842,B,control,4
843,junk_noise,control,4
844,junk_doublet,control,4
845,junk_dead,control,4
846,junk_dead,control,4
847,junk_debris,control,4
848,junk_debris,control,4
849,B,control,4
850,Myeloid,control,4
851,junk_debris,control,4
852,junk_doublet,control,4
853,junk_noise,control,4
854,CD8_T,control,4
855,junk_doublet,control,4
856,junk_dead,control,4
857,junk_debris,control,4
858,junk_dead,control,4
859,junk_noise,control,4
860,junk_noise,control,4
861,CD4_T,control,4
862,junk_debris,control,4
863,CD4_T,control,4
864,CD4_T,control,4
865,junk_dead,control,4
866,CD4_T,control,4
867,junk_dead,control,4
868,junk_noise,control,4
869,DC,control,4
870,junk_noise,control,4
871,Myeloid,control,4
872,junk_debris,control,4
873,junk_noise,control,4
874,DC,control,4
875,junk_debris,control,4
876,junk_debris,control,4
877,CD4_T,control,4
878,B,control,4
879,NK,control,4
880,junk_debris,control,4
881,junk_dead,control,4
882,junk_debris,control,4
883,CD8_T,control,4
884,junk_dead,control,4
885,junk_doublet,control,4
886,junk_debris,control,4
887,junk_debris,control,4
888,junk_noise,control,4
889,junk_debris,control,4
890,junk_dead,control,4
891,junk_debris,control,4
892,junk_dead,control,4
893,junk_debris,control,4
894,junk_doublet,control,4
895,Neutrophil,control,4
896,junk_debris,control,4
897,junk_debris,control,4
898,junk_dead,control,4
899,CD8_T,control,4
900,junk_dead,control,4
901,junk_doublet,control,4
902,NK,control,4
903,junk_doublet,control,4
904,B,control,4
905,junk_dead,control,4
906,junk_debris,control,4
907,B,control,4
908,junk_debris,control,4
909,junk_debris,control,4
910,junk_debris,control,4
911,junk_dead,control,4
912,junk_debris,control,4
913,junk_debris,control,4
914,junk_noise,control,4
915,Myeloid,control,4
916,CD8_T,control,4
917,junk_debris,control,4
918,junk_debris,control,4
919,junk_debris,control,4
920,junk_dead,control,4
921,junk_dead,control,4
922,junk_dead,control,4
923,junk_debris,control,4
924,junk_debris,control,4
925,B,control,4
926,junk_debris,control,4
927,junk_debris,control,4
928,CD4_T,control,4
929,junk_noise,control,4
930,junk_noise,control,4
931,Myeloid,control,4
932,CD8_T,control,4
933,junk_dead,control,4
934,B,control,4
935,junk_noise,control,4
936,junk_dead,control,4
937,junk_doublet,control,4
938,junk_debris,control,4
939,CD8_T,control,4
940,junk_dead,control,4
941,junk_doublet,control,4
942,Myeloid,control,4
943,junk_dead,control,4
944,junk_dead,control,4
945,CD4_T,control,4
946,CD4_T,control,4
947,CD4_T,control,4
948,B,control,4
949,CD8_T,control,4
950,junk_doublet,control,4
951,B,control,4
952,CD4_T,control,4
953,junk_debris,control,4
954,junk_noise,control,4
955,junk_dead,control,4
956,junk_noise,control,4
957,Neutrophil,control,4
958,junk_doublet,control,4
959,Myeloid,control,4
960,CD4_T,control,4
961,junk_noise,control,4
962,Myeloid,control,4
963,junk_debris,control,4
964,junk_doublet,control,4
965,junk_dead,control,4
966,junk_doublet,control,4
967,Neutrophil,control,4
968,junk_dead,control,4
969,junk_dead,control,4
970,junk_dead,control,4
971,Myeloid,control,4
972,CD4_T,control,4
973,Myeloid,control,4
974,junk_noise,control,4
975,junk_debris,control,4
976,junk_debris,control,4
977,B,control,4
978,Myeloid,control,4
979,CD8_T,control,4
980,B,control,4
981,B,control,4
982,Neutrophil,control,4
983,junk_debris,control,4
984,Myeloid,control,4
985,junk_debris,control,4
986,CD8_T,control,4
987,Myeloid,control,4
988,junk_debris,control,4
989,CD8_T,control,4
990,junk_doublet,control,4
991,CD4_T,control,4
992,junk_debris,control,4
993,junk_dead,control,4
994,junk_debris,control,4
995,junk_noise,control,4
996,B,control,4
997,junk_doublet,control,4
998,junk_debris,control,4
999,junk_noise,control,4
1000,NK,control,4
1001,junk_noise,control,4
1002,junk_doublet,control,4
1003,Neutrophil,control,4
1004,Myeloid,control,4
1005,junk_dead,control,4
1006,junk_noise,control,4
1007,junk_debris,control,4
1008,junk_noise,control,4
1009,junk_dead,control,4
1010,junk_dead,control,4
1011,junk_noise,control,4
1012,B,control,4
1013,Neutrophil,control,4
1014,junk_doublet,control,4
1015,junk_noise,control,4
1016,Myeloid,control,4
1017,junk_debris,control,4
1018,CD8_T,control,4
1019,B,control,4
1020,junk_doublet,control,4
1021,DC,control,4
1022,junk_doublet,control,4
1023,junk_noise,control,4
1024,Neutrophil,control,4
1025,B,control,4
1026,Neutrophil,control,4
1027,B,control,4
1028,junk_noise,control,4
1029,junk_dead,control,4
1030,Myeloid,control,4
1031,junk_dead,control,4
1032,Neutrophil,control,4
1033,CD4_T,control,4
1034,Myeloid,control,4
1035,junk_debris,control,4
1036,junk_noise,control,4
1037,junk_noise,control,4
1038,junk_dead,control,4
1039,CD4_T,control,4
1040,Myeloid,control,4
1041,CD4_T,control,4
1042,B,control,4
1043,junk_dead,control,4
1044,junk_noise,control,4
1045,junk_doublet,control,4
1046,junk_noise,control,4
1047,junk_doublet,control,4
1048,junk_dead,control,4
1049,CD4_T,control,4
1050,junk_doublet,control,4
1051,junk_debris,control,4
1052,junk_debris,control,4
1053,CD4_T,control,4
1054,junk_doublet,control,4
1055,NK,control,4
1056,junk_debris,control,4
1057,junk_dead,control,4
1058,junk_debris,control,4
1059,junk_debris,control,4
1060,junk_noise,control,4
1061,junk_debris,control,4
1062,Myeloid,control,4
1063,junk_debris,control,4
1064,Myeloid,control,4
1065,junk_dead,control,4
1066,junk_dead,control,4
1067,junk_noise,control,4
1068,junk_debris,control,4
1069,junk_dead,control,4
1070,CD4_T,control,4
1071,junk_doublet,control,4
1072,junk_dead,control,4
1073,Myeloid,control,4
1074,junk_doublet,control,4
1075,junk_dead,control,4
1076,CD8_T,control,4
1077,junk_doublet,control,4
1078,junk_debris,control,4
1079,Neutrophil,control,4
1080,junk_dead,control,4
1081,junk_noise,control,4
1082,junk_debris,control,4
1083,Neutrophil,control,4
1084,Neutrophil,control,4
1085,CD4_T,control,4
1086,junk_doublet,control,4
1087,junk_dead,control,4
1088,junk_doublet,control,4
1089,junk_debris,control,4
1090,junk_doublet,control,4
1091,junk_doublet,control,4
1092,junk_debris,control,4
1093,B,control,4
1094,junk_doublet,control,4
1095,Neutrophil,control,4
1096,junk_debris,control,4
1097,junk_debris,control,4
1098,CD4_T,control,4
1099,junk_debris,control,4
1100,Myeloid,control,4
1101,Neutrophil,control,4
1102,junk_doublet,control,4
1103,Myeloid,control,4
1104,Neutrophil,control,4
1105,junk_dead,control,4
1106,Myeloid,control,4
1107,junk_dead,control,4
1108,junk_noise,control,4
1109,junk_debris,control,4
1110,Neutrophil,control,4
1111,junk_doublet,control,4
1112,B,control,4
1113,B,control,4
1114,junk_noise,control,4
1115,junk_noise,control,4
1116,junk_doublet,control,4
1117,CD8_T,control,4
1118,junk_noise,control,4
1119,junk_doublet,control,4
1120,junk_debris,control,4
1121,junk_noise,control,4
1122,junk_debris,control,4
1123,junk_doublet,control,4
1124,Neutrophil,control,4
1125,junk_dead,control,4
1126,junk_dead,control,4
1127,junk_debris,control,4
1128,junk_noise,control,4
1129,NK,control,4
1130,B,control,4
1131,junk_doublet,control,4
1132,junk_noise,control,4
1133,Neutrophil,control,4
1134,B,control,4
1135,junk_dead,control,4
1136,junk_debris,control,4
1137,junk_debris,control,4
1138,junk_dead,control,4
1139,junk_debris,control,4
1140,junk_doublet,control,4
1141,junk_debris,control,4
1142,junk_dead,control,4
1143,junk_debris,control,4
1144,junk_debris,control,4
1145,junk_dead,control,4
1146,junk_debris,control,4
1147,junk_debris,control,4
1148,Myeloid,control,4
1149,Myeloid,control,4
1150,CD8_T,control,4
1151,junk_dead,control,4
1152,CD8_T,control,4
1153,junk_doublet,control,4
1154,B,control,4
1155,CD4_T,control,4
1156,junk_dead,control,4
1157,Neutrophil,control,4
1158,CD8_T,control,4
1159,junk_noise,control,4
1160,B,control,4
1161,Neutrophil,control,4
1162,CD4_T,control,4
1163,junk_debris,control,4
1164,CD4_T,control,4
1165,junk_dead,control,4
1166,CD4_T,control,4
1167,junk_doublet,control,4
1168,junk_doublet,control,4
1169,junk_dead,control,4
1170,NK,control,4
1171,junk_doublet,control,4
1172,CD4_T,control,4
1173,junk_doublet,control,4
1174,junk_debris,control,4
1175,junk_doublet,control,4
1176,Neutrophil,control,4
1177,junk_noise,control,4
1178,CD4_T,control,4
1179,CD8_T,control,4
1180,junk_doublet,control,4
1181,B,control,4
1182,B,control,4
1183,CD4_T,control,4
1184,junk_doublet,control,4
1185,B,control,4
1186,junk_noise,control,4
1187,junk_dead,control,4
1188,junk_dead,control,4
1189,junk_noise,control,4
1190,junk_doublet,control,4
1191,junk_debris,control,4
1192,junk_debris,control,4
1193,B,control,4
1194,junk_debris,control,4
1195,Myeloid,control,4
1196,junk_debris,control,4
1197,junk_debris,control,4
1198,Neutrophil,control,4
1199,junk_dead,control,4
1200,B,control,4
1201,junk_debris,control,4
1202,Myeloid,control,4
1203,junk_dead,control,4
1204,junk_dead,control,4
1205,junk_noise,control,4
1206,junk_debris,control,4
1207,junk_dead,control,4
1208,Myeloid,control,4
1209,CD4_T,control,4
1210,junk_debris,control,4
1211,junk_dead,control,4
1212,junk_noise,control,4
1213,junk_noise,control,4
1214,NK,control,4
1215,junk_doublet,control,4
1216,junk_dead,control,4
1217,junk_doublet,control,4
1218,junk_dead,control,4
1219,junk_doublet,control,4
1220,junk_debris,control,4
1221,junk_doublet,control,4
1222,junk_noise,control,4
1223,CD8_T,control,4
1224,CD4_T,control,4
1225,junk_noise,control,4
1226,junk_doublet,control,4
1227,junk_doublet,control,4
1228,B,control,4
1229,junk_debris,control,4
1230,CD4_T,control,4
1231,junk_doublet,control,4
1232,junk_doublet,control,4
1233,junk_debris,control,4
1234,junk_doublet,control,4
1235,junk_doublet,control,4
1236,junk_noise,control,4
1237,Myeloid,control,4
1238,junk_debris,control,4
1239,B,control,4
1240,junk_debris,control,4
1241,junk_noise,control,4
1242,junk_dead,control,4
1243,junk_debris,control,4
1244,junk_doublet,control,4
1245,junk_noise,control,4
1246,junk_doublet,control,4
1247,junk_debris,control,4
1248,junk_dead,control,4
1249,junk_dead,control,4
1250,junk_debris,control,4
1251,junk_doublet,control,4
1252,junk_doublet,control,4
1253,junk_debris,control,4
1254,junk_doublet,control,4
1255,junk_doublet,control,4
1256,CD4_T,control,4
1257,junk_dead,control,4
1258,junk_dead,control,4
1259,junk_debris,control,4
1260,junk_debris,control,4
1261,junk_noise,control,4
1262,junk_doublet,control,4
1263,junk_noise,control,4
1264,B,control,4
1265,Myeloid,control,4
1266,junk_debris,control,4
1267,junk_debris,control,4
1268,junk_doublet,control,4
1269,junk_doublet,control,4
1270,junk_noise,control,4
1271,junk_doublet,control,4
1272,junk_doublet,control,4
1273,CD8_T,control,4
1274,CD4_T,control,4
1275,junk_dead,control,4
1276,junk_debris,control,4
1277,B,control,4
1278,junk_debris,control,4
1279,junk_debris,control,4
1280,CD8_T,control,4
1281,junk_debris,control,4
1282,junk_doublet,control,4
1283,junk_doublet,control,4
1284,junk_debris,control,4
1285,Neutrophil,control,4
1286,NK,control,4
1287,CD4_T,control,4
1288,junk_debris,control,4
1289,B,control,4
1290,NK,control,4
1291,junk_dead,control,4
1292,junk_doublet,control,4
1293,junk_debris,control,4
1294,CD8_T,control,4
1295,B,control,4
1296,DC,control,4
1297,Neutrophil,control,4
1298,B,control,4
1299,Neutrophil,control,4
1300,junk_debris,control,4
1301,junk_dead,control,4
1302,junk_debris,control,4
1303,junk_debris,control,4
1304,Myeloid,control,4
1305,CD8_T,control,4
1306,junk_debris,control,4
1307,junk_debris,control,4
1308,junk_doublet,control,4
1309,Myeloid,control,4
1310,CD4_T,control,4
1311,B,control,4
1312,junk_debris,control,4
1313,Myeloid,control,4
1314,B,control,4
1315,junk_debris,control,4
1316,junk_debris,control,4
1317,junk_dead,control,4
1318,junk_noise,control,4
1319,junk_dead,control,4
1320,junk_debris,control,4
1321,junk_debris,control,4
1322,B,control,4
1323,junk_dead,control,4
1324,CD4_T,control,4
1325,Myeloid,control,4
1326,CD8_T,control,4
1327,junk_debris,control,4
1328,B,control,4
1329,junk_doublet,control,4
1330,B,control,4
1331,CD4_T,control,4
1332,CD8_T,control,4
1333,junk_doublet,control,4
1334,CD8_T,control,4
1335,junk_debris,control,4
1336,junk_debris,control,4
1337,junk_debris,control,4
1338,junk_debris,control,4
1339,DC,control,4
1340,junk_doublet,control,4
1341,junk_noise,control,4
1342,junk_doublet,control,4
1343,junk_debris,control,4
1344,junk_debris,control,4
1345,CD8_T,control,4
1346,junk_doublet,control,4
1347,junk_debris,control,4
1348,junk_doublet,control,4
1349,junk_debris,control,4
1350,junk_debris,control,4
1351,junk_debris,control,4
1352,junk_dead,control,4
1353,junk_doublet,control,4
1354,junk_debris,control,4
1355,Myeloid,control,4
1356,junk_doublet,control,4
1357,junk_dead,control,4
1358,junk_debris,control,4
1359,junk_doublet,control,4
1360,CD4_T,control,4
1361,junk_debris,control,4
1362,junk_debris,control,4
1363,junk_noise,control,4
1364,junk_dead,control,4
1365,B,control,4
1366,junk_debris,control,4
1367,CD8_T,control,4
1368,NK,control,4
1369,junk_doublet,control,4
1370,junk_debris,control,4
1371,junk_dead,control,4
1372,junk_dead,control,4
1373,junk_doublet,control,4
1374,junk_noise,control,4
1375,junk_noise,control,4
1376,CD4_T,control,4
1377,junk_noise,control,4
1378,CD8_T,control,4
1379,Myeloid,control,4
1380,NK,control,4
1381,Neutrophil,control,4
1382,junk_debris,control,4
1383,junk_dead,control,4
1384,CD4_T,control,4
1385,CD4_T,control,4
1386,CD4_T,control,4
1387,CD8_T,control,4
1388,B,control,4
1389,Myeloid,control,4
1390,junk_debris,control,4
1391,B,control,4
1392,junk_debris,control,4
1393,junk_dead,control,4
1394,Myeloid,control,4
1395,CD4_T,control,4
1396,junk_debris,control,4
1397,junk_doublet,control,4
1398,junk_doublet,control,4
1399,junk_doublet,control,4
1400,junk_doublet,control,4
1401,junk_debris,control,4
1402,junk_debris,control,4
1403,Neutrophil,control,4
1404,junk_doublet,control,4
1405,junk_debris,control,4
1406,Myeloid,control,4
1407,junk_doublet,control,4
1408,junk_dead,control,4
1409,junk_debris,control,4
1410,B,control,4
1411,junk_debris,control,4
1412,junk_dead,control,4
1413,NK,control,4
1414,junk_debris,control,4
1415,NK,control,4
1416,junk_dead,control,4
1417,Neutrophil,control,4
1418,junk_noise,control,4
1419,CD8_T,control,4
1420,B,control,4
1421,NK,control,4
1422,NK,control,4
1423,junk_doublet,control,4
1424,junk_debris,control,4
1425,junk_doublet,control,4
1426,junk_dead,control,4
1427,junk_dead,control,4
1428,junk_dead,control,4
1429,junk_debris,control,4
1430,junk_debris,control,4
1431,NK,control,4
1432,CD4_T,control,4
1433,junk_debris,control,4
1434,junk_debris,control,4
1435,CD8_T,control,4
1436,CD8_T,control,4
1437,B,control,4
1438,junk_dead,control,4
1439,junk_doublet,control,4
1440,B,control,4
1441,Neutrophil,control,4
1442,junk_debris,control,4
1443,CD4_T,control,4
1444,Myeloid,control,4
1445,junk_doublet,control,4
1446,Myeloid,control,4
1447,junk_noise,control,4
1448,CD4_T,control,4
1449,B,control,4
1450,junk_doublet,control,4
1451,DC,control,4
1452,junk_noise,control,4
1453,junk_dead,control,4
1454,junk_dead,control,4
1455,B,control,4
1456,junk_doublet,control,4
1457,junk_dead,control,4
1458,junk_dead,control,4
1459,junk_doublet,control,4
1460,junk_debris,control,4
1461,Myeloid,control,4
1462,B,control,4
1463,CD8_T,control,4
1464,DC,control,4
1465,junk_debris,control,4
1466,junk_doublet,control,4
1467,junk_debris,control,4
1468,Myeloid,control,4
1469,junk_doublet,control,4
1470,Myeloid,control,4
1471,junk_noise,control,4
1472,junk_dead,control,4
1473,Neutrophil,control,4
1474,junk_dead,control,4
1475,junk_debris,control,4
1476,junk_dead,control,4
1477,junk_doublet,control,4
1478,junk_debris,control,4
1479,junk_debris,control,4
1480,junk_doublet,control,4
1481,junk_debris,control,4
1482,junk_dead,control,4
1483,junk_debris,control,4
1484,CD4_T,control,4
1485,junk_dead,control,4
1486,CD4_T,control,4
1487,junk_debris,control,4
1488,junk_doublet,control,4
1489,junk_debris,control,4
1490,Myeloid,control,4
1491,B,control,4
1492,CD4_T,control,4
1493,junk_doublet,control,4
1494,junk_dead,control,4
1495,junk_debris,control,4
1496,junk_doublet,control,4
1497,Myeloid,control,4
1498,DC,control,4
1499,CD4_T,control,4
1500,junk_dead,control,4
1501,junk_debris,control,4
1502,junk_debris,control,4
1503,junk_dead,control,4
1504,B,control,4
1505,junk_noise,control,4
1506,CD4_T,control,4
1507,CD4_T,control,4
1508,junk_dead,control,4
1509,Myeloid,control,4
1510,junk_dead,control,4
1511,junk_doublet,control,4
1512,junk_doublet,control,4
1513,Neutrophil,control,4
1514,junk_doublet,control,4
1515,Neutrophil,control,4
1516,junk_doublet,control,4
1517,junk_doublet,control,4
1518,junk_noise,control,4
1519,Myeloid,control,4
1520,CD8_T,control,4
1521,junk_doublet,control,4
1522,junk_doublet,control,4
1523,junk_debris,control,4
1524,junk_dead,control,4
1525,CD8_T,control,4
1526,junk_debris,control,4
1527,junk_debris,control,4
1528,junk_debris,control,4
1529,junk_debris,control,4
1530,B,control,4
1531,Neutrophil,control,4
1532,B,control,4
1533,Neutrophil,control,4
1534,junk_debris,control,4
1535,junk_doublet,control,4
1536,junk_debris,control,4
1537,junk_debris,control,4
1538,Neutrophil,control,4
1539,Myeloid,control,4
1540,junk_debris,control,4
1541,Myeloid,control,4
1542,junk_noise,control,4
1543,junk_doublet,control,4
1544,CD4_T,control,4
1545,junk_debris,control,4
1546,junk_debris,control,4
1547,NK,control,4
1548,junk_debris,control,4
1549,junk_debris,control,4
1550,Myeloid,control,4
1551,Neutrophil,control,4
1552,junk_debris,control,4
1553,junk_debris,control,4
1554,Neutrophil,control,4
1555,B,control,4
1556,Neutrophil,control,4
1557,CD4_T,control,4
1558,junk_doublet,control,4
1559,junk_debris,control,4
1560,CD8_T,control,4
1561,DC,control,4
1562,junk_dead,control,4
1563,Neutrophil,control,4
1564,CD8_T,control,4
1565,junk_debris,control,4
1566,Myeloid,control,4
1567,junk_doublet,control,4
1568,Myeloid,control,4
1569,B,control,4
1570,junk_doublet,control,4
1571,junk_noise,control,4
1572,junk_debris,control,4
1573,Myeloid,control,4
1574,junk_noise,control,4
1575,NK,control,4
1576,junk_doublet,control,4
1577,junk_doublet,control,4
1578,junk_noise,control,4
1579,junk_noise,control,4
1580,junk_dead,control,4
1581,junk_doublet,control,4
1582,Myeloid,control,4
1583,junk_noise,control,4
1584,Myeloid,control,4
1585,junk_debris,control,4
1586,junk_debris,control,4
1587,CD8_T,control,4
1588,junk_doublet,control,4
1589,Myeloid,control,4
1590,junk_dead,control,4
1591,junk_doublet,control,4
1592,Myeloid,control,4
1593,B,control,4
1594,junk_debris,control,4
1595,junk_noise,control,4
1596,CD4_T,control,4
1597,junk_debris,control,4
1598,Neutrophil,control,4
1599,junk_debris,control,4
1600,junk_doublet,control,4
1601,junk_dead,control,4
1602,junk_noise,control,4
1603,Myeloid,control,4
1604,junk_noise,control,4
1605,junk_noise,control,4
1606,junk_debris,control,4
1607,junk_debris,control,4
1608,junk_debris,control,4
1609,junk_noise,control,4
1610,junk_debris,control,4
1611,junk_doublet,control,4
1612,junk_dead,control,4
1613,junk_debris,control,4
1614,junk_doublet,control,4
1615,Neutrophil,control,4
1616,junk_dead,control,4
1617,junk_debris,control,4
1618,CD4_T,control,4
1619,CD8_T,control,4
1620,junk_debris,control,4
1621,junk_noise,control,4
1622,junk_debris,control,4
1623,B,control,4
1624,junk_debris,control,4
1625,Myeloid,control,4
1626,junk_dead,control,4
1627,junk_debris,control,4
1628,junk_doublet,control,4
1629,B,control,4
1630,CD4_T,control,4
1631,junk_doublet,control,4
1632,Myeloid,control,4
1633,junk_debris,control,4
1634,junk_debris,control,4
1635,Myeloid,control,4
1636,junk_dead,control,4
1637,DC,control,4
1638,junk_debris,control,4
1639,junk_dead,control,4
1640,CD4_T,control,4
1641,junk_doublet,control,4
1642,NK,control,4
1643,junk_debris,control,4
1644,junk_dead,control,4
1645,CD8_T,control,4
1646,junk_debris,control,4
1647,junk_dead,control,4
1648,Neutrophil,control,4
1649,junk_debris,control,4
1650,junk_noise,control,4
1651,junk_doublet,control,4
1652,junk_dead,control,4
1653,Neutrophil,control,4
1654,junk_debris,control,4
1655,junk_debris,control,4
1656,junk_dead,control,4
1657,CD8_T,control,4
1658,NK,control,4
1659,junk_doublet,control,4
1660,B,control,4
1661,junk_debris,control,4
1662,junk_debris,control,4
1663,junk_noise,control,4
1664,junk_dead,control,4
1665,Neutrophil,control,4
1666,B,control,4
1667,junk_debris,control,4
1668,junk_debris,control,4
1669,junk_dead,control,4
1670,junk_doublet,control,4
1671,junk_debris,control,4
1672,junk_dead,control,4
1673,junk_debris,control,4
1674,B,control,4
1675,CD8_T,control,4
1676,junk_doublet,control,4
1677,junk_noise,control,4
1678,junk_dead,control,4
1679,junk_debris,control,4
1680,junk_dead,control,4
1681,junk_debris,control,4
1682,B,control,4
1683,junk_noise,control,4
1684,junk_debris,control,4
1685,Myeloid,control,4
1686,junk_debris,control,4
1687,junk_noise,control,4
1688,junk_doublet,control,4
1689,Neutrophil,control,4
1690,B,control,4
1691,B,control,4
1692,junk_dead,control,4
1693,junk_debris,control,4
1694,CD4_T,control,4
1695,CD8_T,control,4
1696,junk_noise,control,4
1697,junk_doublet,control,4
1698,junk_dead,control,4
1699,CD4_T,control,4
1700,junk_noise,control,4
1701,junk_debris,control,4
1702,junk_debris,control,4
1703,junk_noise,control,4
1704,junk_debris,control,4
1705,junk_debris,control,4
1706,CD4_T,control,4
1707,B,control,4
1708,junk_dead,control,4
1709,junk_doublet,control,4
1710,junk_doublet,control,4
1711,junk_doublet,control,4
1712,junk_debris,control,4
1713,DC,control,4
1714,CD4_T,control,4
1715,junk_doublet,control,4
1716,junk_doublet,control,4
1717,junk_doublet,control,4
1718,junk_debris,control,4
1719,junk_debris,control,4
1720,CD8_T,control,4
1721,Myeloid,control,4
1722,junk_debris,control,4
1723,junk_doublet,control,4
1724,NK,control,4
1725,Neutrophil,control,4
1726,junk_doublet,control,4
1727,NK,control,4
1728,junk_noise,control,4
1729,junk_debris,control,4
1730,junk_debris,control,4
1731,junk_doublet,control,4
1732,B,control,4
1733,junk_doublet,control,4
1734,CD4_T,control,4
1735,junk_doublet,control,4
1736,junk_doublet,control,4
1737,Myeloid,control,4
1738,CD4_T,control,4
1739,Myeloid,control,4
1740,junk_dead,control,4
1741,junk_dead,control,4
1742,junk_debris,control,4
1743,junk_debris,control,4
1744,junk_debris,control,4
1745,junk_debris,control,4
1746,Myeloid,control,4
1747,junk_debris,control,4
1748,junk_dead,control,4
1749,CD4_T,control,4
1750,junk_debris,control,4
1751,Myeloid,control,4
1752,Myeloid,control,4
1753,CD8_T,control,4
1754,junk_noise,control,4
1755,junk_dead,control,4
1756,CD4_T,control,4
1757,junk_noise,control,4
1758,junk_debris,control,4
1759,NK,control,4
1760,junk_noise,control,4
1761,junk_dead,control,4
1762,junk_dead,control,4
1763,junk_dead,control,4
1764,junk_dead,control,4
1765,junk_debris,control,4
1766,junk_debris,control,4
1767,Neutrophil,control,4
1768,junk_noise,control,4
1769,junk_dead,control,4
1770,junk_doublet,control,4
1771,junk_dead,control,4
1772,junk_debris,control,4
1773,junk_dead,control,4
1774,CD4_T,control,4
1775,junk_dead,control,4
1776,junk_noise,control,4
1777,junk_debris,control,4
1778,Neutrophil,control,4
1779,junk_dead,control,4
1780,NK,control,4
1781,junk_noise,control,4
1782,B,control,4
1783,B,control,4
1784,junk_debris,control,4
1785,junk_dead,control,4
1786,junk_noise,control,4
1787,Neutrophil,control,4
1788,junk_noise,control,4
1789,junk_dead,control,4
1790,Neutrophil,control,4
1791,DC,control,4
1792,junk_doublet,control,4
1793,junk_doublet,control,4
1794,junk_debris,control,4
1795,junk_debris,control,4
1796,junk_debris,control,4
1797,junk_debris,control,4
1798,junk_debris,control,4
1799,junk_dead,control,4
1800,junk_doublet,control,4
1801,junk_doublet,control,4
1802,junk_dead,control,4
1803,CD4_T,control,4
1804,junk_dead,control,4
1805,junk_dead,control,4
1806,junk_debris,control,4
1807,junk_dead,control,4
1808,junk_dead,control,4
1809,junk_dead,control,4
1810,junk_doublet,control,4
1811,junk_doublet,control,4
1812,B,control,4
1813,junk_doublet,control,4
1814,junk_doublet,control,4
1815,junk_debris,control,4
1816,junk_dead,control,4
1817,Myeloid,control,4
1818,junk_dead,control,4
1819,junk_debris,control,4
1820,junk_dead,control,4
1821,Neutrophil,control,4
1822,B,control,4
1823,junk_dead,control,4
1824,CD4_T,control,4
1825,junk_debris,control,4
1826,junk_debris,control,4
1827,junk_debris,control,4
1828,B,control,4
1829,junk_debris,control,4
1830,junk_noise,control,4
1831,B,control,4
1832,junk_debris,control,4
1833,junk_doublet,control,4
1834,B,control,4
1835,B,control,4
1836,CD4_T,control,4
1837,junk_dead,control,4
1838,junk_debris,control,4
1839,junk_noise,control,4
1840,junk_dead,control,4
1841,NK,control,4
1842,junk_doublet,control,4
1843,junk_doublet,control,4
1844,junk_debris,control,4
1845,junk_dead,control,4
1846,CD4_T,control,4
1847,Neutrophil,control,4
1848,Neutrophil,control,4
1849,junk_dead,control,4
1850,junk_debris,control,4
1851,junk_debris,control,4
1852,CD4_T,control,4
1853,junk_debris,control,4
1854,junk_debris,control,4
1855,junk_dead,control,4
1856,CD4_T,control,4
1857,Myeloid,control,4
1858,junk_debris,control,4
1859,junk_dead,control,4
1860,CD8_T,control,4
1861,Neutrophil,control,4
1862,CD8_T,control,4
1863,Neutrophil,control,4
1864,junk_debris,control,4
1865,CD4_T,control,4
1866,junk_dead,control,4
1867,Neutrophil,control,4
1868,junk_doublet,control,4
1869,DC,control,4
1870,junk_debris,control,4
1871,junk_debris,control,4
1872,junk_dead,control,4
1873,junk_doublet,control,4
1874,junk_noise,control,4
1875,junk_debris,control,4
1876,junk_doublet,control,4
1877,Neutrophil,control,4
1878,junk_noise,control,4
1879,junk_dead,control,4
1880,B,control,4
1881,junk_doublet,control,4
1882,junk_debris,control,4
1883,B,control,4
1884,junk_debris,control,4
1885,junk_noise,control,4
1886,junk_debris,control,4
1887,CD8_T,control,4
1888,junk_debris,control,4
1889,junk_noise,control,4
1890,B,control,4
1891,CD8_T,control,4
1892,Myeloid,control,4
1893,junk_debris,control,4
1894,CD8_T,control,4
1895,junk_dead,control,4
1896,Myeloid,control,4
1897,junk_debris,control,4
1898,junk_debris,control,4
1899,Neutrophil,control,4
1900,Myeloid,control,4
1901,B,control,4
1902,junk_dead,control,4
1903,junk_noise,control,4
1904,junk_noise,control,4
1905,junk_dead,control,4
1906,junk_dead,control,4
1907,B,control,4
1908,junk_noise,control,4
1909,junk_debris,control,4
1910,junk_dead,control,4
1911,CD4_T,control,4
1912,junk_debris,control,4
1913,junk_dead,control,4
1914,CD4_T,control,4
1915,junk_debris,control,4
1916,B,control,4
1917,junk_debris,control,4
1918,B,control,4
1919,junk_noise,control,4
1920,junk_doublet,control,4
1921,Neutrophil,control,4
1922,junk_debris,control,4
1923,CD4_T,control,4
1924,Myeloid,control,4
1925,junk_noise,control,4
1926,CD8_T,control,4
1927,junk_debris,control,4
1928,junk_dead,control,4
1929,B,control,4
1930,junk_doublet,control,4
1931,junk_dead,control,4
1932,junk_debris,control,4
1933,junk_noise,control,4
1934,junk_debris,control,4
1935,Myeloid,control,4
1936,junk_noise,control,4
1937,junk_doublet,control,4
1938,junk_debris,control,4
1939,junk_noise,control,4
1940,B,control,4
1941,junk_doublet,control,4
1942,junk_dead,control,4
1943,CD8_T,control,4
1944,junk_noise,control,4
1945,junk_dead,control,4
1946,junk_doublet,control,4
1947,junk_debris,control,4
1948,B,control,4
1949,CD8_T,control,4
1950,junk_dead,control,4
1951,junk_dead,control,4
1952,CD8_T,control,4
1953,junk_doublet,control,4
1954,junk_debris,control,4
1955,B,control,4
1956,junk_noise,control,4
1957,junk_dead,control,4
1958,junk_noise,control,4
1959,B,control,4
1960,junk_debris,control,4
1961,Myeloid,control,4
1962,NK,control,4
1963,junk_dead,control,4
1964,NK,control,4
1965,junk_dead,control,4
1966,Neutrophil,control,4
1967,junk_noise,control,4
1968,junk_doublet,control,4
1969,junk_dead,control,4
1970,junk_debris,control,4
1971,junk_doublet,control,4
1972,NK,control,4
1973,junk_doublet,control,4
1974,junk_debris,control,4
1975,Myeloid,control,4
1976,B,control,4
1977,Neutrophil,control,4
1978,junk_dead,control,4
1979,junk_doublet,control,4
1980,CD4_T,control,4
1981,Myeloid,control,4
1982,junk_dead,control,4
1983,junk_doublet,control,4
1984,B,control,4
1985,junk_doublet,control,4
1986,junk_dead,control,4
1987,junk_debris,control,4
1988,B,control,4
1989,CD4_T,control,4
1990,junk_debris,control,4
1991,junk_dead,control,4
1992,junk_doublet,control,4
1993,junk_doublet,control,4
1994,junk_doublet,control,4
1995,junk_debris,control,4
1996,CD4_T,control,4
1997,Neutrophil,control,4
1998,junk_noise,control,4
1999,junk_debris,control,4
2000,B,control,4
2001,junk_doublet,control,4
2002,CD4_T,control,4
2003,junk_doublet,control,4
2004,junk_dead,control,4
2005,junk_debris,control,4
2006,Neutrophil,control,4
2007,junk_dead,control,4
2008,junk_noise,control,4
2009,CD8_T,control,4
2010,junk_debris,control,4
2011,junk_debris,control,4
2012,junk_debris,control,4
2013,junk_doublet,control,4
2014,B,control,4
2015,junk_doublet,control,4
2016,CD4_T,control,4
2017,Myeloid,control,4
2018,junk_noise,control,4
2019,NK,control,4
2020,junk_noise,control,4
2021,junk_debris,control,4
2022,NK,control,4
2023,B,control,4
2024,junk_dead,control,4
2025,junk_doublet,control,4
2026,B,control,4
2027,junk_debris,control,4
2028,junk_debris,control,4
2029,junk_noise,control,4
2030,junk_debris,control,4
2031,CD4_T,control,4
2032,junk_debris,control,4
2033,CD8_T,control,4
2034,junk_debris,control,4
2035,junk_noise,control,4
2036,junk_dead,control,4
2037,junk_debris,control,4
2038,Myeloid,control,4
2039,DC,control,4
2040,junk_doublet,control,4
2041,CD4_T,control,4
2042,Myeloid,control,4
2043,junk_dead,control,4
2044,junk_noise,control,4
2045,junk_debris,control,4
2046,Neutrophil,control,4
2047,junk_debris,control,4
2048,junk_dead,control,4
2049,junk_dead,control,4
2050,junk_debris,control,4
2051,junk_dead,control,4
2052,Neutrophil,control,4
2053,junk_doublet,control,4
2054,junk_dead,control,4
2055,junk_doublet,control,4
2056,CD8_T,control,4
2057,NK,control,4
2058,Myeloid,control,4
2059,NK,control,4
2060,B,control,4
2061,junk_debris,control,4
2062,B,control,4
2063,junk_noise,control,4
2064,Neutrophil,control,4
2065,junk_doublet,control,4
2066,junk_doublet,control,4
2067,junk_dead,control,4
2068,junk_dead,control,4
2069,junk_dead,control,4
2070,junk_doublet,control,4
2071,junk_debris,control,4
2072,junk_debris,control,4
2073,junk_debris,control,4
2074,junk_noise,control,4
2075,junk_debris,control,4
2076,junk_debris,control,4
2077,junk_noise,control,4
2078,junk_debris,control,4
2079,junk_dead,control,4
2080,CD8_T,control,4
2081,junk_doublet,control,4
2082,junk_dead,control,4
2083,Neutrophil,control,4
2084,junk_dead,control,4
2085,CD4_T,control,4
2086,junk_dead,control,4
2087,junk_debris,control,4
2088,junk_noise,control,4
2089,B,control,4
2090,junk_doublet,control,4
2091,Neutrophil,control,4
2092,junk_debris,control,4
2093,junk_debris,control,4
2094,junk_debris,control,4
2095,junk_debris,control,4
2096,junk_dead,control,4
2097,Neutrophil,control,4
2098,junk_noise,control,4
2099,CD4_T,control,4
2100,CD4_T,control,4
2101,CD8_T,control,4
2102,junk_dead,control,4
2103,CD8_T,control,4
2104,junk_doublet,control,4
2105,CD4_T,control,4
2106,junk_dead,control,4
2107,junk_dead,control,4
2108,junk_noise,control,4
2109,junk_debris,control,4
2110,Myeloid,control,4
2111,junk_noise,control,4
2112,junk_debris,control,4
2113,Neutrophil,control,4
2114,junk_debris,control,4
2115,CD4_T,control,4
2116,junk_noise,control,4
2117,junk_debris,control,4
2118,junk_doublet,control,4
2119,CD4_T,control,4
2120,B,control,4
2121,junk_noise,control,4
2122,B,control,4
2123,Myeloid,control,4
2124,junk_debris,control,4
2125,junk_doublet,control,4
2126,B,control,4
2127,junk_doublet,control,4
2128,Neutrophil,control,4
2129,B,control,4
2130,Neutrophil,control,4
2131,B,control,4
2132,CD8_T,control,4
2133,junk_doublet,control,4
2134,junk_doublet,control,4
2135,junk_dead,control,4
2136,junk_noise,control,4
2137,junk_noise,control,4
2138,junk_dead,control,4
2139,junk_debris,control,4
2140,junk_debris,control,4
2141,junk_dead,control,4
2142,Neutrophil,control,4
2143,junk_noise,control,4
2144,junk_dead,control,4
2145,junk_dead,control,4
2146,junk_dead,control,4
2147,B,control,4
2148,junk_debris,control,4
2149,Myeloid,control,4
2150,junk_debris,control,4
2151,junk_debris,control,4
2152,junk_doublet,control,4
2153,junk_debris,control,4
2154,junk_doublet,control,4
2155,junk_doublet,control,4
2156,CD8_T,control,4
2157,Myeloid,control,4
2158,junk_noise,control,4
2159,B,control,4
2160,Neutrophil,control,4
2161,junk_doublet,control,4
2162,junk_dead,control,4
2163,junk_doublet,control,4
2164,junk_debris,control,4
2165,junk_dead,control,4
2166,junk_doublet,control,4
2167,junk_noise,control,4
2168,junk_doublet,control,4
2169,B,control,4
2170,junk_doublet,control,4
2171,junk_dead,control,4
2172,junk_debris,control,4
2173,junk_doublet,control,4
2174,CD8_T,control,4
2175,Neutrophil,control,4
2176,junk_debris,control,4
2177,junk_dead,control,4
2178,junk_debris,control,4
2179,junk_noise,control,4
2180,junk_debris,control,4
2181,Myeloid,control,4
2182,junk_debris,control,4
2183,CD8_T,control,4
2184,B,control,4
2185,junk_doublet,control,4
2186,junk_dead,control,4
2187,B,control,4
2188,B,control,4
2189,junk_debris,control,4
2190,junk_debris,control,4
2191,junk_doublet,control,4
2192,Neutrophil,control,4
2193,junk_debris,control,4
2194,Myeloid,control,4
2195,CD4_T,control,4
2196,junk_dead,control,4
2197,CD8_T,control,4
2198,Neutrophil,control,4
2199,CD8_T,control,4
2200,junk_noise,control,4
2201,B,control,4
2202,Myeloid,control,4
2203,Myeloid,control,4
2204,junk_doublet,control,4
2205,CD8_T,control,4
2206,junk_dead,control,4
2207,junk_debris,control,4
2208,junk_debris,control,4
2209,B,control,4
2210,junk_dead,control,4
2211,Myeloid,control,4
2212,CD8_T,control,4
2213,junk_debris,control,4
2214,junk_debris,control,4
2215,junk_doublet,control,4
2216,CD8_T,control,4
2217,CD4_T,control,4
2218,junk_debris,control,4
2219,junk_noise,control,4
2220,Neutrophil,control,4
2221,junk_debris,control,4
2222,junk_dead,control,4
2223,B,control,4
2224,junk_doublet,control,4
2225,junk_dead,control,4
2226,CD8_T,control,4
2227,junk_noise,control,4
2228,DC,control,4
2229,Myeloid,control,4
2230,junk_doublet,control,4
2231,junk_doublet,control,4
2232,junk_debris,control,4
2233,junk_debris,control,4
2234,B,control,4
2235,junk_doublet,control,4
2236,junk_dead,control,4
2237,B,control,4
2238,B,control,4
2239,Neutrophil,control,4
2240,junk_dead,control,4
2241,junk_debris,control,4
2242,junk_debris,control,4
2243,B,control,4
2244,junk_debris,control,4
2245,NK,control,4
2246,Neutrophil,control,4
2247,Myeloid,control,4
2248,B,control,4
2249,CD8_T,control,4
2250,junk_doublet,control,4
2251,CD8_T,control,4
2252,CD4_T,control,4
2253,junk_debris,control,4
2254,B,control,4
2255,junk_doublet,control,4
2256,junk_dead,control,4
2257,junk_dead,control,4
2258,Myeloid,control,4
2259,Myeloid,control,4
2260,B,control,4
2261,junk_noise,control,4
2262,junk_noise,control,4
2263,junk_debris,control,4
2264,junk_doublet,control,4
2265,junk_debris,control,4
2266,CD8_T,control,4
2267,junk_dead,control,4
2268,CD8_T,control,4
2269,junk_debris,control,4
2270,Myeloid,control,4
2271,junk_doublet,control,4
2272,junk_doublet,control,4
2273,junk_dead,control,4
2274,junk_doublet,control,4
2275,B,control,4
2276,junk_doublet,control,4
2277,junk_doublet,control,4
2278,junk_noise,control,4
2279,junk_dead,control,4
2280,junk_noise,control,4
2281,junk_doublet,control,4
2282,junk_dead,control,4
2283,junk_noise,control,4
2284,junk_debris,control,4
2285,junk_doublet,control,4
2286,junk_debris,control,4
2287,junk_debris,control,4
2288,CD4_T,control,4
2289,junk_debris,control,4
2290,junk_debris,control,4
2291,B,control,4
2292,junk_debris,control,4
2293,B,control,4
2294,junk_debris,control,4
2295,CD4_T,control,4
2296,junk_doublet,control,4
2297,junk_dead,control,4
2298,junk_dead,control,4
2299,junk_noise,control,4
2300,junk_dead,control,4
2301,junk_debris,control,4
2302,junk_debris,control,4
2303,B,control,4
2304,junk_debris,control,4
2305,junk_dead,control,4
2306,junk_debris,control,4
2307,DC,control,4
2308,Myeloid,control,4
2309,junk_noise,control,4
2310,junk_debris,control,4
2311,junk_dead,control,4
2312,junk_debris,control,4
2313,Myeloid,control,4
2314,Neutrophil,control,4
2315,junk_debris,control,4
2316,junk_debris,control,4
2317,junk_dead,control,4
2318,B,control,4
2319,junk_dead,control,4
2320,CD8_T,control,4
2321,NK,control,4
2322,CD4_T,control,4
2323,junk_doublet,control,4
2324,junk_doublet,control,4
2325,Myeloid,control,4
2326,junk_dead,control,4
2327,junk_doublet,control,4
2328,junk_dead,control,4
2329,junk_debris,control,4
2330,junk_doublet,control,4
2331,junk_doublet,control,4
2332,junk_debris,control,4
2333,B,control,4
2334,junk_debris,control,4
2335,junk_debris,control,4
2336,Neutrophil,control,4
2337,junk_debris,control,4
2338,junk_noise,control,4
2339,junk_noise,control,4
2340,CD8_T,control,4
2341,Myeloid,control,4
2342,junk_dead,control,4
2343,junk_doublet,control,4
2344,junk_debris,control,4
2345,CD4_T,control,4
2346,junk_noise,control,4
2347,Myeloid,control,4
2348,B,control,4
2349,Neutrophil,control,4
2350,CD4_T,control,4
2351,junk_debris,control,4
2352,CD4_T,control,4
2353,B,control,4
2354,junk_doublet,control,4
2355,CD4_T,control,4
2356,junk_doublet,control,4
2357,NK,control,4
2358,B,control,4
2359,junk_debris,control,4
2360,B,control,4
2361,CD4_T,control,4
2362,CD8_T,control,4
2363,junk_dead,control,4
2364,junk_debris,control,4
2365,junk_dead,control,4
2366,CD4_T,control,4
2367,junk_debris,control,4
2368,junk_debris,control,4
2369,junk_noise,control,4
2370,junk_debris,control,4
2371,junk_dead,control,4
2372,junk_debris,control,4
2373,junk_noise,control,4
2374,junk_dead,control,4
2375,junk_noise,control,4
2376,DC,control,4
2377,junk_doublet,control,4
2378,junk_debris,control,4
2379,Myeloid,control,4
2380,DC,control,4
2381,B,control,4
2382,Myeloid,control,4
2383,junk_doublet,control,4
2384,junk_doublet,control,4
2385,B,control,4
2386,junk_debris,control,4
2387,junk_dead,control,4
2388,junk_debris,control,4
2389,NK,control,4
2390,Myeloid,control,4
2391,junk_dead,control,4
2392,Neutrophil,control,4
2393,junk_debris,control,4
2394,junk_dead,control,4
2395,junk_dead,control,4
2396,junk_doublet,control,4
2397,junk_doublet,control,4
2398,CD4_T,control,4
2399,junk_noise,control,4
2400,CD8_T,control,4
2401,junk_debris,control,4
2402,B,control,4
2403,CD4_T,control,4
2404,junk_dead,control,4
2405,junk_noise,control,4
2406,junk_debris,control,4
2407,junk_debris,control,4
2408,junk_noise,control,4
2409,B,control,4
2410,junk_dead,control,4
2411,junk_doublet,control,4
2412,junk_debris,control,4
2413,CD8_T,control,4
2414,junk_debris,control,4
2415,junk_debris,control,4
2416,Neutrophil,control,4
2417,junk_debris,control,4
2418,junk_doublet,control,4
2419,junk_debris,control,4
2420,junk_debris,control,4
2421,B,control,4
2422,junk_dead,control,4
2423,junk_debris,control,4
2424,B,control,4
2425,Myeloid,control,4
2426,Neutrophil,control,4
2427,NK,control,4
2428,CD4_T,control,4
2429,junk_debris,control,4
2430,Neutrophil,control,4
2431,junk_debris,control,4
2432,junk_doublet,control,4
2433,NK,control,4
2434,junk_doublet,control,4
2435,junk_debris,control,4
2436,junk_doublet,control,4
2437,B,control,4
2438,junk_debris,control,4
2439,junk_dead,control,4
2440,junk_doublet,control,4
2441,Neutrophil,control,4
2442,DC,control,4
2443,junk_noise,control,4
2444,Myeloid,control,4
2445,junk_doublet,control,4
2446,junk_debris,control,4
2447,B,control,4
2448,junk_dead,control,4
2449,junk_doublet,control,4
2450,CD4_T,control,4
2451,junk_debris,control,4
2452,junk_dead,control,4
2453,junk_doublet,control,4
2454,Neutrophil,control,4
2455,junk_dead,control,4
2456,junk_debris,control,4
2457,junk_debris,control,4
2458,junk_debris,control,4
2459,junk_dead,control,4
2460,junk_dead,control,4
2461,junk_dead,control,4
2462,Myeloid,control,4
2463,junk_noise,control,4
2464,junk_debris,control,4
2465,junk_debris,control,4
2466,Neutrophil,control,4
2467,junk_doublet,control,4
2468,junk_doublet,control,4
2469,Myeloid,control,4
2470,junk_doublet,control,4
2471,Neutrophil,control,4
2472,junk_debris,control,4
2473,B,control,4
2474,CD4_T,control,4
2475,junk_dead,control,4
2476,junk_debris,control,4
2477,junk_debris,control,4
2478,junk_debris,control,4
2479,Myeloid,control,4
2480,Myeloid,control,4
2481,junk_doublet,control,4
2482,junk_doublet,control,4
2483,junk_debris,control,4
2484,junk_debris,control,4
2485,junk_debris,control,4
2486,junk_dead,control,4
2487,CD4_T,control,4
2488,junk_noise,control,4
2489,junk_noise,control,4
2490,junk_debris,control,4
2491,CD8_T,control,4
2492,CD4_T,control,4
2493,Myeloid,control,4
2494,B,control,4
2495,junk_debris,control,4
2496,junk_debris,control,4
2497,CD4_T,control,4
2498,junk_debris,control,4
2499,junk_noise,control,4
2500,CD8_T,control,4
2501,B,control,4
2502,junk_debris,control,4
2503,junk_debris,control,4
2504,junk_debris,control,4
2505,junk_debris,control,4
2506,Myeloid,control,4
2507,junk_noise,control,4
2508,junk_debris,control,4
2509,junk_debris,control,4
2510,junk_debris,control,4
2511,Myeloid,control,4
2512,NK,control,4
2513,junk_debris,control,4
2514,B,control,4
2515,junk_debris,control,4
2516,junk_noise,control,4
2517,junk_doublet,control,4
2518,junk_debris,control,4
2519,junk_noise,control,4
2520,junk_debris,control,4
2521,junk_debris,control,4
2522,junk_noise,control,4
2523,junk_debris,control,4
2524,B,control,4
2525,B,control,4
2526,junk_dead,control,4
2527,junk_dead,control,4
2528,B,control,4
2529,junk_debris,control,4
2530,Myeloid,control,4
2531,Myeloid,control,4
2532,junk_dead,control,4
2533,NK,control,4
2534,B,control,4
2535,CD4_T,control,4
2536,B,control,4
2537,junk_noise,control,4
2538,junk_debris,control,4
2539,junk_debris,control,4
2540,junk_dead,control,4
2541,junk_debris,control,4
2542,junk_debris,control,4
2543,junk_doublet,control,4
2544,junk_debris,control,4
2545,junk_doublet,control,4
2546,CD8_T,control,4
2547,junk_doublet,control,4
2548,junk_debris,control,4
2549,junk_debris,control,4
2550,CD4_T,control,4
2551,junk_debris,control,4
2552,junk_debris,control,4
2553,CD8_T,control,4
2554,junk_dead,control,4
2555,junk_debris,control,4
2556,Neutrophil,control,4
2557,junk_noise,control,4
2558,junk_doublet,control,4
2559,CD8_T,control,4
2560,B,control,4
2561,junk_debris,control,4
2562,junk_debris,control,4
2563,junk_doublet,control,4
2564,B,control,4
2565,Myeloid,control,4
2566,CD8_T,control,4
2567,junk_debris,control,4
2568,junk_dead,control,4
2569,junk_noise,control,4
2570,junk_debris,control,4
2571,junk_noise,control,4
2572,junk_noise,control,4
2573,junk_noise,control,4
2574,junk_debris,control,4
2575,Myeloid,control,4
2576,junk_doublet,control,4
2577,junk_dead,control,4
2578,junk_doublet,control,4
2579,junk_doublet,control,4
2580,junk_doublet,control,4
2581,CD4_T,control,4
2582,DC,control,4
2583,junk_dead,control,4
2584,junk_debris,control,4
2585,CD4_T,control,4
2586,junk_dead,control,4
2587,Myeloid,control,4
2588,junk_dead,control,4
2589,CD4_T,control,4
2590,Myeloid,control,4
2591,B,control,4
2592,B,control,4
2593,Neutrophil,control,4
2594,junk_doublet,control,4
2595,B,control,4
2596,junk_doublet,control,4
2597,junk_dead,control,4
2598,junk_noise,control,4
2599,junk_debris,control,4
2600,CD8_T,control,4
2601,junk_doublet,control,4
2602,junk_debris,control,4
2603,B,control,4
2604,B,control,4
2605,CD8_T,control,4
2606,junk_dead,control,4
2607,junk_noise,control,4
2608,CD8_T,control,4
2609,junk_debris,control,4
2610,Myeloid,control,4
2611,NK,control,4
2612,junk_debris,control,4
2613,junk_dead,control,4
2614,junk_debris,control,4
2615,NK,control,4
2616,junk_doublet,control,4
2617,junk_noise,control,4
2618,CD4_T,control,4
2619,Neutrophil,control,4
2620,Myeloid,control,4
2621,B,control,4
2622,CD4_T,control,4
2623,junk_debris,control,4
2624,junk_noise,control,4
2625,junk_debris,control,4
2626,junk_doublet,control,4
2627,junk_doublet,control,4
2628,CD4_T,control,4
2629,junk_doublet,control,4
2630,junk_noise,control,4
2631,junk_debris,control,4
2632,Myeloid,control,4
2633,junk_dead,control,4
2634,Myeloid,control,4
2635,junk_debris,control,4
2636,junk_noise,control,4
2637,Neutrophil,control,4
2638,B,control,4
2639,junk_debris,control,4
2640,junk_debris,control,4
2641,B,control,4
2642,CD4_T,control,4
2643,junk_dead,control,4
2644,junk_debris,control,4
2645,CD8_T,control,4
2646,Neutrophil,control,4
2647,junk_doublet,control,4
2648,B,control,4
2649,junk_debris,control,4
2650,DC,control,4
2651,junk_debris,control,4
2652,Neutrophil,control,4
2653,junk_doublet,control,4
2654,B,control,4
2655,junk_noise,control,4
2656,junk_debris,control,4
2657,junk_doublet,control,4
2658,junk_debris,control,4
2659,CD8_T,control,4
2660,junk_doublet,control,4
2661,junk_debris,control,4
2662,CD4_T,control,4
2663,junk_doublet,control,4
2664,junk_debris,control,4
2665,junk_debris,control,4
2666,junk_noise,control,4
2667,junk_debris,control,4
2668,junk_doublet,control,4
2669,Myeloid,control,4
2670,junk_dead,control,4
2671,junk_doublet,control,4
2672,CD4_T,control,4
2673,junk_noise,control,4
2674,CD4_T,control,4
2675,junk_debris,control,4
2676,junk_dead,control,4
2677,CD8_T,control,4
2678,junk_dead,control,4
2679,junk_dead,control,4
2680,junk_debris,control,4
2681,junk_debris,control,4
2682,junk_debris,control,4
2683,CD8_T,control,4
2684,junk_doublet,control,4
2685,junk_debris,control,4
2686,junk_debris,control,4
2687,junk_noise,control,4
2688,junk_debris,control,4
2689,junk_dead,control,4
2690,CD4_T,control,4
2691,junk_debris,control,4
2692,Myeloid,control,4
2693,junk_dead,control,4
2694,Neutrophil,control,4
2695,junk_debris,control,4
2696,junk_debris,control,4
2697,CD8_T,control,4
2698,junk_debris,control,4
2699,junk_noise,control,4
2700,CD4_T,control,4
2701,CD4_T,control,4
2702,junk_doublet,control,4
2703,junk_debris,control,4
2704,junk_doublet,control,4
2705,junk_doublet,control,4
2706,junk_dead,control,4
2707,junk_doublet,control,4
2708,junk_doublet,control,4
2709,junk_doublet,control,4
2710,junk_debris,control,4
2711,junk_debris,control,4
2712,junk_debris,control,4
2713,Myeloid,control,4
2714,CD4_T,control,4
2715,CD4_T,control,4
2716,CD4_T,control,4
2717,junk_debris,control,4
2718,B,control,4
2719,B,control,4
2720,junk_noise,control,4
2721,Neutrophil,control,4
2722,B,control,4
2723,junk_debris,control,4
2724,junk_dead,control,4
2725,junk_dead,control,4
2726,B,control,4
2727,junk_dead,control,4
2728,junk_doublet,control,4
2729,junk_debris,control,4
2730,junk_noise,control,4
2731,junk_noise,control,4
2732,junk_debris,control,4
2733,junk_doublet,control,4
2734,CD4_T,control,4
2735,junk_debris,control,4
2736,junk_dead,control,4
2737,CD8_T,control,4
2738,junk_dead,control,4
2739,B,control,4
2740,DC,control,4
2741,junk_debris,control,4
2742,NK,control,4
2743,junk_doublet,control,4
2744,Myeloid,control,4
2745,junk_debris,control,4
2746,junk_debris,control,4
2747,CD8_T,control,4
2748,junk_noise,control,4
2749,junk_dead,control,4
2750,CD8_T,control,4
2751,Myeloid,control,4
2752,junk_debris,control,4
2753,junk_debris,control,4
2754,CD4_T,control,4
2755,Myeloid,control,4
2756,Myeloid,control,4
2757,Myeloid,control,4
2758,CD8_T,control,4
2759,CD8_T,control,4
2760,junk_debris,control,4
2761,B,control,4
2762,junk_debris,control,4
2763,junk_noise,control,4
2764,CD8_T,control,4
2765,junk_debris,control,4
2766,junk_debris,control,4
2767,CD8_T,control,4
2768,junk_dead,control,4
2769,junk_debris,control,4
2770,Myeloid,control,4
2771,junk_noise,control,4
2772,junk_debris,control,4
2773,junk_noise,control,4
2774,junk_dead,control,4
2775,junk_doublet,control,4
2776,junk_doublet,control,4
2777,Myeloid,control,4
2778,CD4_T,control,4
2779,junk_debris,control,4
2780,junk_debris,control,4
2781,CD8_T,control,4
2782,B,control,4
2783,junk_doublet,control,4
2784,junk_dead,control,4
2785,junk_dead,control,4
2786,junk_dead,control,4
2787,CD4_T,control,4
2788,junk_doublet,control,4
2789,junk_dead,control,4
2790,junk_doublet,control,4
2791,junk_debris,control,4
2792,junk_debris,control,4
2793,junk_doublet,control,4
2794,junk_debris,control,4
2795,junk_debris,control,4
2796,junk_debris,control,4
2797,junk_dead,control,4
2798,junk_debris,control,4
2799,junk_noise,control,4
2800,junk_debris,control,4
2801,Myeloid,control,4
2802,junk_dead,control,4
2803,junk_doublet,control,4
2804,NK,control,4
2805,CD4_T,control,4
2806,junk_debris,control,4
2807,CD4_T,control,4
2808,CD4_T,control,4
2809,B,control,4
2810,Neutrophil,control,4
2811,junk_doublet,control,4
2812,junk_debris,control,4
2813,B,control,4
2814,B,control,4
2815,junk_dead,control,4
2816,junk_doublet,control,4
2817,Myeloid,control,4
2818,junk_debris,control,4
2819,CD4_T,control,4
2820,CD8_T,control,4
2821,CD4_T,control,4
2822,junk_debris,control,4
2823,junk_debris,control,4
2824,Myeloid,control,4
2825,junk_debris,control,4
2826,junk_debris,control,4
2827,junk_doublet,control,4
2828,junk_debris,control,4
2829,junk_noise,control,4
2830,CD4_T,control,4
2831,junk_dead,control,4
2832,junk_dead,control,4
2833,junk_noise,control,4
2834,junk_doublet,control,4
2835,junk_dead,control,4
2836,B,control,4
2837,junk_dead,control,4
2838,junk_noise,control,4
2839,junk_debris,control,4
2840,junk_debris,control,4
2841,junk_doublet,control,4
2842,junk_doublet,control,4
2843,junk_dead,control,4
2844,junk_doublet,control,4
2845,junk_dead,control,4
2846,junk_debris,control,4
2847,Myeloid,control,4
2848,junk_noise,control,4
2849,B,control,4
2850,junk_dead,control,4
2851,junk_noise,control,4
2852,junk_doublet,control,4
2853,junk_doublet,control,4
2854,junk_debris,control,4
2855,junk_debris,control,4
2856,junk_dead,control,4
2857,junk_debris,control,4
2858,junk_debris,control,4
2859,Neutrophil,control,4
2860,junk_dead,control,4
2861,B,control,4
2862,junk_debris,control,4
2863,junk_debris,control,4
2864,junk_debris,control,4
2865,junk_debris,control,4
2866,B,control,4
2867,junk_debris,control,4
2868,CD4_T,control,4
2869,junk_dead,control,4
2870,junk_debris,control,4
2871,B,control,4
2872,junk_noise,control,4
2873,junk_doublet,control,4
2874,junk_noise,control,4
2875,Neutrophil,control,4
2876,junk_doublet,control,4
2877,junk_debris,control,4
2878,junk_dead,control,4
2879,junk_noise,control,4
2880,junk_dead,control,4
2881,Neutrophil,control,4
2882,junk_doublet,control,4
2883,junk_doublet,control,4
2884,junk_dead,control,4
2885,junk_noise,control,4
2886,CD4_T,control,4
2887,junk_noise,control,4
2888,NK,control,4
2889,junk_debris,control,4
2890,junk_noise,control,4
2891,junk_noise,control,4
2892,CD8_T,control,4
2893,Myeloid,control,4
2894,Myeloid,control,4
2895,junk_debris,control,4
2896,Myeloid,control,4
2897,junk_dead,control,4
2898,junk_noise,control,4
2899,junk_dead,control,4
2900,junk_debris,control,4
2901,NK,control,4
2902,CD4_T,control,4
2903,junk_dead,control,4
2904,junk_debris,control,4
2905,junk_dead,control,4
2906,B,control,4
2907,junk_doublet,control,4
2908,junk_doublet,control,4
2909,junk_dead,control,4
2910,junk_noise,control,4
2911,junk_debris,control,4
2912,B,control,4
2913,junk_noise,control,4
2914,junk_debris,control,4
2915,B,control,4
2916,junk_debris,control,4
2917,Myeloid,control,4
2918,B,control,4
2919,B,control,4
2920,junk_dead,control,4
2921,B,control,4
2922,CD4_T,control,4
2923,junk_dead,control,4
2924,junk_dead,control,4
2925,Myeloid,control,4
2926,junk_noise,control,4
2927,junk_doublet,control,4
2928,junk_dead,control,4
2929,junk_dead,control,4
2930,junk_doublet,control,4
2931,Myeloid,control,4
2932,junk_doublet,control,4
2933,junk_doublet,control,4
2934,junk_doublet,control,4
2935,Neutrophil,control,4
2936,junk_debris,control,4
2937,B,control,4
2938,junk_debris,control,4
2939,CD8_T,control,4
2940,CD4_T,control,4
2941,junk_debris,control,4
2942,Neutrophil,control,4
2943,CD8_T,control,4
2944,CD4_T,control,4
2945,junk_debris,control,4
2946,junk_dead,control,4
2947,junk_dead,control,4
2948,junk_debris,control,4
2949,junk_noise,control,4
2950,junk_doublet,control,4
2951,junk_doublet,control,4
2952,B,control,4
2953,junk_doublet,control,4
2954,Myeloid,control,4
2955,junk_debris,control,4
2956,junk_debris,control,4
2957,junk_dead,control,4
2958,junk_debris,control,4
2959,DC,control,4
2960,junk_debris,control,4
2961,junk_noise,control,4
2962,junk_dead,control,4
2963,junk_dead,control,4
2964,Myeloid,control,4
2965,junk_noise,control,4
2966,junk_doublet,control,4
2967,B,control,4
2968,junk_noise,control,4
2969,junk_debris,control,4
2970,junk_dead,control,4
2971,B,control,4
2972,junk_debris,control,4
2973,junk_noise,control,4
2974,Neutrophil,control,4
2975,junk_debris,control,4
2976,junk_debris,control,4
2977,junk_debris,control,4
2978,CD4_T,control,4
2979,B,control,4
2980,CD4_T,control,4
2981,junk_debris,control,4
2982,junk_dead,control,4
2983,junk_dead,control,4
2984,junk_debris,control,4
2985,junk_debris,control,4
2986,junk_dead,control,4
2987,junk_debris,control,4
2988,junk_debris,control,4
2989,NK,control,4
2990,Neutrophil,control,4
2991,CD4_T,control,4
2992,junk_doublet,control,4
2993,junk_noise,control,4
2994,junk_dead,control,4
2995,junk_noise,control,4
2996,junk_debris,control,4
2997,junk_dead,control,4
2998,junk_noise,control,4
2999,Neutrophil,control,4
3000,junk_noise,control,4
3001,CD4_T,control,4
3002,junk_doublet,control,4
3003,Myeloid,control,4
3004,NK,control,4
3005,B,control,4
3006,junk_noise,control,4
3007,junk_debris,control,4
3008,NK,control,4
3009,junk_noise,control,4
3010,junk_debris,control,4
3011,B,control,4
3012,junk_dead,control,4
3013,Neutrophil,control,4
3014,CD8_T,control,4
3015,junk_dead,control,4
3016,junk_debris,control,4
3017,junk_debris,control,4
3018,Myeloid,control,4
3019,junk_dead,control,4
3020,junk_debris,control,4
3021,junk_dead,control,4
3022,Myeloid,control,4
3023,junk_doublet,control,4
3024,junk_debris,control,4
3025,junk_dead,control,4
3026,junk_debris,control,4
3027,junk_doublet,control,4
3028,junk_debris,control,4
3029,Neutrophil,control,4
3030,junk_debris,control,4
3031,Myeloid,control,4
3032,junk_debris,control,4
3033,NK,control,4
3034,junk_dead,control,4
3035,DC,control,4
3036,junk_debris,control,4
3037,junk_noise,control,4
3038,junk_doublet,control,4
3039,B,control,4
3040,junk_debris,control,4
3041,junk_dead,control,4
3042,junk_debris,control,4
3043,junk_debris,control,4
3044,junk_debris,control,4
3045,junk_noise,control,4
3046,junk_debris,control,4
3047,junk_dead,control,4
3048,junk_noise,control,4
3049,junk_debris,control,4
3050,junk_debris,control,4
3051,Myeloid,control,4
3052,junk_noise,control,4
3053,junk_doublet,control,4
3054,junk_noise,control,4
3055,B,control,4
3056,junk_debris,control,4
3057,Myeloid,control,4
3058,junk_doublet,control,4
3059,junk_debris,control,4
3060,junk_debris,control,4
3061,junk_dead,control,4
3062,Myeloid,control,4
3063,junk_debris,control,4
3064,junk_debris,control,4
3065,Myeloid,control,4
3066,junk_debris,control,4
3067,CD4_T,control,4
3068,Neutrophil,control,4
3069,NK,control,4
3070,junk_doublet,control,4
3071,junk_dead,control,4
3072,CD4_T,control,4
3073,junk_doublet,control,4
3074,junk_dead,control,4
3075,B,control,4
3076,junk_doublet,control,4
3077,junk_dead,control,4
3078,junk_doublet,control,4
3079,junk_dead,control,4
3080,junk_noise,control,4
3081,junk_debris,control,4
3082,junk_debris,control,4
3083,junk_debris,control,4
3084,B,control,4
3085,junk_debris,control,4
3086,junk_doublet,control,4
3087,junk_dead,control,4
3088,junk_noise,control,4
3089,junk_dead,control,4
3090,junk_dead,control,4
3091,junk_debris,control,4
3092,junk_debris,control,4
3093,CD4_T,control,4
3094,DC,control,4
3095,junk_dead,control,4
3096,junk_debris,control,4
3097,junk_debris,control,4
3098,CD8_T,control,4
3099,Myeloid,control,4
3100,Myeloid,control,4
3101,CD4_T,control,4
3102,junk_dead,control,4
3103,B,control,4
3104,junk_dead,control,4
3105,CD8_T,control,4
3106,junk_dead,control,4
3107,junk_debris,control,4
3108,junk_debris,control,4
3109,junk_debris,control,4
3110,CD4_T,control,4
3111,CD8_T,control,4
3112,junk_noise,control,4
3113,junk_debris,control,4
3114,junk_debris,control,4
3115,junk_debris,control,4
3116,junk_noise,control,4
3117,junk_dead,control,4
3118,junk_debris,control,4
3119,junk_doublet,control,4
3120,junk_debris,control,4
3121,junk_doublet,control,4
3122,CD8_T,control,4
3123,junk_debris,control,4
3124,CD4_T,control,4
3125,junk_debris,control,4
3126,junk_doublet,control,4
3127,junk_noise,control,4
3128,CD4_T,control,4
3129,NK,control,4
3130,Myeloid,control,4
3131,junk_debris,control,4
3132,junk_doublet,control,4
3133,junk_doublet,control,4
3134,junk_debris,control,4
3135,CD8_T,control,4
3136,junk_doublet,control,4
3137,junk_dead,control,4
3138,junk_noise,control,4
3139,CD4_T,control,4
3140,junk_debris,control,4
3141,B,control,4
3142,B,control,4
3143,B,control,4
3144,junk_debris,control,4
3145,B,control,4
3146,junk_dead,control,4
3147,junk_debris,control,4
3148,junk_doublet,control,4
3149,junk_dead,control,4
3150,junk_noise,control,4
3151,junk_doublet,control,4
3152,junk_debris,control,4
3153,junk_dead,control,4
3154,B,control,4
3155,CD4_T,control,4
3156,junk_dead,control,4
3157,junk_debris,control,4
3158,CD8_T,control,4
3159,Neutrophil,control,4
3160,junk_debris,control,4
3161,Myeloid,control,4
3162,junk_debris,control,4
3163,junk_doublet,control,4
3164,CD8_T,control,4
3165,DC,control,4
3166,junk_debris,control,4
3167,junk_debris,control,4
3168,junk_doublet,control,4
3169,junk_debris,control,4
3170,junk_debris,control,4
3171,junk_doublet,control,4
3172,junk_dead,control,4
3173,B,control,4
3174,junk_debris,control,4
3175,B,control,4
3176,B,control,4
3177,junk_dead,control,4
3178,junk_debris,control,4
3179,Myeloid,control,4
3180,NK,control,4
3181,junk_noise,control,4
3182,junk_doublet,control,4
3183,junk_doublet,control,4
3184,CD8_T,control,4
3185,junk_debris,control,4
3186,junk_dead,control,4
3187,junk_debris,control,4
3188,junk_debris,control,4
3189,junk_doublet,control,4
3190,B,control,4
3191,junk_noise,control,4
3192,junk_debris,control,4
3193,Myeloid,control,4
3194,B,control,4
3195,Neutrophil,control,4
3196,junk_dead,control,4
3197,junk_doublet,control,4
3198,junk_doublet,control,4
3199,junk_debris,control,4
3200,junk_debris,control,4
3201,B,control,4
3202,Neutrophil,control,4
3203,junk_debris,control,4
3204,junk_dead,control,4
3205,Myeloid,control,4
3206,Neutrophil,control,4
3207,NK,control,4
3208,Myeloid,control,4
3209,B,control,4
3210,CD4_T,control,4
3211,junk_debris,control,4
3212,junk_debris,control,4
3213,junk_noise,control,4
3214,junk_doublet,control,4
3215,Myeloid,control,4
3216,Neutrophil,control,4
3217,CD8_T,control,4
3218,junk_noise,control,4
3219,Neutrophil,control,4
3220,junk_debris,control,4
3221,junk_debris,control,4
3222,junk_doublet,control,4
3223,CD4_T,control,4
3224,junk_noise,control,4
3225,junk_dead,control,4
3226,junk_debris,control,4
3227,Myeloid,control,4
3228,B,control,4
3229,B,control,4
3230,Neutrophil,control,4
3231,junk_doublet,control,4
3232,junk_doublet,control,4
3233,CD8_T,control,4
3234,CD4_T,control,4
3235,junk_doublet,control,4
3236,DC,control,4
3237,junk_debris,control,4
3238,junk_noise,control,4
3239,Myeloid,control,4
3240,CD4_T,control,4
3241,CD8_T,control,4
3242,Myeloid,control,4
3243,junk_debris,control,4
3244,DC,control,4
3245,Myeloid,control,4
3246,junk_doublet,control,4
3247,junk_noise,control,4
3248,junk_noise,control,4
3249,Myeloid,control,4
3250,B,control,4
3251,B,control,4
3252,junk_dead,control,4
3253,junk_debris,control,4
3254,Myeloid,control,4
3255,junk_debris,control,4
3256,junk_doublet,control,4
3257,junk_debris,control,4
3258,junk_debris,control,4
3259,Neutrophil,control,4
3260,junk_debris,control,4
3261,B,control,4
3262,B,control,4
3263,junk_noise,control,4
3264,junk_debris,control,4
3265,Myeloid,control,4
3266,junk_doublet,control,4
3267,B,control,4
3268,junk_dead,control,4
3269,junk_doublet,control,4
3270,junk_debris,control,4
3271,Myeloid,control,4
3272,junk_debris,control,4
3273,junk_debris,control,4
3274,junk_debris,control,4
3275,CD4_T,control,4
3276,Neutrophil,control,4
3277,CD8_T,control,4
3278,junk_noise,control,4
3279,B,control,4
3280,junk_debris,control,4
3281,junk_doublet,control,4
3282,junk_doublet,control,4
3283,B,control,4
3284,CD4_T,control,4
3285,junk_debris,control,4
3286,Myeloid,control,4
3287,junk_noise,control,4
3288,B,control,4
3289,B,control,4
3290,Neutrophil,control,4
3291,Myeloid,control,4
3292,junk_dead,control,4
3293,B,control,4
3294,junk_debris,control,4
3295,B,control,4
3296,junk_dead,control,4
3297,junk_noise,control,4
3298,junk_noise,control,4
3299,B,control,4
3300,junk_debris,control,4
3301,junk_dead,control,4
3302,B,control,4
3303,Neutrophil,control,4
3304,junk_dead,control,4
3305,junk_noise,control,4
3306,junk_doublet,control,4
3307,B,control,4
3308,junk_debris,control,4
3309,B,control,4
3310,junk_dead,control,4
3311,junk_dead,control,4
3312,CD4_T,control,4
3313,Neutrophil,control,4
3314,junk_dead,control,4
3315,junk_dead,control,4
3316,B,control,4
3317,junk_doublet,control,4
3318,junk_debris,control,4
3319,B,control,4
3320,junk_debris,control,4
3321,junk_debris,control,4
3322,junk_noise,control,4
3323,CD8_T,control,4
3324,B,control,4
3325,junk_debris,control,4
3326,Myeloid,control,4
3327,B,control,4
3328,junk_doublet,control,4
3329,junk_doublet,control,4
3330,junk_dead,control,4
3331,junk_doublet,control,4
3332,junk_noise,control,4
3333,junk_noise,control,4
3334,junk_debris,control,4
3335,junk_debris,control,4
3336,junk_doublet,control,4
3337,junk_debris,control,4
3338,junk_noise,control,4
3339,Neutrophil,control,4
3340,junk_dead,control,4
3341,Myeloid,control,4
3342,Myeloid,control,4
3343,junk_doublet,control,4
3344,NK,control,4
3345,CD4_T,control,4
3346,CD4_T,control,4
3347,junk_debris,control,4
3348,junk_debris,control,4
3349,junk_noise,control,4
3350,junk_noise,control,4
3351,CD8_T,control,4
3352,CD8_T,control,4
3353,B,control,4
3354,junk_debris,control,4
3355,junk_debris,control,4
3356,junk_noise,control,4
3357,Neutrophil,control,4
3358,junk_doublet,control,4
3359,junk_debris,control,4
3360,junk_debris,control,4
3361,junk_dead,control,4
3362,CD8_T,control,4
3363,junk_noise,control,4
3364,B,control,4
3365,junk_doublet,control,4
3366,Neutrophil,control,4
3367,Neutrophil,control,4
3368,Myeloid,control,4
3369,junk_debris,control,4
3370,B,control,4
3371,junk_debris,control,4
3372,junk_doublet,control,4
3373,junk_dead,control,4
3374,junk_debris,control,4
3375,junk_debris,control,4
3376,junk_debris,control,4
3377,junk_doublet,control,4
3378,junk_debris,control,4
3379,CD4_T,control,4
3380,Myeloid,control,4
3381,junk_debris,control,4
3382,Neutrophil,control,4
3383,junk_dead,control,4
3384,junk_debris,control,4
3385,junk_noise,control,4
3386,B,control,4
3387,DC,control,4
3388,junk_debris,control,4
3389,NK,control,4
3390,junk_dead,control,4
3391,Neutrophil,control,4
3392,junk_debris,control,4
3393,DC,control,4
3394,junk_dead,control,4
3395,junk_debris,control,4
3396,junk_dead,control,4
3397,junk_doublet,control,4
3398,B,control,4
3399,junk_debris,control,4
3400,junk_doublet,control,4
3401,NK,control,4
3402,junk_dead,control,4
3403,Myeloid,control,4
3404,Myeloid,control,4
3405,junk_dead,control,4
3406,junk_noise,control,4
3407,B,control,4
3408,junk_doublet,control,4
3409,Myeloid,control,4
3410,junk_doublet,control,4
3411,CD4_T,control,4
3412,junk_debris,control,4
3413,junk_debris,control,4
3414,junk_dead,control,4
3415,junk_dead,control,4
3416,junk_dead,control,4
3417,junk_doublet,control,4
3418,Myeloid,control,4
3419,junk_dead,control,4
3420,junk_debris,control,4
3421,CD4_T,control,4
3422,junk_doublet,control,4
3423,junk_doublet,control,4
3424,junk_noise,control,4
3425,NK,control,4
3426,B,control,4
3427,junk_noise,control,4
3428,B,control,4
3429,CD4_T,control,4
3430,B,control,4
3431,junk_debris,control,4
3432,junk_debris,control,4
3433,junk_debris,control,4
3434,junk_doublet,control,4
3435,Myeloid,control,4
3436,junk_debris,control,4
3437,DC,control,4
3438,junk_dead,control,4
3439,junk_debris,control,4
3440,junk_doublet,control,4
3441,junk_doublet,control,4
3442,junk_doublet,control,4
3443,junk_dead,control,4
3444,junk_debris,control,4
3445,junk_debris,control,4
3446,junk_doublet,control,4
3447,junk_dead,control,4
3448,CD4_T,control,4
3449,junk_dead,control,4
3450,Neutrophil,control,4
3451,junk_doublet,control,4
3452,junk_doublet,control,4
3453,junk_dead,control,4
3454,CD4_T,control,4
3455,junk_dead,control,4
3456,junk_noise,control,4
3457,DC,control,4
3458,CD4_T,control,4
3459,Myeloid,control,4
3460,junk_doublet,control,4
3461,junk_debris,control,4
3462,junk_dead,control,4
3463,junk_debris,control,4
3464,Neutrophil,control,4
3465,DC,control,4
3466,B,control,4
3467,junk_debris,control,4
3468,junk_debris,control,4
3469,junk_dead,control,4
3470,CD4_T,control,4
3471,CD4_T,control,4
3472,Neutrophil,control,4
3473,Neutrophil,control,4
3474,junk_doublet,control,4
3475,junk_debris,control,4
3476,junk_noise,control,4
3477,junk_debris,control,4
3478,junk_doublet,control,4
3479,Myeloid,control,4
3480,junk_debris,control,4
3481,junk_dead,control,4
3482,junk_dead,control,4
3483,junk_doublet,control,4
3484,junk_noise,control,4
3485,junk_debris,control,4
3486,junk_debris,control,4
3487,Myeloid,control,4
3488,junk_noise,control,4
3489,junk_doublet,control,4
3490,Myeloid,control,4
3491,junk_noise,control,4
3492,Myeloid,control,4
3493,B,control,4
3494,CD8_T,control,4
3495,junk_debris,control,4
3496,junk_dead,control,4
3497,junk_debris,control,4
3498,junk_doublet,control,4
3499,junk_debris,control,4
3500,B,control,4
3501,junk_dead,control,4
3502,junk_dead,control,4
3503,junk_debris,control,4
3504,junk_dead,control,4
3505,junk_debris,control,4
3506,junk_dead,control,4
3507,junk_dead,control,4
3508,CD8_T,control,4
3509,CD4_T,control,4
3510,junk_debris,control,4
3511,CD8_T,control,4
3512,junk_debris,control,4
3513,junk_debris,control,4
3514,CD8_T,control,4
3515,junk_doublet,control,4
3516,B,control,4
3517,junk_debris,control,4
3518,junk_debris,control,4
3519,B,control,4
3520,junk_debris,control,4
3521,NK,control,4
3522,junk_doublet,control,4
3523,junk_doublet,control,4
3524,Myeloid,control,4
3525,DC,control,4
3526,B,control,4
3527,junk_doublet,control,4
3528,Myeloid,control,4
3529,junk_debris,control,4
3530,junk_debris,control,4
3531,junk_debris,control,4
3532,junk_noise,control,4
3533,junk_debris,control,4
3534,junk_noise,control,4
3535,junk_doublet,control,4
3536,B,control,4
3537,junk_noise,control,4
3538,junk_debris,control,4
3539,junk_debris,control,4
3540,Neutrophil,control,4
3541,junk_debris,control,4
3542,junk_dead,control,4
3543,CD8_T,control,4
3544,junk_dead,control,4
3545,B,control,4
3546,junk_doublet,control,4
3547,junk_doublet,control,4
3548,junk_dead,control,4
3549,junk_dead,control,4
3550,Neutrophil,control,4
3551,junk_dead,control,4
3552,junk_doublet,control,4
3553,B,control,4
3554,junk_noise,control,4
3555,junk_doublet,control,4
3556,junk_doublet,control,4
3557,junk_debris,control,4
3558,CD4_T,control,4
3559,B,control,4
3560,B,control,4
3561,junk_noise,control,4
3562,junk_doublet,control,4
3563,junk_debris,control,4
3564,junk_doublet,control,4
3565,junk_dead,control,4
3566,B,control,4
3567,junk_doublet,control,4
3568,junk_dead,control,4
3569,junk_debris,control,4
3570,DC,control,4
3571,junk_noise,control,4
3572,CD4_T,control,4
3573,junk_debris,control,4
3574,junk_dead,control,4
3575,junk_debris,control,4
3576,junk_noise,control,4
3577,junk_dead,control,4
3578,Neutrophil,control,4
3579,junk_dead,control,4
3580,NK,control,4
3581,junk_dead,control,4
3582,junk_debris,control,4
3583,CD8_T,control,4
3584,junk_debris,control,4
3585,junk_debris,control,4
3586,CD8_T,control,4
3587,junk_doublet,control,4
3588,junk_debris,control,4
3589,junk_dead,control,4
3590,CD4_T,control,4
3591,junk_doublet,control,4
3592,NK,control,4
3593,junk_dead,control,4
3594,junk_debris,control,4
3595,junk_debris,control,4
3596,junk_doublet,control,4
3597,junk_debris,control,4
3598,junk_noise,control,4
3599,junk_debris,control,4
3600,junk_debris,control,4
3601,Myeloid,control,4
3602,junk_noise,control,4
3603,B,control,4
3604,B,control,4
3605,junk_debris,control,4
3606,junk_debris,control,4
3607,CD4_T,control,4
3608,junk_debris,control,4
3609,junk_dead,control,4
3610,junk_dead,control,4
3611,junk_doublet,control,4
3612,junk_dead,control,4
3613,B,control,4
3614,Neutrophil,control,4
3615,junk_debris,control,4
3616,junk_doublet,control,4
3617,B,control,4
3618,CD8_T,control,4
3619,junk_doublet,control,4
3620,junk_debris,control,4
3621,junk_debris,control,4
3622,junk_debris,control,4
3623,junk_dead,control,4
3624,junk_debris,control,4
3625,junk_dead,control,4
3626,junk_dead,control,4
3627,junk_debris,control,4
3628,junk_debris,control,4
3629,junk_debris,control,4
3630,junk_doublet,control,4
3631,Myeloid,control,4
3632,Neutrophil,control,4
3633,junk_debris,control,4
3634,junk_debris,control,4
3635,junk_dead,control,4
3636,Myeloid,control,4
3637,CD8_T,control,4
3638,B,control,4
3639,Myeloid,control,4
3640,junk_doublet,control,4
3641,junk_debris,control,4
3642,CD8_T,control,4
3643,junk_debris,control,4
3644,junk_doublet,control,4
3645,junk_doublet,control,4
3646,B,control,4
3647,junk_debris,control,4
3648,Myeloid,control,4
3649,CD4_T,control,4
3650,B,control,4
3651,junk_debris,control,4
3652,junk_dead,control,4
3653,junk_debris,control,4
3654,B,control,4
3655,junk_doublet,control,4
3656,CD8_T,control,4
3657,B,control,4
3658,CD4_T,control,4
3659,CD4_T,control,4
3660,junk_doublet,control,4
3661,B,control,4
3662,CD8_T,control,4
3663,junk_debris,control,4
3664,junk_noise,control,4
3665,Myeloid,control,4
3666,junk_dead,control,4
3667,junk_dead,control,4
3668,junk_debris,control,4
3669,junk_doublet,control,4
3670,junk_doublet,control,4
3671,Myeloid,control,4
3672,junk_debris,control,4
3673,B,control,4
3674,junk_debris,control,4
3675,junk_doublet,control,4
3676,junk_doublet,control,4
3677,junk_noise,control,4
3678,junk_noise,control,4
3679,CD4_T,control,4
3680,junk_debris,control,4
3681,junk_dead,control,4
3682,CD8_T,control,4
3683,CD4_T,control,4
3684,Myeloid,control,4
3685,CD8_T,control,4
3686,junk_debris,control,4
3687,junk_dead,control,4
3688,junk_doublet,control,4
3689,junk_dead,control,4
3690,B,control,4
3691,junk_dead,control,4
3692,junk_debris,control,4
3693,junk_doublet,control,4
3694,junk_doublet,control,4
3695,B,control,4
3696,junk_noise,control,4
3697,junk_dead,control,4
3698,B,control,4
3699,junk_noise,control,4
3700,B,control,4
3701,junk_noise,control,4
3702,junk_debris,control,4
3703,junk_doublet,control,4
3704,junk_doublet,control,4
3705,CD8_T,control,4
3706,CD4_T,control,4
3707,junk_dead,control,4
3708,junk_doublet,control,4
3709,junk_debris,control,4
3710,DC,control,4
3711,junk_debris,control,4
3712,junk_noise,control,4
3713,junk_debris,control,4
3714,junk_dead,control,4
3715,CD4_T,control,4
3716,junk_debris,control,4
3717,junk_dead,control,4
3718,junk_noise,control,4
3719,junk_noise,control,4
3720,junk_dead,control,4
3721,B,control,4
3722,NK,control,4
3723,junk_debris,control,4
3724,junk_doublet,control,4
3725,junk_dead,control,4
3726,Neutrophil,control,4
3727,junk_debris,control,4
3728,CD4_T,control,4
3729,CD4_T,control,4
3730,junk_dead,control,4
3731,junk_noise,control,4
3732,junk_debris,control,4
3733,Myeloid,control,4
3734,junk_doublet,control,4
3735,junk_doublet,control,4
3736,junk_noise,control,4
3737,B,control,4
3738,junk_noise,control,4
3739,junk_debris,control,4
3740,junk_debris,control,4
3741,B,control,4
3742,DC,control,4
3743,B,control,4
3744,junk_dead,control,4
3745,CD8_T,control,4
3746,junk_dead,control,4
3747,DC,control,4
3748,junk_debris,control,4
3749,junk_debris,control,4
3750,Neutrophil,control,4
3751,junk_debris,control,4
3752,junk_doublet,control,4
3753,junk_debris,control,4
3754,junk_dead,control,4
3755,B,control,4
3756,junk_dead,control,4
3757,junk_debris,control,4
3758,junk_dead,control,4
3759,junk_noise,control,4
3760,Myeloid,control,4
3761,CD8_T,control,4
3762,Myeloid,control,4
3763,Myeloid,control,4
3764,B,control,4
3765,junk_noise,control,4
3766,junk_dead,control,4
3767,junk_debris,control,4
3768,B,control,4
3769,B,control,4
3770,junk_dead,control,4
3771,B,control,4
3772,junk_doublet,control,4
3773,B,control,4
3774,NK,control,4
3775,junk_debris,control,4
3776,junk_dead,control,4
3777,junk_doublet,control,4
3778,junk_dead,control,4
3779,junk_debris,control,4
3780,CD4_T,control,4
3781,junk_debris,control,4
3782,junk_debris,control,4
3783,junk_debris,control,4
3784,junk_debris,control,4
3785,junk_noise,control,4
3786,CD8_T,control,4
3787,junk_dead,control,4
3788,Myeloid,control,4
3789,junk_dead,control,4
3790,Neutrophil,control,4
3791,CD4_T,control,4
3792,Myeloid,control,4
3793,junk_doublet,control,4
3794,junk_noise,control,4
3795,CD4_T,control,4
3796,junk_doublet,control,4
3797,junk_debris,control,4
3798,B,control,4
3799,junk_debris,control,4
3800,junk_dead,control,4
3801,junk_noise,control,4
3802,junk_dead,control,4
3803,junk_debris,control,4
3804,CD8_T,control,4
3805,junk_dead,control,4
3806,junk_dead,control,4
3807,B,control,4
3808,junk_noise,control,4
3809,junk_dead,control,4
3810,CD4_T,control,4
3811,junk_noise,control,4
3812,B,control,4
3813,junk_noise,control,4
3814,junk_debris,control,4
3815,junk_noise,control,4
3816,junk_doublet,control,4
3817,junk_noise,control,4
3818,junk_debris,control,4
3819,junk_dead,control,4
3820,junk_debris,control,4
3821,junk_debris,control,4
3822,junk_noise,control,4
3823,junk_debris,control,4
3824,junk_debris,control,4
3825,junk_debris,control,4
3826,junk_dead,control,4
3827,junk_doublet,control,4
3828,junk_doublet,control,4
3829,junk_doublet,control,4
3830,B,control,4
3831,junk_noise,control,4
3832,junk_debris,control,4
3833,Neutrophil,control,4
3834,junk_doublet,control,4
3835,junk_doublet,control,4
3836,junk_debris,control,4
3837,B,control,4
3838,Myeloid,control,4
3839,junk_debris,control,4
3840,Myeloid,control,4
3841,junk_debris,control,4
3842,NK,control,4
3843,CD4_T,control,4
3844,CD4_T,control,4
3845,Neutrophil,control,4
3846,junk_debris,control,4
3847,junk_doublet,control,4
3848,CD8_T,control,4
3849,junk_doublet,control,4
3850,junk_debris,control,4
3851,CD4_T,control,4
3852,junk_debris,control,4
3853,CD4_T,control,4
3854,B,control,4
3855,junk_doublet,control,4
3856,junk_dead,control,4
3857,junk_debris,control,4
3858,junk_dead,control,4
3859,Myeloid,control,4
3860,junk_dead,control,4
3861,junk_doublet,control,4
3862,Myeloid,control,4
3863,junk_doublet,control,4
3864,junk_noise,control,4
3865,B,control,4
3866,junk_debris,control,4
3867,DC,control,4
3868,NK,control,4
3869,CD4_T,control,4
3870,junk_dead,control,4
3871,Myeloid,control,4
3872,junk_doublet,control,4
3873,junk_noise,control,4
3874,junk_dead,control,4
3875,junk_dead,control,4
3876,junk_dead,control,4
3877,junk_doublet,control,4
3878,junk_debris,control,4
3879,Myeloid,control,4
3880,junk_debris,control,4
3881,junk_dead,control,4
3882,CD8_T,control,4
3883,junk_dead,control,4
3884,CD8_T,control,4
3885,junk_doublet,control,4
3886,NK,control,4
3887,B,control,4
3888,junk_dead,control,4
3889,junk_noise,control,4
3890,junk_debris,control,4
3891,CD4_T,control,4
3892,junk_dead,control,4
3893,B,control,4
3894,junk_noise,control,4
3895,CD8_T,control,4
3896,Myeloid,control,4
3897,junk_debris,control,4
3898,junk_dead,control,4
3899,junk_noise,control,4
3900,junk_debris,control,4
3901,junk_noise,control,4
3902,junk_debris,control,4
3903,CD4_T,control,4
3904,Neutrophil,control,4
3905,junk_dead,control,4
3906,junk_noise,control,4
3907,junk_debris,control,4
3908,junk_doublet,control,4
3909,junk_doublet,control,4
3910,junk_debris,control,4
3911,junk_debris,control,4
3912,DC,control,4
3913,B,control,4
3914,B,control,4
3915,junk_debris,control,4
3916,junk_noise,control,4
3917,junk_doublet,control,4
3918,junk_noise,control,4
3919,junk_debris,control,4
3920,junk_doublet,control,4
3921,Neutrophil,control,4
3922,Neutrophil,control,4
3923,junk_noise,control,4
3924,CD8_T,control,4
3925,Neutrophil,control,4
3926,junk_debris,control,4
3927,junk_debris,control,4
3928,junk_debris,control,4
3929,CD4_T,control,4
3930,junk_debris,control,4
3931,junk_debris,control,4
3932,junk_doublet,control,4
3933,B,control,4
3934,Myeloid,control,4
3935,junk_debris,control,4
3936,junk_doublet,control,4
3937,junk_debris,control,4
3938,B,control,4
3939,junk_debris,control,4
3940,CD4_T,control,4
3941,junk_doublet,control,4
3942,junk_dead,control,4
3943,junk_dead,control,4
3944,junk_debris,control,4
3945,B,control,4
3946,junk_doublet,control,4
3947,B,control,4
3948,CD4_T,control,4
3949,CD4_T,control,4
3950,junk_debris,control,4
3951,CD8_T,control,4
3952,junk_debris,control,4
3953,junk_doublet,control,4
3954,junk_doublet,control,4
3955,B,control,4
3956,junk_doublet,control,4
3957,junk_noise,control,4
3958,CD8_T,control,4
3959,junk_debris,control,4
3960,junk_dead,control,4
3961,junk_debris,control,4
3962,junk_debris,control,4
3963,junk_debris,control,4
3964,junk_debris,control,4
3965,junk_debris,control,4
3966,junk_debris,control,4
3967,junk_debris,control,4
3968,junk_debris,control,4
3969,junk_dead,control,4
3970,junk_debris,control,4
3971,junk_dead,control,4
3972,junk_dead,control,4
3973,junk_debris,control,4
3974,junk_noise,control,4
3975,Myeloid,control,4
3976,Neutrophil,control,4
3977,junk_doublet,control,4
3978,junk_dead,control,4
3979,Neutrophil,control,4
3980,junk_doublet,control,4
3981,junk_doublet,control,4
3982,Neutrophil,control,4
3983,junk_dead,control,4
3984,junk_noise,control,4
3985,Myeloid,control,4
3986,junk_debris,control,4
3987,junk_debris,control,4
3988,junk_debris,control,4
3989,junk_debris,control,4
3990,junk_debris,control,4
3991,junk_debris,control,4
3992,NK,control,4
3993,junk_doublet,control,4
3994,junk_debris,control,4
3995,B,control,4
3996,junk_debris,control,4
3997,junk_debris,control,4
3998,junk_doublet,control,4
3999,junk_doublet,control,4
4000,junk_dead,control,4
4001,junk_debris,control,4
4002,junk_doublet,control,4
4003,junk_debris,control,4
4004,CD4_T,control,4
4005,B,control,4
4006,junk_debris,control,4
4007,Neutrophil,control,4
4008,NK,control,4
4009,junk_dead,control,4
4010,B,control,4
4011,junk_debris,control,4
4012,NK,control,4
4013,NK,control,4
4014,B,control,4
4015,junk_dead,control,4
4016,junk_doublet,control,4
4017,NK,control,4
4018,junk_debris,control,4
4019,Neutrophil,control,4
4020,junk_dead,control,4
4021,junk_dead,control,4
4022,junk_debris,control,4
4023,junk_debris,control,4
4024,Myeloid,control,4
4025,CD4_T,control,4
4026,junk_debris,control,4
4027,CD8_T,control,4
4028,Myeloid,control,4
4029,junk_doublet,control,4
4030,CD4_T,control,4
4031,CD4_T,control,4
4032,junk_debris,control,4
4033,junk_debris,control,4
4034,junk_debris,control,4
4035,CD4_T,control,4
4036,junk_debris,control,4
4037,junk_debris,control,4
4038,junk_debris,control,4
4039,junk_noise,control,4
4040,B,control,4
4041,junk_dead,control,4
4042,Myeloid,control,4
4043,CD4_T,control,4
4044,junk_doublet,control,4
4045,junk_debris,control,4
4046,Myeloid,control,4
4047,CD4_T,control,4
4048,Neutrophil,control,4
4049,B,control,4
4050,junk_debris,control,4
4051,junk_dead,control,4
4052,CD8_T,control,4
4053,Neutrophil,control,4
4054,Neutrophil,control,4
4055,junk_debris,control,4
4056,CD8_T,control,4
4057,CD8_T,control,4
4058,Neutrophil,control,4
4059,CD8_T,control,4
4060,junk_noise,control,4
4061,junk_debris,control,4
4062,Neutrophil,control,4
4063,Myeloid,control,4
4064,B,control,4
4065,Neutrophil,control,4
4066,junk_dead,control,4
4067,junk_noise,control,4
4068,junk_noise,control,4
4069,junk_noise,control,4
4070,junk_debris,control,4
4071,CD4_T,control,4
4072,junk_doublet,control,4
4073,Neutrophil,control,4
4074,Neutrophil,control,4
4075,junk_debris,control,4
4076,junk_debris,control,4
4077,junk_debris,control,4
4078,CD4_T,control,4
4079,Neutrophil,control,4
4080,junk_noise,control,4
4081,junk_debris,control,4
4082,B,control,4
4083,junk_dead,control,4
4084,DC,control,4
4085,junk_doublet,control,4
4086,junk_doublet,control,4
4087,junk_dead,control,4
4088,junk_doublet,control,4
4089,junk_debris,control,4
4090,CD4_T,control,4
4091,junk_dead,control,4
4092,B,control,4
4093,junk_noise,control,4
4094,junk_noise,control,4
4095,junk_debris,control,4
4096,junk_debris,control,4
4097,junk_debris,control,4
4098,junk_dead,control,4
4099,junk_dead,control,4
4100,B,control,4
4101,CD8_T,control,4
4102,junk_doublet,control,4
4103,CD8_T,control,4
4104,B,control,4
4105,junk_doublet,control,4
4106,junk_doublet,control,4
4107,NK,control,4
4108,B,control,4
4109,junk_doublet,control,4
4110,B,control,4
4111,junk_dead,control,4
4112,junk_dead,control,4
4113,junk_doublet,control,4
4114,CD4_T,control,4
4115,junk_debris,control,4
4116,B,control,4
4117,junk_dead,control,4
4118,junk_dead,control,4
4119,junk_debris,control,4
4120,junk_dead,control,4
4121,junk_dead,control,4
4122,B,control,4
4123,NK,control,4
4124,DC,control,4
4125,junk_doublet,control,4
4126,junk_debris,control,4
4127,junk_doublet,control,4
4128,junk_debris,control,4
4129,junk_doublet,control,4
4130,junk_doublet,control,4
4131,B,control,4
4132,Myeloid,control,4
4133,junk_debris,control,4
4134,junk_dead,control,4
4135,junk_debris,control,4
4136,B,control,4
4137,B,control,4
4138,junk_noise,control,4
4139,NK,control,4
4140,junk_doublet,control,4
4141,NK,control,4
4142,B,control,4
4143,junk_doublet,control,4
4144,junk_noise,control,4
4145,junk_noise,control,4
4146,Myeloid,control,4
4147,B,control,4
4148,junk_dead,control,4
4149,junk_noise,control,4
4150,junk_dead,control,4
4151,junk_debris,control,4
4152,junk_dead,control,4
4153,Neutrophil,control,4
4154,NK,control,4
4155,junk_debris,control,4
4156,junk_doublet,control,4
4157,junk_doublet,control,4
4158,junk_doublet,control,4
4159,B,control,4
4160,junk_debris,control,4
4161,junk_debris,control,4
4162,junk_doublet,control,4
4163,Myeloid,control,4
4164,CD8_T,control,4
4165,junk_dead,control,4
4166,junk_doublet,control,4
4167,junk_noise,control,4
4168,junk_noise,control,4
4169,junk_noise,control,4
4170,Myeloid,control,4
4171,junk_debris,control,4
4172,DC,control,4
4173,junk_dead,control,4
4174,junk_doublet,control,4
4175,junk_debris,control,4
4176,junk_doublet,control,4
4177,CD8_T,control,4
4178,junk_noise,control,4
4179,junk_noise,control,4
4180,NK,control,4
4181,junk_doublet,control,4
4182,junk_doublet,control,4
4183,CD4_T,control,4
4184,junk_debris,control,4
4185,junk_dead,control,4
4186,B,control,4
4187,junk_debris,control,4
4188,junk_debris,control,4
4189,CD8_T,control,4
4190,junk_doublet,control,4
4191,junk_debris,control,4
4192,CD4_T,control,4
4193,junk_noise,control,4
4194,Myeloid,control,4
4195,junk_debris,control,4
4196,junk_noise,control,4
4197,junk_dead,control,4
4198,junk_dead,control,4
4199,junk_debris,control,4
4200,junk_debris,control,4
4201,junk_dead,control,4
4202,NK,control,4
4203,Neutrophil,control,4
4204,junk_noise,control,4
4205,junk_debris,control,4
4206,junk_noise,control,4
4207,junk_noise,control,4
4208,Myeloid,control,4
4209,junk_debris,control,4
4210,junk_debris,control,4
4211,junk_dead,control,4
4212,CD8_T,control,4
4213,Myeloid,control,4
4214,CD4_T,control,4
4215,junk_dead,control,4
4216,junk_noise,control,4
4217,junk_doublet,control,4
4218,CD8_T,control,4
4219,junk_dead,control,4
4220,Myeloid,control,4
4221,junk_debris,control,4
4222,B,control,4
4223,Neutrophil,control,4
4224,junk_dead,control,4
4225,B,control,4
4226,junk_debris,control,4
4227,junk_dead,control,4
4228,B,control,4
4229,junk_debris,control,4
4230,B,control,4
4231,junk_dead,control,4
4232,junk_debris,control,4
4233,junk_dead,control,4
4234,junk_doublet,control,4
4235,junk_doublet,control,4
4236,junk_debris,control,4
4237,junk_noise,control,4
4238,junk_debris,control,4
4239,junk_debris,control,4
4240,junk_debris,control,4
4241,NK,control,4
4242,DC,control,4
4243,B,control,4
4244,junk_debris,control,4
4245,junk_doublet,control,4
4246,junk_debris,control,4
4247,junk_dead,control,4
4248,junk_debris,control,4
4249,B,control,4
4250,Myeloid,control,4
4251,Myeloid,control,4
4252,CD8_T,control,4
4253,CD4_T,control,4
4254,B,control,4
4255,CD8_T,control,4
4256,junk_debris,control,4
4257,junk_debris,control,4
4258,CD4_T,control,4
4259,DC,control,4
4260,junk_debris,control,4
4261,junk_dead,control,4
4262,junk_dead,control,4
4263,junk_debris,control,4
4264,Myeloid,control,4
4265,B,control,4
4266,junk_doublet,control,4
4267,junk_doublet,control,4
4268,junk_debris,control,4
4269,junk_noise,control,4
4270,junk_noise,control,4
4271,junk_noise,control,4
4272,junk_doublet,control,4
4273,junk_debris,control,4
4274,junk_debris,control,4
4275,junk_debris,control,4
4276,junk_noise,control,4
4277,junk_noise,control,4
4278,junk_doublet,control,4
4279,junk_doublet,control,4
4280,Myeloid,control,4
4281,CD4_T,control,4
4282,junk_doublet,control,4
4283,junk_doublet,control,4
4284,B,control,4
4285,junk_doublet,control,4
4286,junk_noise,control,4
4287,B,control,4
4288,junk_noise,control,4
4289,CD8_T,control,4
4290,CD8_T,control,4
4291,junk_doublet,control,4
4292,junk_debris,control,4
4293,junk_dead,control,4
4294,junk_doublet,control,4
4295,junk_noise,control,4
4296,junk_dead,control,4
4297,junk_debris,control,4
4298,Myeloid,control,4
4299,junk_noise,control,4
4300,CD8_T,control,4
4301,junk_dead,control,4
4302,CD8_T,control,4
4303,junk_doublet,control,4
4304,junk_dead,control,4
4305,B,control,4
4306,CD8_T,control,4
4307,Myeloid,control,4
4308,junk_noise,control,4
4309,CD4_T,control,4
4310,junk_noise,control,4
4311,junk_noise,control,4
4312,junk_debris,control,4
4313,junk_noise,control,4
4314,Myeloid,control,4
4315,junk_debris,control,4
4316,B,control,4
4317,junk_dead,control,4
4318,CD4_T,control,4
4319,junk_dead,control,4
4320,junk_dead,control,4
4321,junk_dead,control,4
4322,CD8_T,control,4
4323,junk_dead,control,4
4324,junk_debris,control,4
4325,junk_debris,control,4
4326,junk_noise,control,4
4327,junk_doublet,control,4
4328,CD4_T,control,4
4329,B,control,4
4330,junk_noise,control,4
4331,Neutrophil,control,4
4332,NK,control,4
4333,junk_debris,control,4
4334,Neutrophil,control,4
4335,B,control,4
4336,junk_dead,control,4
4337,junk_dead,control,4
4338,junk_dead,control,4
4339,junk_debris,control,4
4340,junk_doublet,control,4
4341,CD8_T,control,4
4342,Myeloid,control,4
4343,CD4_T,control,4
4344,NK,control,4
4345,CD4_T,control,4
4346,junk_dead,control,4
4347,CD4_T,control,4
4348,junk_noise,control,4
4349,junk_doublet,control,4
4350,Myeloid,control,4
4351,junk_debris,control,4
4352,NK,control,4
4353,B,control,4
4354,B,control,4
4355,junk_dead,control,4
4356,CD4_T,control,4
4357,junk_debris,control,4
4358,junk_noise,control,4
4359,NK,control,4
4360,junk_noise,control,4
4361,junk_debris,control,4
4362,junk_dead,control,4
4363,junk_dead,control,4
4364,Myeloid,control,4
4365,junk_noise,control,4
4366,junk_doublet,control,4
4367,junk_doublet,control,4
4368,junk_noise,control,4
4369,junk_debris,control,4
4370,junk_dead,control,4
4371,junk_doublet,control,4
4372,CD4_T,control,4
4373,junk_doublet,control,4
4374,junk_noise,control,4
4375,junk_dead,control,4
4376,junk_debris,control,4
4377,junk_debris,control,4
4378,Myeloid,control,4
4379,B,control,4
4380,NK,control,4
4381,junk_dead,control,4
4382,B,control,4
4383,junk_dead,control,4
4384,junk_dead,control,4
4385,junk_debris,control,4
4386,B,control,4
4387,junk_debris,control,4
4388,junk_debris,control,4
4389,junk_noise,control,4
4390,junk_debris,control,4
4391,junk_dead,control,4
4392,junk_doublet,control,4
4393,junk_debris,control,4
4394,Myeloid,control,4
4395,CD4_T,control,4
4396,junk_doublet,control,4
4397,junk_debris,control,4
4398,junk_dead,control,4
4399,junk_dead,control,4
4400,junk_debris,control,4
4401,junk_dead,control,4
4402,junk_debris,control,4
4403,junk_doublet,control,4
4404,junk_doublet,control,4
4405,B,control,4
4406,junk_noise,control,4
4407,junk_debris,control,4
4408,junk_dead,control,4
4409,junk_doublet,control,4
4410,junk_debris,control,4
4411,B,control,4
4412,junk_debris,control,4
4413,junk_debris,control,4
4414,CD8_T,control,4
4415,junk_debris,control,4
4416,junk_dead,control,4
4417,Myeloid,control,4
4418,DC,control,4
4419,junk_noise,control,4
4420,junk_dead,control,4
4421,DC,control,4
4422,junk_dead,control,4
4423,B,control,4
4424,junk_doublet,control,4
4425,junk_noise,control,4
4426,CD4_T,control,4
4427,junk_debris,control,4
4428,junk_debris,control,4
4429,junk_debris,control,4
4430,B,control,4
4431,junk_noise,control,4
4432,junk_doublet,control,4
4433,junk_doublet,control,4
4434,B,control,4
4435,junk_dead,control,4
4436,junk_doublet,control,4
4437,junk_noise,control,4
4438,junk_noise,control,4
4439,junk_dead,control,4
4440,junk_debris,control,4
4441,Neutrophil,control,4
4442,B,control,4
4443,junk_debris,control,4
4444,CD4_T,control,4
4445,junk_dead,control,4
4446,junk_dead,control,4
4447,B,control,4
4448,DC,control,4
4449,junk_debris,control,4
4450,DC,control,4
4451,B,control,4
4452,junk_debris,control,4
4453,junk_dead,control,4
4454,junk_doublet,control,4
4455,junk_debris,control,4
4456,Myeloid,control,4
4457,B,control,4
4458,Neutrophil,control,4
4459,junk_debris,control,4
4460,junk_noise,control,4
4461,junk_doublet,control,4
4462,junk_noise,control,4
4463,NK,control,4
4464,CD4_T,control,4
4465,CD4_T,control,4
4466,B,control,4
4467,junk_noise,control,4
4468,CD4_T,control,4
4469,junk_debris,control,4
4470,Myeloid,control,4
4471,junk_noise,control,4
4472,junk_debris,control,4
4473,junk_debris,control,4
4474,CD8_T,control,4
4475,junk_dead,control,4
4476,CD8_T,control,4
4477,junk_debris,control,4
4478,junk_noise,control,4
4479,junk_doublet,control,4
4480,junk_debris,control,4
4481,junk_doublet,control,4
4482,junk_debris,control,4
4483,junk_doublet,control,4
4484,junk_doublet,control,4
4485,junk_doublet,control,4
4486,junk_doublet,control,4
4487,DC,control,4
4488,junk_dead,control,4
4489,junk_noise,control,4
4490,CD4_T,control,4
4491,junk_debris,control,4
4492,NK,control,4
4493,junk_debris,control,4
4494,CD4_T,control,4
4495,junk_doublet,control,4
4496,NK,control,4
4497,junk_dead,control,4
4498,junk_debris,control,4
4499,junk_noise,control,4
4500,junk_dead,control,4
4501,Neutrophil,control,4
4502,CD4_T,control,4
4503,CD4_T,control,4
4504,B,control,4
4505,Myeloid,control,4
4506,junk_noise,control,4
4507,Neutrophil,control,4
4508,junk_debris,control,4
4509,junk_doublet,control,4
4510,junk_doublet,control,4
4511,junk_noise,control,4
4512,junk_debris,control,4
4513,junk_doublet,control,4
4514,junk_debris,control,4
4515,CD4_T,control,4
4516,B,control,4
4517,junk_debris,control,4
4518,junk_noise,control,4
4519,junk_noise,control,4
4520,B,control,4
4521,B,control,4
4522,junk_dead,control,4
4523,junk_doublet,control,4
4524,junk_doublet,control,4
4525,junk_noise,control,4
4526,B,control,4
4527,B,control,4
4528,junk_doublet,control,4
4529,CD4_T,control,4
4530,junk_noise,control,4
4531,junk_debris,control,4
4532,junk_dead,control,4
4533,junk_dead,control,4
4534,junk_debris,control,4
4535,junk_debris,control,4
4536,junk_dead,control,4
4537,junk_doublet,control,4
4538,junk_noise,control,4
4539,B,control,4
4540,junk_doublet,control,4
4541,junk_doublet,control,4
4542,junk_debris,control,4
4543,Neutrophil,control,4
4544,junk_doublet,control,4
4545,junk_debris,control,4
4546,CD4_T,control,4
4547,junk_noise,control,4
4548,junk_debris,control,4
4549,junk_dead,control,4
4550,junk_debris,control,4
4551,junk_debris,control,4
4552,Neutrophil,control,4
4553,junk_doublet,control,4
4554,junk_dead,control,4
4555,Neutrophil,control,4
4556,junk_debris,control,4
4557,junk_doublet,control,4
4558,junk_doublet,control,4
4559,Neutrophil,control,4
4560,junk_noise,control,4
4561,Myeloid,control,4
4562,junk_doublet,control,4
4563,junk_doublet,control,4
4564,junk_doublet,control,4
4565,junk_debris,control,4
4566,junk_doublet,control,4
4567,junk_doublet,control,4
4568,CD4_T,control,4
4569,junk_debris,control,4
4570,junk_noise,control,4
4571,junk_noise,control,4
4572,junk_dead,control,4
4573,junk_dead,control,4
4574,B,control,4
4575,Myeloid,control,4
4576,junk_dead,control,4
4577,junk_doublet,control,4
4578,junk_dead,control,4
4579,CD4_T,control,4
4580,junk_doublet,control,4
4581,CD8_T,control,4
4582,junk_debris,control,4
4583,junk_debris,control,4
4584,Myeloid,control,4
4585,CD4_T,control,4
4586,junk_dead,control,4
4587,junk_doublet,control,4
4588,NK,control,4
4589,junk_debris,control,4
4590,CD4_T,control,4
4591,junk_dead,control,4
4592,junk_debris,control,4
4593,junk_noise,control,4
4594,junk_dead,control,4
4595,junk_dead,control,4
4596,junk_noise,control,4
4597,B,control,4
4598,B,control,4
4599,junk_noise,control,4
4600,junk_debris,control,4
4601,CD4_T,control,4
4602,junk_doublet,control,4
4603,Neutrophil,control,4
4604,CD4_T,control,4
4605,junk_debris,control,4
4606,CD8_T,control,4
4607,junk_noise,control,4
4608,junk_doublet,control,4
4609,Myeloid,control,4
4610,CD4_T,control,4
4611,junk_doublet,control,4
4612,junk_doublet,control,4
4613,junk_doublet,control,4
4614,junk_debris,control,4
4615,NK,control,4
4616,junk_dead,control,4
4617,junk_debris,control,4
4618,CD4_T,control,4
4619,Neutrophil,control,4
4620,CD4_T,control,4
4621,CD8_T,control,4
4622,junk_debris,control,4
4623,Myeloid,control,4
4624,Myeloid,control,4
4625,junk_dead,control,4
4626,junk_dead,control,4
4627,junk_debris,control,4
4628,Neutrophil,control,4
4629,B,control,4
4630,junk_debris,control,4
4631,Myeloid,control,4
4632,junk_debris,control,4
4633,junk_doublet,control,4
4634,junk_debris,control,4
4635,junk_noise,control,4
4636,junk_debris,control,4
4637,junk_dead,control,4
4638,junk_noise,control,4
4639,junk_doublet,control,4
4640,junk_debris,control,4
4641,junk_debris,control,4
4642,junk_doublet,control,4
4643,junk_noise,control,4
4644,B,control,4
4645,B,control,4
4646,junk_debris,control,4
4647,junk_doublet,control,4
4648,junk_doublet,control,4
4649,Myeloid,control,4
4650,junk_dead,control,4
4651,junk_debris,control,4
4652,junk_debris,control,4
4653,Myeloid,control,4
4654,CD4_T,control,4
4655,junk_noise,control,4
4656,CD4_T,control,4
4657,junk_debris,control,4
4658,B,control,4
4659,DC,control,4
4660,junk_doublet,control,4
4661,Myeloid,control,4
4662,junk_debris,control,4
4663,Myeloid,control,4
4664,Neutrophil,control,4
4665,Myeloid,control,4
4666,junk_debris,control,4
4667,NK,control,4
4668,junk_debris,control,4
4669,junk_noise,control,4
4670,CD4_T,control,4
4671,Myeloid,control,4
4672,junk_debris,control,4
4673,B,control,4
4674,junk_doublet,control,4
4675,junk_debris,control,4
4676,junk_debris,control,4
4677,junk_dead,control,4
4678,junk_debris,control,4
4679,junk_dead,control,4
4680,Neutrophil,control,4
4681,junk_dead,control,4
4682,junk_debris,control,4
4683,junk_noise,control,4
4684,junk_debris,control,4
4685,junk_dead,control,4
4686,junk_doublet,control,4
4687,CD4_T,control,4
4688,B,control,4
4689,junk_debris,control,4
4690,CD4_T,control,4
4691,junk_dead,control,4
4692,junk_doublet,control,4
4693,junk_debris,control,4
4694,CD8_T,control,4
4695,junk_debris,control,4
4696,junk_debris,control,4
4697,junk_noise,control,4
4698,B,control,4
4699,junk_doublet,control,4
4700,B,control,4
4701,junk_debris,control,4
4702,B,control,4
4703,junk_debris,control,4
4704,junk_dead,control,4
4705,Neutrophil,control,4
4706,NK,control,4
4707,junk_doublet,control,4
4708,junk_noise,control,4
4709,junk_noise,control,4
4710,CD4_T,control,4
4711,junk_dead,control,4
4712,junk_doublet,control,4
4713,Neutrophil,control,4
4714,junk_dead,control,4
4715,junk_debris,control,4
4716,CD4_T,control,4
4717,B,control,4
4718,junk_debris,control,4
4719,junk_debris,control,4
4720,junk_dead,control,4
4721,junk_debris,control,4
4722,junk_debris,control,4
4723,junk_debris,control,4
4724,junk_debris,control,4
4725,junk_debris,control,4
4726,junk_debris,control,4
4727,CD4_T,control,4
4728,junk_debris,control,4
4729,junk_doublet,control,4
4730,junk_dead,control,4
4731,junk_debris,control,4
4732,Myeloid,control,4
4733,junk_noise,control,4
4734,junk_debris,control,4
4735,B,control,4
4736,junk_debris,control,4
4737,junk_doublet,control,4
4738,junk_dead,control,4
4739,junk_debris,control,4
4740,junk_noise,control,4
4741,B,control,4
4742,junk_noise,control,4
4743,junk_debris,control,4
4744,junk_noise,control,4
4745,junk_debris,control,4
4746,junk_dead,control,4
4747,CD4_T,control,4
4748,Myeloid,control,4
4749,junk_debris,control,4
4750,junk_debris,control,4
4751,junk_noise,control,4
4752,CD4_T,control,4
4753,CD4_T,control,4
4754,junk_dead,control,4
4755,junk_dead,control,4
4756,junk_debris,control,4
4757,junk_dead,control,4
4758,junk_noise,control,4
4759,junk_debris,control,4
4760,junk_debris,control,4
4761,CD8_T,control,4
4762,CD4_T,control,4
4763,CD8_T,control,4
4764,junk_debris,control,4
4765,junk_debris,control,4
4766,B,control,4
4767,CD4_T,control,4
4768,junk_doublet,control,4
4769,Neutrophil,control,4
4770,junk_debris,control,4
4771,junk_debris,control,4
4772,junk_dead,control,4
4773,junk_doublet,control,4
4774,Myeloid,control,4
4775,B,control,4
4776,NK,control,4
4777,junk_noise,control,4
4778,B,control,4
4779,junk_debris,control,4
4780,junk_dead,control,4
4781,junk_doublet,control,4
4782,CD8_T,control,4
4783,junk_dead,control,4
4784,NK,control,4
4785,junk_debris,control,4
4786,junk_dead,control,4
4787,junk_dead,control,4
4788,CD4_T,control,4
4789,junk_doublet,control,4
4790,junk_noise,control,4
4791,junk_debris,control,4
4792,junk_dead,control,4
4793,DC,control,4
4794,junk_doublet,control,4
4795,junk_doublet,control,4
4796,junk_debris,control,4
4797,Myeloid,control,4
4798,B,control,4
4799,junk_debris,control,4
4800,junk_debris,control,4
4801,junk_debris,control,4
4802,junk_dead,control,4
4803,junk_doublet,control,4
4804,junk_dead,control,4
4805,junk_doublet,control,4
4806,junk_doublet,control,4
4807,junk_debris,control,4
4808,Myeloid,control,4
4809,junk_noise,control,4
4810,junk_debris,control,4
4811,B,control,4
4812,junk_debris,control,4
4813,junk_debris,control,4
4814,junk_doublet,control,4
4815,junk_debris,control,4
4816,junk_doublet,control,4
4817,junk_doublet,control,4
4818,junk_doublet,control,4
4819,junk_doublet,control,4
4820,junk_doublet,control,4
4821,junk_doublet,control,4
4822,B,control,4
4823,junk_debris,control,4
4824,junk_debris,control,4
4825,Myeloid,control,4
4826,CD8_T,control,4
4827,junk_doublet,control,4
4828,junk_doublet,control,4
4829,CD8_T,control,4
4830,junk_debris,control,4
4831,junk_dead,control,4
4832,junk_debris,control,4
4833,junk_noise,control,4
4834,Myeloid,control,4
4835,junk_noise,control,4
4836,DC,control,4
4837,junk_dead,control,4
4838,junk_doublet,control,4
4839,junk_dead,control,4
4840,junk_dead,control,4
4841,junk_dead,control,4
4842,junk_doublet,control,4
4843,junk_doublet,control,4
4844,junk_debris,control,4
4845,Myeloid,control,4
4846,CD4_T,control,4
4847,Myeloid,control,4
4848,junk_doublet,control,4
4849,junk_debris,control,4
4850,CD8_T,control,4
4851,junk_noise,control,4
4852,junk_noise,control,4
4853,CD8_T,control,4
4854,junk_doublet,control,4
4855,Myeloid,control,4
4856,junk_debris,control,4
4857,Neutrophil,control,4
4858,junk_debris,control,4
4859,junk_doublet,control,4
4860,junk_doublet,control,4
4861,junk_noise,control,4
4862,Neutrophil,control,4
4863,NK,control,4
4864,NK,control,4
4865,junk_dead,control,4
4866,CD4_T,control,4
4867,junk_noise,control,4
4868,Myeloid,control,4
4869,junk_debris,control,4
4870,junk_doublet,control,4
4871,B,control,4
4872,junk_dead,control,4
4873,junk_dead,control,4
4874,junk_debris,control,4
4875,NK,control,4
4876,B,control,4
4877,CD4_T,control,4
4878,CD4_T,control,4
4879,junk_doublet,control,4
4880,CD8_T,control,4
4881,Myeloid,control,4
4882,Myeloid,control,4
4883,junk_dead,control,4
4884,junk_debris,control,4
4885,junk_noise,control,4
4886,junk_doublet,control,4
4887,junk_doublet,control,4
4888,junk_dead,control,4
4889,junk_debris,control,4
4890,CD8_T,control,4
4891,junk_debris,control,4
4892,junk_doublet,control,4
4893,DC,control,4
4894,CD4_T,control,4
4895,junk_debris,control,4
4896,B,control,4
4897,junk_debris,control,4
4898,Myeloid,control,4
4899,junk_debris,control,4
4900,CD4_T,control,4
4901,junk_doublet,control,4
4902,junk_dead,control,4
4903,junk_debris,control,4
4904,junk_noise,control,4
4905,junk_dead,control,4
4906,junk_dead,control,4
4907,B,control,4
4908,junk_debris,control,4
4909,junk_noise,control,4
4910,junk_debris,control,4
4911,junk_noise,control,4
4912,junk_debris,control,4
4913,junk_doublet,control,4
4914,B,control,4
4915,junk_debris,control,4
4916,junk_dead,control,4
4917,CD4_T,control,4
4918,CD8_T,control,4
4919,B,control,4
4920,junk_doublet,control,4
4921,junk_debris,control,4
4922,junk_debris,control,4
4923,junk_debris,control,4
4924,CD4_T,control,4
4925,CD8_T,control,4
4926,junk_debris,control,4
4927,CD8_T,control,4
4928,junk_noise,control,4
4929,junk_debris,control,4
4930,Myeloid,control,4
4931,junk_dead,control,4
4932,junk_debris,control,4
4933,junk_debris,control,4
4934,junk_dead,control,4
4935,B,control,4
4936,B,control,4
4937,junk_doublet,control,4
4938,junk_doublet,control,4
4939,junk_dead,control,4
4940,junk_doublet,control,4
4941,junk_doublet,control,4
4942,junk_debris,control,4
4943,junk_doublet,control,4
4944,B,control,4
4945,CD8_T,control,4
4946,junk_doublet,control,4
4947,CD4_T,control,4
4948,junk_doublet,control,4
4949,junk_debris,control,4
4950,junk_debris,control,4
4951,junk_debris,control,4
4952,junk_doublet,control,4
4953,junk_noise,control,4
4954,Neutrophil,control,4
4955,junk_debris,control,4
4956,junk_debris,control,4
4957,junk_debris,control,4
4958,junk_debris,control,4
4959,Neutrophil,control,4
4960,junk_doublet,control,4
4961,junk_dead,control,4
4962,junk_dead,control,4
4963,junk_doublet,control,4
4964,CD4_T,control,4
4965,junk_doublet,control,4
4966,CD4_T,control,4
4967,junk_doublet,control,4
4968,CD8_T,control,4
4969,Neutrophil,control,4
4970,junk_noise,control,4
4971,junk_dead,control,4
4972,junk_noise,control,4
4973,junk_noise,control,4
4974,junk_noise,control,4
4975,junk_doublet,control,4
4976,junk_debris,control,4
4977,junk_debris,control,4
4978,Myeloid,control,4
4979,junk_debris,control,4
4980,junk_debris,control,4
4981,junk_debris,control,4
4982,junk_dead,control,4
4983,junk_debris,control,4
4984,DC,control,4
4985,DC,control,4
4986,junk_debris,control,4
4987,junk_dead,control,4
4988,Neutrophil,control,4
4989,junk_doublet,control,4
4990,junk_debris,control,4
4991,junk_doublet,control,4
4992,junk_dead,control,4
4993,Myeloid,control,4
4994,Neutrophil,control,4
4995,junk_debris,control,4
4996,junk_debris,control,4
4997,Neutrophil,control,4
4998,CD4_T,control,4
4999,B,control,4
