event_index,true_population,condition,replicate
0,Myeloid,control,5
1,junk_doublet,control,5
2,Myeloid,control,5
3,junk_debris,control,5
4,junk_noise,control,5
5,Neutrophil,control,5
6,NK,control,5
7,Myeloid,control,5
8,Myeloid,control,5
9,junk_debris,control,5
10,junk_debris,control,5
11,junk_dead,control,5
12,junk_doublet,control,5
13,junk_dead,control,5
14,CD4_T,control,5
15,junk_noise,control,5
16,B,control,5
17,Neutrophil,control,5
18,junk_doublet,control,5
19,CD8_T,control,5
20,Neutrophil,control,5
21,junk_dead,control,5
22,junk_debris,control,5
23,junk_doublet,control,5
24,B,control,5
25,junk_doublet,control,5
26,B,control,5
27,B,control,5
28,junk_debris,control,5
29,Neutrophil,control,5
30,Myeloid,control,5
31,Myeloid,control,5
32,CD4_T,control,5
33,Myeloid,control,5
34,CD4_T,control,5
35,junk_debris,control,5
36,junk_dead,control,5
37,CD4_T,control,5
38,junk_dead,control,5
39,B,control,5
40,junk_debris,control,5
41,B,control,5
42,Myeloid,control,5
43,junk_noise,control,5
44,CD4_T,control,5
45,junk_dead,control,5
46,Neutrophil,control,5
47,junk_dead,control,5
48,junk_debris,control,5
49,CD4_T,control,5
50,B,control,5
51,junk_debris,control,5
52,junk_debris,control,5
53,junk_dead,control,5
54,junk_doublet,control,5
55,junk_dead,control,5
56,junk_debris,control,5
57,junk_dead,control,5
58,Myeloid,control,5
59,junk_debris,control,5
60,junk_dead,control,5
61,junk_debris,control,5
62,junk_noise,control,5
63,CD4_T,control,5
64,CD4_T,control,5
65,junk_dead,control,5
66,junk_debris,control,5
67,junk_doublet,control,5
68,junk_noise,control,5
69,Neutrophil,control,5
70,B,control,5
71,junk_noise,control,5
72,junk_debris,control,5
73,junk_dead,control,5
74,junk_noise,control,5
75,junk_doublet,control,5
76,B,control,5
77,junk_noise,control,5
78,junk_debris,control,5
79,junk_debris,control,5
80,junk_dead,control,5
81,B,control,5
82,junk_doublet,control,5
83,junk_noise,control,5
84,junk_debris,control,5
85,junk_dead,control,5
86,Neutrophil,control,5
87,junk_noise,control,5
88,junk_debris,control,5
89,junk_noise,control,5
90,junk_debris,control,5
91,junk_noise,control,5
92,CD4_T,control,5
93,junk_debris,control,5
94,junk_doublet,control,5
95,junk_noise,control,5
96,junk_debris,control,5
97,Neutrophil,control,5
98,junk_debris,control,5
99,junk_doublet,control,5
100,Neutrophil,control,5
101,junk_dead,control,5
102,junk_debris,control,5
103,junk_debris,control,5
104,B,control,5
105,junk_noise,control,5
106,CD4_T,control,5
107,B,control,5
108,junk_dead,control,5
109,junk_debris,control,5
110,CD4_T,control,5
111,junk_debris,control,5
112,junk_doublet,control,5
113,Neutrophil,control,5
114,junk_debris,control,5
115,junk_debris,control,5
116,junk_noise,control,5
117,B,control,5
118,junk_dead,control,5
119,CD4_T,control,5
120,DC,control,5
121,B,control,5
122,Neutrophil,control,5
123,junk_debris,control,5
124,B,control,5
125,junk_debris,control,5
126,junk_debris,control,5
127,B,control,5
128,junk_dead,control,5
129,B,control,5
130,junk_noise,control,5
131,junk_noise,control,5
132,junk_debris,control,5
133,B,control,5
134,junk_dead,control,5
135,junk_noise,control,5
136,junk_doublet,control,5
137,CD8_T,control,5
138,junk_doublet,control,5
139,Myeloid,control,5
140,Myeloid,control,5
141,Myeloid,control,5
142,junk_debris,control,5
143,junk_debris,control,5
144,B,control,5
145,junk_debris,control,5
146,junk_doublet,control,5
147,junk_doublet,control,5
148,junk_noise,control,5
149,B,control,5
150,junk_dead,control,5
151,junk_debris,control,5
152,B,control,5
153,junk_debris,control,5
154,junk_debris,control,5
155,B,control,5
156,junk_debris,control,5
157,junk_debris,control,5
158,Myeloid,control,5
159,Neutrophil,control,5
160,junk_noise,control,5
161,junk_noise,control,5
162,NK,control,5
163,CD8_T,control,5
164,junk_debris,control,5
165,junk_dead,control,5
166,junk_debris,control,5
167,junk_debris,control,5
168,junk_debris,control,5
169,junk_noise,control,5
170,junk_dead,control,5
171,junk_debris,control,5
172,junk_debris,control,5
173,junk_debris,control,5
174,B,control,5
175,junk_dead,control,5
176,junk_noise,control,5
177,junk_dead,control,5
178,Neutrophil,control,5
179,junk_noise,control,5
180,junk_doublet,control,5
181,Neutrophil,control,5
182,CD8_T,control,5
183,CD4_T,control,5
184,CD4_T,control,5
185,DC,control,5
186,junk_doublet,control,5
187,junk_doublet,control,5
188,junk_dead,control,5
189,Myeloid,control,5
190,CD4_T,control,5
191,CD4_T,control,5
192,B,control,5
193,junk_debris,control,5
194,junk_debris,control,5
195,junk_dead,control,5
196,junk_doublet,control,5
197,junk_debris,control,5
198,junk_debris,control,5
199,junk_doublet,control,5
200,B,control,5
201,CD4_T,control,5
202,B,control,5
203,CD4_T,control,5
204,Neutrophil,control,5
205,Myeloid,control,5
206,junk_dead,control,5
207,B,control,5
208,junk_dead,control,5
209,junk_doublet,control,5
210,junk_noise,control,5
211,junk_noise,control,5
212,junk_doublet,control,5
213,B,control,5
214,junk_debris,control,5
215,Myeloid,control,5
216,junk_debris,control,5
217,junk_doublet,control,5
218,Neutrophil,control,5
219,Neutrophil,control,5
220,junk_doublet,control,5
221,CD4_T,control,5
222,junk_doublet,control,5
223,CD4_T,control,5
224,CD4_T,control,5
225,B,control,5
226,junk_doublet,control,5
227,B,control,5
228,CD4_T,control,5
229,Neutrophil,control,5
230,CD8_T,control,5
231,junk_dead,control,5
232,junk_noise,control,5
233,Neutrophil,control,5
234,CD8_T,control,5
235,junk_debris,control,5
236,B,control,5
237,junk_doublet,control,5
238,junk_debris,control,5
239,junk_doublet,control,5
240,junk_debris,control,5
241,junk_debris,control,5
242,DC,control,5
243,junk_dead,control,5
244,B,control,5
245,junk_debris,control,5
246,junk_doublet,control,5
247,junk_dead,control,5
248,junk_noise,control,5
249,junk_debris,control,5
250,junk_dead,control,5
251,junk_dead,control,5
252,B,control,5
253,junk_doublet,control,5
254,CD4_T,control,5
255,B,control,5
256,junk_dead,control,5
257,B,control,5
258,junk_doublet,control,5
259,junk_debris,control,5
260,junk_doublet,control,5
261,junk_doublet,control,5
262,junk_debris,control,5
263,junk_doublet,control,5
264,junk_dead,control,5
265,B,control,5
266,junk_dead,control,5
267,junk_debris,control,5
268,junk_doublet,control,5
269,junk_debris,control,5
270,junk_dead,control,5
271,junk_debris,control,5
272,junk_noise,control,5
273,junk_debris,control,5
274,Myeloid,control,5
275,junk_dead,control,5
276,Myeloid,control,5
277,junk_debris,control,5
278,junk_debris,control,5
279,junk_doublet,control,5
280,B,control,5
281,junk_debris,control,5
282,junk_dead,control,5
283,junk_dead,control,5
284,Myeloid,control,5
285,B,control,5
286,junk_debris,control,5
287,Myeloid,control,5
288,CD8_T,control,5
289,junk_debris,control,5
290,junk_debris,control,5
291,junk_doublet,control,5
292,junk_debris,control,5
293,junk_doublet,control,5
294,junk_dead,control,5
295,junk_dead,control,5
296,junk_doublet,control,5
297,junk_debris,control,5
298,junk_debris,control,5
299,junk_noise,control,5
300,B,control,5
301,junk_debris,control,5
302,junk_debris,control,5
303,junk_debris,control,5
304,Myeloid,control,5
305,junk_dead,control,5
306,B,control,5
307,Neutrophil,control,5
308,junk_debris,control,5
309,junk_dead,control,5
310,Myeloid,control,5
311,junk_debris,control,5
312,junk_debris,control,5
313,junk_doublet,control,5
314,junk_noise,control,5
315,B,control,5
316,junk_debris,control,5
317,junk_noise,control,5
318,junk_doublet,control,5
319,CD4_T,control,5
320,DC,control,5
321,B,control,5
322,Myeloid,control,5
323,junk_debris,control,5
324,Myeloid,control,5
325,Myeloid,control,5
326,junk_debris,control,5
327,CD4_T,control,5
328,junk_noise,control,5
329,junk_dead,control,5
330,B,control,5
331,junk_debris,control,5
332,junk_debris,control,5
333,junk_debris,control,5
334,Myeloid,control,5
335,junk_dead,control,5
336,junk_noise,control,5
337,B,control,5
338,junk_debris,control,5
339,junk_doublet,control,5
340,CD8_T,control,5
341,junk_debris,control,5
342,B,control,5
343,CD4_T,control,5
344,junk_doublet,control,5
345,junk_dead,control,5
346,CD4_T,control,5
347,junk_doublet,control,5
348,NK,control,5
349,CD4_T,control,5
350,junk_debris,control,5
351,B,control,5
352,Neutrophil,control,5
353,junk_doublet,control,5
354,junk_noise,control,5
355,NK,control,5
356,junk_doublet,control,5
357,junk_doublet,control,5
358,junk_doublet,control,5
359,junk_doublet,control,5
360,junk_dead,control,5
361,junk_noise,control,5
362,Neutrophil,control,5
363,junk_debris,control,5
364,Neutrophil,control,5
365,CD4_T,control,5
366,junk_doublet,control,5
367,junk_dead,control,5
368,junk_dead,control,5
369,junk_noise,control,5
370,junk_noise,control,5
371,junk_debris,control,5
372,junk_doublet,control,5
373,junk_debris,control,5
374,CD4_T,control,5
375,Neutrophil,control,5
376,Myeloid,control,5
377,junk_debris,control,5
378,junk_debris,control,5
379,junk_debris,control,5
380,NK,control,5
381,junk_debris,control,5
382,junk_noise,control,5
383,junk_noise,control,5
384,junk_doublet,control,5
385,junk_debris,control,5
386,junk_debris,control,5
387,junk_doublet,control,5
388,junk_dead,control,5
389,junk_doublet,control,5
390,junk_debris,control,5
391,CD4_T,control,5
392,B,control,5
393,junk_doublet,control,5
394,junk_debris,control,5
395,junk_debris,control,5
396,junk_debris,control,5
397,junk_doublet,control,5
398,junk_dead,control,5
399,junk_dead,control,5
400,junk_debris,control,5
401,CD4_T,control,5
402,B,control,5
403,junk_doublet,control,5
404,junk_debris,control,5
405,junk_debris,control,5
406,B,control,5
407,CD4_T,control,5
408,junk_dead,control,5
409,junk_debris,control,5
410,junk_doublet,control,5
411,junk_dead,control,5
412,junk_doublet,control,5
413,junk_doublet,control,5
414,junk_debris,control,5
415,junk_debris,control,5
416,Myeloid,control,5
417,junk_noise,control,5
418,CD4_T,control,5
419,junk_noise,control,5
420,junk_dead,control,5
421,junk_dead,control,5
422,junk_noise,control,5
423,junk_doublet,control,5
424,junk_debris,control,5
425,junk_debris,control,5
426,Neutrophil,control,5
427,junk_dead,control,5
428,junk_noise,control,5
429,junk_doublet,control,5
430,junk_debris,control,5
431,junk_dead,control,5
432,junk_debris,control,5
433,junk_dead,control,5
434,junk_doublet,control,5
435,B,control,5
436,junk_dead,control,5
437,NK,control,5
438,junk_doublet,control,5
439,Neutrophil,control,5
440,CD4_T,control,5
441,B,control,5
442,junk_debris,control,5
443,Myeloid,control,5
444,junk_doublet,control,5
445,junk_dead,control,5
446,junk_noise,control,5
447,junk_dead,control,5
448,junk_dead,control,5
449,junk_dead,control,5
450,junk_noise,control,5
451,junk_debris,control,5
452,junk_dead,control,5
453,junk_dead,control,5
454,Neutrophil,control,5
455,CD4_T,control,5
456,CD4_T,control,5
457,NK,control,5
458,B,control,5
459,junk_dead,control,5
460,junk_debris,control,5
461,junk_doublet,control,5
462,junk_dead,control,5
463,B,control,5
464,junk_doublet,control,5
465,DC,control,5
466,CD4_T,control,5
467,junk_doublet,control,5
468,junk_noise,control,5
469,junk_dead,control,5
470,Myeloid,control,5
471,CD4_T,control,5
472,junk_doublet,control,5
473,junk_debris,control,5
474,B,control,5
475,junk_dead,control,5
476,junk_noise,control,5
477,B,control,5
478,junk_doublet,control,5
479,B,control,5
480,junk_debris,control,5
481,junk_noise,control,5
482,junk_doublet,control,5
483,CD4_T,control,5
484,junk_noise,control,5
485,junk_debris,control,5
486,CD4_T,control,5
487,junk_debris,control,5
488,junk_debris,control,5
489,junk_doublet,control,5
490,B,control,5
491,junk_debris,control,5
492,junk_doublet,control,5
493,junk_doublet,control,5
494,junk_dead,control,5
495,Myeloid,control,5
496,Neutrophil,control,5
497,Neutrophil,control,5
498,Myeloid,control,5
499,CD4_T,control,5
500,junk_noise,control,5
501,junk_dead,control,5
502,Neutrophil,control,5
503,junk_debris,control,5
504,Myeloid,control,5
505,junk_debris,control,5
506,junk_doublet,control,5
507,junk_debris,control,5
508,junk_dead,control,5
509,B,control,5
510,B,control,5
511,junk_dead,control,5
512,CD4_T,control,5
513,junk_dead,control,5
514,junk_noise,control,5
515,junk_dead,control,5
516,junk_debris,control,5
517,junk_debris,control,5
518,junk_debris,control,5
519,junk_debris,control,5
520,junk_noise,control,5
521,junk_debris,control,5
522,Neutrophil,control,5
523,junk_noise,control,5
524,B,control,5
525,junk_doublet,control,5
526,Neutrophil,control,5
527,B,control,5
528,junk_doublet,control,5
529,Neutrophil,control,5
530,junk_debris,control,5
531,junk_debris,control,5
532,junk_doublet,control,5
533,junk_debris,control,5
534,junk_debris,control,5
535,B,control,5
536,junk_debris,control,5
537,junk_noise,control,5
538,junk_doublet,control,5
539,NK,control,5
540,Myeloid,control,5
541,junk_debris,control,5
542,junk_noise,control,5
543,junk_debris,control,5
544,junk_dead,control,5
545,B,control,5
546,junk_doublet,control,5
547,Myeloid,control,5
548,Neutrophil,control,5
549,junk_dead,control,5
550,junk_debris,control,5
551,junk_debris,control,5
552,junk_debris,control,5
553,junk_debris,control,5
554,CD8_T,control,5
555,CD4_T,control,5
556,NK,control,5
557,junk_dead,control,5
558,junk_doublet,control,5
559,junk_debris,control,5
560,Myeloid,control,5
561,B,control,5
562,B,control,5
563,junk_debris,control,5
564,DC,control,5
565,junk_noise,control,5
566,junk_debris,control,5
567,junk_debris,control,5
568,junk_dead,control,5
569,junk_doublet,control,5
570,junk_doublet,control,5
571,junk_dead,control,5
572,CD4_T,control,5
573,B,control,5
574,junk_noise,control,5
575,CD8_T,control,5
576,B,control,5
577,B,control,5
578,junk_doublet,control,5
579,junk_debris,control,5
580,B,control,5
581,NK,control,5
582,junk_dead,control,5
583,CD4_T,control,5
584,Neutrophil,control,5
585,junk_debris,control,5
586,junk_debris,control,5
587,CD8_T,control,5
588,junk_debris,control,5
589,junk_dead,control,5
590,Neutrophil,control,5
591,junk_dead,control,5
592,B,control,5
593,junk_noise,control,5
594,CD4_T,control,5
595,junk_dead,control,5
596,junk_noise,control,5
597,junk_dead,control,5
598,junk_doublet,control,5
599,junk_doublet,control,5
600,junk_noise,control,5
601,junk_dead,control,5
602,Myeloid,control,5
603,junk_dead,control,5
604,junk_dead,control,5
605,B,control,5
606,CD8_T,control,5
607,junk_debris,control,5
608,junk_debris,control,5
609,Myeloid,control,5
610,CD4_T,control,5
611,junk_dead,control,5
612,junk_dead,control,5
613,Myeloid,control,5
614,junk_dead,control,5
615,junk_debris,control,5
616,junk_debris,control,5
617,NK,control,5
618,junk_dead,control,5
619,junk_doublet,control,5
620,Myeloid,control,5
621,junk_dead,control,5
622,B,control,5
623,junk_dead,control,5
624,junk_dead,control,5
625,junk_doublet,control,5
626,junk_debris,control,5
627,junk_noise,control,5
628,B,control,5
629,junk_debris,control,5
630,junk_doublet,control,5
631,junk_noise,control,5
632,junk_doublet,control,5
633,B,control,5
634,CD8_T,control,5
635,junk_debris,control,5
636,junk_noise,control,5
637,Myeloid,control,5
638,junk_doublet,control,5
639,Neutrophil,control,5
640,junk_debris,control,5
641,B,control,5
642,junk_doublet,control,5
643,B,control,5
644,CD4_T,control,5
645,junk_noise,control,5
646,junk_doublet,control,5
647,Neutrophil,control,5
648,junk_debris,control,5
649,junk_doublet,control,5
650,junk_dead,control,5
651,junk_doublet,control,5
652,Neutrophil,control,5
653,junk_doublet,control,5
654,junk_debris,control,5
655,junk_dead,control,5
656,junk_debris,control,5
657,junk_debris,control,5
658,CD4_T,control,5
659,junk_debris,control,5
660,Myeloid,control,5
661,Myeloid,control,5
662,Neutrophil,control,5
663,junk_debris,control,5
664,NK,control,5
665,junk_dead,control,5
666,junk_noise,control,5
667,junk_debris,control,5
668,CD4_T,control,5
669,junk_doublet,control,5
670,DC,control,5
671,Myeloid,control,5
672,junk_noise,control,5
673,junk_debris,control,5
674,CD4_T,control,5
675,Myeloid,control,5
676,junk_noise,control,5
677,junk_dead,control,5
678,B,control,5
679,junk_debris,control,5
680,CD4_T,control,5
681,junk_debris,control,5
682,junk_debris,control,5
683,junk_debris,control,5
684,junk_dead,control,5
685,Neutrophil,control,5
686,CD4_T,control,5
687,junk_doublet,control,5
688,Neutrophil,control,5
689,junk_noise,control,5
690,B,control,5
691,CD4_T,control,5
692,junk_doublet,control,5
693,junk_dead,control,5
694,B,control,5
695,junk_doublet,control,5
696,junk_debris,control,5
697,Myeloid,control,5
698,Neutrophil,control,5
699,Myeloid,control,5
700,junk_dead,control,5
701,B,control,5
702,CD4_T,control,5
703,junk_noise,control,5
704,B,control,5
705,junk_doublet,control,5
706,junk_dead,control,5
707,junk_debris,control,5
708,junk_noise,control,5
709,B,control,5
710,Myeloid,control,5
711,junk_dead,control,5
712,junk_dead,control,5
713,B,control,5
714,Myeloid,control,5
715,Neutrophil,control,5
716,junk_dead,control,5
717,junk_dead,control,5
718,junk_debris,control,5
719,junk_doublet,control,5
720,junk_noise,control,5
721,junk_dead,control,5
722,B,control,5
723,Myeloid,control,5
724,junk_doublet,control,5
725,NK,control,5
726,junk_noise,control,5
727,junk_doublet,control,5
728,NK,control,5
729,junk_dead,control,5
730,junk_debris,control,5
731,junk_debris,control,5
732,CD4_T,control,5
733,CD8_T,control,5
734,junk_dead,control,5
735,junk_doublet,control,5
736,junk_debris,control,5
737,junk_debris,control,5
738,junk_doublet,control,5
739,NK,control,5
740,CD4_T,control,5
741,junk_dead,control,5
742,junk_debris,control,5
743,junk_debris,control,5
744,junk_dead,control,5
745,DC,control,5
746,junk_doublet,control,5
747,junk_dead,control,5
748,CD4_T,control,5
749,DC,control,5
750,NK,control,5
751,junk_doublet,control,5
752,Neutrophil,control,5
753,Myeloid,control,5
754,CD4_T,control,5
755,Neutrophil,control,5
756,Myeloid,control,5
757,junk_dead,control,5
758,junk_dead,control,5
759,B,control,5
760,Myeloid,control,5
761,B,control,5
762,junk_debris,control,5
763,CD8_T,control,5
764,junk_debris,control,5
765,junk_dead,control,5
766,junk_noise,control,5
767,junk_debris,control,5
768,CD4_T,control,5
769,B,control,5
770,junk_debris,control,5
771,CD4_T,control,5
772,junk_debris,control,5
773,NK,control,5
774,B,control,5
775,junk_debris,control,5
776,junk_dead,control,5
777,CD4_T,control,5
778,junk_debris,control,5
779,CD4_T,control,5
780,junk_doublet,control,5
781,junk_noise,control,5
782,B,control,5
783,Neutrophil,control,5
784,junk_noise,control,5
785,junk_debris,control,5
786,junk_debris,control,5
787,junk_debris,control,5
788,Neutrophil,control,5
789,junk_doublet,control,5
790,B,control,5
791,junk_debris,control,5
792,junk_dead,control,5
793,junk_debris,control,5
794,CD4_T,control,5
795,junk_debris,control,5
796,Myeloid,control,5
797,CD4_T,control,5
798,junk_debris,control,5
799,junk_dead,control,5
800,junk_debris,control,5
801,junk_doublet,control,5
802,junk_debris,control,5
803,junk_doublet,control,5
804,junk_dead,control,5
805,B,control,5
806,CD4_T,control,5
807,CD4_T,control,5
808,junk_doublet,control,5
809,Neutrophil,control,5
810,B,control,5
811,junk_debris,control,5
812,CD4_T,control,5
813,junk_doublet,control,5
814,CD4_T,control,5
815,NK,control,5
816,Myeloid,control,5
817,CD8_T,control,5
818,junk_noise,control,5
819,junk_doublet,control,5
820,junk_dead,control,5
821,junk_debris,control,5
822,junk_dead,control,5
823,junk_debris,control,5
824,junk_debris,control,5
825,junk_debris,control,5
826,CD4_T,control,5
827,junk_debris,control,5
828,Myeloid,control,5
829,junk_debris,control,5
830,CD4_T,control,5
831,junk_debris,control,5
832,junk_noise,control,5
833,Neutrophil,control,5
834,junk_dead,control,5
835,junk_dead,control,5
836,CD4_T,control,5
837,junk_noise,control,5
838,junk_doublet,control,5
839,junk_debris,control,5
840,junk_doublet,control,5
841,junk_debris,control,5
842,junk_doublet,control,5
843,B,control,5
844,B,control,5
845,junk_noise,control,5
846,junk_debris,control,5
847,B,control,5
848,junk_doublet,control,5
849,junk_noise,control,5
850,junk_debris,control,5
851,junk_debris,control,5
852,junk_dead,control,5
853,DC,control,5
854,junk_doublet,control,5
855,Myeloid,control,5
856,CD4_T,control,5
857,junk_dead,control,5
858,junk_debris,control,5
859,CD4_T,control,5
860,B,control,5
861,CD4_T,control,5
862,junk_dead,control,5
863,junk_dead,control,5
864,B,control,5
865,Neutrophil,control,5
866,junk_debris,control,5
867,junk_debris,control,5
868,junk_doublet,control,5
869,CD8_T,control,5
870,B,control,5
871,junk_debris,control,5
872,junk_noise,control,5
873,junk_debris,control,5
874,junk_noise,control,5
875,junk_dead,control,5
876,Myeloid,control,5
877,junk_noise,control,5
878,junk_noise,control,5
879,junk_doublet,control,5
880,Myeloid,control,5
881,junk_doublet,control,5
882,junk_dead,control,5
883,junk_debris,control,5
884,junk_debris,control,5
885,junk_debris,control,5
886,junk_debris,control,5
887,junk_debris,control,5
888,junk_dead,control,5
889,junk_debris,control,5
890,junk_noise,control,5
891,CD8_T,control,5
892,CD4_T,control,5
893,Neutrophil,control,5
894,junk_debris,control,5
895,junk_doublet,control,5
896,junk_doublet,control,5
897,junk_noise,control,5
898,junk_dead,control,5
899,junk_debris,control,5
900,B,control,5
901,junk_debris,control,5
902,junk_debris,control,5
903,junk_debris,control,5
904,junk_dead,control,5
905,CD8_T,control,5
906,junk_noise,control,5
907,junk_doublet,control,5
908,junk_dead,control,5
909,junk_noise,control,5
910,CD4_T,control,5
911,junk_doublet,control,5
912,junk_debris,control,5
913,Myeloid,control,5
914,junk_dead,control,5
915,Myeloid,control,5
916,junk_doublet,control,5
917,B,control,5
918,junk_debris,control,5
919,junk_dead,control,5
920,B,control,5
921,junk_doublet,control,5
922,junk_dead,control,5
923,B,control,5
924,junk_debris,control,5
925,junk_noise,control,5
926,Myeloid,control,5
927,B,control,5
928,junk_debris,control,5
929,junk_debris,control,5
930,junk_debris,control,5
931,junk_noise,control,5
932,junk_doublet,control,5
933,junk_debris,control,5
934,junk_debris,control,5
935,junk_doublet,control,5
936,CD4_T,control,5
937,DC,control,5
938,Myeloid,control,5
939,junk_noise,control,5
940,junk_noise,control,5
941,junk_doublet,control,5
942,B,control,5
943,junk_noise,control,5
944,junk_dead,control,5
945,junk_doublet,control,5
946,junk_doublet,control,5
947,junk_debris,control,5
948,junk_debris,control,5
949,junk_doublet,control,5
950,junk_noise,control,5
951,junk_doublet,control,5
952,junk_doublet,control,5
953,CD4_T,control,5
954,CD8_T,control,5
955,junk_debris,control,5
956,CD4_T,control,5
957,junk_debris,control,5
958,junk_noise,control,5
959,B,control,5
960,B,control,5
961,junk_debris,control,5
962,junk_dead,control,5
963,junk_debris,control,5
964,B,control,5
965,junk_noise,control,5
966,CD4_T,control,5
967,junk_noise,control,5
968,Myeloid,control,5
969,junk_debris,control,5
970,CD4_T,control,5
971,junk_doublet,control,5
972,DC,control,5
973,B,control,5
974,Myeloid,control,5
975,NK,control,5
976,Neutrophil,control,5
977,junk_debris,control,5
978,CD4_T,control,5
979,junk_dead,control,5
980,junk_doublet,control,5
981,CD8_T,control,5
982,B,control,5
983,junk_doublet,control,5
984,Neutrophil,control,5
985,junk_doublet,control,5
986,junk_debris,control,5
987,junk_doublet,control,5
988,junk_doublet,control,5
989,B,control,5
990,junk_doublet,control,5
991,B,control,5
992,junk_dead,control,5
993,junk_debris,control,5
994,junk_debris,control,5
995,junk_doublet,control,5
996,B,control,5
997,junk_debris,control,5
998,junk_debris,control,5
999,junk_dead,control,5
1000,junk_noise,control,5
1001,CD4_T,control,5
1002,CD4_T,control,5
1003,junk_debris,control,5
1004,Neutrophil,control,5
1005,junk_doublet,control,5
1006,junk_debris,control,5
1007,CD8_T,control,5
1008,Myeloid,control,5
1009,junk_debris,control,5
1010,junk_doublet,control,5
1011,junk_debris,control,5
1012,junk_doublet,control,5
1013,Myeloid,control,5
1014,Myeloid,control,5
1015,junk_debris,control,5
1016,NK,control,5
1017,junk_dead,control,5
1018,junk_debris,control,5
1019,junk_debris,control,5
1020,junk_debris,control,5
1021,junk_dead,control,5
1022,junk_dead,control,5
1023,junk_debris,control,5
1024,junk_debris,control,5
1025,junk_dead,control,5
1026,junk_noise,control,5
1027,junk_dead,control,5
1028,junk_debris,control,5
1029,junk_debris,control,5
1030,junk_doublet,control,5
1031,Neutrophil,control,5
1032,B,control,5
1033,junk_debris,control,5
1034,junk_dead,control,5
1035,junk_dead,control,5
1036,junk_debris,control,5
1037,junk_doublet,control,5
1038,Neutrophil,control,5
1039,Myeloid,control,5
1040,junk_dead,control,5
1041,junk_noise,control,5
1042,B,control,5
1043,junk_dead,control,5
1044,Myeloid,control,5
1045,junk_doublet,control,5
1046,junk_debris,control,5
1047,B,control,5
1048,CD4_T,control,5
1049,Myeloid,control,5
1050,junk_debris,control,5
1051,junk_dead,control,5
1052,B,control,5
1053,CD4_T,control,5
1054,B,control,5
1055,junk_noise,control,5
1056,junk_noise,control,5
1057,junk_doublet,control,5
1058,junk_dead,control,5
1059,junk_noise,control,5
1060,B,control,5
1061,junk_dead,control,5
1062,B,control,5
1063,junk_debris,control,5
1064,junk_dead,control,5
1065,junk_debris,control,5
1066,Myeloid,control,5
1067,junk_debris,control,5
1068,junk_debris,control,5
1069,junk_dead,control,5
1070,junk_noise,control,5
1071,junk_noise,control,5
1072,DC,control,5
1073,junk_doublet,control,5
1074,CD4_T,control,5
1075,junk_doublet,control,5
1076,junk_noise,control,5
1077,Myeloid,control,5
1078,junk_debris,control,5
1079,junk_noise,control,5
1080,junk_noise,control,5
1081,B,control,5
1082,junk_debris,control,5
1083,B,control,5
1084,Neutrophil,control,5
1085,Myeloid,control,5
1086,junk_dead,control,5
1087,junk_dead,control,5
1088,junk_debris,control,5
1089,CD4_T,control,5
1090,junk_dead,control,5
1091,junk_debris,control,5
1092,B,control,5
1093,CD4_T,control,5
1094,junk_debris,control,5
1095,junk_debris,control,5
1096,CD4_T,control,5
1097,junk_debris,control,5
1098,junk_noise,control,5
1099,CD4_T,control,5
1100,Myeloid,control,5
1101,junk_debris,control,5
1102,junk_doublet,control,5
1103,junk_noise,control,5
1104,junk_debris,control,5
1105,junk_dead,control,5
1106,junk_doublet,control,5
1107,junk_debris,control,5
1108,CD8_T,control,5
1109,junk_doublet,control,5
1110,junk_debris,control,5
1111,junk_debris,control,5
1112,junk_debris,control,5
1113,junk_debris,control,5
1114,junk_noise,control,5
1115,junk_dead,control,5
1116,B,control,5
1117,NK,control,5
1118,junk_dead,control,5
1119,Myeloid,control,5
1120,junk_dead,control,5
1121,junk_dead,control,5
1122,junk_debris,control,5
1123,junk_debris,control,5
1124,junk_debris,control,5
1125,junk_debris,control,5
1126,junk_debris,control,5
1127,Neutrophil,control,5
1128,junk_doublet,control,5
1129,junk_doublet,control,5
1130,junk_debris,control,5
1131,junk_noise,control,5
1132,CD4_T,control,5
1133,Neutrophil,control,5
1134,CD8_T,control,5
1135,Neutrophil,control,5
1136,junk_dead,control,5
1137,junk_doublet,control,5
1138,Myeloid,control,5
1139,junk_debris,control,5
1140,B,control,5
1141,junk_doublet,control,5
1142,CD4_T,control,5
1143,junk_dead,control,5
1144,junk_doublet,control,5
1145,B,control,5
1146,junk_debris,control,5
1147,CD4_T,control,5
1148,junk_doublet,control,5
1149,junk_noise,control,5
1150,CD4_T,control,5
1151,junk_doublet,control,5
1152,junk_dead,control,5
1153,B,control,5
1154,CD8_T,control,5
1155,B,control,5
1156,NK,control,5
1157,junk_noise,control,5
1158,junk_dead,control,5
1159,junk_debris,control,5
1160,B,control,5
1161,CD4_T,control,5
1162,Neutrophil,control,5
1163,junk_doublet,control,5
1164,junk_noise,control,5
1165,junk_debris,control,5
1166,junk_debris,control,5
1167,junk_debris,control,5
1168,Myeloid,control,5
1169,junk_dead,control,5
1170,junk_debris,control,5
1171,Myeloid,control,5
1172,junk_doublet,control,5
1173,junk_doublet,control,5
1174,CD4_T,control,5
1175,Neutrophil,control,5
1176,B,control,5
1177,B,control,5
1178,junk_noise,control,5
1179,junk_doublet,control,5
1180,junk_debris,control,5
1181,B,control,5
1182,CD8_T,control,5
1183,junk_dead,control,5
1184,junk_noise,control,5
1185,junk_dead,control,5
1186,junk_dead,control,5
1187,junk_dead,control,5
1188,Myeloid,control,5
1189,junk_doublet,control,5
1190,junk_dead,control,5
1191,junk_noise,control,5
1192,Myeloid,control,5
1193,junk_debris,control,5
1194,junk_debris,control,5
1195,junk_doublet,control,5
1196,B,control,5
1197,junk_dead,control,5
1198,B,control,5
1199,CD8_T,control,5
1200,junk_doublet,control,5
1201,junk_noise,control,5
1202,junk_debris,control,5
1203,junk_doublet,control,5
1204,junk_dead,control,5
1205,junk_doublet,control,5
1206,junk_dead,control,5
1207,junk_doublet,control,5
1208,junk_debris,control,5
1209,junk_doublet,control,5
1210,CD4_T,control,5
1211,junk_debris,control,5
1212,junk_dead,control,5
1213,junk_debris,control,5
1214,CD4_T,control,5
1215,junk_noise,control,5
1216,junk_dead,control,5
1217,junk_debris,control,5
1218,junk_dead,control,5
1219,junk_dead,control,5
1220,junk_doublet,control,5
1221,CD8_T,control,5
1222,junk_debris,control,5
1223,junk_noise,control,5
1224,junk_noise,control,5
1225,junk_dead,control,5
1226,CD4_T,control,5
1227,junk_noise,control,5
1228,junk_debris,control,5
1229,junk_debris,control,5
1230,junk_debris,control,5
1231,Myeloid,control,5
1232,junk_doublet,control,5
1233,B,control,5
1234,junk_doublet,control,5
1235,junk_noise,control,5
1236,junk_debris,control,5
1237,junk_debris,control,5
1238,junk_noise,control,5
1239,Neutrophil,control,5
1240,DC,control,5
1241,junk_debris,control,5
1242,junk_noise,control,5
1243,Neutrophil,control,5
1244,B,control,5
1245,Neutrophil,control,5
1246,junk_doublet,control,5
1247,junk_debris,control,5
1248,junk_debris,control,5
1249,Myeloid,control,5
1250,junk_debris,control,5
1251,junk_debris,control,5
1252,B,control,5
1253,NK,control,5
1254,junk_debris,control,5
1255,NK,control,5
1256,CD8_T,control,5
1257,junk_debris,control,5
1258,B,control,5
1259,CD4_T,control,5
1260,junk_noise,control,5
1261,junk_dead,control,5
1262,junk_doublet,control,5
1263,junk_noise,control,5
1264,B,control,5
1265,junk_doublet,control,5
1266,junk_debris,control,5
1267,junk_dead,control,5
1268,junk_doublet,control,5
1269,junk_dead,control,5
1270,Neutrophil,control,5
1271,junk_noise,control,5
1272,junk_dead,control,5
1273,CD4_T,control,5
1274,junk_noise,control,5
1275,Myeloid,control,5
1276,B,control,5
1277,junk_debris,control,5
1278,junk_doublet,control,5
1279,junk_doublet,control,5
1280,CD4_T,control,5
1281,junk_dead,control,5
1282,junk_debris,control,5
1283,CD4_T,control,5
1284,Neutrophil,control,5
1285,CD8_T,control,5
1286,junk_debris,control,5
1287,CD4_T,control,5
1288,junk_dead,control,5
1289,B,control,5
1290,junk_doublet,control,5
1291,junk_doublet,control,5
1292,junk_dead,control,5
1293,junk_doublet,control,5
1294,CD4_T,control,5
1295,junk_doublet,control,5
1296,CD8_T,control,5
1297,junk_doublet,control,5
1298,junk_doublet,control,5
1299,junk_dead,control,5
1300,CD8_T,control,5
1301,junk_debris,control,5
1302,B,control,5
1303,junk_doublet,control,5
1304,junk_doublet,control,5
1305,junk_dead,control,5
1306,junk_doublet,control,5
1307,CD8_T,control,5
1308,junk_doublet,control,5
1309,junk_doublet,control,5
1310,junk_debris,control,5
1311,Myeloid,control,5
1312,junk_doublet,control,5
1313,CD8_T,control,5
1314,junk_dead,control,5
1315,junk_debris,control,5
1316,NK,control,5
1317,junk_debris,control,5
1318,junk_noise,control,5
1319,junk_doublet,control,5
1320,junk_doublet,control,5
1321,B,control,5
1322,CD8_T,control,5
1323,B,control,5
1324,Neutrophil,control,5
1325,junk_debris,control,5
1326,CD4_T,control,5
1327,junk_dead,control,5
1328,CD4_T,control,5
1329,junk_dead,control,5
1330,junk_debris,control,5
1331,junk_debris,control,5
1332,junk_debris,control,5
1333,junk_debris,control,5
1334,junk_debris,control,5
1335,junk_doublet,control,5
1336,junk_doublet,control,5
1337,junk_dead,control,5
1338,NK,control,5
1339,junk_dead,control,5
1340,junk_dead,control,5
1341,CD8_T,control,5
1342,junk_debris,control,5
1343,junk_debris,control,5
1344,Neutrophil,control,5
1345,CD8_T,control,5
1346,junk_noise,control,5
1347,Myeloid,control,5
1348,junk_debris,control,5
1349,Myeloid,control,5
1350,junk_dead,control,5
1351,junk_dead,control,5
1352,NK,control,5
1353,junk_debris,control,5
1354,CD8_T,control,5
1355,junk_noise,control,5
1356,junk_dead,control,5
1357,junk_doublet,control,5
1358,junk_noise,control,5
1359,B,control,5
1360,junk_debris,control,5
1361,junk_dead,control,5
1362,CD8_T,control,5
1363,Neutrophil,control,5
1364,junk_debris,control,5
1365,CD8_T,control,5
1366,Myeloid,control,5
1367,junk_debris,control,5
1368,junk_noise,control,5
1369,junk_doublet,control,5
1370,junk_dead,control,5
1371,junk_debris,control,5
1372,B,control,5
1373,Myeloid,control,5
1374,junk_doublet,control,5
1375,junk_dead,control,5
1376,CD8_T,control,5
1377,B,control,5
1378,junk_dead,control,5
1379,Myeloid,control,5
1380,CD8_T,control,5
1381,junk_debris,control,5
1382,Myeloid,control,5
1383,junk_noise,control,5
1384,CD8_T,control,5
1385,NK,control,5
1386,junk_dead,control,5
1387,Neutrophil,control,5
1388,B,control,5
1389,junk_doublet,control,5
1390,junk_noise,control,5
1391,junk_noise,control,5
1392,junk_debris,control,5
1393,junk_dead,control,5
1394,junk_doublet,control,5
1395,junk_noise,control,5
1396,junk_debris,control,5
1397,junk_dead,control,5
1398,CD8_T,control,5
1399,junk_dead,control,5
1400,junk_doublet,control,5
1401,junk_noise,control,5
1402,junk_debris,control,5
1403,junk_dead,control,5
1404,junk_dead,control,5
1405,B,control,5
1406,B,control,5
1407,B,control,5
1408,junk_dead,control,5
1409,junk_doublet,control,5
1410,junk_noise,control,5
1411,junk_debris,control,5
1412,B,control,5
1413,CD4_T,control,5
1414,junk_debris,control,5
1415,junk_doublet,control,5
1416,junk_debris,control,5
1417,Neutrophil,control,5
1418,junk_debris,control,5
1419,DC,control,5
1420,junk_noise,control,5
1421,junk_noise,control,5
1422,junk_noise,control,5
1423,junk_debris,control,5
1424,CD8_T,control,5
1425,junk_dead,control,5
1426,junk_debris,control,5
1427,CD4_T,control,5
1428,junk_noise,control,5
1429,Neutrophil,control,5
1430,junk_debris,control,5
1431,Neutrophil,control,5
1432,junk_doublet,control,5
1433,CD8_T,control,5
1434,Myeloid,control,5
1435,DC,control,5
1436,B,control,5
1437,Myeloid,control,5
1438,CD4_T,control,5
1439,junk_doublet,control,5
1440,junk_debris,control,5
1441,junk_dead,control,5
1442,junk_dead,control,5
1443,B,control,5
1444,junk_dead,control,5
1445,Neutrophil,control,5
1446,junk_debris,control,5
1447,Neutrophil,control,5
1448,junk_dead,control,5
1449,junk_dead,control,5
1450,CD8_T,control,5
1451,junk_dead,control,5
1452,junk_debris,control,5
1453,junk_noise,control,5
1454,junk_debris,control,5
1455,CD8_T,control,5
1456,Neutrophil,control,5
1457,junk_doublet,control,5
1458,Myeloid,control,5
1459,junk_doublet,control,5
1460,junk_debris,control,5
1461,junk_noise,control,5
1462,junk_dead,control,5
1463,CD8_T,control,5
1464,junk_debris,control,5
1465,junk_dead,control,5
1466,junk_dead,control,5
1467,junk_debris,control,5
1468,junk_debris,control,5
1469,junk_dead,control,5
1470,junk_doublet,control,5
1471,B,control,5
1472,junk_debris,control,5
1473,Myeloid,control,5
1474,Myeloid,control,5
1475,junk_dead,control,5
1476,CD4_T,control,5
1477,junk_debris,control,5
1478,junk_dead,control,5
1479,junk_dead,control,5
1480,junk_debris,control,5
1481,junk_dead,control,5
1482,junk_debris,control,5
1483,Myeloid,control,5
1484,junk_debris,control,5
1485,junk_doublet,control,5
1486,junk_debris,control,5
1487,junk_debris,control,5
1488,junk_doublet,control,5
1489,junk_doublet,control,5
1490,junk_debris,control,5
1491,junk_debris,control,5
1492,junk_dead,control,5
1493,junk_doublet,control,5
1494,junk_dead,control,5
1495,junk_doublet,control,5
1496,junk_dead,control,5
1497,junk_debris,control,5
1498,CD4_T,control,5
1499,junk_debris,control,5
1500,B,control,5
1501,junk_dead,control,5
1502,junk_doublet,control,5
1503,Myeloid,control,5
1504,junk_dead,control,5
1505,Myeloid,control,5
1506,CD8_T,control,5
1507,junk_debris,control,5
1508,B,control,5
1509,junk_debris,control,5
1510,junk_doublet,control,5
1511,Neutrophil,control,5
1512,junk_noise,control,5
1513,Neutrophil,control,5
1514,junk_dead,control,5
1515,Myeloid,control,5
1516,DC,control,5
1517,B,control,5
1518,junk_doublet,control,5
1519,B,control,5
1520,junk_noise,control,5
1521,junk_doublet,control,5
1522,B,control,5
1523,junk_noise,control,5
1524,junk_debris,control,5
1525,junk_debris,control,5
1526,junk_noise,control,5
1527,CD8_T,control,5
1528,junk_doublet,control,5
1529,junk_debris,control,5
1530,junk_debris,control,5
1531,junk_debris,control,5
1532,Myeloid,control,5
1533,junk_noise,control,5
1534,junk_dead,control,5
1535,junk_debris,control,5
1536,CD8_T,control,5
1537,junk_doublet,control,5
1538,junk_dead,control,5
1539,Myeloid,control,5
1540,junk_doublet,control,5
1541,junk_noise,control,5
1542,junk_doublet,control,5
1543,junk_noise,control,5
1544,junk_noise,control,5
1545,junk_debris,control,5
1546,junk_debris,control,5
1547,junk_doublet,control,5
1548,junk_dead,control,5
1549,CD8_T,control,5
1550,junk_dead,control,5
1551,junk_doublet,control,5
1552,junk_dead,control,5
1553,B,control,5
1554,junk_debris,control,5
1555,B,control,5
1556,junk_dead,control,5
1557,junk_debris,control,5
1558,junk_doublet,control,5
1559,junk_doublet,control,5
1560,junk_doublet,control,5
1561,B,control,5
1562,Myeloid,control,5
1563,junk_debris,control,5
1564,Myeloid,control,5
1565,Myeloid,control,5
1566,junk_dead,control,5
1567,B,control,5
1568,junk_noise,control,5
1569,junk_debris,control,5
1570,junk_debris,control,5
1571,junk_debris,control,5
1572,junk_doublet,control,5
1573,CD8_T,control,5
1574,B,control,5
1575,junk_debris,control,5
1576,junk_debris,control,5
1577,Myeloid,control,5
1578,junk_debris,control,5
1579,Neutrophil,control,5
1580,B,control,5
1581,junk_doublet,control,5
1582,junk_debris,control,5
1583,CD4_T,control,5
1584,junk_debris,control,5
1585,junk_debris,control,5
1586,B,control,5
1587,junk_debris,control,5
1588,Myeloid,control,5
1589,B,control,5
1590,CD8_T,control,5
1591,Myeloid,control,5
1592,junk_doublet,control,5
1593,junk_debris,control,5
1594,B,control,5
1595,junk_noise,control,5
1596,junk_doublet,control,5
1597,junk_doublet,control,5
1598,junk_doublet,control,5
1599,CD8_T,control,5
1600,junk_debris,control,5
1601,Myeloid,control,5
1602,CD4_T,control,5
1603,junk_doublet,control,5
1604,junk_dead,control,5
1605,junk_noise,control,5
1606,junk_dead,control,5
1607,junk_noise,control,5
1608,junk_debris,control,5
1609,junk_debris,control,5
1610,junk_doublet,control,5
1611,B,control,5
1612,junk_debris,control,5
1613,junk_doublet,control,5
1614,junk_debris,control,5
1615,Myeloid,control,5
1616,junk_debris,control,5
1617,Myeloid,control,5
1618,junk_debris,control,5
1619,junk_dead,control,5
1620,junk_debris,control,5
1621,NK,control,5
1622,junk_debris,control,5
1623,junk_dead,control,5
1624,junk_debris,control,5
1625,junk_dead,control,5
1626,junk_dead,control,5
1627,B,control,5
1628,junk_debris,control,5
1629,B,control,5
1630,junk_dead,control,5
1631,junk_debris,control,5
1632,Neutrophil,control,5
1633,junk_doublet,control,5
1634,B,control,5
1635,junk_debris,control,5
1636,junk_debris,control,5
1637,junk_debris,control,5
1638,junk_debris,control,5
1639,junk_dead,control,5
1640,CD4_T,control,5
1641,Neutrophil,control,5
1642,CD8_T,control,5
1643,junk_doublet,control,5
1644,Neutrophil,control,5
1645,junk_debris,control,5
1646,junk_doublet,control,5
1647,junk_debris,control,5
1648,junk_doublet,control,5
1649,junk_doublet,control,5
1650,junk_debris,control,5
1651,junk_doublet,control,5
1652,Myeloid,control,5
1653,junk_dead,control,5
1654,junk_dead,control,5
1655,CD8_T,control,5
1656,Myeloid,control,5
1657,junk_doublet,control,5
1658,junk_dead,control,5
1659,Myeloid,control,5
1660,B,control,5
1661,B,control,5
1662,junk_dead,control,5
1663,junk_doublet,control,5
1664,DC,control,5
1665,junk_dead,control,5
1666,DC,control,5
1667,junk_dead,control,5
1668,junk_debris,control,5
1669,junk_debris,control,5
1670,NK,control,5
1671,junk_doublet,control,5
1672,junk_debris,control,5
1673,junk_doublet,control,5
1674,junk_doublet,control,5
1675,Neutrophil,control,5
1676,junk_dead,control,5
1677,CD8_T,control,5
1678,junk_doublet,control,5
1679,junk_debris,control,5
1680,NK,control,5
1681,junk_doublet,control,5
1682,junk_doublet,control,5
1683,junk_doublet,control,5
1684,B,control,5
1685,junk_doublet,control,5
1686,junk_debris,control,5
1687,junk_dead,control,5
1688,junk_noise,control,5
1689,junk_noise,control,5
1690,junk_debris,control,5
1691,junk_dead,control,5
1692,NK,control,5
1693,CD8_T,control,5
1694,junk_debris,control,5
1695,junk_debris,control,5
1696,junk_doublet,control,5
1697,junk_debris,control,5
1698,junk_noise,control,5
1699,Myeloid,control,5
1700,junk_doublet,control,5
1701,junk_dead,control,5
1702,junk_dead,control,5
1703,junk_debris,control,5
1704,CD4_T,control,5
1705,junk_doublet,control,5
1706,junk_dead,control,5
1707,junk_debris,control,5
1708,junk_debris,control,5
1709,junk_noise,control,5
1710,B,control,5
1711,junk_dead,control,5
1712,Myeloid,control,5
1713,junk_noise,control,5
1714,junk_doublet,control,5
1715,junk_dead,control,5
1716,Myeloid,control,5
1717,junk_debris,control,5
1718,junk_debris,control,5
1719,B,control,5
1720,junk_debris,control,5
1721,junk_debris,control,5
1722,junk_doublet,control,5
1723,junk_debris,control,5
1724,CD8_T,control,5
1725,junk_dead,control,5
1726,junk_dead,control,5
1727,junk_debris,control,5
1728,junk_dead,control,5
1729,junk_doublet,control,5
1730,CD8_T,control,5
1731,Myeloid,control,5
1732,junk_noise,control,5
1733,junk_noise,control,5
1734,CD8_T,control,5
1735,DC,control,5
1736,junk_doublet,control,5
1737,junk_doublet,control,5
1738,Neutrophil,control,5
1739,junk_debris,control,5
1740,junk_debris,control,5
1741,B,control,5
1742,junk_debris,control,5
1743,NK,control,5
1744,junk_doublet,control,5
1745,CD8_T,control,5
1746,junk_debris,control,5
1747,Myeloid,control,5
1748,junk_dead,control,5
1749,Myeloid,control,5
1750,junk_doublet,control,5
1751,junk_debris,control,5
1752,junk_doublet,control,5
1753,junk_dead,control,5
1754,junk_debris,control,5
1755,B,control,5
1756,junk_dead,control,5
1757,junk_dead,control,5
1758,Neutrophil,control,5
1759,CD4_T,control,5
1760,CD8_T,control,5
1761,junk_doublet,control,5
1762,CD4_T,control,5
1763,junk_dead,control,5
1764,junk_doublet,control,5
1765,Neutrophil,control,5
1766,junk_dead,control,5
1767,junk_debris,control,5
1768,CD4_T,control,5
1769,CD4_T,control,5
1770,junk_debris,control,5
1771,junk_dead,control,5
1772,junk_debris,control,5
1773,junk_doublet,control,5
1774,junk_dead,control,5
1775,B,control,5
1776,B,control,5
1777,junk_debris,control,5
1778,junk_doublet,control,5
1779,junk_debris,control,5
1780,junk_debris,control,5
1781,CD4_T,control,5
1782,junk_dead,control,5
1783,junk_doublet,control,5
1784,junk_debris,control,5
1785,junk_noise,control,5
1786,junk_debris,control,5
1787,junk_dead,control,5
1788,NK,control,5
1789,junk_debris,control,5
1790,junk_doublet,control,5
1791,junk_debris,control,5
1792,junk_doublet,control,5
1793,junk_debris,control,5
1794,junk_debris,control,5
1795,junk_dead,control,5
1796,junk_doublet,control,5
1797,junk_debris,control,5
1798,B,control,5
1799,CD8_T,control,5
1800,junk_debris,control,5
1801,junk_noise,control,5
1802,Neutrophil,control,5
1803,Myeloid,control,5
1804,junk_doublet,control,5
1805,junk_doublet,control,5
1806,junk_doublet,control,5
1807,B,control,5
1808,junk_doublet,control,5
1809,CD4_T,control,5
1810,junk_dead,control,5
1811,junk_debris,control,5
1812,junk_doublet,control,5
1813,B,control,5
1814,junk_noise,control,5
1815,Myeloid,control,5
1816,Myeloid,control,5
1817,junk_noise,control,5
1818,Neutrophil,control,5
1819,junk_noise,control,5
1820,junk_noise,control,5
1821,B,control,5
1822,junk_dead,control,5
1823,junk_dead,control,5
1824,CD8_T,control,5
1825,B,control,5
1826,Neutrophil,control,5
1827,B,control,5
1828,Neutrophil,control,5
1829,DC,control,5
1830,junk_doublet,control,5
1831,junk_debris,control,5
1832,junk_dead,control,5
1833,B,control,5
1834,junk_dead,control,5
1835,junk_debris,control,5
1836,junk_doublet,control,5
1837,junk_doublet,control,5
1838,junk_debris,control,5
1839,Neutrophil,control,5
1840,junk_debris,control,5
1841,junk_doublet,control,5
1842,junk_dead,control,5
1843,junk_debris,control,5
1844,Myeloid,control,5
1845,CD4_T,control,5
1846,junk_noise,control,5
1847,DC,control,5
1848,junk_debris,control,5
1849,B,control,5
1850,CD4_T,control,5
1851,Myeloid,control,5
1852,Neutrophil,control,5
1853,junk_doublet,control,5
1854,junk_doublet,control,5
1855,junk_doublet,control,5
1856,junk_debris,control,5
1857,CD4_T,control,5
1858,junk_dead,control,5
1859,junk_debris,control,5
1860,Neutrophil,control,5
1861,junk_doublet,control,5
1862,B,control,5
1863,junk_debris,control,5
1864,junk_doublet,control,5
1865,junk_doublet,control,5
1866,junk_debris,control,5
1867,junk_dead,control,5
1868,CD8_T,control,5
1869,B,control,5
1870,junk_debris,control,5
1871,junk_dead,control,5
1872,Neutrophil,control,5
1873,junk_doublet,control,5
1874,CD4_T,control,5
1875,junk_dead,control,5
1876,junk_debris,control,5
1877,junk_doublet,control,5
1878,Myeloid,control,5
1879,junk_doublet,control,5
1880,junk_doublet,control,5
1881,junk_doublet,control,5
1882,Myeloid,control,5
1883,B,control,5
1884,junk_dead,control,5
1885,junk_debris,control,5
1886,junk_doublet,control,5
1887,junk_debris,control,5
1888,junk_dead,control,5
1889,junk_noise,control,5
1890,junk_debris,control,5
1891,CD4_T,control,5
1892,junk_debris,control,5
1893,junk_dead,control,5
1894,CD4_T,control,5
1895,junk_debris,control,5
1896,junk_debris,control,5
1897,junk_debris,control,5
1898,junk_dead,control,5
1899,junk_noise,control,5
1900,B,control,5
1901,junk_doublet,control,5
1902,junk_dead,control,5
1903,junk_doublet,control,5
1904,junk_debris,control,5
1905,NK,control,5
1906,junk_doublet,control,5
1907,junk_debris,control,5
1908,junk_noise,control,5
1909,junk_doublet,control,5
1910,junk_dead,control,5
1911,junk_noise,control,5
1912,junk_debris,control,5
1913,junk_doublet,control,5
1914,junk_noise,control,5
1915,junk_noise,control,5
1916,junk_debris,control,5
1917,junk_debris,control,5
1918,Neutrophil,control,5
1919,junk_dead,control,5
1920,junk_dead,control,5
1921,junk_debris,control,5
1922,junk_noise,control,5
1923,junk_dead,control,5
1924,junk_noise,control,5
1925,junk_dead,control,5
1926,CD4_T,control,5
1927,junk_doublet,control,5
1928,B,control,5
1929,junk_doublet,control,5
1930,CD8_T,control,5
1931,junk_dead,control,5
1932,CD8_T,control,5
1933,junk_debris,control,5
1934,junk_debris,control,5
1935,Myeloid,control,5
1936,junk_debris,control,5
1937,CD8_T,control,5
1938,CD8_T,control,5
1939,junk_debris,control,5
1940,junk_debris,control,5
1941,CD8_T,control,5
1942,junk_noise,control,5
1943,junk_noise,control,5
1944,junk_debris,control,5
1945,junk_debris,control,5
1946,CD4_T,control,5
1947,junk_noise,control,5
1948,CD4_T,control,5
1949,junk_debris,control,5
1950,junk_dead,control,5
1951,junk_dead,control,5
1952,junk_debris,control,5
1953,B,control,5
1954,Myeloid,control,5
1955,junk_debris,control,5
1956,junk_dead,control,5
1957,junk_noise,control,5
1958,DC,control,5
1959,junk_doublet,control,5
1960,junk_dead,control,5
1961,junk_noise,control,5
1962,junk_doublet,control,5
1963,junk_debris,control,5
1964,junk_debris,control,5
1965,DC,control,5
1966,junk_debris,control,5
1967,B,control,5
1968,junk_debris,control,5
1969,CD8_T,control,5
1970,junk_debris,control,5
1971,Myeloid,control,5
1972,junk_dead,control,5
1973,junk_debris,control,5
1974,junk_doublet,control,5
1975,junk_doublet,control,5
1976,junk_noise,control,5
1977,B,control,5
1978,junk_doublet,control,5
1979,CD4_T,control,5
1980,junk_dead,control,5
1981,Myeloid,control,5
1982,B,control,5
1983,junk_noise,control,5
1984,junk_debris,control,5
1985,Myeloid,control,5
1986,junk_noise,control,5
1987,junk_debris,control,5
1988,CD4_T,control,5
1989,junk_noise,control,5
1990,CD8_T,control,5
1991,junk_debris,control,5
1992,B,control,5
1993,junk_noise,control,5
1994,Neutrophil,control,5
1995,junk_doublet,control,5
1996,junk_doublet,control,5
1997,junk_noise,control,5
1998,junk_dead,control,5
1999,junk_debris,control,5
2000,Neutrophil,control,5
2001,junk_doublet,control,5
2002,CD4_T,control,5
2003,junk_noise,control,5
2004,junk_debris,control,5
2005,junk_doublet,control,5
2006,junk_noise,control,5
2007,junk_debris,control,5
2008,junk_noise,control,5
2009,junk_dead,control,5
2010,junk_doublet,control,5
2011,junk_debris,control,5
2012,B,control,5
2013,junk_debris,control,5
2014,junk_dead,control,5
2015,Neutrophil,control,5
2016,junk_noise,control,5
2017,junk_debris,control,5
2018,junk_doublet,control,5
2019,junk_noise,control,5
2020,junk_dead,control,5
2021,B,control,5
2022,CD4_T,control,5
2023,junk_noise,control,5
2024,junk_debris,control,5
2025,junk_doublet,control,5
2026,CD8_T,control,5
2027,junk_debris,control,5
2028,junk_doublet,control,5
2029,junk_debris,control,5
2030,junk_dead,control,5
2031,B,control,5
2032,junk_debris,control,5
2033,junk_dead,control,5
2034,B,control,5
2035,junk_debris,control,5
2036,junk_debris,control,5
2037,junk_debris,control,5
2038,Myeloid,control,5
2039,junk_debris,control,5
2040,junk_debris,control,5
2041,Neutrophil,control,5
2042,NK,control,5
2043,junk_doublet,control,5
2044,junk_doublet,control,5
2045,NK,control,5
2046,junk_debris,control,5
2047,junk_dead,control,5
2048,NK,control,5
2049,junk_debris,control,5
2050,junk_debris,control,5
2051,junk_dead,control,5
2052,junk_doublet,control,5
2053,Neutrophil,control,5
2054,junk_dead,control,5
2055,CD4_T,control,5
2056,Neutrophil,control,5
2057,Myeloid,control,5
2058,junk_dead,control,5
2059,junk_debris,control,5
2060,junk_debris,control,5
2061,junk_noise,control,5
2062,junk_dead,control,5
2063,junk_debris,control,5
2064,junk_debris,control,5
2065,junk_debris,control,5
2066,CD4_T,control,5
2067,junk_debris,control,5
2068,junk_doublet,control,5
2069,CD4_T,control,5
2070,CD8_T,control,5
2071,junk_doublet,control,5
2072,junk_debris,control,5
2073,junk_debris,control,5
2074,junk_debris,control,5
2075,junk_doublet,control,5
2076,B,control,5
2077,CD8_T,control,5
2078,junk_doublet,control,5
2079,junk_debris,control,5
2080,B,control,5
2081,junk_doublet,control,5
2082,junk_dead,control,5
2083,junk_debris,control,5
2084,junk_dead,control,5
2085,junk_dead,control,5
2086,junk_debris,control,5
2087,B,control,5
2088,junk_debris,control,5
2089,DC,control,5
2090,Myeloid,control,5
2091,junk_debris,control,5
2092,junk_debris,control,5
2093,junk_debris,control,5
2094,junk_doublet,control,5
2095,junk_dead,control,5
2096,Myeloid,control,5
2097,junk_doublet,control,5
2098,junk_debris,control,5
2099,junk_noise,control,5
2100,CD8_T,control,5
2101,junk_debris,control,5
2102,junk_debris,control,5
2103,junk_debris,control,5
2104,junk_debris,control,5
2105,CD8_T,control,5
2106,junk_debris,control,5
2107,CD8_T,control,5
2108,junk_noise,control,5
2109,junk_noise,control,5
2110,junk_doublet,control,5
2111,Neutrophil,control,5
2112,junk_debris,control,5
2113,junk_dead,control,5
2114,junk_doublet,control,5
2115,junk_dead,control,5
2116,junk_noise,control,5
2117,junk_debris,control,5
2118,junk_debris,control,5
2119,junk_doublet,control,5
2120,junk_dead,control,5
2121,junk_debris,control,5
2122,B,control,5
2123,B,control,5
2124,junk_noise,control,5
2125,junk_debris,control,5
2126,B,control,5
2127,CD4_T,control,5
2128,junk_doublet,control,5
2129,junk_dead,control,5
2130,Neutrophil,control,5
2131,junk_dead,control,5
2132,junk_debris,control,5
2133,Neutrophil,control,5
2134,CD4_T,control,5
2135,junk_dead,control,5
2136,DC,control,5
2137,CD8_T,control,5
2138,junk_noise,control,5
2139,junk_noise,control,5
2140,junk_dead,control,5
2141,junk_doublet,control,5
2142,junk_noise,control,5
2143,B,control,5
2144,junk_noise,control,5
2145,B,control,5
2146,junk_debris,control,5
2147,CD8_T,control,5
2148,junk_doublet,control,5
2149,junk_dead,control,5
2150,B,control,5
2151,CD8_T,control,5
2152,B,control,5
2153,junk_debris,control,5
2154,junk_doublet,control,5
2155,junk_debris,control,5
2156,junk_dead,control,5
2157,Myeloid,control,5
2158,junk_doublet,control,5
2159,CD4_T,control,5
2160,junk_debris,control,5
2161,junk_debris,control,5
2162,junk_debris,control,5
2163,junk_doublet,control,5
2164,junk_dead,control,5
2165,junk_debris,control,5
2166,junk_doublet,control,5
2167,junk_dead,control,5
2168,junk_doublet,control,5
2169,junk_doublet,control,5
2170,junk_dead,control,5
2171,junk_debris,control,5
2172,junk_noise,control,5
2173,junk_doublet,control,5
2174,junk_dead,control,5
2175,junk_dead,control,5
2176,CD4_T,control,5
2177,junk_debris,control,5
2178,DC,control,5
2179,Myeloid,control,5
2180,junk_doublet,control,5
2181,CD4_T,control,5
2182,junk_debris,control,5
2183,B,control,5
2184,B,control,5
2185,B,control,5
2186,B,control,5
2187,Myeloid,control,5
2188,B,control,5
2189,junk_doublet,control,5
2190,junk_dead,control,5
2191,junk_dead,control,5
2192,junk_noise,control,5
2193,junk_doublet,control,5
2194,B,control,5
2195,junk_dead,control,5
2196,NK,control,5
2197,junk_dead,control,5
2198,junk_debris,control,5
2199,Neutrophil,control,5
2200,CD8_T,control,5
2201,B,control,5
2202,junk_debris,control,5
2203,junk_debris,control,5
2204,junk_debris,control,5
2205,junk_noise,control,5
2206,CD8_T,control,5
2207,junk_debris,control,5
2208,DC,control,5
2209,junk_noise,control,5
2210,junk_doublet,control,5
2211,junk_noise,control,5
2212,B,control,5
2213,Neutrophil,control,5
2214,junk_debris,control,5
2215,junk_doublet,control,5
2216,junk_debris,control,5
2217,junk_noise,control,5
2218,junk_doublet,control,5
2219,B,control,5
2220,CD4_T,control,5
2221,Neutrophil,control,5
2222,junk_noise,control,5
2223,junk_doublet,control,5
2224,junk_debris,control,5
2225,junk_doublet,control,5
2226,junk_doublet,control,5
2227,junk_doublet,control,5
2228,junk_dead,control,5
2229,junk_doublet,control,5
2230,CD4_T,control,5
2231,junk_noise,control,5
2232,CD8_T,control,5
2233,Neutrophil,control,5
2234,junk_dead,control,5
2235,junk_debris,control,5
2236,CD4_T,control,5
2237,junk_dead,control,5
2238,Myeloid,control,5
2239,junk_doublet,control,5
2240,junk_debris,control,5
2241,junk_dead,control,5
2242,junk_noise,control,5
2243,junk_dead,control,5
2244,junk_dead,control,5
2245,junk_debris,control,5
2246,junk_noise,control,5
2247,junk_debris,control,5
2248,junk_debris,control,5
2249,junk_dead,control,5
2250,B,control,5
2251,B,control,5
2252,CD4_T,control,5
2253,junk_noise,control,5
2254,B,control,5
2255,junk_doublet,control,5
2256,junk_debris,control,5
2257,junk_dead,control,5
2258,CD8_T,control,5
2259,junk_dead,control,5
2260,junk_noise,control,5
2261,junk_noise,control,5
2262,junk_debris,control,5
2263,NK,control,5
2264,Neutrophil,control,5
2265,B,control,5
2266,junk_doublet,control,5
2267,junk_debris,control,5
2268,junk_doublet,control,5
2269,junk_debris,control,5
2270,junk_debris,control,5
2271,junk_debris,control,5
2272,junk_dead,control,5
2273,junk_doublet,control,5
2274,junk_noise,control,5
2275,junk_doublet,control,5
2276,CD4_T,control,5
2277,junk_doublet,control,5
2278,junk_dead,control,5
2279,junk_noise,control,5
2280,junk_doublet,control,5
2281,Myeloid,control,5
2282,CD8_T,control,5
2283,junk_debris,control,5
2284,junk_debris,control,5
2285,junk_dead,control,5
2286,junk_doublet,control,5
2287,junk_debris,control,5
2288,junk_noise,control,5
2289,CD4_T,control,5
2290,junk_dead,control,5
2291,junk_dead,control,5
2292,Neutrophil,control,5
2293,junk_dead,control,5
2294,CD4_T,control,5
2295,B,control,5
2296,junk_debris,control,5
2297,junk_doublet,control,5
2298,CD4_T,control,5
2299,CD4_T,control,5
2300,junk_debris,control,5
2301,junk_debris,control,5
2302,junk_doublet,control,5
2303,junk_noise,control,5
2304,NK,control,5
2305,junk_debris,control,5
2306,B,control,5
2307,junk_doublet,control,5
2308,CD4_T,control,5
2309,junk_debris,control,5
2310,CD4_T,control,5
2311,junk_debris,control,5
2312,junk_debris,control,5
2313,B,control,5
2314,B,control,5
2315,junk_doublet,control,5
2316,junk_doublet,control,5
2317,junk_dead,control,5
2318,B,control,5
2319,NK,control,5
2320,CD4_T,control,5
2321,junk_debris,control,5
2322,junk_debris,control,5
2323,CD4_T,control,5
2324,CD4_T,control,5
2325,NK,control,5
2326,CD4_T,control,5
2327,CD4_T,control,5
2328,junk_dead,control,5
2329,Myeloid,control,5
2330,B,control,5
2331,junk_doublet,control,5
2332,B,control,5
2333,junk_doublet,control,5
2334,Myeloid,control,5
2335,junk_dead,control,5
2336,junk_debris,control,5
2337,junk_debris,control,5
2338,junk_doublet,control,5
2339,junk_debris,control,5
2340,junk_debris,control,5
2341,CD4_T,control,5
2342,junk_doublet,control,5
2343,Myeloid,control,5
2344,junk_noise,control,5
2345,junk_dead,control,5
2346,B,control,5
2347,B,control,5
2348,DC,control,5
2349,junk_doublet,control,5
2350,B,control,5
2351,junk_noise,control,5
2352,CD8_T,control,5
2353,CD4_T,control,5
2354,CD4_T,control,5
2355,junk_doublet,control,5
2356,junk_doublet,control,5
2357,DC,control,5
2358,Neutrophil,control,5
2359,junk_doublet,control,5
2360,Myeloid,control,5
2361,junk_dead,control,5
2362,junk_debris,control,5
2363,junk_debris,control,5
2364,junk_doublet,control,5
2365,B,control,5
2366,junk_noise,control,5
2367,NK,control,5
2368,B,control,5
2369,junk_dead,control,5
2370,Neutrophil,control,5
2371,junk_debris,control,5
2372,junk_debris,control,5
2373,junk_debris,control,5
2374,Neutrophil,control,5
2375,Myeloid,control,5
2376,junk_debris,control,5
2377,junk_doublet,control,5
2378,Myeloid,control,5
2379,junk_debris,control,5
2380,B,control,5
2381,junk_dead,control,5
2382,junk_noise,control,5
2383,CD4_T,control,5
2384,junk_dead,control,5
2385,junk_debris,control,5
2386,junk_dead,control,5
2387,junk_debris,control,5
2388,junk_noise,control,5
2389,CD4_T,control,5
2390,junk_noise,control,5
2391,junk_dead,control,5
2392,junk_dead,control,5
2393,junk_doublet,control,5
2394,junk_dead,control,5
2395,junk_doublet,control,5
2396,junk_doublet,control,5
2397,junk_debris,control,5
2398,junk_debris,control,5
2399,junk_dead,control,5
2400,Neutrophil,control,5
2401,Myeloid,control,5
2402,junk_dead,control,5
2403,Neutrophil,control,5
2404,junk_noise,control,5
2405,CD8_T,control,5
2406,junk_debris,control,5
2407,junk_dead,control,5
2408,junk_debris,control,5
2409,junk_doublet,control,5
2410,junk_doublet,control,5
2411,junk_dead,control,5
2412,CD8_T,control,5
2413,junk_debris,control,5
2414,junk_debris,control,5
2415,B,control,5
2416,B,control,5
2417,B,control,5
2418,junk_dead,control,5
2419,NK,control,5
2420,junk_doublet,control,5
2421,Neutrophil,control,5
2422,junk_debris,control,5
2423,B,control,5
2424,junk_noise,control,5
2425,DC,control,5
2426,B,control,5
2427,junk_debris,control,5
2428,junk_debris,control,5
2429,junk_noise,control,5
2430,CD4_T,control,5
2431,DC,control,5
2432,Neutrophil,control,5
2433,B,control,5
2434,junk_doublet,control,5
2435,junk_debris,control,5
2436,junk_dead,control,5
2437,junk_dead,control,5
2438,junk_doublet,control,5
2439,junk_debris,control,5
2440,Neutrophil,control,5
2441,junk_debris,control,5
2442,Neutrophil,control,5
2443,junk_debris,control,5
2444,junk_doublet,control,5
2445,Neutrophil,control,5
2446,junk_debris,control,5
2447,CD8_T,control,5
2448,junk_dead,control,5
2449,Myeloid,control,5
2450,B,control,5
2451,B,control,5
2452,CD8_T,control,5
2453,junk_debris,control,5
2454,junk_debris,control,5
2455,junk_doublet,control,5
2456,junk_debris,control,5
2457,B,control,5
2458,junk_debris,control,5
2459,junk_noise,control,5
2460,CD4_T,control,5
2461,junk_noise,control,5
2462,junk_debris,control,5
2463,Myeloid,control,5
2464,junk_dead,control,5
2465,junk_doublet,control,5
2466,B,control,5
2467,junk_debris,control,5
2468,junk_doublet,control,5
2469,B,control,5
2470,junk_noise,control,5
2471,Myeloid,control,5
2472,junk_debris,control,5
2473,CD8_T,control,5
2474,Myeloid,control,5
2475,junk_debris,control,5
2476,Neutrophil,control,5
2477,Neutrophil,control,5
2478,DC,control,5
2479,junk_debris,control,5
2480,junk_dead,control,5
2481,Neutrophil,control,5
2482,junk_doublet,control,5
2483,junk_noise,control,5
2484,junk_debris,control,5
2485,junk_noise,control,5
2486,junk_dead,control,5
2487,junk_debris,control,5
2488,junk_dead,control,5
2489,NK,control,5
2490,junk_dead,control,5
2491,junk_doublet,control,5
2492,junk_noise,control,5
2493,Neutrophil,control,5
2494,junk_doublet,control,5
2495,junk_debris,control,5
2496,junk_dead,control,5
2497,junk_noise,control,5
2498,junk_debris,control,5
2499,junk_doublet,control,5
2500,B,control,5
2501,junk_debris,control,5
2502,Neutrophil,control,5
2503,CD4_T,control,5
2504,junk_dead,control,5
2505,junk_debris,control,5
2506,B,control,5
2507,junk_noise,control,5
2508,junk_doublet,control,5
2509,B,control,5
2510,junk_doublet,control,5
2511,Neutrophil,control,5
2512,junk_doublet,control,5
2513,junk_dead,control,5
2514,junk_debris,control,5
2515,junk_dead,control,5
2516,junk_dead,control,5
2517,junk_debris,control,5
2518,junk_noise,control,5
2519,junk_doublet,control,5
2520,junk_dead,control,5
2521,junk_noise,control,5
2522,junk_noise,control,5
2523,junk_debris,control,5
2524,CD8_T,control,5
2525,Myeloid,control,5
2526,junk_noise,control,5
2527,Neutrophil,control,5
2528,junk_doublet,control,5
2529,B,control,5
2530,Myeloid,control,5
2531,junk_noise,control,5
2532,junk_dead,control,5
2533,B,control,5
2534,junk_doublet,control,5
2535,Neutrophil,control,5
2536,junk_dead,control,5
2537,B,control,5
2538,B,control,5
2539,CD4_T,control,5
2540,Myeloid,control,5
2541,CD8_T,control,5
2542,junk_debris,control,5
2543,junk_debris,control,5
2544,junk_debris,control,5
2545,Neutrophil,control,5
2546,CD4_T,control,5
2547,junk_doublet,control,5
2548,CD4_T,control,5
2549,junk_doublet,control,5
2550,junk_doublet,control,5
2551,CD4_T,control,5
2552,junk_debris,control,5
2553,junk_debris,control,5
2554,junk_dead,control,5
2555,junk_doublet,control,5
2556,Myeloid,control,5
2557,junk_doublet,control,5
2558,junk_doublet,control,5
2559,junk_debris,control,5
2560,junk_dead,control,5
2561,Myeloid,control,5
2562,junk_dead,control,5
2563,junk_debris,control,5
2564,Neutrophil,control,5
2565,junk_debris,control,5
2566,junk_doublet,control,5
2567,junk_dead,control,5
2568,junk_debris,control,5
2569,junk_debris,control,5
2570,junk_doublet,control,5
2571,junk_noise,control,5
2572,CD8_T,control,5
2573,Neutrophil,control,5
2574,junk_debris,control,5
2575,junk_doublet,control,5
2576,DC,control,5
2577,junk_dead,control,5
2578,junk_debris,control,5
2579,Neutrophil,control,5
2580,Neutrophil,control,5
2581,Myeloid,control,5
2582,Myeloid,control,5
2583,junk_noise,control,5
2584,junk_debris,control,5
2585,junk_doublet,control,5
2586,junk_dead,control,5
2587,Myeloid,control,5
2588,B,control,5
2589,junk_doublet,control,5
2590,junk_debris,control,5
2591,junk_doublet,control,5
2592,CD8_T,control,5
2593,junk_debris,control,5
2594,junk_debris,control,5
2595,CD4_T,control,5
2596,junk_noise,control,5
2597,junk_debris,control,5
2598,junk_dead,control,5
2599,Neutrophil,control,5
2600,junk_debris,control,5
2601,B,control,5
2602,junk_noise,control,5
2603,junk_debris,control,5
2604,junk_doublet,control,5
2605,junk_doublet,control,5
2606,junk_dead,control,5
2607,Neutrophil,control,5
2608,junk_doublet,control,5
2609,B,control,5
2610,junk_noise,control,5
2611,CD4_T,control,5
2612,CD4_T,control,5
2613,B,control,5
2614,junk_doublet,control,5
2615,junk_noise,control,5
2616,junk_debris,control,5
2617,B,control,5
2618,junk_dead,control,5
2619,junk_dead,control,5
2620,junk_doublet,control,5
2621,Myeloid,control,5
2622,junk_debris,control,5
2623,junk_debris,control,5
2624,junk_noise,control,5
2625,CD4_T,control,5
2626,junk_debris,control,5
2627,junk_doublet,control,5
2628,junk_debris,control,5
2629,junk_dead,control,5
2630,junk_dead,control,5
2631,junk_doublet,control,5
2632,junk_debris,control,5
2633,junk_debris,control,5
2634,junk_debris,control,5
2635,junk_dead,control,5
2636,junk_noise,control,5
2637,junk_noise,control,5
2638,junk_debris,control,5
2639,CD4_T,control,5
2640,junk_noise,control,5
2641,CD4_T,control,5
2642,junk_noise,control,5
2643,junk_dead,control,5
2644,junk_doublet,control,5
2645,junk_doublet,control,5
2646,junk_noise,control,5
2647,B,control,5
2648,junk_dead,control,5
2649,junk_dead,control,5
2650,junk_doublet,control,5
2651,junk_debris,control,5
2652,junk_dead,control,5
2653,Myeloid,control,5
2654,CD8_T,control,5
2655,junk_debris,control,5
2656,Neutrophil,control,5
2657,B,control,5
2658,junk_debris,control,5
2659,junk_dead,control,5
2660,junk_dead,control,5
2661,junk_debris,control,5
2662,junk_dead,control,5
2663,junk_debris,control,5
2664,B,control,5
2665,junk_debris,control,5
2666,Neutrophil,control,5
2667,Myeloid,control,5
2668,NK,control,5
2669,NK,control,5
2670,junk_noise,control,5
2671,CD4_T,control,5
2672,junk_debris,control,5
2673,junk_debris,control,5
2674,junk_debris,control,5
2675,junk_debris,control,5
2676,Neutrophil,control,5
2677,junk_dead,control,5
2678,Myeloid,control,5
2679,junk_debris,control,5
2680,junk_doublet,control,5
2681,Myeloid,control,5
2682,Neutrophil,control,5
2683,B,control,5
2684,junk_debris,control,5
2685,junk_debris,control,5
2686,B,control,5
2687,junk_noise,control,5
2688,junk_noise,control,5
2689,junk_doublet,control,5
2690,junk_noise,control,5
2691,CD4_T,control,5
2692,junk_dead,control,5
2693,junk_debris,control,5
2694,junk_debris,control,5
2695,CD8_T,control,5
2696,junk_debris,control,5
2697,CD4_T,control,5
2698,junk_doublet,control,5
2699,junk_noise,control,5
2700,junk_debris,control,5
2701,junk_debris,control,5
2702,CD8_T,control,5
2703,CD4_T,control,5
2704,Myeloid,control,5
2705,junk_doublet,control,5
2706,junk_dead,control,5
2707,junk_debris,control,5
2708,junk_debris,control,5
2709,junk_debris,control,5
2710,junk_debris,control,5
2711,junk_doublet,control,5
2712,B,control,5
2713,junk_debris,control,5
2714,junk_dead,control,5
2715,DC,control,5
2716,junk_dead,control,5
2717,Neutrophil,control,5
2718,junk_debris,control,5
2719,Neutrophil,control,5
2720,junk_noise,control,5
2721,junk_debris,control,5
2722,B,control,5
2723,B,control,5
2724,junk_noise,control,5
2725,Myeloid,control,5
2726,junk_doublet,control,5
2727,junk_debris,control,5
2728,junk_dead,control,5
2729,B,control,5
2730,Neutrophil,control,5
2731,junk_dead,control,5
2732,junk_dead,control,5
2733,Myeloid,control,5
2734,Neutrophil,control,5
2735,Myeloid,control,5
2736,junk_doublet,control,5
2737,junk_dead,control,5
2738,Myeloid,control,5
2739,junk_dead,control,5
2740,junk_debris,control,5
2741,NK,control,5
2742,junk_debris,control,5
2743,junk_doublet,control,5
2744,junk_doublet,control,5
2745,junk_debris,control,5
2746,junk_debris,control,5
2747,junk_debris,control,5
2748,B,control,5
2749,junk_dead,control,5
2750,junk_doublet,control,5
2751,Neutrophil,control,5
2752,junk_doublet,control,5
2753,Myeloid,control,5
2754,Myeloid,control,5
2755,junk_doublet,control,5
2756,junk_doublet,control,5
2757,Myeloid,control,5
2758,junk_debris,control,5
2759,Neutrophil,control,5
2760,junk_dead,control,5
2761,junk_doublet,control,5
2762,junk_noise,control,5
2763,junk_doublet,control,5
2764,CD4_T,control,5
2765,junk_debris,control,5
2766,junk_doublet,control,5
2767,junk_dead,control,5
2768,junk_doublet,control,5
2769,junk_debris,control,5
2770,B,control,5
2771,NK,control,5
2772,Neutrophil,control,5
2773,junk_doublet,control,5
2774,junk_doublet,control,5
2775,junk_doublet,control,5
2776,junk_noise,control,5
2777,junk_debris,control,5
2778,B,control,5
2779,junk_dead,control,5
2780,junk_dead,control,5
2781,junk_debris,control,5
2782,junk_dead,control,5
2783,junk_noise,control,5
2784,junk_noise,control,5
2785,junk_doublet,control,5
2786,Neutrophil,control,5
2787,junk_doublet,control,5
2788,junk_doublet,control,5
2789,B,control,5
2790,junk_noise,control,5
2791,CD8_T,control,5
2792,junk_debris,control,5
2793,B,control,5
2794,junk_debris,control,5
2795,junk_doublet,control,5
2796,junk_noise,control,5
2797,CD4_T,control,5
2798,junk_dead,control,5
2799,junk_noise,control,5
2800,junk_dead,control,5
2801,junk_dead,control,5
2802,junk_doublet,control,5
2803,junk_doublet,control,5
2804,junk_doublet,control,5
2805,Neutrophil,control,5
2806,B,control,5
2807,junk_dead,control,5
2808,junk_debris,control,5
2809,junk_dead,control,5
2810,junk_noise,control,5
2811,junk_dead,control,5
2812,junk_doublet,control,5
2813,junk_debris,control,5
2814,Myeloid,control,5
2815,CD4_T,control,5
2816,CD4_T,control,5
2817,junk_debris,control,5
2818,CD4_T,control,5
2819,B,control,5
2820,junk_noise,control,5
2821,junk_debris,control,5
2822,CD4_T,control,5
2823,junk_debris,control,5
2824,junk_noise,control,5
2825,junk_dead,control,5
2826,junk_debris,control,5
2827,junk_debris,control,5
2828,junk_dead,control,5
2829,CD8_T,control,5
2830,B,control,5
2831,B,control,5
2832,DC,control,5
2833,junk_doublet,control,5
2834,junk_doublet,control,5
2835,CD8_T,control,5
2836,B,control,5
2837,junk_doublet,control,5
2838,CD4_T,control,5
2839,Neutrophil,control,5
2840,junk_debris,control,5
2841,junk_doublet,control,5
2842,CD4_T,control,5
2843,CD4_T,control,5
2844,junk_doublet,control,5
2845,junk_debris,control,5
2846,junk_doublet,control,5
2847,junk_debris,control,5
2848,junk_doublet,control,5
2849,junk_debris,control,5
2850,B,control,5
2851,B,control,5
2852,Neutrophil,control,5
2853,Neutrophil,control,5
2854,junk_debris,control,5
2855,B,control,5
2856,junk_doublet,control,5
2857,junk_debris,control,5
2858,junk_debris,control,5
2859,CD4_T,control,5
2860,B,control,5
2861,Neutrophil,control,5
2862,junk_dead,control,5
2863,junk_dead,control,5
2864,junk_noise,control,5
2865,B,control,5
2866,junk_debris,control,5
2867,junk_doublet,control,5
2868,junk_debris,control,5
2869,junk_debris,control,5
2870,NK,control,5
2871,junk_noise,control,5
2872,junk_noise,control,5
2873,junk_noise,control,5
2874,junk_debris,control,5
2875,junk_dead,control,5
2876,junk_debris,control,5
2877,junk_noise,control,5
2878,junk_dead,control,5
2879,junk_doublet,control,5
2880,B,control,5
2881,junk_doublet,control,5
2882,junk_debris,control,5
2883,junk_noise,control,5
2884,Myeloid,control,5
2885,junk_doublet,control,5
2886,CD4_T,control,5
2887,junk_noise,control,5
2888,junk_noise,control,5
2889,junk_doublet,control,5
2890,junk_debris,control,5
2891,junk_debris,control,5
2892,Myeloid,control,5
2893,junk_noise,control,5
2894,junk_dead,control,5
2895,B,control,5
2896,junk_debris,control,5
2897,CD8_T,control,5
2898,junk_debris,control,5
2899,CD4_T,control,5
2900,Neutrophil,control,5
2901,junk_dead,control,5
2902,junk_noise,control,5
2903,Myeloid,control,5
2904,junk_dead,control,5
2905,CD4_T,control,5
2906,CD4_T,control,5
2907,Myeloid,control,5
2908,Myeloid,control,5
2909,junk_debris,control,5
2910,CD4_T,control,5
2911,junk_doublet,control,5
2912,B,control,5
2913,junk_doublet,control,5
2914,B,control,5
2915,Neutrophil,control,5
2916,junk_dead,control,5
2917,junk_doublet,control,5
2918,junk_debris,control,5
2919,NK,control,5
2920,B,control,5
2921,junk_debris,control,5
2922,Myeloid,control,5
2923,junk_debris,control,5
2924,junk_dead,control,5
2925,CD4_T,control,5
2926,junk_dead,control,5
2927,junk_debris,control,5
2928,junk_debris,control,5
2929,junk_doublet,control,5
2930,junk_debris,control,5
2931,CD8_T,control,5
2932,Myeloid,control,5
2933,junk_dead,control,5
2934,B,control,5
2935,junk_doublet,control,5
2936,junk_debris,control,5
2937,B,control,5
2938,junk_dead,control,5
2939,NK,control,5
2940,Myeloid,control,5
2941,Neutrophil,control,5
2942,junk_debris,control,5
2943,junk_debris,control,5
2944,Myeloid,control,5
2945,junk_debris,control,5
2946,Neutrophil,control,5
2947,junk_debris,control,5
2948,Myeloid,control,5
2949,Neutrophil,control,5
2950,junk_debris,control,5
2951,junk_debris,control,5
2952,junk_dead,control,5
2953,junk_noise,control,5
2954,B,control,5
2955,junk_noise,control,5
2956,CD8_T,control,5
2957,Myeloid,control,5
2958,junk_dead,control,5
2959,junk_dead,control,5
2960,junk_debris,control,5
2961,junk_noise,control,5
2962,Neutrophil,control,5
2963,junk_debris,control,5
2964,junk_debris,control,5
2965,junk_dead,control,5
2966,junk_dead,control,5
2967,CD4_T,control,5
2968,junk_dead,control,5
2969,junk_debris,control,5
2970,junk_doublet,control,5
2971,junk_debris,control,5
2972,junk_noise,control,5
2973,junk_doublet,control,5
2974,junk_dead,control,5
2975,B,control,5
2976,junk_debris,control,5
2977,junk_noise,control,5
2978,Myeloid,control,5
2979,junk_debris,control,5
2980,B,control,5
2981,junk_debris,control,5
2982,CD8_T,control,5
2983,junk_doublet,control,5
2984,junk_dead,control,5
2985,junk_dead,control,5
2986,B,control,5
2987,CD8_T,control,5
2988,junk_dead,control,5
2989,junk_doublet,control,5
2990,Neutrophil,control,5
2991,Myeloid,control,5
2992,junk_dead,control,5
2993,junk_debris,control,5
2994,junk_debris,control,5
2995,junk_debris,control,5
2996,junk_dead,control,5
2997,Neutrophil,control,5
2998,junk_debris,control,5
2999,junk_dead,control,5
3000,junk_debris,control,5
3001,Neutrophil,control,5
3002,junk_dead,control,5
3003,junk_debris,control,5
3004,junk_debris,control,5
3005,B,control,5
3006,CD4_T,control,5
3007,junk_dead,control,5
3008,Myeloid,control,5
3009,Neutrophil,control,5
3010,B,control,5
3011,CD4_T,control,5
3012,junk_doublet,control,5
3013,CD8_T,control,5
3014,junk_noise,control,5
3015,Myeloid,control,5
3016,CD4_T,control,5
3017,Neutrophil,control,5
3018,CD8_T,control,5
3019,B,control,5
3020,Myeloid,control,5
3021,junk_dead,control,5
3022,junk_doublet,control,5
3023,junk_doublet,control,5
3024,junk_debris,control,5
3025,junk_debris,control,5
3026,junk_noise,control,5
3027,CD8_T,control,5
3028,CD4_T,control,5
3029,junk_debris,control,5
3030,CD4_T,control,5
3031,junk_dead,control,5
3032,junk_debris,control,5
3033,NK,control,5
3034,junk_noise,control,5
3035,junk_debris,control,5
3036,junk_debris,control,5
3037,junk_noise,control,5
3038,Myeloid,control,5
3039,junk_dead,control,5
3040,B,control,5
3041,CD4_T,control,5
3042,Neutrophil,control,5
3043,B,control,5
3044,Myeloid,control,5
3045,junk_noise,control,5
3046,Neutrophil,control,5
3047,junk_debris,control,5
3048,B,control,5
3049,junk_dead,control,5
3050,Myeloid,control,5
3051,Neutrophil,control,5
3052,junk_debris,control,5
3053,junk_debris,control,5
3054,Myeloid,control,5
3055,junk_debris,control,5
3056,Neutrophil,control,5
3057,junk_dead,control,5
3058,CD4_T,control,5
3059,B,control,5
3060,junk_debris,control,5
3061,junk_debris,control,5
3062,junk_doublet,control,5
3063,junk_doublet,control,5
3064,junk_dead,control,5
3065,B,control,5
3066,junk_noise,control,5
3067,junk_noise,control,5
3068,B,control,5
3069,junk_noise,control,5
3070,junk_noise,control,5
3071,junk_dead,control,5
3072,junk_noise,control,5
3073,CD8_T,control,5
3074,junk_debris,control,5
3075,junk_dead,control,5
3076,B,control,5
3077,junk_debris,control,5
3078,CD4_T,control,5
3079,junk_noise,control,5
3080,Neutrophil,control,5
3081,Myeloid,control,5
3082,B,control,5
3083,junk_debris,control,5
3084,junk_noise,control,5
3085,junk_dead,control,5
3086,Neutrophil,control,5
3087,CD8_T,control,5
3088,junk_debris,control,5
3089,junk_debris,control,5
3090,junk_noise,control,5
3091,junk_debris,control,5
3092,junk_noise,control,5
3093,Myeloid,control,5
3094,Myeloid,control,5
3095,junk_dead,control,5
3096,junk_dead,control,5
3097,Neutrophil,control,5
3098,B,control,5
3099,Myeloid,control,5
3100,junk_noise,control,5
3101,CD4_T,control,5
3102,Neutrophil,control,5
3103,junk_doublet,control,5
3104,junk_debris,control,5
3105,junk_dead,control,5
3106,B,control,5
3107,junk_noise,control,5
3108,junk_dead,control,5
3109,junk_doublet,control,5
3110,junk_debris,control,5
3111,B,control,5
3112,Myeloid,control,5
3113,B,control,5
3114,junk_debris,control,5
3115,junk_doublet,control,5
3116,CD4_T,control,5
3117,junk_noise,control,5
3118,junk_doublet,control,5
3119,junk_debris,control,5
3120,junk_dead,control,5
3121,junk_doublet,control,5
3122,NK,control,5
3123,junk_debris,control,5
3124,B,control,5
3125,DC,control,5
3126,junk_doublet,control,5
3127,Myeloid,control,5
3128,junk_doublet,control,5
3129,CD8_T,control,5
3130,B,control,5
3131,B,control,5
3132,CD4_T,control,5
3133,NK,control,5
3134,CD8_T,control,5
3135,junk_doublet,control,5
3136,CD8_T,control,5
3137,NK,control,5
3138,Myeloid,control,5
3139,CD8_T,control,5
3140,junk_debris,control,5
3141,junk_doublet,control,5
3142,junk_debris,control,5
3143,junk_doublet,control,5
3144,CD4_T,control,5
3145,B,control,5
3146,junk_doublet,control,5
3147,junk_debris,control,5
3148,junk_debris,control,5
3149,junk_dead,control,5
3150,Neutrophil,control,5
3151,junk_debris,control,5
3152,junk_debris,control,5
3153,junk_debris,control,5
3154,junk_debris,control,5
3155,junk_doublet,control,5
3156,B,control,5
3157,junk_noise,control,5
3158,junk_debris,control,5
3159,junk_dead,control,5
3160,junk_dead,control,5
3161,junk_dead,control,5
3162,junk_doublet,control,5
3163,junk_dead,control,5
3164,junk_noise,control,5
3165,junk_dead,control,5
3166,junk_doublet,control,5
3167,junk_debris,control,5
3168,junk_doublet,control,5
3169,junk_dead,control,5
3170,CD4_T,control,5
3171,junk_dead,control,5
3172,junk_debris,control,5
3173,junk_doublet,control,5
3174,junk_dead,control,5
3175,B,control,5
3176,B,control,5
3177,junk_debris,control,5
3178,junk_noise,control,5
3179,junk_debris,control,5
3180,junk_debris,control,5
3181,junk_debris,control,5
3182,B,control,5
3183,junk_debris,control,5
3184,junk_dead,control,5
3185,B,control,5
3186,B,control,5
3187,junk_debris,control,5
3188,junk_noise,control,5
3189,junk_debris,control,5
3190,junk_doublet,control,5
3191,junk_doublet,control,5
3192,junk_debris,control,5
3193,Myeloid,control,5
3194,Myeloid,control,5
3195,junk_dead,control,5
3196,B,control,5
3197,junk_doublet,control,5
3198,junk_debris,control,5
3199,junk_dead,control,5
3200,junk_debris,control,5
3201,junk_doublet,control,5
3202,junk_debris,control,5
3203,Myeloid,control,5
3204,junk_dead,control,5
3205,junk_doublet,control,5
3206,junk_noise,control,5
3207,junk_dead,control,5
3208,CD4_T,control,5
3209,junk_dead,control,5
3210,Myeloid,control,5
3211,junk_dead,control,5
3212,CD4_T,control,5
3213,junk_doublet,control,5
3214,junk_debris,control,5
3215,junk_doublet,control,5
3216,B,control,5
3217,Myeloid,control,5
3218,junk_noise,control,5
3219,junk_debris,control,5
3220,junk_doublet,control,5
3221,junk_doublet,control,5
3222,junk_doublet,control,5
3223,junk_debris,control,5
3224,junk_noise,control,5
3225,junk_debris,control,5
3226,junk_debris,control,5
3227,junk_dead,control,5
3228,junk_doublet,control,5
3229,CD4_T,control,5
3230,Myeloid,control,5
3231,B,control,5
3232,junk_debris,control,5
3233,junk_debris,control,5
3234,B,control,5
3235,junk_debris,control,5
3236,B,control,5
3237,B,control,5
3238,junk_debris,control,5
3239,junk_dead,control,5
3240,CD4_T,control,5
3241,junk_debris,control,5
3242,junk_doublet,control,5
3243,junk_doublet,control,5
3244,junk_dead,control,5
3245,CD4_T,control,5
3246,CD4_T,control,5
3247,CD8_T,control,5
3248,Myeloid,control,5
3249,junk_doublet,control,5
3250,junk_debris,control,5
3251,junk_debris,control,5
3252,junk_debris,control,5
3253,junk_debris,control,5
3254,CD8_T,control,5
3255,Neutrophil,control,5
3256,junk_dead,control,5
3257,junk_noise,control,5
3258,junk_debris,control,5
3259,junk_doublet,control,5
3260,junk_noise,control,5
3261,B,control,5
3262,junk_debris,control,5
3263,junk_debris,control,5
3264,junk_doublet,control,5
3265,junk_dead,control,5
3266,junk_doublet,control,5
3267,junk_dead,control,5
3268,junk_debris,control,5
3269,Neutrophil,control,5
3270,junk_dead,control,5
3271,junk_doublet,control,5
3272,Myeloid,control,5
3273,junk_debris,control,5
3274,B,control,5
3275,junk_debris,control,5
3276,junk_debris,control,5
3277,junk_debris,control,5
3278,junk_debris,control,5
3279,junk_debris,control,5
3280,DC,control,5
3281,Neutrophil,control,5
3282,junk_debris,control,5
3283,junk_noise,control,5
3284,junk_noise,control,5
3285,junk_dead,control,5
3286,junk_dead,control,5
3287,junk_noise,control,5
3288,junk_dead,control,5
3289,NK,control,5
3290,junk_noise,control,5
3291,junk_debris,control,5
3292,junk_doublet,control,5
3293,junk_noise,control,5
3294,junk_dead,control,5
3295,junk_dead,control,5
3296,junk_noise,control,5
3297,Neutrophil,control,5
3298,B,control,5
3299,junk_doublet,control,5
3300,Myeloid,control,5
3301,Myeloid,control,5
3302,B,control,5
3303,junk_noise,control,5
3304,junk_doublet,control,5
3305,junk_debris,control,5
3306,junk_debris,control,5
3307,junk_debris,control,5
3308,junk_dead,control,5
3309,junk_noise,control,5
3310,junk_debris,control,5
3311,B,control,5
3312,CD4_T,control,5
3313,junk_dead,control,5
3314,Neutrophil,control,5
3315,junk_doublet,control,5
3316,junk_doublet,control,5
3317,junk_debris,control,5
3318,junk_doublet,control,5
3319,junk_doublet,control,5
3320,CD8_T,control,5
3321,junk_debris,control,5
3322,junk_noise,control,5
3323,Myeloid,control,5
3324,junk_dead,control,5
3325,junk_debris,control,5
3326,junk_noise,control,5
3327,junk_noise,control,5
3328,junk_doublet,control,5
3329,junk_debris,control,5
3330,junk_doublet,control,5
3331,junk_noise,control,5
3332,junk_debris,control,5
3333,junk_dead,control,5
3334,junk_noise,control,5
3335,junk_debris,control,5
3336,B,control,5
3337,junk_noise,control,5
3338,B,control,5
3339,Myeloid,control,5
3340,junk_debris,control,5
3341,Myeloid,control,5
3342,junk_debris,control,5
3343,junk_dead,control,5
3344,Neutrophil,control,5
3345,junk_debris,control,5
3346,junk_dead,control,5
3347,CD4_T,control,5
3348,junk_noise,control,5
3349,junk_doublet,control,5
3350,junk_debris,control,5
3351,junk_dead,control,5
3352,junk_debris,control,5
3353,junk_noise,control,5
3354,junk_noise,control,5
3355,junk_doublet,control,5
3356,Myeloid,control,5
3357,junk_noise,control,5
3358,junk_noise,control,5
3359,junk_debris,control,5
3360,B,control,5
3361,junk_debris,control,5
3362,junk_debris,control,5
3363,junk_debris,control,5
3364,junk_dead,control,5
3365,Neutrophil,control,5
3366,CD4_T,control,5
3367,B,control,5
3368,junk_doublet,control,5
3369,junk_doublet,control,5
3370,CD4_T,control,5
3371,junk_noise,control,5
3372,junk_debris,control,5
3373,junk_doublet,control,5
3374,junk_dead,control,5
3375,junk_doublet,control,5
3376,junk_doublet,control,5
3377,CD8_T,control,5
3378,junk_doublet,control,5
3379,CD4_T,control,5
3380,junk_doublet,control,5
3381,junk_doublet,control,5
3382,junk_dead,control,5
3383,junk_dead,control,5
3384,junk_dead,control,5
3385,B,control,5
3386,junk_noise,control,5
3387,B,control,5
3388,CD8_T,control,5
3389,junk_debris,control,5
3390,junk_debris,control,5
3391,B,control,5
3392,junk_noise,control,5
3393,NK,control,5
3394,junk_debris,control,5
3395,junk_debris,control,5
3396,junk_debris,control,5
3397,CD4_T,control,5
3398,Neutrophil,control,5
3399,DC,control,5
3400,CD4_T,control,5
3401,Myeloid,control,5
3402,junk_debris,control,5
3403,CD4_T,control,5
3404,junk_debris,control,5
3405,junk_debris,control,5
3406,Myeloid,control,5
3407,Myeloid,control,5
3408,junk_debris,control,5
3409,junk_doublet,control,5
3410,junk_doublet,control,5
3411,Neutrophil,control,5
3412,B,control,5
3413,junk_dead,control,5
3414,CD4_T,control,5
3415,junk_debris,control,5
3416,CD4_T,control,5
3417,Myeloid,control,5
3418,junk_doublet,control,5
3419,junk_debris,control,5
3420,junk_dead,control,5
3421,junk_doublet,control,5
3422,junk_noise,control,5
3423,Myeloid,control,5
3424,junk_debris,control,5
3425,junk_noise,control,5
3426,junk_debris,control,5
3427,junk_dead,control,5
3428,junk_noise,control,5
3429,junk_debris,control,5
3430,NK,control,5
3431,junk_debris,control,5
3432,NK,control,5
3433,CD4_T,control,5
3434,junk_dead,control,5
3435,junk_doublet,control,5
3436,junk_doublet,control,5
3437,junk_noise,control,5
3438,junk_doublet,control,5
3439,junk_debris,control,5
3440,junk_doublet,control,5
3441,Myeloid,control,5
3442,junk_dead,control,5
3443,junk_dead,control,5
3444,CD4_T,control,5
3445,B,control,5
3446,Myeloid,control,5
3447,Neutrophil,control,5
3448,junk_noise,control,5
3449,junk_noise,control,5
3450,junk_noise,control,5
3451,junk_debris,control,5
3452,CD4_T,control,5
3453,junk_debris,control,5
3454,Myeloid,control,5
3455,junk_debris,control,5
3456,junk_dead,control,5
3457,junk_doublet,control,5
3458,B,control,5
3459,junk_doublet,control,5
3460,B,control,5
3461,junk_doublet,control,5
3462,junk_dead,control,5
3463,junk_debris,control,5
3464,junk_doublet,control,5
3465,junk_doublet,control,5
3466,junk_debris,control,5
3467,junk_dead,control,5
3468,CD8_T,control,5
3469,B,control,5
3470,DC,control,5
3471,B,control,5
3472,B,control,5
3473,junk_noise,control,5
3474,CD8_T,control,5
3475,junk_dead,control,5
3476,CD4_T,control,5
3477,junk_dead,control,5
3478,junk_doublet,control,5
3479,junk_doublet,control,5
3480,DC,control,5
3481,Myeloid,control,5
3482,NK,control,5
3483,Neutrophil,control,5
3484,junk_dead,control,5
3485,junk_doublet,control,5
3486,B,control,5
3487,B,control,5
3488,CD4_T,control,5
3489,B,control,5
3490,junk_debris,control,5
3491,junk_doublet,control,5
3492,junk_dead,control,5
3493,junk_debris,control,5
3494,B,control,5
3495,CD4_T,control,5
3496,junk_debris,control,5
3497,junk_debris,control,5
3498,CD8_T,control,5
3499,junk_debris,control,5
3500,junk_debris,control,5
3501,junk_debris,control,5
3502,junk_debris,control,5
3503,junk_debris,control,5
3504,Neutrophil,control,5
3505,junk_doublet,control,5
3506,junk_debris,control,5
3507,junk_noise,control,5
3508,junk_debris,control,5
3509,Myeloid,control,5
3510,junk_noise,control,5
3511,junk_debris,control,5
3512,junk_debris,control,5
3513,junk_debris,control,5
3514,junk_dead,control,5
3515,junk_debris,control,5
3516,B,control,5
3517,junk_noise,control,5
3518,CD8_T,control,5
3519,junk_debris,control,5
3520,junk_doublet,control,5
3521,junk_dead,control,5
3522,junk_debris,control,5
3523,junk_dead,control,5
3524,junk_dead,control,5
3525,junk_doublet,control,5
3526,junk_doublet,control,5
3527,B,control,5
3528,Myeloid,control,5
3529,Myeloid,control,5
3530,CD8_T,control,5
3531,B,control,5
3532,Neutrophil,control,5
3533,junk_dead,control,5
3534,junk_debris,control,5
3535,junk_dead,control,5
3536,junk_debris,control,5
3537,B,control,5
3538,DC,control,5
3539,junk_debris,control,5
3540,junk_dead,control,5
3541,Neutrophil,control,5
3542,junk_debris,control,5
3543,junk_noise,control,5
3544,DC,control,5
3545,junk_doublet,control,5
3546,junk_doublet,control,5
3547,junk_dead,control,5
3548,Myeloid,control,5
3549,B,control,5
3550,junk_debris,control,5
3551,junk_doublet,control,5
3552,junk_debris,control,5
3553,junk_debris,control,5
3554,junk_dead,control,5
3555,junk_noise,control,5
3556,junk_noise,control,5
3557,junk_dead,control,5
3558,junk_dead,control,5
3559,junk_dead,control,5
3560,junk_dead,control,5
3561,junk_dead,control,5
3562,junk_debris,control,5
3563,junk_doublet,control,5
3564,junk_doublet,control,5
3565,junk_dead,control,5
3566,junk_noise,control,5
3567,junk_doublet,control,5
3568,Neutrophil,control,5
3569,junk_dead,control,5
3570,Myeloid,control,5
3571,junk_debris,control,5
3572,junk_debris,control,5
3573,junk_noise,control,5
3574,junk_debris,control,5
3575,junk_debris,control,5
3576,CD8_T,control,5
3577,junk_dead,control,5
3578,junk_dead,control,5
3579,junk_noise,control,5
3580,junk_dead,control,5
3581,junk_debris,control,5
3582,CD4_T,control,5
3583,Myeloid,control,5
3584,junk_dead,control,5
3585,junk_dead,control,5
3586,junk_noise,control,5
3587,junk_dead,control,5
3588,junk_noise,control,5
3589,NK,control,5
3590,Myeloid,control,5
3591,junk_debris,control,5
3592,junk_dead,control,5
3593,NK,control,5
3594,junk_doublet,control,5
3595,junk_debris,control,5
3596,NK,control,5
3597,Myeloid,control,5
3598,junk_doublet,control,5
3599,junk_noise,control,5
3600,junk_debris,control,5
3601,CD8_T,control,5
3602,Neutrophil,control,5
3603,junk_debris,control,5
3604,B,control,5
3605,CD4_T,control,5
3606,junk_debris,control,5
3607,junk_dead,control,5
3608,CD8_T,control,5
3609,junk_debris,control,5
3610,B,control,5
3611,CD8_T,control,5
3612,junk_debris,control,5
3613,junk_dead,control,5
3614,junk_dead,control,5
3615,junk_doublet,control,5
3616,CD8_T,control,5
3617,CD4_T,control,5
3618,junk_dead,control,5
3619,junk_debris,control,5
3620,DC,control,5
3621,junk_debris,control,5
3622,junk_dead,control,5
3623,junk_debris,control,5
3624,Myeloid,control,5
3625,junk_noise,control,5
3626,junk_debris,control,5
3627,junk_debris,control,5
3628,B,control,5
3629,junk_doublet,control,5
3630,junk_dead,control,5
3631,junk_dead,control,5
3632,NK,control,5
3633,junk_noise,control,5
3634,junk_debris,control,5
3635,B,control,5
3636,junk_doublet,control,5
3637,Myeloid,control,5
3638,junk_dead,control,5
3639,CD8_T,control,5
3640,B,control,5
3641,B,control,5
3642,junk_dead,control,5
3643,NK,control,5
3644,CD8_T,control,5
3645,CD4_T,control,5
3646,junk_noise,control,5
3647,junk_dead,control,5
3648,junk_dead,control,5
3649,junk_noise,control,5
3650,B,control,5
3651,junk_doublet,control,5
3652,CD8_T,control,5
3653,junk_debris,control,5
3654,Neutrophil,control,5
3655,CD8_T,control,5
3656,junk_doublet,control,5
3657,junk_doublet,control,5
3658,junk_debris,control,5
3659,CD8_T,control,5
3660,junk_noise,control,5
3661,junk_debris,control,5
3662,CD8_T,control,5
3663,junk_debris,control,5
3664,junk_noise,control,5
3665,Neutrophil,control,5
3666,junk_debris,control,5
3667,junk_doublet,control,5
3668,junk_debris,control,5
3669,junk_dead,control,5
3670,junk_doublet,control,5
3671,junk_debris,control,5
3672,junk_dead,control,5
3673,junk_doublet,control,5
3674,junk_doublet,control,5
3675,Neutrophil,control,5
3676,junk_dead,control,5
3677,CD8_T,control,5
3678,Neutrophil,control,5
3679,junk_debris,control,5
3680,junk_noise,control,5
3681,junk_debris,control,5
3682,junk_dead,control,5
3683,junk_dead,control,5
3684,junk_debris,control,5
3685,junk_debris,control,5
3686,junk_noise,control,5
3687,junk_noise,control,5
3688,junk_noise,control,5
3689,junk_debris,control,5
3690,Neutrophil,control,5
3691,junk_doublet,control,5
3692,junk_debris,control,5
3693,junk_debris,control,5
3694,B,control,5
3695,junk_debris,control,5
3696,junk_dead,control,5
3697,junk_dead,control,5
3698,junk_dead,control,5
3699,junk_debris,control,5
3700,junk_debris,control,5
3701,junk_debris,control,5
3702,junk_debris,control,5
3703,Neutrophil,control,5
3704,Myeloid,control,5
3705,junk_debris,control,5
3706,NK,control,5
3707,CD8_T,control,5
3708,Neutrophil,control,5
3709,B,control,5
3710,CD4_T,control,5
3711,junk_debris,control,5
3712,junk_debris,control,5
3713,B,control,5
3714,junk_doublet,control,5
3715,junk_noise,control,5
3716,junk_dead,control,5
3717,junk_debris,control,5
3718,Myeloid,control,5
3719,junk_doublet,control,5
3720,junk_noise,control,5
3721,junk_dead,control,5
3722,junk_doublet,control,5
3723,junk_doublet,control,5
3724,junk_doublet,control,5
3725,junk_debris,control,5
3726,B,control,5
3727,junk_debris,control,5
3728,CD4_T,control,5
3729,junk_dead,control,5
3730,NK,control,5
3731,B,control,5
3732,junk_debris,control,5
3733,DC,control,5
3734,CD4_T,control,5
3735,junk_doublet,control,5
3736,CD4_T,control,5
3737,junk_dead,control,5
3738,junk_dead,control,5
3739,junk_doublet,control,5
3740,junk_dead,control,5
3741,junk_dead,control,5
3742,CD8_T,control,5
3743,junk_dead,control,5
3744,CD4_T,control,5
3745,junk_debris,control,5
3746,NK,control,5
3747,CD4_T,control,5
3748,junk_dead,control,5
3749,junk_debris,control,5
3750,junk_dead,control,5
3751,junk_debris,control,5
3752,CD4_T,control,5
3753,junk_debris,control,5
3754,junk_dead,control,5
3755,junk_debris,control,5
3756,junk_noise,control,5
3757,Neutrophil,control,5
3758,junk_noise,control,5
3759,Myeloid,control,5
3760,B,control,5
3761,B,control,5
3762,junk_dead,control,5
3763,B,control,5
3764,junk_debris,control,5
3765,Myeloid,control,5
3766,junk_dead,control,5
3767,junk_dead,control,5
3768,junk_debris,control,5
3769,junk_doublet,control,5
3770,junk_doublet,control,5
3771,junk_noise,control,5
3772,junk_dead,control,5
3773,junk_debris,control,5
3774,junk_debris,control,5
3775,junk_doublet,control,5
3776,junk_debris,control,5
3777,junk_debris,control,5
3778,junk_debris,control,5
3779,CD8_T,control,5
3780,Myeloid,control,5
3781,Myeloid,control,5
3782,junk_doublet,control,5
3783,junk_dead,control,5
3784,junk_noise,control,5
3785,junk_debris,control,5
3786,junk_debris,control,5
3787,junk_debris,control,5
3788,Neutrophil,control,5
3789,Myeloid,control,5
3790,junk_dead,control,5
3791,junk_doublet,control,5
3792,CD4_T,control,5
3793,junk_debris,control,5
3794,CD8_T,control,5
3795,junk_dead,control,5
3796,B,control,5
3797,B,control,5
3798,junk_doublet,control,5
3799,Myeloid,control,5
3800,CD4_T,control,5
3801,junk_debris,control,5
3802,junk_dead,control,5
3803,junk_debris,control,5
3804,B,control,5
3805,junk_debris,control,5
3806,Neutrophil,control,5
3807,junk_dead,control,5
3808,Neutrophil,control,5
3809,junk_doublet,control,5
3810,B,control,5
3811,Myeloid,control,5
3812,Myeloid,control,5
3813,junk_doublet,control,5
3814,junk_doublet,control,5
3815,CD8_T,control,5
3816,B,control,5
3817,junk_debris,control,5
3818,junk_debris,control,5
3819,junk_debris,control,5
3820,junk_debris,control,5
3821,junk_dead,control,5
3822,CD4_T,control,5
3823,junk_dead,control,5
3824,junk_debris,control,5
3825,junk_dead,control,5
3826,junk_debris,control,5
3827,junk_dead,control,5
3828,junk_noise,control,5
3829,B,control,5
3830,B,control,5
3831,junk_dead,control,5
3832,junk_noise,control,5
3833,junk_noise,control,5
3834,junk_noise,control,5
3835,B,control,5
3836,CD4_T,control,5
3837,CD4_T,control,5
3838,junk_debris,control,5
3839,Myeloid,control,5
3840,junk_debris,control,5
3841,Myeloid,control,5
3842,junk_noise,control,5
3843,CD8_T,control,5
3844,junk_noise,control,5
3845,junk_debris,control,5
3846,B,control,5
3847,Neutrophil,control,5
3848,junk_debris,control,5
3849,junk_dead,control,5
3850,junk_noise,control,5
3851,CD4_T,control,5
3852,junk_dead,control,5
3853,CD4_T,control,5
3854,junk_debris,control,5
3855,junk_debris,control,5
3856,CD4_T,control,5
3857,junk_debris,control,5
3858,junk_debris,control,5
3859,junk_doublet,control,5
3860,CD8_T,control,5
3861,junk_noise,control,5
3862,B,control,5
3863,CD4_T,control,5
3864,junk_dead,control,5
3865,junk_dead,control,5
3866,CD8_T,control,5
3867,CD8_T,control,5
3868,junk_dead,control,5
3869,Neutrophil,control,5
3870,junk_dead,control,5
3871,Neutrophil,control,5
3872,junk_noise,control,5
3873,junk_dead,control,5
3874,junk_dead,control,5
3875,junk_debris,control,5
3876,junk_dead,control,5
3877,junk_doublet,control,5
3878,junk_dead,control,5
3879,Myeloid,control,5
3880,junk_debris,control,5
3881,junk_debris,control,5
3882,B,control,5
3883,junk_dead,control,5
3884,junk_doublet,control,5
3885,junk_debris,control,5
3886,junk_debris,control,5
3887,junk_debris,control,5
3888,CD4_T,control,5
3889,junk_doublet,control,5
3890,Neutrophil,control,5
3891,CD8_T,control,5
3892,CD4_T,control,5
3893,junk_dead,control,5
3894,junk_debris,control,5
3895,CD4_T,control,5
3896,Myeloid,control,5
3897,junk_doublet,control,5
3898,Neutrophil,control,5
3899,junk_debris,control,5
3900,junk_debris,control,5
3901,junk_debris,control,5
3902,junk_debris,control,5
3903,DC,control,5
3904,B,control,5
3905,Neutrophil,control,5
3906,B,control,5
3907,junk_debris,control,5
3908,Neutrophil,control,5
3909,DC,control,5
3910,junk_dead,control,5
3911,junk_doublet,control,5
3912,Myeloid,control,5
3913,B,control,5
3914,junk_debris,control,5
3915,junk_dead,control,5
3916,junk_dead,control,5
3917,junk_doublet,control,5
3918,junk_dead,control,5
3919,junk_debris,control,5
3920,junk_dead,control,5
3921,junk_doublet,control,5
3922,CD4_T,control,5
3923,junk_debris,control,5
3924,junk_noise,control,5
3925,Neutrophil,control,5
3926,junk_dead,control,5
3927,junk_debris,control,5
3928,junk_debris,control,5
3929,junk_dead,control,5
3930,junk_noise,control,5
3931,junk_debris,control,5
3932,B,control,5
3933,junk_doublet,control,5
3934,B,control,5
3935,NK,control,5
3936,junk_doublet,control,5
3937,junk_dead,control,5
3938,junk_dead,control,5
3939,junk_doublet,control,5
3940,NK,control,5
3941,junk_debris,control,5
3942,junk_debris,control,5
3943,junk_dead,control,5
3944,junk_doublet,control,5
3945,junk_debris,control,5
3946,CD4_T,control,5
3947,CD4_T,control,5
3948,Neutrophil,control,5
3949,junk_dead,control,5
3950,junk_noise,control,5
3951,junk_dead,control,5
3952,CD8_T,control,5
3953,junk_debris,control,5
3954,junk_debris,control,5
3955,B,control,5
3956,junk_doublet,control,5
3957,junk_doublet,control,5
3958,CD4_T,control,5
3959,junk_doublet,control,5
3960,junk_debris,control,5
3961,CD4_T,control,5
3962,junk_noise,control,5
3963,junk_dead,control,5
3964,junk_doublet,control,5
3965,junk_debris,control,5
3966,junk_dead,control,5
3967,junk_debris,control,5
3968,CD4_T,control,5
3969,B,control,5
3970,junk_debris,control,5
3971,junk_noise,control,5
3972,junk_doublet,control,5
3973,B,control,5
3974,junk_debris,control,5
3975,B,control,5
3976,junk_noise,control,5
3977,junk_doublet,control,5
3978,junk_debris,control,5
3979,junk_doublet,control,5
3980,CD8_T,control,5
3981,junk_dead,control,5
3982,NK,control,5
3983,junk_dead,control,5
3984,Neutrophil,control,5
3985,junk_dead,control,5
3986,junk_dead,control,5
3987,junk_debris,control,5
3988,junk_debris,control,5
3989,junk_dead,control,5
3990,Myeloid,control,5
3991,junk_debris,control,5
3992,junk_doublet,control,5
3993,junk_debris,control,5
3994,junk_dead,control,5
3995,junk_doublet,control,5
3996,DC,control,5
3997,junk_dead,control,5
3998,junk_dead,control,5
3999,junk_debris,control,5
4000,junk_debris,control,5
4001,B,control,5
4002,junk_doublet,control,5
4003,junk_debris,control,5
4004,junk_debris,control,5
4005,junk_doublet,control,5
4006,Myeloid,control,5
4007,CD8_T,control,5
4008,junk_doublet,control,5
4009,junk_debris,control,5
4010,Neutrophil,control,5
4011,junk_debris,control,5
4012,Neutrophil,control,5
4013,CD8_T,control,5
4014,junk_dead,control,5
4015,CD8_T,control,5
4016,CD8_T,control,5
4017,CD4_T,control,5
4018,NK,control,5
4019,junk_debris,control,5
4020,junk_doublet,control,5
4021,junk_doublet,control,5
4022,junk_doublet,control,5
4023,Neutrophil,control,5
4024,junk_debris,control,5
4025,junk_dead,control,5
4026,junk_debris,control,5
4027,NK,control,5
4028,junk_debris,control,5
4029,CD4_T,control,5
4030,CD8_T,control,5
4031,CD4_T,control,5
4032,junk_dead,control,5
4033,junk_debris,control,5
4034,junk_debris,control,5
4035,junk_doublet,control,5
4036,junk_debris,control,5
4037,junk_debris,control,5
4038,junk_debris,control,5
4039,Myeloid,control,5
4040,junk_dead,control,5
4041,junk_dead,control,5
4042,junk_debris,control,5
4043,Myeloid,control,5
4044,junk_doublet,control,5
4045,CD4_T,control,5
4046,CD4_T,control,5
4047,CD4_T,control,5
4048,Myeloid,control,5
4049,junk_dead,control,5
4050,CD4_T,control,5
4051,junk_doublet,control,5
4052,CD8_T,control,5
4053,junk_dead,control,5
4054,junk_noise,control,5
4055,junk_doublet,control,5
4056,junk_debris,control,5
4057,junk_doublet,control,5
4058,Neutrophil,control,5
4059,junk_debris,control,5
4060,DC,control,5
4061,junk_debris,control,5
4062,Myeloid,control,5
4063,junk_debris,control,5
4064,Neutrophil,control,5
4065,junk_debris,control,5
4066,junk_dead,control,5
4067,junk_noise,control,5
4068,Myeloid,control,5
4069,junk_noise,control,5
4070,B,control,5
4071,B,control,5
4072,CD4_T,control,5
4073,junk_noise,control,5
4074,junk_debris,control,5
4075,junk_noise,control,5
4076,junk_debris,control,5
4077,junk_debris,control,5
4078,junk_noise,control,5
4079,junk_dead,control,5
4080,DC,control,5
4081,B,control,5
4082,junk_doublet,control,5
4083,B,control,5
4084,CD8_T,control,5
4085,junk_dead,control,5
4086,NK,control,5
4087,junk_debris,control,5
4088,CD8_T,control,5
4089,CD4_T,control,5
4090,CD8_T,control,5
4091,junk_doublet,control,5
4092,CD4_T,control,5
4093,junk_doublet,control,5
4094,Myeloid,control,5
4095,junk_dead,control,5
4096,junk_noise,control,5
4097,junk_debris,control,5
4098,Myeloid,control,5
4099,CD8_T,control,5
4100,junk_dead,control,5
4101,junk_debris,control,5
4102,junk_debris,control,5
4103,B,control,5
4104,DC,control,5
4105,junk_debris,control,5
4106,junk_debris,control,5
4107,DC,control,5
4108,junk_noise,control,5
4109,junk_doublet,control,5
4110,CD8_T,control,5
4111,Myeloid,control,5
4112,B,control,5
4113,junk_doublet,control,5
4114,junk_debris,control,5
4115,junk_noise,control,5
4116,junk_noise,control,5
4117,junk_doublet,control,5
4118,junk_doublet,control,5
4119,CD8_T,control,5
4120,Neutrophil,control,5
4121,junk_debris,control,5
4122,B,control,5
4123,junk_debris,control,5
4124,junk_debris,control,5
4125,junk_doublet,control,5
4126,junk_dead,control,5
4127,B,control,5
4128,junk_doublet,control,5
4129,junk_dead,control,5
4130,Myeloid,control,5
4131,junk_doublet,control,5
4132,junk_dead,control,5
4133,B,control,5
4134,junk_debris,control,5
4135,junk_debris,control,5
4136,junk_noise,control,5
4137,junk_dead,control,5
4138,CD4_T,control,5
4139,junk_doublet,control,5
4140,B,control,5
4141,junk_debris,control,5
4142,junk_debris,control,5
4143,junk_debris,control,5
4144,CD8_T,control,5
4145,junk_debris,control,5
4146,junk_noise,control,5
4147,Neutrophil,control,5
4148,junk_debris,control,5
4149,junk_debris,control,5
4150,junk_doublet,control,5
4151,B,control,5
4152,junk_debris,control,5
4153,junk_debris,control,5
4154,CD4_T,control,5
4155,junk_debris,control,5
4156,Neutrophil,control,5
4157,B,control,5
4158,junk_doublet,control,5
4159,B,control,5
4160,junk_debris,control,5
4161,junk_debris,control,5
4162,CD4_T,control,5
4163,junk_dead,control,5
4164,junk_doublet,control,5
4165,junk_doublet,control,5
4166,NK,control,5
4167,CD8_T,control,5
4168,junk_noise,control,5
4169,junk_doublet,control,5
4170,junk_debris,control,5
4171,junk_debris,control,5
4172,B,control,5
4173,Neutrophil,control,5
4174,junk_debris,control,5
4175,junk_dead,control,5
4176,CD8_T,control,5
4177,junk_dead,control,5
4178,B,control,5
4179,junk_debris,control,5
4180,NK,control,5
4181,Neutrophil,control,5
4182,junk_noise,control,5
4183,junk_doublet,control,5
4184,junk_dead,control,5
4185,junk_doublet,control,5
4186,junk_debris,control,5
4187,junk_debris,control,5
4188,junk_debris,control,5
4189,junk_doublet,control,5
4190,junk_debris,control,5
4191,CD8_T,control,5
4192,junk_dead,control,5
4193,Neutrophil,control,5
4194,junk_doublet,control,5
4195,junk_noise,control,5
4196,Neutrophil,control,5
4197,junk_debris,control,5
4198,junk_noise,control,5
4199,CD8_T,control,5
4200,junk_debris,control,5
4201,junk_noise,control,5
4202,junk_doublet,control,5
4203,CD8_T,control,5
4204,junk_debris,control,5
4205,junk_noise,control,5
4206,junk_debris,control,5
4207,CD4_T,control,5
4208,Neutrophil,control,5
4209,B,control,5
4210,Neutrophil,control,5
4211,junk_doublet,control,5
4212,junk_debris,control,5
4213,junk_debris,control,5
4214,junk_noise,control,5
4215,CD8_T,control,5
4216,B,control,5
4217,Myeloid,control,5
4218,junk_debris,control,5
4219,B,control,5
4220,B,control,5
4221,junk_dead,control,5
4222,junk_doublet,control,5
4223,Neutrophil,control,5
4224,junk_debris,control,5
4225,junk_debris,control,5
4226,CD4_T,control,5
4227,junk_debris,control,5
4228,junk_doublet,control,5
4229,junk_doublet,control,5
4230,junk_debris,control,5
4231,junk_debris,control,5
4232,Myeloid,control,5
4233,junk_doublet,control,5
4234,junk_debris,control,5
4235,junk_debris,control,5
4236,junk_dead,control,5
4237,junk_debris,control,5
4238,junk_debris,control,5
4239,B,control,5
4240,junk_debris,control,5
4241,CD4_T,control,5
4242,CD8_T,control,5
4243,B,control,5
4244,DC,control,5
4245,CD4_T,control,5
4246,junk_noise,control,5
4247,CD4_T,control,5
4248,Myeloid,control,5
4249,CD8_T,control,5
4250,junk_doublet,control,5
4251,junk_dead,control,5
4252,B,control,5
4253,junk_dead,control,5
4254,junk_debris,control,5
4255,junk_dead,control,5
4256,junk_noise,control,5
4257,junk_doublet,control,5
4258,Neutrophil,control,5
4259,junk_doublet,control,5
4260,junk_noise,control,5
4261,DC,control,5
4262,junk_doublet,control,5
4263,junk_noise,control,5
4264,junk_debris,control,5
4265,Neutrophil,control,5
4266,junk_doublet,control,5
4267,B,control,5
4268,junk_debris,control,5
4269,junk_noise,control,5
4270,junk_debris,control,5
4271,DC,control,5
4272,Myeloid,control,5
4273,Neutrophil,control,5
4274,junk_noise,control,5
4275,CD4_T,control,5
4276,junk_debris,control,5
4277,junk_noise,control,5
4278,junk_doublet,control,5
4279,B,control,5
4280,CD8_T,control,5
4281,junk_noise,control,5
4282,junk_debris,control,5
4283,junk_dead,control,5
4284,B,control,5
4285,B,control,5
4286,junk_doublet,control,5
4287,junk_doublet,control,5
4288,junk_noise,control,5
4289,CD8_T,control,5
4290,Neutrophil,control,5
4291,junk_dead,control,5
4292,junk_debris,control,5
4293,B,control,5
4294,junk_dead,control,5
4295,junk_debris,control,5
4296,junk_noise,control,5
4297,B,control,5
4298,junk_debris,control,5
4299,junk_debris,control,5
4300,junk_dead,control,5
4301,CD4_T,control,5
4302,CD4_T,control,5
4303,junk_debris,control,5
4304,junk_dead,control,5
4305,junk_debris,control,5
4306,junk_debris,control,5
4307,junk_noise,control,5
4308,junk_doublet,control,5
4309,junk_debris,control,5
4310,Myeloid,control,5
4311,junk_dead,control,5
4312,junk_noise,control,5
4313,junk_debris,control,5
4314,CD8_T,control,5
4315,junk_debris,control,5
4316,junk_noise,control,5
4317,junk_debris,control,5
4318,junk_doublet,control,5
4319,B,control,5
4320,junk_dead,control,5
4321,junk_debris,control,5
4322,Neutrophil,control,5
4323,junk_dead,control,5
4324,junk_doublet,control,5
4325,junk_noise,control,5
4326,junk_debris,control,5
4327,junk_debris,control,5
4328,B,control,5
4329,junk_doublet,control,5
4330,junk_debris,control,5
4331,junk_dead,control,5
4332,B,control,5
4333,junk_noise,control,5
4334,CD8_T,control,5
4335,junk_dead,control,5
4336,Myeloid,control,5
4337,CD4_T,control,5
4338,junk_debris,control,5
4339,junk_doublet,control,5
4340,junk_dead,control,5
4341,junk_dead,control,5
4342,junk_doublet,control,5
4343,junk_doublet,control,5
4344,junk_debris,control,5
4345,B,control,5
4346,B,control,5
4347,Neutrophil,control,5
4348,junk_debris,control,5
4349,Myeloid,control,5
4350,CD4_T,control,5
4351,CD8_T,control,5
4352,junk_debris,control,5
4353,B,control,5
4354,junk_debris,control,5
4355,junk_debris,control,5
4356,junk_dead,control,5
4357,junk_doublet,control,5
4358,junk_dead,control,5
4359,junk_debris,control,5
4360,B,control,5
4361,junk_debris,control,5
4362,junk_debris,control,5
4363,junk_doublet,control,5
4364,junk_noise,control,5
4365,junk_doublet,control,5
4366,junk_doublet,control,5
4367,junk_debris,control,5
4368,junk_dead,control,5
4369,junk_debris,control,5
4370,Myeloid,control,5
4371,CD4_T,control,5
4372,B,control,5
4373,Neutrophil,control,5
4374,B,control,5
4375,Neutrophil,control,5
4376,junk_doublet,control,5
4377,junk_noise,control,5
4378,DC,control,5
4379,Myeloid,control,5
4380,junk_noise,control,5
4381,junk_debris,control,5
4382,junk_noise,control,5
4383,junk_doublet,control,5
4384,junk_dead,control,5
4385,junk_debris,control,5
4386,junk_debris,control,5
4387,junk_debris,control,5
4388,junk_debris,control,5
4389,Myeloid,control,5
4390,CD8_T,control,5
4391,junk_debris,control,5
4392,junk_debris,control,5
4393,junk_debris,control,5
4394,CD8_T,control,5
4395,junk_debris,control,5
4396,junk_noise,control,5
4397,B,control,5
4398,Neutrophil,control,5
4399,CD8_T,control,5
4400,junk_debris,control,5
4401,junk_dead,control,5
4402,junk_doublet,control,5
4403,junk_doublet,control,5
4404,junk_noise,control,5
4405,CD4_T,control,5
4406,Neutrophil,control,5
4407,junk_doublet,control,5
4408,CD8_T,control,5
4409,junk_doublet,control,5
4410,junk_noise,control,5
4411,CD4_T,control,5
4412,NK,control,5
4413,CD8_T,control,5
4414,junk_doublet,control,5
4415,CD4_T,control,5
4416,junk_dead,control,5
4417,Myeloid,control,5
4418,junk_debris,control,5
4419,Neutrophil,control,5
4420,CD4_T,control,5
4421,junk_debris,control,5
4422,CD4_T,control,5
4423,junk_debris,control,5
4424,junk_debris,control,5
4425,junk_dead,control,5
4426,CD4_T,control,5
4427,junk_dead,control,5
4428,junk_debris,control,5
4429,junk_dead,control,5
4430,junk_debris,control,5
4431,junk_doublet,control,5
4432,CD4_T,control,5
4433,junk_doublet,control,5
4434,junk_debris,control,5
4435,junk_dead,control,5
4436,B,control,5
4437,CD4_T,control,5
4438,junk_dead,control,5
4439,junk_debris,control,5
4440,junk_debris,control,5
4441,B,control,5
4442,CD4_T,control,5
4443,junk_noise,control,5
4444,junk_dead,control,5
4445,junk_noise,control,5
4446,Myeloid,control,5
4447,B,control,5
4448,junk_doublet,control,5
4449,junk_dead,control,5
4450,Neutrophil,control,5
4451,Myeloid,control,5
4452,junk_dead,control,5
4453,junk_debris,control,5
4454,junk_noise,control,5
4455,CD4_T,control,5
4456,junk_dead,control,5
4457,B,control,5
4458,CD8_T,control,5
4459,junk_debris,control,5
4460,Myeloid,control,5
4461,B,control,5
4462,junk_debris,control,5
4463,DC,control,5
4464,junk_debris,control,5
4465,junk_debris,control,5
4466,Myeloid,control,5
4467,Neutrophil,control,5
4468,junk_debris,control,5
4469,junk_debris,control,5
4470,junk_debris,control,5
4471,junk_doublet,control,5
4472,Myeloid,control,5
4473,junk_debris,control,5
4474,junk_debris,control,5
4475,Neutrophil,control,5
4476,CD4_T,control,5
4477,junk_doublet,control,5
4478,junk_dead,control,5
4479,junk_noise,control,5
4480,junk_debris,control,5
4481,junk_noise,control,5
4482,Myeloid,control,5
4483,B,control,5
4484,junk_dead,control,5
4485,junk_dead,control,5
4486,Myeloid,control,5
4487,junk_debris,control,5
4488,junk_dead,control,5
4489,junk_debris,control,5
4490,junk_debris,control,5
4491,junk_dead,control,5
4492,junk_noise,control,5
4493,junk_dead,control,5
4494,CD8_T,control,5
4495,junk_debris,control,5
4496,junk_debris,control,5
4497,CD4_T,control,5
4498,NK,control,5
4499,junk_doublet,control,5
4500,junk_debris,control,5
4501,junk_dead,control,5
4502,Neutrophil,control,5
4503,Neutrophil,control,5
4504,junk_debris,control,5
4505,CD8_T,control,5
4506,junk_debris,control,5
4507,junk_debris,control,5
4508,junk_noise,control,5
4509,junk_noise,control,5
4510,junk_doublet,control,5
4511,CD4_T,control,5
4512,B,control,5
4513,junk_dead,control,5
4514,Neutrophil,control,5
4515,junk_noise,control,5
4516,junk_doublet,control,5
4517,CD8_T,control,5
4518,CD8_T,control,5
4519,B,control,5
4520,CD4_T,control,5
4521,junk_noise,control,5
4522,Myeloid,control,5
4523,junk_noise,control,5
4524,junk_dead,control,5
4525,junk_debris,control,5
4526,junk_noise,control,5
4527,junk_doublet,control,5
4528,junk_doublet,control,5
4529,junk_doublet,control,5
4530,CD4_T,control,5
4531,junk_doublet,control,5
4532,Myeloid,control,5
4533,junk_dead,control,5
4534,junk_doublet,control,5
4535,junk_debris,control,5
4536,CD4_T,control,5
4537,B,control,5
4538,junk_debris,control,5
4539,junk_doublet,control,5
4540,junk_dead,control,5
4541,junk_doublet,control,5
4542,junk_noise,control,5
4543,Myeloid,control,5
4544,junk_doublet,control,5
4545,junk_debris,control,5
4546,junk_debris,control,5
4547,junk_noise,control,5
4548,junk_noise,control,5
4549,junk_debris,control,5
4550,junk_doublet,control,5
4551,junk_dead,control,5
4552,B,control,5
4553,junk_noise,control,5
4554,junk_debris,control,5
4555,junk_noise,control,5
4556,junk_dead,control,5
4557,junk_debris,control,5
4558,junk_debris,control,5
4559,junk_debris,control,5
4560,CD4_T,control,5
4561,junk_debris,control,5
4562,junk_noise,control,5
4563,junk_debris,control,5
4564,CD4_T,control,5
4565,junk_dead,control,5
4566,Neutrophil,control,5
4567,Neutrophil,control,5
4568,B,control,5
4569,CD4_T,control,5
4570,Myeloid,control,5
4571,junk_debris,control,5
4572,junk_doublet,control,5
4573,junk_dead,control,5
4574,junk_noise,control,5
4575,junk_debris,control,5
4576,junk_noise,control,5
4577,junk_debris,control,5
4578,junk_dead,control,5
4579,Myeloid,control,5
4580,junk_debris,control,5
4581,junk_dead,control,5
4582,junk_debris,control,5
4583,DC,control,5
4584,junk_dead,control,5
4585,junk_debris,control,5
4586,junk_dead,control,5
4587,junk_dead,control,5
4588,B,control,5
4589,CD8_T,control,5
4590,junk_doublet,control,5
4591,junk_dead,control,5
4592,junk_noise,control,5
4593,junk_debris,control,5
4594,B,control,5
4595,CD4_T,control,5
4596,junk_debris,control,5
4597,junk_dead,control,5
4598,junk_debris,control,5
4599,CD8_T,control,5
4600,junk_debris,control,5
4601,junk_debris,control,5
4602,junk_debris,control,5
4603,junk_debris,control,5
4604,junk_dead,control,5
4605,Myeloid,control,5
4606,Neutrophil,control,5
4607,junk_debris,control,5
4608,B,control,5
4609,junk_dead,control,5
4610,junk_noise,control,5
4611,junk_debris,control,5
4612,junk_debris,control,5
4613,junk_doublet,control,5
4614,junk_debris,control,5
4615,junk_debris,control,5
4616,junk_dead,control,5
4617,NK,control,5
4618,Neutrophil,control,5
4619,junk_doublet,control,5
4620,junk_debris,control,5
4621,CD4_T,control,5
4622,Neutrophil,control,5
4623,Neutrophil,control,5
4624,junk_doublet,control,5
4625,junk_debris,control,5
4626,Myeloid,control,5
4627,Myeloid,control,5
4628,B,control,5
4629,Neutrophil,control,5
4630,junk_doublet,control,5
4631,junk_noise,control,5
4632,junk_dead,control,5
4633,junk_noise,control,5
4634,junk_noise,control,5
4635,junk_doublet,control,5
4636,junk_debris,control,5
4637,B,control,5
4638,junk_doublet,control,5
4639,junk_debris,control,5
4640,junk_dead,control,5
4641,junk_doublet,control,5
4642,junk_debris,control,5
4643,junk_doublet,control,5
4644,junk_debris,control,5
4645,junk_dead,control,5
4646,B,control,5
4647,Myeloid,control,5
4648,Neutrophil,control,5
4649,junk_dead,control,5
4650,junk_debris,control,5
4651,junk_dead,control,5
4652,junk_doublet,control,5
4653,junk_dead,control,5
4654,CD4_T,control,5
4655,junk_doublet,control,5
4656,B,control,5
4657,junk_debris,control,5
4658,junk_debris,control,5
4659,junk_doublet,control,5
4660,Myeloid,control,5
4661,NK,control,5
4662,Neutrophil,control,5
4663,junk_dead,control,5
4664,junk_debris,control,5
4665,junk_dead,control,5
4666,CD4_T,control,5
4667,junk_doublet,control,5
4668,CD8_T,control,5
4669,junk_doublet,control,5
4670,junk_debris,control,5
4671,junk_noise,control,5
4672,Myeloid,control,5
4673,junk_doublet,control,5
4674,junk_doublet,control,5
4675,junk_doublet,control,5
4676,junk_debris,control,5
4677,junk_doublet,control,5
4678,junk_noise,control,5
4679,Myeloid,control,5
4680,junk_dead,control,5
4681,Myeloid,control,5
4682,junk_debris,control,5
4683,B,control,5
4684,Neutrophil,control,5
4685,junk_debris,control,5
4686,junk_debris,control,5
4687,Myeloid,control,5
4688,Myeloid,control,5
4689,B,control,5
4690,junk_debris,control,5
4691,junk_noise,control,5
4692,CD4_T,control,5
4693,junk_debris,control,5
4694,junk_debris,control,5
4695,junk_debris,control,5
4696,junk_debris,control,5
4697,B,control,5
4698,junk_doublet,control,5
4699,junk_debris,control,5
4700,junk_debris,control,5
4701,junk_debris,control,5
4702,junk_debris,control,5
4703,B,control,5
4704,junk_debris,control,5
4705,Myeloid,control,5
4706,junk_dead,control,5
4707,B,control,5
4708,junk_doublet,control,5
4709,Myeloid,control,5
4710,B,control,5
4711,junk_noise,control,5
4712,B,control,5
4713,junk_debris,control,5
4714,junk_debris,control,5
4715,junk_doublet,control,5
4716,NK,control,5
4717,junk_debris,control,5
4718,junk_doublet,control,5
4719,junk_debris,control,5
4720,junk_noise,control,5
4721,junk_debris,control,5
4722,junk_dead,control,5
4723,Myeloid,control,5
4724,CD8_T,control,5
4725,CD4_T,control,5
4726,junk_doublet,control,5
4727,junk_doublet,control,5
4728,CD4_T,control,5
4729,junk_noise,control,5
4730,junk_debris,control,5
4731,junk_debris,control,5
4732,junk_debris,control,5
4733,junk_dead,control,5
4734,CD8_T,control,5
4735,Neutrophil,control,5
4736,junk_debris,control,5
4737,Myeloid,control,5
4738,CD8_T,control,5
4739,junk_debris,control,5
4740,junk_doublet,control,5
4741,B,control,5
4742,junk_doublet,control,5
4743,Myeloid,control,5
4744,NK,control,5
4745,junk_noise,control,5
4746,CD4_T,control,5
4747,Myeloid,control,5
4748,junk_dead,control,5
4749,junk_doublet,control,5
4750,junk_noise,control,5
4751,junk_debris,control,5
4752,junk_dead,control,5
4753,junk_doublet,control,5
4754,Myeloid,control,5
4755,junk_dead,control,5
4756,junk_dead,control,5
4757,junk_debris,control,5
4758,B,control,5
4759,junk_noise,control,5
4760,junk_debris,control,5
4761,junk_debris,control,5
4762,junk_debris,control,5
4763,B,control,5
4764,NK,control,5
4765,B,control,5
4766,junk_debris,control,5
4767,junk_noise,control,5
4768,Myeloid,control,5
4769,DC,control,5
4770,junk_dead,control,5
4771,Neutrophil,control,5
4772,DC,control,5
4773,junk_debris,control,5
4774,CD8_T,control,5
4775,Neutrophil,control,5
4776,CD4_T,control,5
4777,Myeloid,control,5
4778,CD8_T,control,5
4779,junk_noise,control,5
4780,Myeloid,control,5
4781,junk_doublet,control,5
4782,junk_debris,control,5
4783,junk_doublet,control,5
4784,junk_noise,control,5
4785,junk_noise,control,5
4786,junk_doublet,control,5
4787,junk_doublet,control,5
4788,junk_doublet,control,5
4789,junk_debris,control,5
4790,CD4_T,control,5
4791,NK,control,5
4792,junk_noise,control,5
4793,Myeloid,control,5
4794,junk_dead,control,5
4795,B,control,5
4796,junk_debris,control,5
4797,junk_debris,control,5
4798,B,control,5
4799,junk_debris,control,5
4800,Myeloid,control,5
4801,B,control,5
4802,Neutrophil,control,5
4803,junk_debris,control,5
4804,junk_noise,control,5
4805,Myeloid,control,5
4806,junk_doublet,control,5
4807,junk_dead,control,5
4808,junk_debris,control,5
4809,CD8_T,control,5
4810,junk_debris,control,5
4811,Myeloid,control,5
4812,B,control,5
4813,junk_doublet,control,5
4814,junk_doublet,control,5
4815,junk_doublet,control,5
4816,CD8_T,control,5
4817,junk_debris,control,5
4818,NK,control,5
4819,junk_noise,control,5
4820,junk_noise,control,5
4821,junk_noise,control,5
4822,Myeloid,control,5
4823,CD8_T,control,5
4824,junk_debris,control,5
4825,junk_dead,control,5
4826,junk_dead,control,5
4827,junk_debris,control,5
4828,junk_debris,control,5
4829,junk_noise,control,5
4830,junk_debris,control,5
4831,junk_dead,control,5
4832,junk_debris,control,5
4833,junk_debris,control,5
4834,junk_dead,control,5
4835,junk_doublet,control,5
4836,junk_debris,control,5
4837,Neutrophil,control,5
4838,junk_dead,control,5
4839,junk_debris,control,5
4840,B,control,5
4841,junk_dead,control,5
4842,junk_doublet,control,5
4843,junk_dead,control,5
4844,junk_doublet,control,5
4845,Neutrophil,control,5
4846,junk_debris,control,5
4847,B,control,5
4848,junk_dead,control,5
4849,junk_noise,control,5
4850,junk_doublet,control,5
4851,junk_dead,control,5
4852,B,control,5
4853,B,control,5
4854,junk_doublet,control,5
4855,junk_dead,control,5
4856,B,control,5
4857,junk_doublet,control,5
4858,junk_noise,control,5
4859,junk_dead,control,5
4860,junk_doublet,control,5
4861,B,control,5
4862,junk_dead,control,5
4863,junk_noise,control,5
4864,Neutrophil,control,5
4865,junk_debris,control,5
4866,CD4_T,control,5
4867,junk_debris,control,5
4868,Neutrophil,control,5
4869,junk_doublet,control,5
4870,junk_debris,control,5
4871,junk_debris,control,5
4872,CD4_T,control,5
4873,B,control,5
4874,junk_noise,control,5
4875,junk_dead,control,5
4876,junk_dead,control,5
4877,junk_debris,control,5
4878,junk_dead,control,5
4879,junk_doublet,control,5
4880,junk_doublet,control,5
4881,Neutrophil,control,5
4882,junk_debris,control,5
4883,junk_noise,control,5
4884,junk_debris,control,5
4885,junk_noise,control,5
4886,CD8_T,control,5
4887,junk_noise,control,5
4888,Myeloid,control,5
4889,junk_debris,control,5
4890,junk_debris,control,5
4891,CD4_T,control,5
4892,junk_debris,control,5
4893,junk_debris,control,5
4894,junk_dead,control,5
4895,CD4_T,control,5
4896,B,control,5
4897,junk_debris,control,5
4898,junk_noise,control,5
4899,junk_debris,control,5
4900,CD4_T,control,5
4901,junk_noise,control,5
4902,junk_debris,control,5
4903,junk_debris,control,5
4904,junk_noise,control,5
4905,junk_doublet,control,5
4906,junk_noise,control,5
4907,junk_debris,control,5
4908,junk_doublet,control,5
4909,junk_doublet,control,5
4910,B,control,5
4911,Myeloid,control,5
4912,Myeloid,control,5
4913,Neutrophil,control,5
4914,junk_noise,control,5
4915,CD4_T,control,5
4916,junk_noise,control,5
4917,junk_noise,control,5
4918,junk_dead,control,5
4919,Neutrophil,control,5
4920,junk_debris,control,5
4921,NK,control,5
4922,junk_dead,control,5
4923,CD8_T,control,5
4924,junk_debris,control,5
4925,CD4_T,control,5
4926,Neutrophil,control,5
4927,DC,control,5
4928,junk_dead,control,5
4929,CD8_T,control,5
4930,junk_doublet,control,5
4931,junk_dead,control,5
4932,junk_debris,control,5
4933,CD4_T,control,5
4934,junk_debris,control,5
4935,CD8_T,control,5
4936,junk_noise,control,5
4937,junk_dead,control,5
4938,CD4_T,control,5
4939,Neutrophil,control,5
4940,junk_dead,control,5
4941,Myeloid,control,5
4942,NK,control,5
4943,junk_noise,control,5
4944,junk_dead,control,5
4945,junk_noise,control,5
4946,Myeloid,control,5
4947,CD4_T,control,5
4948,junk_noise,control,5
4949,junk_debris,control,5
4950,Neutrophil,control,5
4951,junk_dead,control,5
4952,CD4_T,control,5
4953,junk_noise,control,5
4954,CD4_T,control,5
4955,junk_dead,control,5
4956,Neutrophil,control,5
4957,junk_doublet,control,5
4958,junk_noise,control,5
4959,junk_noise,control,5
4960,junk_doublet,control,5
4961,junk_doublet,control,5
4962,junk_doublet,control,5
4963,junk_debris,control,5
4964,junk_debris,control,5
4965,CD4_T,control,5
4966,CD4_T,control,5
4967,junk_debris,control,5
4968,CD4_T,control,5
4969,junk_debris,control,5
4970,junk_doublet,control,5
4971,NK,control,5
4972,junk_doublet,control,5
4973,junk_dead,control,5
4974,junk_debris,control,5
4975,junk_dead,control,5
4976,B,control,5
4977,junk_noise,control,5
4978,junk_dead,control,5
4979,junk_noise,control,5
4980,Neutrophil,control,5
4981,junk_debris,control,5
4982,DC,control,5
4983,junk_doublet,control,5
4984,junk_doublet,control,5
4985,junk_noise,control,5
4986,junk_doublet,control,5
4987,junk_doublet,control,5
4988,junk_doublet,control,5
4989,CD8_T,control,5
4990,B,control,5
4991,junk_doublet,control,5
4992,junk_debris,control,5
4993,junk_debris,control,5
4994,Myeloid,control,5
4995,B,control,5
4996,junk_doublet,control,5
4997,Myeloid,control,5
4998,Myeloid,control,5
4999,junk_doublet,control,5
