event_index,true_population,condition,replicate
0,junk_debris,control,1
1,junk_debris,control,1
2,junk_debris,control,1
3,junk_debris,control,1
4,B,control,1
5,Myeloid,control,1
6,junk_doublet,control,1
7,junk_doublet,control,1
8,B,control,1
9,junk_debris,control,1
10,junk_debris,control,1
11,junk_debris,control,1
12,junk_doublet,control,1
13,junk_debris,control,1
14,CD4_T,control,1
15,CD4_T,control,1
16,junk_doublet,control,1
17,junk_doublet,control,1
18,junk_debris,control,1
19,junk_debris,control,1
20,junk_dead,control,1
21,junk_dead,control,1
22,junk_doublet,control,1
23,junk_noise,control,1
24,junk_debris,control,1
25,junk_doublet,control,1
26,junk_debris,control,1
27,junk_debris,control,1
28,junk_debris,control,1
29,B,control,1
30,junk_debris,control,1
31,junk_debris,control,1
32,junk_dead,control,1
33,junk_dead,control,1
34,junk_doublet,control,1
35,junk_debris,control,1
36,junk_dead,control,1
37,junk_debris,control,1
38,junk_debris,control,1
39,junk_doublet,control,1
40,junk_noise,control,1
41,Myeloid,control,1
42,junk_debris,control,1
43,B,control,1
44,Myeloid,control,1
45,B,control,1
46,junk_noise,control,1
47,junk_noise,control,1
48,CD8_T,control,1
49,Myeloid,control,1
50,CD8_T,control,1
51,junk_debris,control,1
52,junk_doublet,control,1
53,junk_noise,control,1
54,junk_doublet,control,1
55,junk_debris,control,1
56,junk_doublet,control,1
57,junk_debris,control,1
58,Myeloid,control,1
59,junk_noise,control,1
60,junk_noise,control,1
61,junk_noise,control,1
62,B,control,1
63,junk_debris,control,1
64,junk_doublet,control,1
65,Myeloid,control,1
66,junk_noise,control,1
67,CD4_T,control,1
68,junk_doublet,control,1
69,B,control,1
70,junk_debris,control,1
71,junk_dead,control,1
72,junk_dead,control,1
73,CD4_T,control,1
74,junk_dead,control,1
75,junk_dead,control,1
76,Myeloid,control,1
77,junk_debris,control,1
78,junk_noise,control,1
79,Myeloid,control,1
80,junk_debris,control,1
81,junk_doublet,control,1
82,B,control,1
83,junk_dead,control,1
84,junk_doublet,control,1
85,junk_debris,control,1
86,junk_noise,control,1
87,junk_noise,control,1
88,B,control,1
89,Neutrophil,control,1
90,B,control,1
91,Neutrophil,control,1
92,CD4_T,control,1
93,junk_doublet,control,1
94,junk_debris,control,1
95,Neutrophil,control,1
96,junk_debris,control,1
97,junk_dead,control,1
98,junk_doublet,control,1
99,Neutrophil,control,1
100,junk_debris,control,1
101,junk_doublet,control,1
102,junk_noise,control,1
103,DC,control,1
104,junk_dead,control,1
105,NK,control,1
106,junk_doublet,control,1
107,junk_doublet,control,1
108,junk_debris,control,1
109,B,control,1
110,junk_debris,control,1
111,junk_debris,control,1
112,junk_doublet,control,1
113,DC,control,1
114,junk_doublet,control,1
115,B,control,1
116,CD8_T,control,1
117,junk_doublet,control,1
118,B,control,1
119,junk_debris,control,1
120,B,control,1
121,junk_doublet,control,1
122,junk_debris,control,1
123,junk_dead,control,1
124,junk_noise,control,1
125,CD8_T,control,1
126,Myeloid,control,1
127,CD8_T,control,1
128,junk_noise,control,1
129,junk_debris,control,1
130,junk_debris,control,1
131,junk_doublet,control,1
132,junk_dead,control,1
133,junk_debris,control,1
134,CD8_T,control,1
135,B,control,1
136,junk_debris,control,1
137,junk_debris,control,1
138,CD8_T,control,1
139,junk_doublet,control,1
140,B,control,1
141,B,control,1
142,junk_debris,control,1
143,junk_dead,control,1
144,junk_noise,control,1
145,CD4_T,control,1
146,CD4_T,control,1
147,junk_noise,control,1
148,junk_debris,control,1
149,junk_dead,control,1
150,junk_doublet,control,1
151,junk_debris,control,1
152,junk_debris,control,1
153,B,control,1
154,junk_doublet,control,1
155,Myeloid,control,1
156,junk_doublet,control,1
157,junk_debris,control,1
158,CD4_T,control,1
159,junk_debris,control,1
160,junk_doublet,control,1
161,junk_dead,control,1
162,Neutrophil,control,1
163,junk_debris,control,1
164,junk_noise,control,1
165,CD8_T,control,1
166,NK,control,1
167,junk_debris,control,1
168,junk_noise,control,1
169,junk_debris,control,1
170,junk_noise,control,1
171,junk_noise,control,1
172,junk_doublet,control,1
173,junk_debris,control,1
174,junk_debris,control,1
175,junk_doublet,control,1
176,junk_noise,control,1
177,CD4_T,control,1
178,B,control,1
179,junk_debris,control,1
180,Myeloid,control,1
181,DC,control,1
182,junk_debris,control,1
183,junk_doublet,control,1
184,junk_debris,control,1
185,junk_debris,control,1
186,junk_doublet,control,1
187,Myeloid,control,1
188,B,control,1
189,junk_debris,control,1
190,junk_doublet,control,1
191,junk_noise,control,1
192,Neutrophil,control,1
193,junk_debris,control,1
194,junk_doublet,control,1
195,junk_debris,control,1
196,junk_debris,control,1
197,junk_doublet,control,1
198,CD8_T,control,1
199,junk_noise,control,1
200,junk_dead,control,1
201,junk_doublet,control,1
202,CD4_T,control,1
203,B,control,1
204,junk_debris,control,1
205,junk_debris,control,1
206,junk_noise,control,1
207,junk_dead,control,1
208,Myeloid,control,1
209,junk_debris,control,1
210,junk_debris,control,1
211,junk_doublet,control,1
212,junk_debris,control,1
213,junk_dead,control,1
214,junk_dead,control,1
215,CD8_T,control,1
216,junk_doublet,control,1
217,junk_debris,control,1
218,junk_debris,control,1
219,Neutrophil,control,1
220,junk_debris,control,1
221,junk_debris,control,1
222,junk_noise,control,1
223,junk_debris,control,1
224,junk_debris,control,1
225,junk_dead,control,1
226,junk_dead,control,1
227,junk_dead,control,1
228,junk_doublet,control,1
229,junk_dead,control,1
230,B,control,1
231,Myeloid,control,1
232,DC,control,1
233,B,control,1
234,Myeloid,control,1
235,junk_debris,control,1
236,NK,control,1
237,CD8_T,control,1
238,B,control,1
239,junk_doublet,control,1
240,B,control,1
241,B,control,1
242,junk_dead,control,1
243,junk_debris,control,1
244,Myeloid,control,1
245,junk_debris,control,1
246,Neutrophil,control,1
247,junk_debris,control,1
248,junk_dead,control,1
249,CD4_T,control,1
250,junk_dead,control,1
251,CD4_T,control,1
252,junk_doublet,control,1
253,B,control,1
254,junk_debris,control,1
255,junk_debris,control,1
256,junk_dead,control,1
257,B,control,1
258,B,control,1
259,B,control,1
260,junk_dead,control,1
261,junk_noise,control,1
262,DC,control,1
263,junk_dead,control,1
264,junk_noise,control,1
265,junk_dead,control,1
266,junk_debris,control,1
267,junk_doublet,control,1
268,B,control,1
269,junk_noise,control,1
270,Neutrophil,control,1
271,junk_debris,control,1
272,junk_noise,control,1
273,junk_debris,control,1
274,junk_debris,control,1
275,junk_doublet,control,1
276,Myeloid,control,1
277,junk_dead,control,1
278,junk_doublet,control,1
279,junk_doublet,control,1
280,junk_dead,control,1
281,B,control,1
282,junk_doublet,control,1
283,junk_dead,control,1
284,junk_doublet,control,1
285,CD8_T,control,1
286,junk_debris,control,1
287,junk_noise,control,1
288,junk_noise,control,1
289,junk_debris,control,1
290,junk_debris,control,1
291,junk_debris,control,1
292,B,control,1
293,junk_debris,control,1
294,CD8_T,control,1
295,junk_debris,control,1
296,junk_dead,control,1
297,junk_dead,control,1
298,junk_dead,control,1
299,junk_dead,control,1
300,junk_dead,control,1
301,DC,control,1
302,junk_doublet,control,1
303,Myeloid,control,1
304,junk_debris,control,1
305,junk_debris,control,1
306,B,control,1
307,junk_debris,control,1
308,junk_debris,control,1
309,junk_dead,control,1
310,CD8_T,control,1
311,NK,control,1
312,junk_debris,control,1
313,junk_dead,control,1
314,B,control,1
315,junk_doublet,control,1
316,junk_debris,control,1
317,junk_debris,control,1
318,Myeloid,control,1
319,junk_debris,control,1
320,junk_dead,control,1
321,junk_debris,control,1
322,Myeloid,control,1
323,CD4_T,control,1
324,B,control,1
325,Myeloid,control,1
326,junk_noise,control,1
327,junk_debris,control,1
328,junk_dead,control,1
329,junk_noise,control,1
330,junk_dead,control,1
331,junk_debris,control,1
332,junk_doublet,control,1
333,junk_debris,control,1
334,DC,control,1
335,junk_doublet,control,1
336,CD4_T,control,1
337,B,control,1
338,junk_dead,control,1
339,junk_doublet,control,1
340,junk_debris,control,1
341,junk_debris,control,1
342,Myeloid,control,1
343,junk_noise,control,1
344,junk_debris,control,1
345,junk_dead,control,1
346,junk_debris,control,1
347,junk_dead,control,1
348,CD8_T,control,1
349,junk_debris,control,1
350,junk_dead,control,1
351,junk_doublet,control,1
352,Myeloid,control,1
353,junk_dead,control,1
354,junk_noise,control,1
355,junk_debris,control,1
356,junk_noise,control,1
357,Neutrophil,control,1
358,junk_debris,control,1
359,junk_debris,control,1
360,CD4_T,control,1
361,CD8_T,control,1
362,junk_dead,control,1
363,junk_dead,control,1
364,B,control,1
365,junk_doublet,control,1
366,junk_debris,control,1
367,junk_dead,control,1
368,junk_debris,control,1
369,junk_debris,control,1
370,junk_dead,control,1
371,junk_debris,control,1
372,junk_doublet,control,1
373,Myeloid,control,1
374,Myeloid,control,1
375,B,control,1
376,junk_noise,control,1
377,CD4_T,control,1
378,DC,control,1
379,junk_debris,control,1
380,junk_noise,control,1
381,junk_doublet,control,1
382,B,control,1
383,junk_noise,control,1
384,junk_noise,control,1
385,junk_debris,control,1
386,Myeloid,control,1
387,Myeloid,control,1
388,junk_debris,control,1
389,junk_doublet,control,1
390,junk_debris,control,1
391,Neutrophil,control,1
392,Neutrophil,control,1
393,CD8_T,control,1
394,junk_dead,control,1
395,Neutrophil,control,1
396,junk_debris,control,1
397,junk_doublet,control,1
398,junk_dead,control,1
399,junk_debris,control,1
400,CD4_T,control,1
401,junk_dead,control,1
402,junk_debris,control,1
403,junk_doublet,control,1
404,junk_dead,control,1
405,junk_dead,control,1
406,junk_dead,control,1
407,DC,control,1
408,B,control,1
409,junk_doublet,control,1
410,junk_dead,control,1
411,junk_doublet,control,1
412,junk_debris,control,1
413,junk_noise,control,1
414,CD8_T,control,1
415,junk_doublet,control,1
416,CD8_T,control,1
417,DC,control,1
418,junk_noise,control,1
419,junk_doublet,control,1
420,junk_noise,control,1
421,junk_doublet,control,1
422,Neutrophil,control,1
423,B,control,1
424,junk_dead,control,1
425,B,control,1
426,junk_noise,control,1
427,junk_doublet,control,1
428,junk_dead,control,1
429,NK,control,1
430,junk_dead,control,1
431,Myeloid,control,1
432,B,control,1
433,Myeloid,control,1
434,CD4_T,control,1
435,B,control,1
436,junk_debris,control,1
437,junk_noise,control,1
438,junk_debris,control,1
439,CD4_T,control,1
440,junk_dead,control,1
441,junk_dead,control,1
442,Myeloid,control,1
443,Myeloid,control,1
444,CD8_T,control,1
445,junk_debris,control,1
446,junk_dead,control,1
447,CD8_T,control,1
448,junk_debris,control,1
449,junk_noise,control,1
450,CD4_T,control,1
451,junk_doublet,control,1
452,DC,control,1
453,junk_dead,control,1
454,junk_debris,control,1
455,junk_debris,control,1
456,junk_debris,control,1
457,junk_doublet,control,1
458,junk_debris,control,1
459,junk_debris,control,1
460,junk_doublet,control,1
461,junk_doublet,control,1
462,junk_debris,control,1
463,junk_doublet,control,1
464,junk_debris,control,1
465,CD8_T,control,1
466,junk_debris,control,1
467,junk_debris,control,1
468,CD8_T,control,1
469,junk_dead,control,1
470,junk_doublet,control,1
471,junk_dead,control,1
472,junk_dead,control,1
473,junk_noise,control,1
474,junk_dead,control,1
475,Myeloid,control,1
476,junk_noise,control,1
477,NK,control,1
478,CD8_T,control,1
479,CD8_T,control,1
480,DC,control,1
481,junk_doublet,control,1
482,junk_doublet,control,1
483,junk_debris,control,1
484,junk_doublet,control,1
485,junk_debris,control,1
486,junk_dead,control,1
487,CD4_T,control,1
488,junk_doublet,control,1
489,CD4_T,control,1
490,junk_dead,control,1
491,junk_debris,control,1
492,junk_debris,control,1
493,B,control,1
494,junk_debris,control,1
495,CD8_T,control,1
496,junk_debris,control,1
497,DC,control,1
498,B,control,1
499,junk_doublet,control,1
500,Neutrophil,control,1
501,CD4_T,control,1
502,junk_noise,control,1
503,B,control,1
504,Myeloid,control,1
505,CD4_T,control,1
506,junk_debris,control,1
507,junk_dead,control,1
508,Myeloid,control,1
509,junk_noise,control,1
510,Myeloid,control,1
511,junk_doublet,control,1
512,junk_doublet,control,1
513,junk_doublet,control,1
514,CD4_T,control,1
515,Myeloid,control,1
516,junk_debris,control,1
517,junk_dead,control,1
518,CD4_T,control,1
519,junk_debris,control,1
520,junk_debris,control,1
521,junk_debris,control,1
522,junk_debris,control,1
523,Neutrophil,control,1
524,junk_noise,control,1
525,Neutrophil,control,1
526,Myeloid,control,1
527,junk_doublet,control,1
528,junk_debris,control,1
529,junk_debris,control,1
530,junk_noise,control,1
531,Neutrophil,control,1
532,junk_dead,control,1
533,junk_debris,control,1
534,junk_debris,control,1
535,B,control,1
536,Myeloid,control,1
537,junk_debris,control,1
538,CD8_T,control,1
539,junk_doublet,control,1
540,junk_dead,control,1
541,DC,control,1
542,CD8_T,control,1
543,junk_dead,control,1
544,junk_doublet,control,1
545,Myeloid,control,1
546,junk_noise,control,1
547,junk_noise,control,1
548,B,control,1
549,junk_debris,control,1
550,junk_dead,control,1
551,CD4_T,control,1
552,CD8_T,control,1
553,Myeloid,control,1
554,junk_dead,control,1
555,junk_doublet,control,1
556,NK,control,1
557,junk_debris,control,1
558,junk_doublet,control,1
559,junk_debris,control,1
560,junk_dead,control,1
561,B,control,1
562,junk_dead,control,1
563,junk_debris,control,1
564,junk_debris,control,1
565,NK,control,1
566,junk_noise,control,1
567,junk_debris,control,1
568,CD4_T,control,1
569,junk_noise,control,1
570,junk_dead,control,1
571,Neutrophil,control,1
572,junk_doublet,control,1
573,junk_doublet,control,1
574,junk_noise,control,1
575,junk_doublet,control,1
576,junk_dead,control,1
577,B,control,1
578,B,control,1
579,B,control,1
580,CD8_T,control,1
581,junk_dead,control,1
582,junk_debris,control,1
583,junk_debris,control,1
584,junk_noise,control,1
585,junk_debris,control,1
586,junk_debris,control,1
587,DC,control,1
588,junk_noise,control,1
589,CD4_T,control,1
590,junk_noise,control,1
591,junk_noise,control,1
592,Neutrophil,control,1
593,junk_debris,control,1
594,junk_debris,control,1
595,junk_noise,control,1
596,junk_dead,control,1
597,junk_debris,control,1
598,junk_noise,control,1
599,NK,control,1
600,NK,control,1
601,junk_doublet,control,1
602,B,control,1
603,junk_dead,control,1
604,junk_doublet,control,1
605,junk_noise,control,1
606,CD8_T,control,1
607,junk_doublet,control,1
608,junk_debris,control,1
609,junk_debris,control,1
610,junk_dead,control,1
611,Myeloid,control,1
612,CD8_T,control,1
613,junk_dead,control,1
614,junk_debris,control,1
615,junk_noise,control,1
616,junk_noise,control,1
617,CD4_T,control,1
618,Myeloid,control,1
619,B,control,1
620,Neutrophil,control,1
621,B,control,1
622,junk_doublet,control,1
623,junk_debris,control,1
624,junk_doublet,control,1
625,junk_doublet,control,1
626,junk_dead,control,1
627,CD4_T,control,1
628,B,control,1
629,Myeloid,control,1
630,junk_debris,control,1
631,junk_debris,control,1
632,B,control,1
633,junk_debris,control,1
634,junk_noise,control,1
635,DC,control,1
636,junk_debris,control,1
637,junk_doublet,control,1
638,junk_dead,control,1
639,NK,control,1
640,junk_doublet,control,1
641,junk_debris,control,1
642,junk_debris,control,1
643,B,control,1
644,junk_noise,control,1
645,CD4_T,control,1
646,junk_noise,control,1
647,Neutrophil,control,1
648,junk_doublet,control,1
649,Myeloid,control,1
650,junk_debris,control,1
651,B,control,1
652,junk_debris,control,1
653,B,control,1
654,B,control,1
655,junk_noise,control,1
656,junk_dead,control,1
657,B,control,1
658,B,control,1
659,CD4_T,control,1
660,CD4_T,control,1
661,junk_noise,control,1
662,junk_noise,control,1
663,junk_noise,control,1
664,junk_dead,control,1
665,CD4_T,control,1
666,junk_doublet,control,1
667,junk_doublet,control,1
668,DC,control,1
669,junk_doublet,control,1
670,junk_debris,control,1
671,CD4_T,control,1
672,junk_doublet,control,1
673,CD4_T,control,1
674,junk_noise,control,1
675,junk_noise,control,1
676,junk_noise,control,1
677,junk_dead,control,1
678,junk_doublet,control,1
679,junk_doublet,control,1
680,junk_noise,control,1
681,CD8_T,control,1
682,junk_dead,control,1
683,junk_doublet,control,1
684,junk_debris,control,1
685,junk_doublet,control,1
686,junk_noise,control,1
687,junk_doublet,control,1
688,junk_debris,control,1
689,junk_debris,control,1
690,B,control,1
691,NK,control,1
692,junk_doublet,control,1
693,junk_dead,control,1
694,junk_doublet,control,1
695,CD4_T,control,1
696,junk_debris,control,1
697,junk_noise,control,1
698,Neutrophil,control,1
699,Myeloid,control,1
700,junk_dead,control,1
701,junk_debris,control,1
702,B,control,1
703,DC,control,1
704,CD4_T,control,1
705,junk_debris,control,1
706,CD8_T,control,1
707,junk_dead,control,1
708,junk_doublet,control,1
709,junk_noise,control,1
710,junk_dead,control,1
711,junk_noise,control,1
712,junk_dead,control,1
713,junk_doublet,control,1
714,junk_doublet,control,1
715,junk_debris,control,1
716,junk_dead,control,1
717,junk_debris,control,1
718,junk_noise,control,1
719,junk_debris,control,1
720,CD8_T,control,1
721,Neutrophil,control,1
722,junk_noise,control,1
723,CD8_T,control,1
724,B,control,1
725,B,control,1
726,junk_dead,control,1
727,junk_debris,control,1
728,junk_debris,control,1
729,junk_dead,control,1
730,CD4_T,control,1
731,CD8_T,control,1
732,junk_doublet,control,1
733,B,control,1
734,junk_debris,control,1
735,B,control,1
736,junk_debris,control,1
737,junk_dead,control,1
738,junk_debris,control,1
739,NK,control,1
740,junk_debris,control,1
741,junk_dead,control,1
742,junk_noise,control,1
743,junk_debris,control,1
744,junk_doublet,control,1
745,junk_dead,control,1
746,junk_noise,control,1
747,Neutrophil,control,1
748,B,control,1
749,junk_debris,control,1
750,junk_debris,control,1
751,junk_doublet,control,1
752,junk_doublet,control,1
753,B,control,1
754,junk_debris,control,1
755,junk_doublet,control,1
756,CD4_T,control,1
757,junk_doublet,control,1
758,CD4_T,control,1
759,junk_debris,control,1
760,junk_doublet,control,1
761,junk_debris,control,1
762,B,control,1
763,CD8_T,control,1
764,junk_dead,control,1
765,CD4_T,control,1
766,junk_noise,control,1
767,B,control,1
768,CD8_T,control,1
769,junk_dead,control,1
770,NK,control,1
771,Myeloid,control,1
772,junk_noise,control,1
773,junk_debris,control,1
774,junk_noise,control,1
775,CD8_T,control,1
776,junk_dead,control,1
777,CD8_T,control,1
778,CD4_T,control,1
779,junk_debris,control,1
780,B,control,1
781,junk_debris,control,1
782,B,control,1
783,junk_doublet,control,1
784,junk_noise,control,1
785,junk_noise,control,1
786,NK,control,1
787,Neutrophil,control,1
788,junk_doublet,control,1
789,B,control,1
790,junk_debris,control,1
791,junk_debris,control,1
792,CD4_T,control,1
793,DC,control,1
794,junk_dead,control,1
795,junk_debris,control,1
796,junk_debris,control,1
797,CD4_T,control,1
798,junk_noise,control,1
799,junk_debris,control,1
800,junk_noise,control,1
801,Myeloid,control,1
802,junk_debris,control,1
803,junk_noise,control,1
804,junk_noise,control,1
805,junk_dead,control,1
806,B,control,1
807,junk_noise,control,1
808,junk_dead,control,1
809,junk_doublet,control,1
810,junk_debris,control,1
811,junk_dead,control,1
812,B,control,1
813,junk_debris,control,1
814,Myeloid,control,1
815,junk_debris,control,1
816,junk_debris,control,1
817,Myeloid,control,1
818,junk_debris,control,1
819,junk_dead,control,1
820,CD8_T,control,1
821,junk_debris,control,1
822,junk_doublet,control,1
823,junk_debris,control,1
824,Neutrophil,control,1
825,junk_debris,control,1
826,Neutrophil,control,1
827,CD8_T,control,1
828,junk_doublet,control,1
829,junk_doublet,control,1
830,junk_dead,control,1
831,CD4_T,control,1
832,Myeloid,control,1
833,junk_debris,control,1
834,Neutrophil,control,1
835,CD8_T,control,1
836,junk_doublet,control,1
837,junk_debris,control,1
838,Neutrophil,control,1
839,B,control,1
840,junk_doublet,control,1
841,junk_dead,control,1
842,junk_debris,control,1
843,junk_debris,control,1
844,CD4_T,control,1
845,junk_debris,control,1
846,junk_dead,control,1
847,junk_doublet,control,1
848,junk_debris,control,1
849,junk_debris,control,1
850,junk_dead,control,1
851,junk_debris,control,1
852,Neutrophil,control,1
853,Myeloid,control,1
854,junk_debris,control,1
855,Neutrophil,control,1
856,DC,control,1
857,junk_debris,control,1
858,B,control,1
859,junk_dead,control,1
860,junk_dead,control,1
861,junk_dead,control,1
862,junk_debris,control,1
863,junk_dead,control,1
864,junk_debris,control,1
865,junk_debris,control,1
866,junk_debris,control,1
867,junk_dead,control,1
868,junk_debris,control,1
869,B,control,1
870,junk_debris,control,1
871,junk_doublet,control,1
872,B,control,1
873,junk_dead,control,1
874,junk_dead,control,1
875,junk_dead,control,1
876,Myeloid,control,1
877,CD8_T,control,1
878,B,control,1
879,junk_doublet,control,1
880,Neutrophil,control,1
881,junk_doublet,control,1
882,CD4_T,control,1
883,junk_debris,control,1
884,CD8_T,control,1
885,junk_noise,control,1
886,junk_doublet,control,1
887,junk_debris,control,1
888,NK,control,1
889,NK,control,1
890,junk_dead,control,1
891,junk_dead,control,1
892,Myeloid,control,1
893,junk_noise,control,1
894,junk_doublet,control,1
895,junk_debris,control,1
896,junk_debris,control,1
897,junk_dead,control,1
898,DC,control,1
899,Neutrophil,control,1
900,junk_doublet,control,1
901,NK,control,1
902,junk_debris,control,1
903,DC,control,1
904,Neutrophil,control,1
905,junk_noise,control,1
906,junk_doublet,control,1
907,junk_dead,control,1
908,junk_debris,control,1
909,junk_noise,control,1
910,junk_doublet,control,1
911,CD4_T,control,1
912,B,control,1
913,B,control,1
914,Myeloid,control,1
915,Myeloid,control,1
916,junk_doublet,control,1
917,junk_doublet,control,1
918,junk_noise,control,1
919,CD4_T,control,1
920,junk_noise,control,1
921,Myeloid,control,1
922,junk_debris,control,1
923,junk_debris,control,1
924,B,control,1
925,junk_debris,control,1
926,B,control,1
927,junk_doublet,control,1
928,B,control,1
929,Myeloid,control,1
930,CD8_T,control,1
931,junk_debris,control,1
932,junk_dead,control,1
933,junk_noise,control,1
934,junk_debris,control,1
935,junk_debris,control,1
936,junk_noise,control,1
937,junk_dead,control,1
938,junk_doublet,control,1
939,junk_debris,control,1
940,junk_doublet,control,1
941,junk_noise,control,1
942,junk_debris,control,1
943,junk_dead,control,1
944,Myeloid,control,1
945,junk_debris,control,1
946,B,control,1
947,NK,control,1
948,B,control,1
949,junk_doublet,control,1
950,DC,control,1
951,junk_doublet,control,1
952,junk_doublet,control,1
953,junk_debris,control,1
954,junk_debris,control,1
955,junk_debris,control,1
956,B,control,1
957,junk_dead,control,1
958,junk_dead,control,1
959,junk_debris,control,1
960,junk_dead,control,1
961,junk_debris,control,1
962,junk_dead,control,1
963,junk_debris,control,1
964,Myeloid,control,1
965,Myeloid,control,1
966,junk_dead,control,1
967,junk_doublet,control,1
968,CD4_T,control,1
969,junk_debris,control,1
970,CD4_T,control,1
971,junk_debris,control,1
972,junk_dead,control,1
973,B,control,1
974,Neutrophil,control,1
975,junk_doublet,control,1
976,junk_doublet,control,1
977,junk_debris,control,1
978,Myeloid,control,1
979,CD4_T,control,1
980,Myeloid,control,1
981,CD4_T,control,1
982,junk_doublet,control,1
983,Myeloid,control,1
984,junk_doublet,control,1
985,junk_debris,control,1
986,CD8_T,control,1
987,DC,control,1
988,B,control,1
989,junk_dead,control,1
990,junk_debris,control,1
991,CD4_T,control,1
992,B,control,1
993,Neutrophil,control,1
994,junk_noise,control,1
995,junk_noise,control,1
996,junk_dead,control,1
997,junk_doublet,control,1
998,CD4_T,control,1
999,junk_debris,control,1
1000,B,control,1
1001,junk_doublet,control,1
1002,junk_doublet,control,1
1003,junk_debris,control,1
1004,junk_dead,control,1
1005,junk_noise,control,1
1006,junk_noise,control,1
1007,B,control,1
1008,junk_debris,control,1
1009,junk_dead,control,1
1010,junk_debris,control,1
1011,DC,control,1
1012,junk_noise,control,1
1013,DC,control,1
1014,junk_dead,control,1
1015,junk_dead,control,1
1016,Neutrophil,control,1
1017,CD4_T,control,1
1018,junk_debris,control,1
1019,CD8_T,control,1
1020,junk_dead,control,1
1021,junk_dead,control,1
1022,Myeloid,control,1
1023,junk_debris,control,1
1024,Myeloid,control,1
1025,Neutrophil,control,1
1026,junk_dead,control,1
1027,CD4_T,control,1
1028,junk_debris,control,1
1029,CD4_T,control,1
1030,CD8_T,control,1
1031,Neutrophil,control,1
1032,junk_doublet,control,1
1033,CD8_T,control,1
1034,junk_debris,control,1
1035,B,control,1
1036,DC,control,1
1037,junk_dead,control,1
1038,CD4_T,control,1
1039,junk_noise,control,1
1040,junk_dead,control,1
1041,Myeloid,control,1
1042,CD8_T,control,1
1043,junk_noise,control,1
1044,junk_debris,control,1
1045,junk_doublet,control,1
1046,junk_doublet,control,1
1047,B,control,1
1048,CD4_T,control,1
1049,CD4_T,control,1
1050,junk_doublet,control,1
1051,junk_doublet,control,1
1052,B,control,1
1053,B,control,1
1054,junk_noise,control,1
1055,junk_dead,control,1
1056,B,control,1
1057,junk_noise,control,1
1058,NK,control,1
1059,junk_debris,control,1
1060,Myeloid,control,1
1061,junk_dead,control,1
1062,Myeloid,control,1
1063,B,control,1
1064,junk_debris,control,1
1065,junk_dead,control,1
1066,junk_dead,control,1
1067,Myeloid,control,1
1068,junk_debris,control,1
1069,B,control,1
1070,junk_debris,control,1
1071,junk_noise,control,1
1072,junk_doublet,control,1
1073,Neutrophil,control,1
1074,junk_dead,control,1
1075,junk_debris,control,1
1076,CD4_T,control,1
1077,junk_noise,control,1
1078,junk_debris,control,1
1079,junk_noise,control,1
1080,Neutrophil,control,1
1081,junk_noise,control,1
1082,junk_doublet,control,1
1083,junk_doublet,control,1
1084,NK,control,1
1085,junk_dead,control,1
1086,junk_doublet,control,1
1087,Neutrophil,control,1
1088,junk_dead,control,1
1089,Myeloid,control,1
1090,Neutrophil,control,1
1091,B,control,1
1092,DC,control,1
1093,Neutrophil,control,1
1094,NK,control,1
1095,Neutrophil,control,1
1096,junk_noise,control,1
1097,Neutrophil,control,1
1098,DC,control,1
1099,junk_doublet,control,1
1100,CD4_T,control,1
1101,junk_noise,control,1
1102,Myeloid,control,1
1103,CD8_T,control,1
1104,junk_noise,control,1
1105,junk_doublet,control,1
1106,Myeloid,control,1
1107,junk_debris,control,1
1108,junk_dead,control,1
1109,junk_dead,control,1
1110,junk_debris,control,1
1111,junk_dead,control,1
1112,junk_doublet,control,1
1113,Neutrophil,control,1
1114,CD4_T,control,1
1115,junk_debris,control,1
1116,junk_doublet,control,1
1117,junk_debris,control,1
1118,CD4_T,control,1
1119,B,control,1
1120,junk_doublet,control,1
1121,junk_debris,control,1
1122,junk_noise,control,1
1123,junk_doublet,control,1
1124,junk_dead,control,1
1125,junk_debris,control,1
1126,junk_doublet,control,1
1127,B,control,1
1128,junk_debris,control,1
1129,CD4_T,control,1
1130,CD8_T,control,1
1131,CD4_T,control,1
1132,junk_debris,control,1
1133,CD4_T,control,1
1134,Myeloid,control,1
1135,junk_noise,control,1
1136,junk_doublet,control,1
1137,junk_doublet,control,1
1138,junk_noise,control,1
1139,junk_debris,control,1
1140,junk_doublet,control,1
1141,junk_doublet,control,1
1142,junk_dead,control,1
1143,B,control,1
1144,junk_debris,control,1
1145,junk_noise,control,1
1146,CD8_T,control,1
1147,junk_debris,control,1
1148,junk_debris,control,1
1149,junk_debris,control,1
1150,junk_doublet,control,1
1151,Neutrophil,control,1
1152,junk_dead,control,1
1153,junk_dead,control,1
1154,junk_dead,control,1
1155,junk_doublet,control,1
1156,B,control,1
1157,junk_noise,control,1
1158,junk_debris,control,1
1159,junk_debris,control,1
1160,junk_debris,control,1
1161,junk_noise,control,1
1162,junk_noise,control,1
1163,CD4_T,control,1
1164,B,control,1
1165,junk_debris,control,1
1166,junk_dead,control,1
1167,junk_dead,control,1
1168,junk_doublet,control,1
1169,junk_doublet,control,1
1170,junk_dead,control,1
1171,junk_doublet,control,1
1172,Neutrophil,control,1
1173,junk_dead,control,1
1174,junk_doublet,control,1
1175,B,control,1
1176,junk_debris,control,1
1177,junk_dead,control,1
1178,junk_debris,control,1
1179,Myeloid,control,1
1180,junk_doublet,control,1
1181,junk_doublet,control,1
1182,junk_debris,control,1
1183,CD8_T,control,1
1184,junk_doublet,control,1
1185,junk_doublet,control,1
1186,junk_debris,control,1
1187,B,control,1
1188,junk_doublet,control,1
1189,junk_doublet,control,1
1190,junk_debris,control,1
1191,junk_debris,control,1
1192,CD4_T,control,1
1193,junk_noise,control,1
1194,junk_doublet,control,1
1195,junk_debris,control,1
1196,junk_debris,control,1
1197,junk_noise,control,1
1198,CD4_T,control,1
1199,junk_noise,control,1
1200,CD4_T,control,1
1201,NK,control,1
1202,Neutrophil,control,1
1203,junk_noise,control,1
1204,junk_doublet,control,1
1205,junk_debris,control,1
1206,junk_dead,control,1
1207,junk_noise,control,1
1208,B,control,1
1209,junk_debris,control,1
1210,junk_dead,control,1
1211,junk_dead,control,1
1212,junk_doublet,control,1
1213,junk_dead,control,1
1214,junk_dead,control,1
1215,Neutrophil,control,1
1216,junk_noise,control,1
1217,CD4_T,control,1
1218,junk_noise,control,1
1219,junk_dead,control,1
1220,B,control,1
1221,Neutrophil,control,1
1222,junk_doublet,control,1
1223,Neutrophil,control,1
1224,junk_dead,control,1
1225,Myeloid,control,1
1226,Neutrophil,control,1
1227,junk_debris,control,1
1228,junk_dead,control,1
1229,junk_doublet,control,1
1230,junk_dead,control,1
1231,junk_noise,control,1
1232,junk_dead,control,1
1233,B,control,1
1234,NK,control,1
1235,junk_doublet,control,1
1236,junk_debris,control,1
1237,NK,control,1
1238,junk_doublet,control,1
1239,junk_noise,control,1
1240,junk_debris,control,1
1241,junk_debris,control,1
1242,CD8_T,control,1
1243,junk_dead,control,1
1244,junk_debris,control,1
1245,junk_debris,control,1
1246,CD8_T,control,1
1247,Myeloid,control,1
1248,junk_debris,control,1
1249,junk_dead,control,1
1250,NK,control,1
1251,CD4_T,control,1
1252,junk_doublet,control,1
1253,Myeloid,control,1
1254,junk_doublet,control,1
1255,junk_debris,control,1
1256,junk_debris,control,1
1257,B,control,1
1258,junk_doublet,control,1
1259,junk_debris,control,1
1260,junk_dead,control,1
1261,junk_doublet,control,1
1262,CD4_T,control,1
1263,junk_debris,control,1
1264,junk_doublet,control,1
1265,junk_doublet,control,1
1266,B,control,1
1267,junk_debris,control,1
1268,junk_doublet,control,1
1269,CD4_T,control,1
1270,Myeloid,control,1
1271,junk_dead,control,1
1272,DC,control,1
1273,Myeloid,control,1
1274,junk_noise,control,1
1275,Myeloid,control,1
1276,junk_debris,control,1
1277,junk_doublet,control,1
1278,junk_dead,control,1
1279,DC,control,1
1280,junk_dead,control,1
1281,junk_debris,control,1
1282,junk_dead,control,1
1283,Myeloid,control,1
1284,junk_doublet,control,1
1285,junk_noise,control,1
1286,junk_dead,control,1
1287,Neutrophil,control,1
1288,Neutrophil,control,1
1289,junk_debris,control,1
1290,Myeloid,control,1
1291,CD8_T,control,1
1292,junk_debris,control,1
1293,Myeloid,control,1
1294,CD4_T,control,1
1295,junk_doublet,control,1
1296,Myeloid,control,1
1297,CD4_T,control,1
1298,Myeloid,control,1
1299,junk_doublet,control,1
1300,junk_debris,control,1
1301,junk_debris,control,1
1302,NK,control,1
1303,DC,control,1
1304,junk_dead,control,1
1305,NK,control,1
1306,Neutrophil,control,1
1307,junk_debris,control,1
1308,junk_doublet,control,1
1309,junk_debris,control,1
1310,junk_dead,control,1
1311,junk_debris,control,1
1312,junk_debris,control,1
1313,CD8_T,control,1
1314,Myeloid,control,1
1315,junk_doublet,control,1
1316,junk_dead,control,1
1317,junk_doublet,control,1
1318,CD8_T,control,1
1319,junk_noise,control,1
1320,B,control,1
1321,junk_noise,control,1
1322,junk_noise,control,1
1323,junk_doublet,control,1
1324,junk_dead,control,1
1325,NK,control,1
1326,junk_debris,control,1
1327,junk_dead,control,1
1328,CD8_T,control,1
1329,junk_noise,control,1
1330,junk_debris,control,1
1331,CD4_T,control,1
1332,junk_noise,control,1
1333,junk_doublet,control,1
1334,NK,control,1
1335,junk_dead,control,1
1336,junk_debris,control,1
1337,junk_debris,control,1
1338,CD8_T,control,1
1339,junk_dead,control,1
1340,junk_doublet,control,1
1341,DC,control,1
1342,junk_doublet,control,1
1343,junk_doublet,control,1
1344,junk_dead,control,1
1345,junk_dead,control,1
1346,junk_doublet,control,1
1347,junk_noise,control,1
1348,junk_dead,control,1
1349,junk_debris,control,1
1350,junk_dead,control,1
1351,junk_dead,control,1
1352,junk_doublet,control,1
1353,CD4_T,control,1
1354,junk_doublet,control,1
1355,Neutrophil,control,1
1356,CD4_T,control,1
1357,junk_debris,control,1
1358,junk_debris,control,1
1359,NK,control,1
1360,junk_debris,control,1
1361,junk_doublet,control,1
1362,Myeloid,control,1
1363,junk_doublet,control,1
1364,B,control,1
1365,junk_noise,control,1
1366,junk_dead,control,1
1367,junk_doublet,control,1
1368,junk_doublet,control,1
1369,junk_debris,control,1
1370,B,control,1
1371,junk_dead,control,1
1372,junk_dead,control,1
1373,Myeloid,control,1
1374,junk_noise,control,1
1375,junk_dead,control,1
1376,B,control,1
1377,junk_dead,control,1
1378,CD4_T,control,1
1379,CD4_T,control,1
1380,NK,control,1
1381,junk_dead,control,1
1382,junk_noise,control,1
1383,junk_dead,control,1
1384,junk_doublet,control,1
1385,B,control,1
1386,junk_debris,control,1
1387,Myeloid,control,1
1388,B,control,1
1389,CD4_T,control,1
1390,junk_dead,control,1
1391,junk_debris,control,1
1392,junk_dead,control,1
1393,junk_debris,control,1
1394,CD4_T,control,1
1395,CD4_T,control,1
1396,B,control,1
1397,junk_debris,control,1
1398,CD4_T,control,1
1399,junk_dead,control,1
1400,junk_debris,control,1
1401,junk_debris,control,1
1402,NK,control,1
1403,junk_debris,control,1
1404,junk_debris,control,1
1405,Neutrophil,control,1
1406,B,control,1
1407,junk_debris,control,1
1408,junk_debris,control,1
1409,junk_debris,control,1
1410,CD4_T,control,1
1411,junk_debris,control,1
1412,junk_doublet,control,1
1413,B,control,1
1414,junk_debris,control,1
1415,B,control,1
1416,junk_debris,control,1
1417,junk_noise,control,1
1418,B,control,1
1419,NK,control,1
1420,B,control,1
1421,CD4_T,control,1
1422,Myeloid,control,1
1423,junk_dead,control,1
1424,Myeloid,control,1
1425,CD8_T,control,1
1426,junk_dead,control,1
1427,B,control,1
1428,junk_debris,control,1
1429,junk_doublet,control,1
1430,CD4_T,control,1
1431,junk_debris,control,1
1432,junk_noise,control,1
1433,junk_noise,control,1
1434,junk_doublet,control,1
1435,DC,control,1
1436,junk_debris,control,1
1437,junk_debris,control,1
1438,CD4_T,control,1
1439,junk_debris,control,1
1440,junk_doublet,control,1
1441,CD4_T,control,1
1442,junk_debris,control,1
1443,B,control,1
1444,Myeloid,control,1
1445,junk_dead,control,1
1446,Myeloid,control,1
1447,junk_doublet,control,1
1448,CD4_T,control,1
1449,junk_debris,control,1
1450,junk_dead,control,1
1451,CD4_T,control,1
1452,B,control,1
1453,junk_dead,control,1
1454,junk_dead,control,1
1455,junk_dead,control,1
1456,junk_doublet,control,1
1457,junk_debris,control,1
1458,junk_debris,control,1
1459,junk_dead,control,1
1460,B,control,1
1461,Myeloid,control,1
1462,junk_debris,control,1
1463,junk_debris,control,1
1464,junk_debris,control,1
1465,junk_debris,control,1
1466,junk_doublet,control,1
1467,junk_noise,control,1
1468,junk_debris,control,1
1469,junk_debris,control,1
1470,junk_dead,control,1
1471,junk_noise,control,1
1472,junk_debris,control,1
1473,Myeloid,control,1
1474,Neutrophil,control,1
1475,junk_debris,control,1
1476,junk_debris,control,1
1477,junk_doublet,control,1
1478,CD4_T,control,1
1479,junk_noise,control,1
1480,junk_debris,control,1
1481,Myeloid,control,1
1482,junk_dead,control,1
1483,junk_debris,control,1
1484,junk_noise,control,1
1485,junk_doublet,control,1
1486,junk_dead,control,1
1487,junk_doublet,control,1
1488,junk_doublet,control,1
1489,junk_debris,control,1
1490,CD8_T,control,1
1491,CD8_T,control,1
1492,junk_debris,control,1
1493,junk_debris,control,1
1494,CD4_T,control,1
1495,junk_debris,control,1
1496,junk_doublet,control,1
1497,junk_debris,control,1
1498,junk_debris,control,1
1499,junk_doublet,control,1
1500,junk_debris,control,1
1501,junk_debris,control,1
1502,junk_dead,control,1
1503,B,control,1
1504,CD8_T,control,1
1505,junk_dead,control,1
1506,junk_debris,control,1
1507,junk_noise,control,1
1508,junk_dead,control,1
1509,junk_doublet,control,1
1510,junk_dead,control,1
1511,Neutrophil,control,1
1512,junk_debris,control,1
1513,junk_debris,control,1
1514,NK,control,1
1515,Neutrophil,control,1
1516,junk_doublet,control,1
1517,Neutrophil,control,1
1518,CD8_T,control,1
1519,junk_debris,control,1
1520,junk_debris,control,1
1521,junk_doublet,control,1
1522,junk_dead,control,1
1523,Myeloid,control,1
1524,junk_debris,control,1
1525,junk_debris,control,1
1526,junk_noise,control,1
1527,junk_debris,control,1
1528,junk_debris,control,1
1529,junk_debris,control,1
1530,junk_doublet,control,1
1531,DC,control,1
1532,junk_dead,control,1
1533,B,control,1
1534,junk_doublet,control,1
1535,junk_dead,control,1
1536,junk_doublet,control,1
1537,junk_doublet,control,1
1538,junk_debris,control,1
1539,junk_debris,control,1
1540,CD4_T,control,1
1541,CD8_T,control,1
1542,junk_noise,control,1
1543,junk_debris,control,1
1544,junk_doublet,control,1
1545,B,control,1
1546,junk_dead,control,1
1547,B,control,1
1548,junk_debris,control,1
1549,Myeloid,control,1
1550,junk_noise,control,1
1551,junk_debris,control,1
1552,junk_debris,control,1
1553,junk_noise,control,1
1554,junk_debris,control,1
1555,junk_doublet,control,1
1556,junk_debris,control,1
1557,junk_noise,control,1
1558,junk_doublet,control,1
1559,junk_dead,control,1
1560,junk_noise,control,1
1561,B,control,1
1562,junk_noise,control,1
1563,junk_doublet,control,1
1564,Myeloid,control,1
1565,junk_doublet,control,1
1566,CD4_T,control,1
1567,junk_doublet,control,1
1568,B,control,1
1569,B,control,1
1570,B,control,1
1571,junk_doublet,control,1
1572,junk_noise,control,1
1573,junk_doublet,control,1
1574,B,control,1
1575,B,control,1
1576,junk_dead,control,1
1577,Myeloid,control,1
1578,junk_debris,control,1
1579,junk_doublet,control,1
1580,Neutrophil,control,1
1581,junk_dead,control,1
1582,junk_doublet,control,1
1583,DC,control,1
1584,junk_noise,control,1
1585,junk_dead,control,1
1586,Myeloid,control,1
1587,NK,control,1
1588,junk_dead,control,1
1589,junk_debris,control,1
1590,junk_doublet,control,1
1591,junk_noise,control,1
1592,junk_dead,control,1
1593,B,control,1
1594,junk_debris,control,1
1595,junk_noise,control,1
1596,Neutrophil,control,1
1597,junk_dead,control,1
1598,Neutrophil,control,1
1599,junk_noise,control,1
1600,CD8_T,control,1
1601,junk_doublet,control,1
1602,junk_noise,control,1
1603,junk_doublet,control,1
1604,junk_dead,control,1
1605,junk_debris,control,1
1606,B,control,1
1607,junk_dead,control,1
1608,junk_debris,control,1
1609,CD4_T,control,1
1610,junk_dead,control,1
1611,junk_debris,control,1
1612,Myeloid,control,1
1613,junk_dead,control,1
1614,junk_debris,control,1
1615,junk_debris,control,1
1616,junk_dead,control,1
1617,junk_debris,control,1
1618,B,control,1
1619,Neutrophil,control,1
1620,CD4_T,control,1
1621,Neutrophil,control,1
1622,junk_doublet,control,1
1623,junk_noise,control,1
1624,junk_debris,control,1
1625,junk_noise,control,1
1626,Neutrophil,control,1
1627,junk_doublet,control,1
1628,B,control,1
1629,CD8_T,control,1
1630,junk_debris,control,1
1631,CD4_T,control,1
1632,junk_noise,control,1
1633,junk_doublet,control,1
1634,junk_doublet,control,1
1635,CD4_T,control,1
1636,junk_dead,control,1
1637,junk_doublet,control,1
1638,junk_doublet,control,1
1639,B,control,1
1640,CD4_T,control,1
1641,junk_noise,control,1
1642,junk_debris,control,1
1643,B,control,1
1644,junk_doublet,control,1
1645,junk_debris,control,1
1646,junk_dead,control,1
1647,CD4_T,control,1
1648,junk_noise,control,1
1649,junk_dead,control,1
1650,Myeloid,control,1
1651,Neutrophil,control,1
1652,B,control,1
1653,junk_debris,control,1
1654,junk_noise,control,1
1655,junk_debris,control,1
1656,junk_debris,control,1
1657,junk_doublet,control,1
1658,junk_debris,control,1
1659,Myeloid,control,1
1660,junk_debris,control,1
1661,NK,control,1
1662,B,control,1
1663,junk_dead,control,1
1664,CD8_T,control,1
1665,junk_debris,control,1
1666,junk_doublet,control,1
1667,junk_dead,control,1
1668,Myeloid,control,1
1669,NK,control,1
1670,CD4_T,control,1
1671,junk_debris,control,1
1672,CD4_T,control,1
1673,junk_doublet,control,1
1674,NK,control,1
1675,junk_debris,control,1
1676,junk_debris,control,1
1677,junk_dead,control,1
1678,CD4_T,control,1
1679,CD8_T,control,1
1680,junk_doublet,control,1
1681,junk_noise,control,1
1682,junk_doublet,control,1
1683,NK,control,1
1684,DC,control,1
1685,junk_debris,control,1
1686,junk_debris,control,1
1687,junk_debris,control,1
1688,CD4_T,control,1
1689,B,control,1
1690,B,control,1
1691,junk_debris,control,1
1692,Neutrophil,control,1
1693,B,control,1
1694,CD4_T,control,1
1695,B,control,1
1696,B,control,1
1697,junk_dead,control,1
1698,NK,control,1
1699,junk_debris,control,1
1700,junk_debris,control,1
1701,junk_doublet,control,1
1702,NK,control,1
1703,junk_debris,control,1
1704,junk_doublet,control,1
1705,Neutrophil,control,1
1706,junk_debris,control,1
1707,B,control,1
1708,B,control,1
1709,Neutrophil,control,1
1710,junk_doublet,control,1
1711,junk_noise,control,1
1712,junk_dead,control,1
1713,CD4_T,control,1
1714,junk_noise,control,1
1715,junk_doublet,control,1
1716,junk_debris,control,1
1717,junk_debris,control,1
1718,B,control,1
1719,B,control,1
1720,junk_doublet,control,1
1721,junk_doublet,control,1
1722,junk_dead,control,1
1723,junk_debris,control,1
1724,junk_debris,control,1
1725,junk_dead,control,1
1726,CD8_T,control,1
1727,junk_noise,control,1
1728,DC,control,1
1729,junk_noise,control,1
1730,Neutrophil,control,1
1731,junk_debris,control,1
1732,junk_debris,control,1
1733,junk_debris,control,1
1734,junk_noise,control,1
1735,junk_dead,control,1
1736,junk_doublet,control,1
1737,junk_doublet,control,1
1738,junk_debris,control,1
1739,junk_dead,control,1
1740,B,control,1
1741,junk_dead,control,1
1742,DC,control,1
1743,Neutrophil,control,1
1744,junk_doublet,control,1
1745,junk_doublet,control,1
1746,junk_noise,control,1
1747,NK,control,1
1748,junk_debris,control,1
1749,junk_debris,control,1
1750,junk_noise,control,1
1751,CD4_T,control,1
1752,junk_debris,control,1
1753,B,control,1
1754,junk_debris,control,1
1755,B,control,1
1756,junk_debris,control,1
1757,junk_dead,control,1
1758,junk_debris,control,1
1759,junk_debris,control,1
1760,CD4_T,control,1
1761,junk_dead,control,1
1762,junk_doublet,control,1
1763,junk_debris,control,1
1764,junk_doublet,control,1
1765,junk_doublet,control,1
1766,junk_noise,control,1
1767,junk_doublet,control,1
1768,B,control,1
1769,junk_debris,control,1
1770,B,control,1
1771,junk_doublet,control,1
1772,CD4_T,control,1
1773,junk_doublet,control,1
1774,Neutrophil,control,1
1775,Neutrophil,control,1
1776,junk_dead,control,1
1777,junk_doublet,control,1
1778,junk_dead,control,1
1779,junk_dead,control,1
1780,NK,control,1
1781,junk_doublet,control,1
1782,B,control,1
1783,junk_doublet,control,1
1784,B,control,1
1785,junk_debris,control,1
1786,B,control,1
1787,junk_doublet,control,1
1788,junk_noise,control,1
1789,junk_debris,control,1
1790,CD4_T,control,1
1791,junk_doublet,control,1
1792,Myeloid,control,1
1793,CD4_T,control,1
1794,junk_debris,control,1
1795,CD8_T,control,1
1796,DC,control,1
1797,junk_dead,control,1
1798,junk_dead,control,1
1799,junk_noise,control,1
1800,Myeloid,control,1
1801,junk_noise,control,1
1802,junk_noise,control,1
1803,B,control,1
1804,junk_debris,control,1
1805,CD4_T,control,1
1806,junk_dead,control,1
1807,junk_dead,control,1
1808,junk_doublet,control,1
1809,Neutrophil,control,1
1810,junk_dead,control,1
1811,junk_dead,control,1
1812,B,control,1
1813,junk_debris,control,1
1814,CD4_T,control,1
1815,CD8_T,control,1
1816,junk_debris,control,1
1817,Myeloid,control,1
1818,CD8_T,control,1
1819,DC,control,1
1820,junk_debris,control,1
1821,junk_debris,control,1
1822,junk_debris,control,1
1823,junk_dead,control,1
1824,junk_debris,control,1
1825,junk_debris,control,1
1826,junk_noise,control,1
1827,junk_doublet,control,1
1828,B,control,1
1829,junk_doublet,control,1
1830,junk_noise,control,1
1831,junk_debris,control,1
1832,junk_debris,control,1
1833,junk_dead,control,1
1834,junk_debris,control,1
1835,junk_debris,control,1
1836,NK,control,1
1837,B,control,1
1838,DC,control,1
1839,junk_debris,control,1
1840,junk_debris,control,1
1841,junk_doublet,control,1
1842,junk_debris,control,1
1843,junk_debris,control,1
1844,CD4_T,control,1
1845,junk_doublet,control,1
1846,junk_dead,control,1
1847,junk_doublet,control,1
1848,junk_doublet,control,1
1849,junk_noise,control,1
1850,junk_debris,control,1
1851,Myeloid,control,1
1852,B,control,1
1853,junk_dead,control,1
1854,junk_noise,control,1
1855,junk_debris,control,1
1856,junk_debris,control,1
1857,B,control,1
1858,Myeloid,control,1
1859,junk_dead,control,1
1860,junk_debris,control,1
1861,junk_debris,control,1
1862,Neutrophil,control,1
1863,B,control,1
1864,B,control,1
1865,junk_debris,control,1
1866,junk_doublet,control,1
1867,Myeloid,control,1
1868,junk_debris,control,1
1869,CD4_T,control,1
1870,NK,control,1
1871,junk_debris,control,1
1872,junk_doublet,control,1
1873,Myeloid,control,1
1874,Myeloid,control,1
1875,junk_dead,control,1
1876,junk_doublet,control,1
1877,junk_dead,control,1
1878,DC,control,1
1879,B,control,1
1880,DC,control,1
1881,Neutrophil,control,1
1882,junk_dead,control,1
1883,junk_doublet,control,1
1884,junk_debris,control,1
1885,Myeloid,control,1
1886,junk_doublet,control,1
1887,Myeloid,control,1
1888,B,control,1
1889,junk_dead,control,1
1890,junk_dead,control,1
1891,junk_debris,control,1
1892,junk_dead,control,1
1893,junk_dead,control,1
1894,DC,control,1
1895,junk_dead,control,1
1896,NK,control,1
1897,junk_debris,control,1
1898,junk_debris,control,1
1899,junk_debris,control,1
1900,junk_debris,control,1
1901,junk_doublet,control,1
1902,NK,control,1
1903,junk_doublet,control,1
1904,CD4_T,control,1
1905,junk_debris,control,1
1906,junk_debris,control,1
1907,junk_dead,control,1
1908,CD4_T,control,1
1909,junk_doublet,control,1
1910,junk_debris,control,1
1911,junk_dead,control,1
1912,CD4_T,control,1
1913,CD8_T,control,1
1914,Neutrophil,control,1
1915,junk_dead,control,1
1916,Myeloid,control,1
1917,junk_dead,control,1
1918,junk_debris,control,1
1919,Myeloid,control,1
1920,junk_debris,control,1
1921,junk_noise,control,1
1922,junk_dead,control,1
1923,junk_debris,control,1
1924,junk_debris,control,1
1925,Neutrophil,control,1
1926,junk_debris,control,1
1927,junk_doublet,control,1
1928,junk_doublet,control,1
1929,junk_noise,control,1
1930,CD8_T,control,1
1931,CD8_T,control,1
1932,NK,control,1
1933,junk_doublet,control,1
1934,junk_debris,control,1
1935,CD4_T,control,1
1936,junk_noise,control,1
1937,B,control,1
1938,CD4_T,control,1
1939,B,control,1
1940,DC,control,1
1941,junk_doublet,control,1
1942,Neutrophil,control,1
1943,Myeloid,control,1
1944,junk_noise,control,1
1945,CD8_T,control,1
1946,junk_dead,control,1
1947,B,control,1
1948,CD8_T,control,1
1949,CD4_T,control,1
1950,junk_dead,control,1
1951,junk_dead,control,1
1952,junk_debris,control,1
1953,junk_debris,control,1
1954,junk_debris,control,1
1955,NK,control,1
1956,Myeloid,control,1
1957,junk_debris,control,1
1958,B,control,1
1959,junk_noise,control,1
1960,NK,control,1
1961,junk_noise,control,1
1962,Myeloid,control,1
1963,junk_debris,control,1
1964,CD4_T,control,1
1965,junk_debris,control,1
1966,junk_dead,control,1
1967,junk_debris,control,1
1968,junk_doublet,control,1
1969,junk_noise,control,1
1970,junk_dead,control,1
1971,Neutrophil,control,1
1972,CD8_T,control,1
1973,junk_doublet,control,1
1974,CD4_T,control,1
1975,junk_debris,control,1
1976,NK,control,1
1977,junk_noise,control,1
1978,junk_dead,control,1
1979,junk_debris,control,1
1980,junk_dead,control,1
1981,CD4_T,control,1
1982,B,control,1
1983,Myeloid,control,1
1984,junk_doublet,control,1
1985,Myeloid,control,1
1986,junk_doublet,control,1
1987,junk_doublet,control,1
1988,junk_debris,control,1
1989,Neutrophil,control,1
1990,junk_doublet,control,1
1991,junk_doublet,control,1
1992,junk_doublet,control,1
1993,junk_doublet,control,1
1994,CD4_T,control,1
1995,junk_doublet,control,1
1996,junk_doublet,control,1
1997,junk_doublet,control,1
1998,junk_dead,control,1
1999,Myeloid,control,1
2000,junk_debris,control,1
2001,junk_debris,control,1
2002,junk_debris,control,1
2003,junk_debris,control,1
2004,CD4_T,control,1
2005,junk_debris,control,1
2006,junk_debris,control,1
2007,junk_dead,control,1
2008,junk_doublet,control,1
2009,Neutrophil,control,1
2010,junk_dead,control,1
2011,junk_doublet,control,1
2012,junk_doublet,control,1
2013,junk_debris,control,1
2014,junk_debris,control,1
2015,junk_debris,control,1
2016,junk_debris,control,1
2017,junk_noise,control,1
2018,junk_noise,control,1
2019,junk_debris,control,1
2020,junk_doublet,control,1
2021,Myeloid,control,1
2022,B,control,1
2023,junk_noise,control,1
2024,B,control,1
2025,Neutrophil,control,1
2026,junk_dead,control,1
2027,junk_dead,control,1
2028,junk_doublet,control,1
2029,junk_debris,control,1
2030,CD4_T,control,1
2031,junk_noise,control,1
2032,junk_dead,control,1
2033,junk_dead,control,1
2034,CD4_T,control,1
2035,junk_dead,control,1
2036,junk_noise,control,1
2037,B,control,1
2038,B,control,1
2039,Myeloid,control,1
2040,junk_dead,control,1
2041,junk_doublet,control,1
2042,B,control,1
2043,B,control,1
2044,junk_debris,control,1
2045,junk_doublet,control,1
2046,junk_debris,control,1
2047,CD4_T,control,1
2048,junk_dead,control,1
2049,junk_dead,control,1
2050,DC,control,1
2051,junk_noise,control,1
2052,CD4_T,control,1
2053,junk_noise,control,1
2054,junk_debris,control,1
2055,junk_doublet,control,1
2056,B,control,1
2057,junk_doublet,control,1
2058,junk_doublet,control,1
2059,junk_debris,control,1
2060,junk_noise,control,1
2061,junk_noise,control,1
2062,junk_debris,control,1
2063,junk_debris,control,1
2064,junk_doublet,control,1
2065,junk_dead,control,1
2066,CD8_T,control,1
2067,junk_doublet,control,1
2068,NK,control,1
2069,junk_debris,control,1
2070,CD8_T,control,1
2071,junk_debris,control,1
2072,CD4_T,control,1
2073,junk_noise,control,1
2074,Neutrophil,control,1
2075,junk_noise,control,1
2076,junk_doublet,control,1
2077,junk_noise,control,1
2078,CD4_T,control,1
2079,junk_doublet,control,1
2080,junk_debris,control,1
2081,CD4_T,control,1
2082,CD4_T,control,1
2083,junk_debris,control,1
2084,B,control,1
2085,junk_debris,control,1
2086,junk_debris,control,1
2087,junk_doublet,control,1
2088,junk_noise,control,1
2089,Neutrophil,control,1
2090,junk_doublet,control,1
2091,junk_dead,control,1
2092,B,control,1
2093,junk_doublet,control,1
2094,DC,control,1
2095,NK,control,1
2096,DC,control,1
2097,CD8_T,control,1
2098,junk_debris,control,1
2099,junk_doublet,control,1
2100,junk_debris,control,1
2101,junk_doublet,control,1
2102,NK,control,1
2103,junk_debris,control,1
2104,B,control,1
2105,junk_debris,control,1
2106,junk_debris,control,1
2107,junk_debris,control,1
2108,Myeloid,control,1
2109,B,control,1
2110,junk_debris,control,1
2111,DC,control,1
2112,DC,control,1
2113,B,control,1
2114,junk_debris,control,1
2115,junk_noise,control,1
2116,junk_debris,control,1
2117,junk_doublet,control,1
2118,junk_noise,control,1
2119,junk_doublet,control,1
2120,junk_dead,control,1
2121,Neutrophil,control,1
2122,junk_debris,control,1
2123,CD4_T,control,1
2124,Myeloid,control,1
2125,junk_dead,control,1
2126,CD4_T,control,1
2127,junk_debris,control,1
2128,junk_debris,control,1
2129,junk_doublet,control,1
2130,Myeloid,control,1
2131,junk_dead,control,1
2132,junk_dead,control,1
2133,B,control,1
2134,junk_debris,control,1
2135,CD4_T,control,1
2136,junk_debris,control,1
2137,junk_debris,control,1
2138,junk_debris,control,1
2139,junk_doublet,control,1
2140,CD8_T,control,1
2141,junk_debris,control,1
2142,B,control,1
2143,junk_noise,control,1
2144,junk_noise,control,1
2145,junk_doublet,control,1
2146,junk_debris,control,1
2147,CD8_T,control,1
2148,CD4_T,control,1
2149,junk_dead,control,1
2150,junk_dead,control,1
2151,Myeloid,control,1
2152,junk_doublet,control,1
2153,CD4_T,control,1
2154,B,control,1
2155,B,control,1
2156,junk_debris,control,1
2157,junk_doublet,control,1
2158,Myeloid,control,1
2159,junk_noise,control,1
2160,Neutrophil,control,1
2161,junk_debris,control,1
2162,B,control,1
2163,junk_debris,control,1
2164,DC,control,1
2165,junk_debris,control,1
2166,junk_dead,control,1
2167,junk_doublet,control,1
2168,Myeloid,control,1
2169,B,control,1
2170,CD4_T,control,1
2171,junk_debris,control,1
2172,CD8_T,control,1
2173,junk_debris,control,1
2174,junk_dead,control,1
2175,Myeloid,control,1
2176,junk_dead,control,1
2177,junk_debris,control,1
2178,junk_dead,control,1
2179,CD8_T,control,1
2180,junk_doublet,control,1
2181,junk_debris,control,1
2182,junk_debris,control,1
2183,junk_dead,control,1
2184,CD8_T,control,1
2185,junk_debris,control,1
2186,junk_dead,control,1
2187,junk_dead,control,1
2188,junk_doublet,control,1
2189,junk_debris,control,1
2190,junk_dead,control,1
2191,Myeloid,control,1
2192,junk_debris,control,1
2193,junk_doublet,control,1
2194,CD4_T,control,1
2195,DC,control,1
2196,junk_debris,control,1
2197,junk_doublet,control,1
2198,CD8_T,control,1
2199,CD4_T,control,1
2200,junk_dead,control,1
2201,junk_doublet,control,1
2202,CD4_T,control,1
2203,NK,control,1
2204,junk_debris,control,1
2205,junk_debris,control,1
2206,B,control,1
2207,junk_doublet,control,1
2208,junk_doublet,control,1
2209,junk_doublet,control,1
2210,Neutrophil,control,1
2211,junk_dead,control,1
2212,junk_debris,control,1
2213,CD4_T,control,1
2214,Neutrophil,control,1
2215,junk_debris,control,1
2216,junk_debris,control,1
2217,junk_debris,control,1
2218,junk_debris,control,1
2219,junk_debris,control,1
2220,junk_doublet,control,1
2221,CD4_T,control,1
2222,junk_debris,control,1
2223,junk_dead,control,1
2224,junk_doublet,control,1
2225,junk_noise,control,1
2226,junk_doublet,control,1
2227,Myeloid,control,1
2228,Myeloid,control,1
2229,CD4_T,control,1
2230,junk_dead,control,1
2231,Myeloid,control,1
2232,junk_noise,control,1
2233,junk_doublet,control,1
2234,junk_debris,control,1
2235,junk_noise,control,1
2236,junk_debris,control,1
2237,junk_debris,control,1
2238,junk_debris,control,1
2239,junk_debris,control,1
2240,Neutrophil,control,1
2241,junk_doublet,control,1
2242,junk_noise,control,1
2243,junk_doublet,control,1
2244,Neutrophil,control,1
2245,junk_dead,control,1
2246,B,control,1
2247,junk_debris,control,1
2248,B,control,1
2249,Neutrophil,control,1
2250,Myeloid,control,1
2251,B,control,1
2252,junk_debris,control,1
2253,junk_debris,control,1
2254,junk_doublet,control,1
2255,junk_noise,control,1
2256,B,control,1
2257,junk_dead,control,1
2258,B,control,1
2259,junk_debris,control,1
2260,junk_debris,control,1
2261,junk_doublet,control,1
2262,junk_debris,control,1
2263,junk_debris,control,1
2264,junk_noise,control,1
2265,junk_debris,control,1
2266,junk_dead,control,1
2267,junk_dead,control,1
2268,Myeloid,control,1
2269,junk_dead,control,1
2270,junk_doublet,control,1
2271,CD8_T,control,1
2272,Neutrophil,control,1
2273,B,control,1
2274,junk_noise,control,1
2275,junk_dead,control,1
2276,B,control,1
2277,CD4_T,control,1
2278,junk_debris,control,1
2279,B,control,1
2280,junk_doublet,control,1
2281,junk_dead,control,1
2282,junk_dead,control,1
2283,CD8_T,control,1
2284,junk_dead,control,1
2285,CD4_T,control,1
2286,junk_debris,control,1
2287,junk_noise,control,1
2288,junk_dead,control,1
2289,junk_dead,control,1
2290,junk_debris,control,1
2291,junk_dead,control,1
2292,junk_debris,control,1
2293,B,control,1
2294,Myeloid,control,1
2295,junk_dead,control,1
2296,CD8_T,control,1
2297,junk_noise,control,1
2298,B,control,1
2299,junk_debris,control,1
2300,DC,control,1
2301,CD8_T,control,1
2302,junk_debris,control,1
2303,junk_dead,control,1
2304,junk_noise,control,1
2305,junk_dead,control,1
2306,junk_doublet,control,1
2307,junk_debris,control,1
2308,junk_noise,control,1
2309,Myeloid,control,1
2310,NK,control,1
2311,Myeloid,control,1
2312,junk_debris,control,1
2313,junk_dead,control,1
2314,NK,control,1
2315,CD4_T,control,1
2316,junk_debris,control,1
2317,CD8_T,control,1
2318,junk_dead,control,1
2319,junk_doublet,control,1
2320,DC,control,1
2321,junk_doublet,control,1
2322,junk_debris,control,1
2323,junk_debris,control,1
2324,CD8_T,control,1
2325,junk_noise,control,1
2326,junk_debris,control,1
2327,junk_dead,control,1
2328,junk_doublet,control,1
2329,junk_debris,control,1
2330,B,control,1
2331,Myeloid,control,1
2332,junk_dead,control,1
2333,CD8_T,control,1
2334,B,control,1
2335,junk_noise,control,1
2336,junk_debris,control,1
2337,junk_debris,control,1
2338,junk_debris,control,1
2339,CD4_T,control,1
2340,junk_debris,control,1
2341,junk_doublet,control,1
2342,DC,control,1
2343,Myeloid,control,1
2344,Neutrophil,control,1
2345,junk_debris,control,1
2346,CD4_T,control,1
2347,junk_doublet,control,1
2348,junk_doublet,control,1
2349,junk_debris,control,1
2350,junk_debris,control,1
2351,Myeloid,control,1
2352,junk_dead,control,1
2353,B,control,1
2354,junk_doublet,control,1
2355,junk_dead,control,1
2356,junk_doublet,control,1
2357,B,control,1
2358,B,control,1
2359,junk_debris,control,1
2360,NK,control,1
2361,Myeloid,control,1
2362,junk_debris,control,1
2363,junk_doublet,control,1
2364,junk_noise,control,1
2365,junk_dead,control,1
2366,junk_debris,control,1
2367,junk_debris,control,1
2368,junk_debris,control,1
2369,junk_dead,control,1
2370,junk_dead,control,1
2371,CD4_T,control,1
2372,junk_doublet,control,1
2373,junk_dead,control,1
2374,junk_doublet,control,1
2375,Myeloid,control,1
2376,junk_dead,control,1
2377,CD4_T,control,1
2378,DC,control,1
2379,junk_debris,control,1
2380,junk_debris,control,1
2381,junk_debris,control,1
2382,B,control,1
2383,DC,control,1
2384,junk_debris,control,1
2385,CD4_T,control,1
2386,junk_debris,control,1
2387,CD4_T,control,1
2388,junk_noise,control,1
2389,junk_debris,control,1
2390,junk_noise,control,1
2391,junk_doublet,control,1
2392,NK,control,1
2393,junk_debris,control,1
2394,junk_doublet,control,1
2395,junk_dead,control,1
2396,junk_debris,control,1
2397,junk_debris,control,1
2398,junk_debris,control,1
2399,junk_debris,control,1
2400,junk_noise,control,1
2401,junk_dead,control,1
2402,junk_debris,control,1
2403,junk_noise,control,1
2404,junk_doublet,control,1
2405,B,control,1
2406,B,control,1
2407,junk_noise,control,1
2408,junk_debris,control,1
2409,junk_noise,control,1
2410,junk_dead,control,1
2411,junk_dead,control,1
2412,junk_dead,control,1
2413,junk_doublet,control,1
2414,junk_debris,control,1
2415,CD4_T,control,1
2416,junk_doublet,control,1
2417,junk_doublet,control,1
2418,DC,control,1
2419,junk_debris,control,1
2420,junk_doublet,control,1
2421,junk_dead,control,1
2422,junk_debris,control,1
2423,junk_doublet,control,1
2424,CD8_T,control,1
2425,junk_debris,control,1
2426,junk_debris,control,1
2427,junk_doublet,control,1
2428,Neutrophil,control,1
2429,DC,control,1
2430,junk_debris,control,1
2431,junk_debris,control,1
2432,Neutrophil,control,1
2433,junk_debris,control,1
2434,junk_debris,control,1
2435,junk_dead,control,1
2436,Neutrophil,control,1
2437,junk_debris,control,1
2438,Myeloid,control,1
2439,junk_dead,control,1
2440,CD4_T,control,1
2441,NK,control,1
2442,Myeloid,control,1
2443,junk_dead,control,1
2444,junk_debris,control,1
2445,junk_noise,control,1
2446,junk_debris,control,1
2447,junk_doublet,control,1
2448,junk_debris,control,1
2449,Myeloid,control,1
2450,junk_dead,control,1
2451,B,control,1
2452,CD4_T,control,1
2453,B,control,1
2454,junk_debris,control,1
2455,junk_debris,control,1
2456,junk_doublet,control,1
2457,junk_debris,control,1
2458,junk_debris,control,1
2459,CD4_T,control,1
2460,Neutrophil,control,1
2461,junk_noise,control,1
2462,junk_dead,control,1
2463,CD4_T,control,1
2464,junk_doublet,control,1
2465,Myeloid,control,1
2466,Myeloid,control,1
2467,junk_doublet,control,1
2468,junk_debris,control,1
2469,CD4_T,control,1
2470,Myeloid,control,1
2471,CD4_T,control,1
2472,junk_doublet,control,1
2473,junk_debris,control,1
2474,DC,control,1
2475,junk_dead,control,1
2476,junk_debris,control,1
2477,junk_debris,control,1
2478,junk_debris,control,1
2479,junk_noise,control,1
2480,junk_doublet,control,1
2481,junk_doublet,control,1
2482,junk_debris,control,1
2483,junk_dead,control,1
2484,junk_dead,control,1
2485,CD4_T,control,1
2486,CD4_T,control,1
2487,junk_noise,control,1
2488,junk_debris,control,1
2489,junk_noise,control,1
2490,B,control,1
2491,junk_noise,control,1
2492,B,control,1
2493,CD4_T,control,1
2494,junk_dead,control,1
2495,B,control,1
2496,junk_doublet,control,1
2497,junk_debris,control,1
2498,junk_noise,control,1
2499,Myeloid,control,1
2500,junk_debris,control,1
2501,junk_doublet,control,1
2502,CD4_T,control,1
2503,B,control,1
2504,junk_debris,control,1
2505,DC,control,1
2506,B,control,1
2507,NK,control,1
2508,junk_debris,control,1
2509,junk_debris,control,1
2510,junk_dead,control,1
2511,junk_noise,control,1
2512,junk_dead,control,1
2513,junk_dead,control,1
2514,junk_dead,control,1
2515,Neutrophil,control,1
2516,Myeloid,control,1
2517,junk_dead,control,1
2518,CD4_T,control,1
2519,junk_debris,control,1
2520,junk_debris,control,1
2521,CD8_T,control,1
2522,junk_dead,control,1
2523,Neutrophil,control,1
2524,Myeloid,control,1
2525,junk_dead,control,1
2526,junk_debris,control,1
2527,junk_doublet,control,1
2528,junk_dead,control,1
2529,junk_noise,control,1
2530,junk_debris,control,1
2531,junk_doublet,control,1
2532,CD4_T,control,1
2533,junk_dead,control,1
2534,junk_debris,control,1
2535,junk_doublet,control,1
2536,junk_debris,control,1
2537,junk_debris,control,1
2538,DC,control,1
2539,CD4_T,control,1
2540,junk_debris,control,1
2541,junk_debris,control,1
2542,junk_doublet,control,1
2543,Neutrophil,control,1
2544,Neutrophil,control,1
2545,junk_debris,control,1
2546,B,control,1
2547,Neutrophil,control,1
2548,junk_debris,control,1
2549,B,control,1
2550,junk_debris,control,1
2551,junk_debris,control,1
2552,CD8_T,control,1
2553,junk_dead,control,1
2554,junk_noise,control,1
2555,junk_debris,control,1
2556,junk_debris,control,1
2557,junk_noise,control,1
2558,junk_debris,control,1
2559,Myeloid,control,1
2560,B,control,1
2561,junk_dead,control,1
2562,Neutrophil,control,1
2563,DC,control,1
2564,junk_dead,control,1
2565,junk_dead,control,1
2566,Neutrophil,control,1
2567,Myeloid,control,1
2568,junk_noise,control,1
2569,junk_debris,control,1
2570,junk_doublet,control,1
2571,junk_debris,control,1
2572,DC,control,1
2573,junk_debris,control,1
2574,Neutrophil,control,1
2575,CD4_T,control,1
2576,junk_dead,control,1
2577,junk_dead,control,1
2578,junk_dead,control,1
2579,junk_dead,control,1
2580,junk_debris,control,1
2581,junk_doublet,control,1
2582,junk_debris,control,1
2583,junk_debris,control,1
2584,junk_doublet,control,1
2585,junk_debris,control,1
2586,CD8_T,control,1
2587,B,control,1
2588,junk_noise,control,1
2589,junk_debris,control,1
2590,junk_debris,control,1
2591,B,control,1
2592,junk_debris,control,1
2593,DC,control,1
2594,junk_debris,control,1
2595,CD8_T,control,1
2596,junk_doublet,control,1
2597,Neutrophil,control,1
2598,junk_doublet,control,1
2599,junk_doublet,control,1
2600,B,control,1
2601,junk_debris,control,1
2602,junk_dead,control,1
2603,junk_noise,control,1
2604,NK,control,1
2605,junk_dead,control,1
2606,junk_debris,control,1
2607,junk_noise,control,1
2608,junk_debris,control,1
2609,junk_doublet,control,1
2610,junk_debris,control,1
2611,junk_dead,control,1
2612,junk_debris,control,1
2613,junk_debris,control,1
2614,junk_doublet,control,1
2615,junk_debris,control,1
2616,junk_doublet,control,1
2617,DC,control,1
2618,junk_doublet,control,1
2619,junk_debris,control,1
2620,junk_dead,control,1
2621,junk_debris,control,1
2622,junk_dead,control,1
2623,junk_doublet,control,1
2624,junk_debris,control,1
2625,CD4_T,control,1
2626,junk_dead,control,1
2627,CD4_T,control,1
2628,junk_doublet,control,1
2629,junk_doublet,control,1
2630,junk_debris,control,1
2631,junk_doublet,control,1
2632,NK,control,1
2633,CD4_T,control,1
2634,junk_debris,control,1
2635,junk_dead,control,1
2636,junk_debris,control,1
2637,Neutrophil,control,1
2638,DC,control,1
2639,junk_doublet,control,1
2640,B,control,1
2641,DC,control,1
2642,Myeloid,control,1
2643,junk_doublet,control,1
2644,junk_debris,control,1
2645,junk_dead,control,1
2646,junk_noise,control,1
2647,junk_noise,control,1
2648,Myeloid,control,1
2649,junk_doublet,control,1
2650,B,control,1
2651,junk_doublet,control,1
2652,junk_debris,control,1
2653,CD4_T,control,1
2654,junk_dead,control,1
2655,CD8_T,control,1
2656,junk_noise,control,1
2657,junk_noise,control,1
2658,junk_doublet,control,1
2659,junk_debris,control,1
2660,junk_debris,control,1
2661,Myeloid,control,1
2662,Myeloid,control,1
2663,junk_dead,control,1
2664,junk_dead,control,1
2665,junk_dead,control,1
2666,junk_debris,control,1
2667,CD8_T,control,1
2668,B,control,1
2669,junk_debris,control,1
2670,junk_noise,control,1
2671,junk_debris,control,1
2672,junk_dead,control,1
2673,junk_dead,control,1
2674,junk_debris,control,1
2675,CD8_T,control,1
2676,junk_doublet,control,1
2677,junk_noise,control,1
2678,junk_debris,control,1
2679,junk_debris,control,1
2680,junk_dead,control,1
2681,junk_debris,control,1
2682,junk_debris,control,1
2683,CD4_T,control,1
2684,junk_dead,control,1
2685,junk_debris,control,1
2686,CD4_T,control,1
2687,junk_debris,control,1
2688,Myeloid,control,1
2689,junk_dead,control,1
2690,junk_dead,control,1
2691,junk_doublet,control,1
2692,CD8_T,control,1
2693,junk_dead,control,1
2694,junk_dead,control,1
2695,CD8_T,control,1
2696,CD4_T,control,1
2697,junk_debris,control,1
2698,junk_debris,control,1
2699,junk_dead,control,1
2700,junk_debris,control,1
2701,junk_noise,control,1
2702,junk_debris,control,1
2703,junk_debris,control,1
2704,junk_dead,control,1
2705,junk_dead,control,1
2706,CD8_T,control,1
2707,CD4_T,control,1
2708,junk_dead,control,1
2709,junk_debris,control,1
2710,junk_debris,control,1
2711,junk_doublet,control,1
2712,junk_doublet,control,1
2713,junk_doublet,control,1
2714,junk_noise,control,1
2715,junk_noise,control,1
2716,B,control,1
2717,junk_debris,control,1
2718,B,control,1
2719,junk_noise,control,1
2720,junk_debris,control,1
2721,Neutrophil,control,1
2722,junk_noise,control,1
2723,CD4_T,control,1
2724,junk_dead,control,1
2725,junk_debris,control,1
2726,B,control,1
2727,junk_dead,control,1
2728,junk_debris,control,1
2729,junk_dead,control,1
2730,junk_doublet,control,1
2731,junk_dead,control,1
2732,junk_debris,control,1
2733,CD4_T,control,1
2734,B,control,1
2735,junk_debris,control,1
2736,junk_doublet,control,1
2737,B,control,1
2738,Neutrophil,control,1
2739,B,control,1
2740,junk_dead,control,1
2741,B,control,1
2742,junk_debris,control,1
2743,junk_dead,control,1
2744,CD4_T,control,1
2745,junk_debris,control,1
2746,junk_doublet,control,1
2747,junk_debris,control,1
2748,junk_dead,control,1
2749,junk_noise,control,1
2750,B,control,1
2751,junk_dead,control,1
2752,junk_doublet,control,1
2753,Neutrophil,control,1
2754,Myeloid,control,1
2755,junk_debris,control,1
2756,junk_doublet,control,1
2757,junk_debris,control,1
2758,CD8_T,control,1
2759,CD8_T,control,1
2760,junk_dead,control,1
2761,B,control,1
2762,Neutrophil,control,1
2763,junk_noise,control,1
2764,junk_debris,control,1
2765,Neutrophil,control,1
2766,B,control,1
2767,junk_debris,control,1
2768,junk_dead,control,1
2769,DC,control,1
2770,junk_dead,control,1
2771,NK,control,1
2772,junk_noise,control,1
2773,Myeloid,control,1
2774,junk_dead,control,1
2775,junk_doublet,control,1
2776,junk_noise,control,1
2777,junk_dead,control,1
2778,B,control,1
2779,junk_debris,control,1
2780,junk_debris,control,1
2781,junk_dead,control,1
2782,junk_dead,control,1
2783,junk_noise,control,1
2784,junk_noise,control,1
2785,junk_dead,control,1
2786,junk_doublet,control,1
2787,CD4_T,control,1
2788,junk_debris,control,1
2789,Myeloid,control,1
2790,junk_doublet,control,1
2791,junk_doublet,control,1
2792,junk_dead,control,1
2793,junk_debris,control,1
2794,junk_dead,control,1
2795,junk_doublet,control,1
2796,junk_dead,control,1
2797,junk_debris,control,1
2798,CD4_T,control,1
2799,junk_noise,control,1
2800,Myeloid,control,1
2801,B,control,1
2802,B,control,1
2803,B,control,1
2804,CD8_T,control,1
2805,B,control,1
2806,junk_dead,control,1
2807,junk_doublet,control,1
2808,junk_debris,control,1
2809,junk_debris,control,1
2810,junk_dead,control,1
2811,Myeloid,control,1
2812,CD8_T,control,1
2813,junk_debris,control,1
2814,junk_noise,control,1
2815,CD4_T,control,1
2816,junk_dead,control,1
2817,junk_dead,control,1
2818,Myeloid,control,1
2819,junk_doublet,control,1
2820,CD4_T,control,1
2821,junk_noise,control,1
2822,junk_debris,control,1
2823,junk_dead,control,1
2824,B,control,1
2825,CD4_T,control,1
2826,junk_debris,control,1
2827,junk_debris,control,1
2828,B,control,1
2829,CD8_T,control,1
2830,junk_debris,control,1
2831,junk_dead,control,1
2832,junk_dead,control,1
2833,junk_dead,control,1
2834,junk_dead,control,1
2835,junk_noise,control,1
2836,Neutrophil,control,1
2837,junk_dead,control,1
2838,B,control,1
2839,junk_debris,control,1
2840,junk_doublet,control,1
2841,CD4_T,control,1
2842,junk_doublet,control,1
2843,CD4_T,control,1
2844,junk_debris,control,1
2845,junk_debris,control,1
2846,junk_debris,control,1
2847,Neutrophil,control,1
2848,junk_debris,control,1
2849,CD8_T,control,1
2850,junk_noise,control,1
2851,junk_debris,control,1
2852,junk_debris,control,1
2853,B,control,1
2854,Myeloid,control,1
2855,junk_debris,control,1
2856,junk_debris,control,1
2857,junk_dead,control,1
2858,B,control,1
2859,Myeloid,control,1
2860,junk_debris,control,1
2861,junk_doublet,control,1
2862,junk_debris,control,1
2863,junk_doublet,control,1
2864,CD8_T,control,1
2865,junk_doublet,control,1
2866,CD4_T,control,1
2867,junk_debris,control,1
2868,junk_doublet,control,1
2869,CD4_T,control,1
2870,junk_debris,control,1
2871,B,control,1
2872,junk_noise,control,1
2873,junk_dead,control,1
2874,junk_debris,control,1
2875,junk_debris,control,1
2876,junk_noise,control,1
2877,junk_debris,control,1
2878,junk_dead,control,1
2879,junk_noise,control,1
2880,Neutrophil,control,1
2881,NK,control,1
2882,junk_doublet,control,1
2883,CD8_T,control,1
2884,junk_doublet,control,1
2885,CD4_T,control,1
2886,junk_debris,control,1
2887,junk_debris,control,1
2888,junk_debris,control,1
2889,junk_doublet,control,1
2890,junk_dead,control,1
2891,CD8_T,control,1
2892,junk_noise,control,1
2893,junk_debris,control,1
2894,Neutrophil,control,1
2895,junk_debris,control,1
2896,junk_noise,control,1
2897,junk_doublet,control,1
2898,junk_debris,control,1
2899,B,control,1
2900,B,control,1
2901,junk_dead,control,1
2902,junk_dead,control,1
2903,CD4_T,control,1
2904,junk_doublet,control,1
2905,junk_noise,control,1
2906,junk_debris,control,1
2907,B,control,1
2908,junk_dead,control,1
2909,junk_debris,control,1
2910,junk_dead,control,1
2911,DC,control,1
2912,junk_debris,control,1
2913,junk_dead,control,1
2914,junk_dead,control,1
2915,CD4_T,control,1
2916,junk_debris,control,1
2917,junk_dead,control,1
2918,CD4_T,control,1
2919,DC,control,1
2920,junk_dead,control,1
2921,junk_noise,control,1
2922,junk_doublet,control,1
2923,junk_dead,control,1
2924,junk_doublet,control,1
2925,junk_doublet,control,1
2926,CD4_T,control,1
2927,CD4_T,control,1
2928,junk_debris,control,1
2929,junk_debris,control,1
2930,Neutrophil,control,1
2931,CD4_T,control,1
2932,CD4_T,control,1
2933,junk_doublet,control,1
2934,junk_debris,control,1
2935,junk_debris,control,1
2936,CD8_T,control,1
2937,junk_noise,control,1
2938,junk_noise,control,1
2939,junk_dead,control,1
2940,B,control,1
2941,junk_dead,control,1
2942,junk_debris,control,1
2943,CD4_T,control,1
2944,junk_noise,control,1
2945,CD4_T,control,1
2946,junk_dead,control,1
2947,junk_dead,control,1
2948,junk_dead,control,1
2949,junk_noise,control,1
2950,Neutrophil,control,1
2951,junk_debris,control,1
2952,junk_noise,control,1
2953,CD8_T,control,1
2954,junk_dead,control,1
2955,junk_doublet,control,1
2956,B,control,1
2957,DC,control,1
2958,CD4_T,control,1
2959,junk_debris,control,1
2960,junk_doublet,control,1
2961,junk_doublet,control,1
2962,junk_debris,control,1
2963,junk_doublet,control,1
2964,CD8_T,control,1
2965,junk_debris,control,1
2966,junk_dead,control,1
2967,junk_dead,control,1
2968,Neutrophil,control,1
2969,junk_debris,control,1
2970,B,control,1
2971,CD4_T,control,1
2972,junk_noise,control,1
2973,junk_doublet,control,1
2974,junk_noise,control,1
2975,junk_debris,control,1
2976,junk_debris,control,1
2977,Myeloid,control,1
2978,CD8_T,control,1
2979,junk_debris,control,1
2980,junk_debris,control,1
2981,junk_noise,control,1
2982,junk_debris,control,1
2983,junk_debris,control,1
2984,junk_doublet,control,1
2985,Neutrophil,control,1
2986,B,control,1
2987,junk_debris,control,1
2988,junk_noise,control,1
2989,CD8_T,control,1
2990,junk_debris,control,1
2991,B,control,1
2992,CD4_T,control,1
2993,NK,control,1
2994,B,control,1
2995,B,control,1
2996,junk_dead,control,1
2997,Myeloid,control,1
2998,junk_debris,control,1
2999,CD8_T,control,1
3000,junk_debris,control,1
3001,junk_doublet,control,1
3002,junk_debris,control,1
3003,Neutrophil,control,1
3004,junk_dead,control,1
3005,junk_noise,control,1
3006,junk_doublet,control,1
3007,B,control,1
3008,CD4_T,control,1
3009,Neutrophil,control,1
3010,NK,control,1
3011,junk_dead,control,1
3012,B,control,1
3013,CD4_T,control,1
3014,junk_noise,control,1
3015,junk_doublet,control,1
3016,Myeloid,control,1
3017,junk_debris,control,1
3018,junk_dead,control,1
3019,NK,control,1
3020,junk_dead,control,1
3021,Myeloid,control,1
3022,Neutrophil,control,1
3023,junk_debris,control,1
3024,junk_doublet,control,1
3025,junk_debris,control,1
3026,junk_noise,control,1
3027,junk_debris,control,1
3028,CD4_T,control,1
3029,Neutrophil,control,1
3030,junk_debris,control,1
3031,junk_noise,control,1
3032,junk_doublet,control,1
3033,junk_debris,control,1
3034,CD4_T,control,1
3035,junk_doublet,control,1
3036,junk_doublet,control,1
3037,Myeloid,control,1
3038,junk_dead,control,1
3039,junk_doublet,control,1
3040,junk_dead,control,1
3041,junk_debris,control,1
3042,junk_noise,control,1
3043,DC,control,1
3044,Myeloid,control,1
3045,CD4_T,control,1
3046,B,control,1
3047,junk_dead,control,1
3048,junk_dead,control,1
3049,junk_debris,control,1
3050,junk_doublet,control,1
3051,CD4_T,control,1
3052,junk_debris,control,1
3053,junk_dead,control,1
3054,junk_doublet,control,1
3055,junk_debris,control,1
3056,junk_doublet,control,1
3057,CD8_T,control,1
3058,Neutrophil,control,1
3059,junk_dead,control,1
3060,Neutrophil,control,1
3061,junk_dead,control,1
3062,junk_debris,control,1
3063,junk_dead,control,1
3064,junk_noise,control,1
3065,CD8_T,control,1
3066,junk_doublet,control,1
3067,B,control,1
3068,junk_dead,control,1
3069,Neutrophil,control,1
3070,junk_debris,control,1
3071,junk_debris,control,1
3072,junk_dead,control,1
3073,junk_noise,control,1
3074,B,control,1
3075,CD4_T,control,1
3076,junk_doublet,control,1
3077,B,control,1
3078,junk_doublet,control,1
3079,junk_dead,control,1
3080,junk_noise,control,1
3081,CD4_T,control,1
3082,junk_debris,control,1
3083,junk_debris,control,1
3084,CD8_T,control,1
3085,CD8_T,control,1
3086,junk_debris,control,1
3087,B,control,1
3088,junk_debris,control,1
3089,B,control,1
3090,B,control,1
3091,junk_debris,control,1
3092,CD4_T,control,1
3093,DC,control,1
3094,junk_noise,control,1
3095,junk_debris,control,1
3096,junk_noise,control,1
3097,CD4_T,control,1
3098,junk_debris,control,1
3099,B,control,1
3100,junk_debris,control,1
3101,Myeloid,control,1
3102,junk_dead,control,1
3103,junk_doublet,control,1
3104,junk_doublet,control,1
3105,Myeloid,control,1
3106,CD8_T,control,1
3107,Myeloid,control,1
3108,CD4_T,control,1
3109,junk_noise,control,1
3110,CD4_T,control,1
3111,B,control,1
3112,junk_noise,control,1
3113,CD8_T,control,1
3114,junk_debris,control,1
3115,junk_debris,control,1
3116,junk_debris,control,1
3117,junk_debris,control,1
3118,junk_debris,control,1
3119,junk_noise,control,1
3120,junk_doublet,control,1
3121,B,control,1
3122,CD8_T,control,1
3123,B,control,1
3124,CD8_T,control,1
3125,junk_doublet,control,1
3126,junk_dead,control,1
3127,junk_dead,control,1
3128,NK,control,1
3129,junk_doublet,control,1
3130,junk_dead,control,1
3131,junk_dead,control,1
3132,Neutrophil,control,1
3133,B,control,1
3134,CD4_T,control,1
3135,B,control,1
3136,junk_noise,control,1
3137,junk_debris,control,1
3138,CD8_T,control,1
3139,junk_debris,control,1
3140,junk_doublet,control,1
3141,CD8_T,control,1
3142,B,control,1
3143,junk_debris,control,1
3144,junk_doublet,control,1
3145,CD4_T,control,1
3146,junk_dead,control,1
3147,Neutrophil,control,1
3148,Neutrophil,control,1
3149,B,control,1
3150,Neutrophil,control,1
3151,Myeloid,control,1
3152,B,control,1
3153,junk_doublet,control,1
3154,CD4_T,control,1
3155,junk_noise,control,1
3156,junk_debris,control,1
3157,junk_dead,control,1
3158,CD4_T,control,1
3159,Neutrophil,control,1
3160,junk_debris,control,1
3161,NK,control,1
3162,DC,control,1
3163,junk_debris,control,1
3164,junk_noise,control,1
3165,junk_debris,control,1
3166,junk_dead,control,1
3167,junk_dead,control,1
3168,junk_doublet,control,1
3169,junk_dead,control,1
3170,junk_noise,control,1
3171,CD4_T,control,1
3172,junk_debris,control,1
3173,CD4_T,control,1
3174,junk_dead,control,1
3175,Neutrophil,control,1
3176,junk_debris,control,1
3177,junk_debris,control,1
3178,junk_noise,control,1
3179,Myeloid,control,1
3180,junk_dead,control,1
3181,junk_noise,control,1
3182,junk_debris,control,1
3183,junk_debris,control,1
3184,B,control,1
3185,junk_dead,control,1
3186,junk_debris,control,1
3187,junk_debris,control,1
3188,CD4_T,control,1
3189,junk_debris,control,1
3190,CD4_T,control,1
3191,DC,control,1
3192,junk_dead,control,1
3193,CD8_T,control,1
3194,junk_debris,control,1
3195,junk_noise,control,1
3196,Neutrophil,control,1
3197,junk_debris,control,1
3198,Neutrophil,control,1
3199,junk_doublet,control,1
3200,junk_debris,control,1
3201,junk_noise,control,1
3202,B,control,1
3203,B,control,1
3204,B,control,1
3205,CD4_T,control,1
3206,CD4_T,control,1
3207,junk_noise,control,1
3208,junk_debris,control,1
3209,junk_doublet,control,1
3210,Myeloid,control,1
3211,junk_debris,control,1
3212,junk_doublet,control,1
3213,junk_debris,control,1
3214,B,control,1
3215,junk_noise,control,1
3216,junk_dead,control,1
3217,junk_dead,control,1
3218,junk_debris,control,1
3219,Neutrophil,control,1
3220,B,control,1
3221,junk_noise,control,1
3222,junk_debris,control,1
3223,junk_dead,control,1
3224,junk_doublet,control,1
3225,CD4_T,control,1
3226,CD8_T,control,1
3227,junk_dead,control,1
3228,CD4_T,control,1
3229,junk_noise,control,1
3230,CD4_T,control,1
3231,junk_debris,control,1
3232,Neutrophil,control,1
3233,junk_doublet,control,1
3234,B,control,1
3235,junk_doublet,control,1
3236,junk_debris,control,1
3237,junk_dead,control,1
3238,junk_dead,control,1
3239,DC,control,1
3240,junk_debris,control,1
3241,Myeloid,control,1
3242,CD4_T,control,1
3243,junk_doublet,control,1
3244,junk_debris,control,1
3245,Neutrophil,control,1
3246,Myeloid,control,1
3247,junk_doublet,control,1
3248,junk_debris,control,1
3249,junk_noise,control,1
3250,junk_debris,control,1
3251,CD8_T,control,1
3252,B,control,1
3253,junk_noise,control,1
3254,junk_dead,control,1
3255,junk_debris,control,1
3256,Neutrophil,control,1
3257,junk_noise,control,1
3258,B,control,1
3259,junk_doublet,control,1
3260,junk_dead,control,1
3261,junk_doublet,control,1
3262,Neutrophil,control,1
3263,junk_dead,control,1
3264,junk_debris,control,1
3265,Myeloid,control,1
3266,CD8_T,control,1
3267,B,control,1
3268,Myeloid,control,1
3269,junk_doublet,control,1
3270,B,control,1
3271,Myeloid,control,1
3272,Neutrophil,control,1
3273,junk_debris,control,1
3274,junk_debris,control,1
3275,junk_dead,control,1
3276,junk_debris,control,1
3277,junk_doublet,control,1
3278,junk_debris,control,1
3279,Myeloid,control,1
3280,junk_noise,control,1
3281,CD8_T,control,1
3282,junk_debris,control,1
3283,junk_doublet,control,1
3284,B,control,1
3285,Myeloid,control,1
3286,junk_noise,control,1
3287,B,control,1
3288,Myeloid,control,1
3289,junk_debris,control,1
3290,junk_debris,control,1
3291,junk_doublet,control,1
3292,junk_debris,control,1
3293,junk_debris,control,1
3294,junk_dead,control,1
3295,junk_debris,control,1
3296,junk_dead,control,1
3297,B,control,1
3298,junk_dead,control,1
3299,Neutrophil,control,1
3300,junk_debris,control,1
3301,junk_doublet,control,1
3302,junk_doublet,control,1
3303,junk_debris,control,1
3304,CD4_T,control,1
3305,NK,control,1
3306,junk_doublet,control,1
3307,Neutrophil,control,1
3308,junk_doublet,control,1
3309,junk_doublet,control,1
3310,CD4_T,control,1
3311,junk_doublet,control,1
3312,junk_dead,control,1
3313,junk_doublet,control,1
3314,junk_doublet,control,1
3315,junk_debris,control,1
3316,junk_noise,control,1
3317,junk_debris,control,1
3318,junk_debris,control,1
3319,junk_doublet,control,1
3320,junk_noise,control,1
3321,junk_debris,control,1
3322,junk_debris,control,1
3323,B,control,1
3324,CD4_T,control,1
3325,junk_debris,control,1
3326,CD4_T,control,1
3327,junk_dead,control,1
3328,junk_dead,control,1
3329,CD4_T,control,1
3330,junk_debris,control,1
3331,B,control,1
3332,junk_dead,control,1
3333,Neutrophil,control,1
3334,junk_debris,control,1
3335,junk_debris,control,1
3336,Neutrophil,control,1
3337,junk_dead,control,1
3338,Neutrophil,control,1
3339,junk_doublet,control,1
3340,junk_debris,control,1
3341,junk_debris,control,1
3342,junk_dead,control,1
3343,junk_debris,control,1
3344,junk_debris,control,1
3345,CD4_T,control,1
3346,Neutrophil,control,1
3347,junk_debris,control,1
3348,CD4_T,control,1
3349,junk_debris,control,1
3350,B,control,1
3351,junk_debris,control,1
3352,CD8_T,control,1
3353,junk_debris,control,1
3354,junk_dead,control,1
3355,junk_dead,control,1
3356,junk_debris,control,1
3357,junk_noise,control,1
3358,junk_debris,control,1
3359,junk_dead,control,1
3360,junk_dead,control,1
3361,junk_dead,control,1
3362,junk_doublet,control,1
3363,junk_dead,control,1
3364,B,control,1
3365,junk_debris,control,1
3366,junk_doublet,control,1
3367,NK,control,1
3368,junk_dead,control,1
3369,junk_debris,control,1
3370,CD8_T,control,1
3371,junk_debris,control,1
3372,junk_doublet,control,1
3373,B,control,1
3374,junk_doublet,control,1
3375,junk_noise,control,1
3376,junk_debris,control,1
3377,junk_dead,control,1
3378,junk_debris,control,1
3379,junk_doublet,control,1
3380,junk_doublet,control,1
3381,junk_debris,control,1
3382,junk_debris,control,1
3383,junk_doublet,control,1
3384,CD4_T,control,1
3385,B,control,1
3386,junk_debris,control,1
3387,B,control,1
3388,junk_debris,control,1
3389,CD4_T,control,1
3390,CD8_T,control,1
3391,junk_dead,control,1
3392,junk_debris,control,1
3393,junk_noise,control,1
3394,junk_debris,control,1
3395,junk_debris,control,1
3396,B,control,1
3397,B,control,1
3398,junk_noise,control,1
3399,B,control,1
3400,junk_debris,control,1
3401,junk_debris,control,1
3402,junk_debris,control,1
3403,B,control,1
3404,junk_dead,control,1
3405,junk_debris,control,1
3406,junk_debris,control,1
3407,Myeloid,control,1
3408,CD4_T,control,1
3409,junk_dead,control,1
3410,junk_doublet,control,1
3411,junk_doublet,control,1
3412,B,control,1
3413,Neutrophil,control,1
3414,junk_dead,control,1
3415,junk_debris,control,1
3416,junk_dead,control,1
3417,B,control,1
3418,junk_noise,control,1
3419,B,control,1
3420,junk_noise,control,1
3421,junk_debris,control,1
3422,junk_debris,control,1
3423,junk_doublet,control,1
3424,B,control,1
3425,junk_debris,control,1
3426,junk_debris,control,1
3427,NK,control,1
3428,junk_noise,control,1
3429,CD8_T,control,1
3430,junk_debris,control,1
3431,junk_dead,control,1
3432,junk_noise,control,1
3433,junk_debris,control,1
3434,DC,control,1
3435,junk_doublet,control,1
3436,junk_debris,control,1
3437,NK,control,1
3438,junk_debris,control,1
3439,B,control,1
3440,CD4_T,control,1
3441,junk_dead,control,1
3442,CD4_T,control,1
3443,junk_noise,control,1
3444,junk_noise,control,1
3445,B,control,1
3446,junk_dead,control,1
3447,B,control,1
3448,junk_dead,control,1
3449,junk_noise,control,1
3450,CD8_T,control,1
3451,junk_noise,control,1
3452,junk_debris,control,1
3453,junk_debris,control,1
3454,Myeloid,control,1
3455,junk_dead,control,1
3456,junk_noise,control,1
3457,B,control,1
3458,Myeloid,control,1
3459,junk_debris,control,1
3460,B,control,1
3461,junk_debris,control,1
3462,junk_debris,control,1
3463,Neutrophil,control,1
3464,junk_dead,control,1
3465,junk_debris,control,1
3466,junk_noise,control,1
3467,junk_dead,control,1
3468,Neutrophil,control,1
3469,junk_doublet,control,1
3470,Myeloid,control,1
3471,B,control,1
3472,junk_doublet,control,1
3473,junk_doublet,control,1
3474,junk_debris,control,1
3475,junk_doublet,control,1
3476,junk_dead,control,1
3477,junk_dead,control,1
3478,junk_debris,control,1
3479,junk_debris,control,1
3480,junk_dead,control,1
3481,CD8_T,control,1
3482,junk_noise,control,1
3483,junk_debris,control,1
3484,junk_debris,control,1
3485,junk_noise,control,1
3486,junk_debris,control,1
3487,B,control,1
3488,CD8_T,control,1
3489,CD8_T,control,1
3490,junk_noise,control,1
3491,CD8_T,control,1
3492,CD4_T,control,1
3493,junk_doublet,control,1
3494,junk_dead,control,1
3495,junk_dead,control,1
3496,CD4_T,control,1
3497,B,control,1
3498,junk_debris,control,1
3499,junk_doublet,control,1
3500,NK,control,1
3501,B,control,1
3502,B,control,1
3503,junk_dead,control,1
3504,Myeloid,control,1
3505,Myeloid,control,1
3506,junk_dead,control,1
3507,junk_dead,control,1
3508,junk_noise,control,1
3509,Myeloid,control,1
3510,CD4_T,control,1
3511,junk_noise,control,1
3512,CD8_T,control,1
3513,CD4_T,control,1
3514,junk_dead,control,1
3515,CD4_T,control,1
3516,junk_debris,control,1
3517,junk_dead,control,1
3518,Myeloid,control,1
3519,junk_noise,control,1
3520,junk_debris,control,1
3521,CD4_T,control,1
3522,Myeloid,control,1
3523,junk_doublet,control,1
3524,junk_dead,control,1
3525,junk_doublet,control,1
3526,junk_doublet,control,1
3527,CD4_T,control,1
3528,NK,control,1
3529,junk_noise,control,1
3530,B,control,1
3531,junk_doublet,control,1
3532,junk_debris,control,1
3533,junk_debris,control,1
3534,junk_noise,control,1
3535,junk_noise,control,1
3536,NK,control,1
3537,junk_debris,control,1
3538,junk_dead,control,1
3539,Neutrophil,control,1
3540,Myeloid,control,1
3541,CD8_T,control,1
3542,junk_dead,control,1
3543,B,control,1
3544,junk_dead,control,1
3545,Myeloid,control,1
3546,junk_doublet,control,1
3547,B,control,1
3548,junk_debris,control,1
3549,B,control,1
3550,junk_dead,control,1
3551,Myeloid,control,1
3552,B,control,1
3553,junk_debris,control,1
3554,junk_doublet,control,1
3555,junk_debris,control,1
3556,DC,control,1
3557,junk_doublet,control,1
3558,junk_debris,control,1
3559,junk_noise,control,1
3560,Myeloid,control,1
3561,junk_doublet,control,1
3562,B,control,1
3563,B,control,1
3564,B,control,1
3565,junk_debris,control,1
3566,junk_debris,control,1
3567,junk_debris,control,1
3568,junk_doublet,control,1
3569,CD4_T,control,1
3570,junk_noise,control,1
3571,CD4_T,control,1
3572,junk_doublet,control,1
3573,junk_debris,control,1
3574,junk_doublet,control,1
3575,junk_dead,control,1
3576,junk_dead,control,1
3577,junk_doublet,control,1
3578,junk_doublet,control,1
3579,junk_doublet,control,1
3580,junk_doublet,control,1
3581,DC,control,1
3582,junk_dead,control,1
3583,junk_doublet,control,1
3584,junk_noise,control,1
3585,junk_debris,control,1
3586,CD4_T,control,1
3587,junk_dead,control,1
3588,junk_debris,control,1
3589,junk_dead,control,1
3590,junk_debris,control,1
3591,junk_dead,control,1
3592,junk_doublet,control,1
3593,junk_noise,control,1
3594,B,control,1
3595,junk_doublet,control,1
3596,junk_debris,control,1
3597,Myeloid,control,1
3598,NK,control,1
3599,junk_debris,control,1
3600,Myeloid,control,1
3601,junk_debris,control,1
3602,junk_debris,control,1
3603,junk_debris,control,1
3604,junk_debris,control,1
3605,junk_noise,control,1
3606,CD8_T,control,1
3607,junk_noise,control,1
3608,junk_dead,control,1
3609,junk_debris,control,1
3610,junk_noise,control,1
3611,junk_dead,control,1
3612,junk_debris,control,1
3613,junk_noise,control,1
3614,junk_noise,control,1
3615,junk_debris,control,1
3616,CD4_T,control,1
3617,CD8_T,control,1
3618,junk_doublet,control,1
3619,B,control,1
3620,CD4_T,control,1
3621,Neutrophil,control,1
3622,junk_noise,control,1
3623,junk_debris,control,1
3624,junk_debris,control,1
3625,CD4_T,control,1
3626,Neutrophil,control,1
3627,junk_debris,control,1
3628,B,control,1
3629,CD8_T,control,1
3630,junk_noise,control,1
3631,junk_debris,control,1
3632,NK,control,1
3633,junk_doublet,control,1
3634,CD4_T,control,1
3635,junk_doublet,control,1
3636,CD8_T,control,1
3637,junk_dead,control,1
3638,DC,control,1
3639,junk_debris,control,1
3640,junk_debris,control,1
3641,junk_debris,control,1
3642,B,control,1
3643,junk_noise,control,1
3644,Neutrophil,control,1
3645,junk_doublet,control,1
3646,junk_debris,control,1
3647,junk_noise,control,1
3648,junk_dead,control,1
3649,Neutrophil,control,1
3650,Myeloid,control,1
3651,junk_dead,control,1
3652,B,control,1
3653,junk_noise,control,1
3654,junk_doublet,control,1
3655,junk_doublet,control,1
3656,junk_doublet,control,1
3657,B,control,1
3658,CD8_T,control,1
3659,junk_debris,control,1
3660,Myeloid,control,1
3661,junk_dead,control,1
3662,Myeloid,control,1
3663,DC,control,1
3664,junk_noise,control,1
3665,Myeloid,control,1
3666,NK,control,1
3667,junk_noise,control,1
3668,CD8_T,control,1
3669,B,control,1
3670,DC,control,1
3671,junk_dead,control,1
3672,junk_dead,control,1
3673,B,control,1
3674,CD8_T,control,1
3675,junk_noise,control,1
3676,Myeloid,control,1
3677,junk_debris,control,1
3678,junk_debris,control,1
3679,junk_doublet,control,1
3680,Myeloid,control,1
3681,junk_debris,control,1
3682,junk_doublet,control,1
3683,CD4_T,control,1
3684,junk_dead,control,1
3685,junk_debris,control,1
3686,junk_noise,control,1
3687,junk_noise,control,1
3688,junk_noise,control,1
3689,junk_dead,control,1
3690,CD8_T,control,1
3691,B,control,1
3692,junk_doublet,control,1
3693,junk_debris,control,1
3694,junk_doublet,control,1
3695,junk_doublet,control,1
3696,Neutrophil,control,1
3697,junk_debris,control,1
3698,junk_debris,control,1
3699,junk_debris,control,1
3700,junk_debris,control,1
3701,CD8_T,control,1
3702,CD8_T,control,1
3703,junk_debris,control,1
3704,junk_debris,control,1
3705,CD8_T,control,1
3706,B,control,1
3707,junk_debris,control,1
3708,junk_doublet,control,1
3709,junk_doublet,control,1
3710,CD4_T,control,1
3711,CD8_T,control,1
3712,junk_debris,control,1
3713,junk_debris,control,1
3714,B,control,1
3715,Neutrophil,control,1
3716,junk_debris,control,1
3717,junk_doublet,control,1
3718,Myeloid,control,1
3719,junk_doublet,control,1
3720,junk_doublet,control,1
3721,junk_debris,control,1
3722,NK,control,1
3723,CD8_T,control,1
3724,Myeloid,control,1
3725,junk_doublet,control,1
3726,junk_noise,control,1
3727,Myeloid,control,1
3728,junk_dead,control,1
3729,DC,control,1
3730,junk_debris,control,1
3731,junk_noise,control,1
3732,junk_debris,control,1
3733,junk_debris,control,1
3734,CD4_T,control,1
3735,junk_noise,control,1
3736,CD4_T,control,1
3737,junk_dead,control,1
3738,junk_doublet,control,1
3739,junk_dead,control,1
3740,Neutrophil,control,1
3741,CD4_T,control,1
3742,NK,control,1
3743,junk_noise,control,1
3744,B,control,1
3745,junk_dead,control,1
3746,junk_debris,control,1
3747,junk_doublet,control,1
3748,DC,control,1
3749,junk_debris,control,1
3750,junk_debris,control,1
3751,NK,control,1
3752,junk_dead,control,1
3753,junk_doublet,control,1
3754,CD4_T,control,1
3755,junk_doublet,control,1
3756,junk_debris,control,1
3757,junk_noise,control,1
3758,CD4_T,control,1
3759,Myeloid,control,1
3760,junk_debris,control,1
3761,junk_dead,control,1
3762,junk_dead,control,1
3763,junk_dead,control,1
3764,junk_doublet,control,1
3765,junk_noise,control,1
3766,B,control,1
3767,B,control,1
3768,B,control,1
3769,junk_debris,control,1
3770,junk_noise,control,1
3771,Neutrophil,control,1
3772,CD4_T,control,1
3773,junk_doublet,control,1
3774,Myeloid,control,1
3775,junk_dead,control,1
3776,Myeloid,control,1
3777,NK,control,1
3778,junk_noise,control,1
3779,junk_debris,control,1
3780,junk_dead,control,1
3781,junk_debris,control,1
3782,junk_doublet,control,1
3783,junk_doublet,control,1
3784,junk_debris,control,1
3785,Neutrophil,control,1
3786,CD4_T,control,1
3787,junk_doublet,control,1
3788,junk_doublet,control,1
3789,junk_debris,control,1
3790,Neutrophil,control,1
3791,CD8_T,control,1
3792,junk_debris,control,1
3793,junk_doublet,control,1
3794,junk_debris,control,1
3795,B,control,1
3796,B,control,1
3797,B,control,1
3798,junk_debris,control,1
3799,B,control,1
3800,junk_debris,control,1
3801,junk_doublet,control,1
3802,B,control,1
3803,B,control,1
3804,junk_noise,control,1
3805,junk_debris,control,1
3806,junk_dead,control,1
3807,Myeloid,control,1
3808,junk_dead,control,1
3809,junk_debris,control,1
3810,junk_doublet,control,1
3811,junk_noise,control,1
3812,CD4_T,control,1
3813,junk_debris,control,1
3814,junk_doublet,control,1
3815,junk_debris,control,1
3816,junk_debris,control,1
3817,Myeloid,control,1
3818,junk_noise,control,1
3819,B,control,1
3820,Neutrophil,control,1
3821,junk_debris,control,1
3822,junk_debris,control,1
3823,CD4_T,control,1
3824,Myeloid,control,1
3825,junk_dead,control,1
3826,CD8_T,control,1
3827,Neutrophil,control,1
3828,junk_debris,control,1
3829,junk_debris,control,1
3830,CD4_T,control,1
3831,junk_debris,control,1
3832,CD8_T,control,1
3833,junk_doublet,control,1
3834,junk_dead,control,1
3835,junk_dead,control,1
3836,B,control,1
3837,Myeloid,control,1
3838,junk_debris,control,1
3839,junk_debris,control,1
3840,junk_doublet,control,1
3841,CD4_T,control,1
3842,junk_dead,control,1
3843,junk_doublet,control,1
3844,Neutrophil,control,1
3845,junk_debris,control,1
3846,Neutrophil,control,1
3847,Myeloid,control,1
3848,DC,control,1
3849,junk_noise,control,1
3850,junk_dead,control,1
3851,junk_noise,control,1
3852,Neutrophil,control,1
3853,junk_noise,control,1
3854,junk_doublet,control,1
3855,junk_debris,control,1
3856,junk_dead,control,1
3857,junk_dead,control,1
3858,junk_doublet,control,1
3859,junk_doublet,control,1
3860,B,control,1
3861,junk_debris,control,1
3862,junk_doublet,control,1
3863,junk_doublet,control,1
3864,Myeloid,control,1
3865,NK,control,1
3866,Neutrophil,control,1
3867,Neutrophil,control,1
3868,junk_noise,control,1
3869,junk_dead,control,1
3870,junk_debris,control,1
3871,B,control,1
3872,junk_debris,control,1
3873,Myeloid,control,1
3874,junk_doublet,control,1
3875,Myeloid,control,1
3876,B,control,1
3877,junk_doublet,control,1
3878,CD8_T,control,1
3879,B,control,1
3880,B,control,1
3881,junk_debris,control,1
3882,CD8_T,control,1
3883,DC,control,1
3884,B,control,1
3885,junk_debris,control,1
3886,junk_dead,control,1
3887,junk_doublet,control,1
3888,junk_debris,control,1
3889,junk_debris,control,1
3890,junk_debris,control,1
3891,junk_dead,control,1
3892,Neutrophil,control,1
3893,junk_debris,control,1
3894,CD4_T,control,1
3895,B,control,1
3896,junk_noise,control,1
3897,junk_debris,control,1
3898,junk_noise,control,1
3899,junk_noise,control,1
3900,junk_debris,control,1
3901,CD4_T,control,1
3902,junk_dead,control,1
3903,B,control,1
3904,junk_debris,control,1
3905,junk_dead,control,1
3906,junk_debris,control,1
3907,junk_dead,control,1
3908,Myeloid,control,1
3909,Neutrophil,control,1
3910,B,control,1
3911,CD4_T,control,1
3912,CD4_T,control,1
3913,junk_dead,control,1
3914,Neutrophil,control,1
3915,junk_debris,control,1
3916,junk_noise,control,1
3917,junk_dead,control,1
3918,junk_dead,control,1
3919,junk_noise,control,1
3920,junk_dead,control,1
3921,CD8_T,control,1
3922,Neutrophil,control,1
3923,junk_dead,control,1
3924,junk_doublet,control,1
3925,junk_dead,control,1
3926,junk_dead,control,1
3927,Myeloid,control,1
3928,Myeloid,control,1
3929,B,control,1
3930,junk_dead,control,1
3931,junk_debris,control,1
3932,junk_dead,control,1
3933,B,control,1
3934,junk_debris,control,1
3935,junk_debris,control,1
3936,junk_debris,control,1
3937,junk_debris,control,1
3938,B,control,1
3939,Myeloid,control,1
3940,junk_doublet,control,1
3941,B,control,1
3942,junk_noise,control,1
3943,Neutrophil,control,1
3944,junk_debris,control,1
3945,junk_doublet,control,1
3946,Neutrophil,control,1
3947,junk_debris,control,1
3948,CD8_T,control,1
3949,B,control,1
3950,B,control,1
3951,junk_dead,control,1
3952,junk_noise,control,1
3953,junk_dead,control,1
3954,junk_debris,control,1
3955,B,control,1
3956,junk_doublet,control,1
3957,junk_doublet,control,1
3958,junk_doublet,control,1
3959,Myeloid,control,1
3960,CD8_T,control,1
3961,CD4_T,control,1
3962,junk_debris,control,1
3963,junk_doublet,control,1
3964,Neutrophil,control,1
3965,junk_noise,control,1
3966,junk_dead,control,1
3967,junk_dead,control,1
3968,junk_dead,control,1
3969,junk_noise,control,1
3970,DC,control,1
3971,B,control,1
3972,Myeloid,control,1
3973,B,control,1
3974,junk_debris,control,1
3975,junk_doublet,control,1
3976,junk_debris,control,1
3977,junk_noise,control,1
3978,junk_doublet,control,1
3979,junk_noise,control,1
3980,B,control,1
3981,B,control,1
3982,junk_debris,control,1
3983,junk_doublet,control,1
3984,junk_doublet,control,1
3985,junk_doublet,control,1
3986,CD8_T,control,1
3987,junk_noise,control,1
3988,Neutrophil,control,1
3989,junk_debris,control,1
3990,Myeloid,control,1
3991,junk_debris,control,1
3992,junk_debris,control,1
3993,Neutrophil,control,1
3994,B,control,1
3995,junk_debris,control,1
3996,CD8_T,control,1
3997,junk_doublet,control,1
3998,CD4_T,control,1
3999,junk_noise,control,1
4000,junk_debris,control,1
4001,junk_debris,control,1
4002,CD4_T,control,1
4003,junk_doublet,control,1
4004,Myeloid,control,1
4005,Myeloid,control,1
4006,junk_dead,control,1
4007,CD4_T,control,1
4008,junk_doublet,control,1
4009,Myeloid,control,1
4010,CD8_T,control,1
4011,junk_doublet,control,1
4012,CD4_T,control,1
4013,B,control,1
4014,Neutrophil,control,1
4015,junk_debris,control,1
4016,junk_dead,control,1
4017,junk_doublet,control,1
4018,Neutrophil,control,1
4019,junk_doublet,control,1
4020,junk_dead,control,1
4021,junk_dead,control,1
4022,junk_dead,control,1
4023,Myeloid,control,1
4024,junk_debris,control,1
4025,junk_noise,control,1
4026,junk_debris,control,1
4027,junk_debris,control,1
4028,junk_debris,control,1
4029,junk_dead,control,1
4030,NK,control,1
4031,junk_debris,control,1
4032,junk_noise,control,1
4033,junk_dead,control,1
4034,junk_dead,control,1
4035,junk_debris,control,1
4036,junk_debris,control,1
4037,B,control,1
4038,B,control,1
4039,B,control,1
4040,junk_noise,control,1
4041,NK,control,1
4042,junk_debris,control,1
4043,DC,control,1
4044,junk_debris,control,1
4045,junk_doublet,control,1
4046,Myeloid,control,1
4047,junk_doublet,control,1
4048,Neutrophil,control,1
4049,Neutrophil,control,1
4050,junk_dead,control,1
4051,junk_debris,control,1
4052,junk_doublet,control,1
4053,junk_debris,control,1
4054,CD4_T,control,1
4055,Neutrophil,control,1
4056,junk_dead,control,1
4057,Neutrophil,control,1
4058,junk_noise,control,1
4059,junk_dead,control,1
4060,junk_doublet,control,1
4061,junk_dead,control,1
4062,junk_doublet,control,1
4063,CD4_T,control,1
4064,junk_dead,control,1
4065,junk_doublet,control,1
4066,junk_dead,control,1
4067,B,control,1
4068,junk_dead,control,1
4069,junk_debris,control,1
4070,junk_dead,control,1
4071,B,control,1
4072,junk_debris,control,1
4073,junk_debris,control,1
4074,junk_doublet,control,1
4075,CD4_T,control,1
4076,CD4_T,control,1
4077,junk_doublet,control,1
4078,junk_debris,control,1
4079,junk_debris,control,1
4080,junk_debris,control,1
4081,junk_noise,control,1
4082,junk_doublet,control,1
4083,junk_dead,control,1
4084,junk_dead,control,1
4085,junk_dead,control,1
4086,B,control,1
4087,junk_doublet,control,1
4088,junk_dead,control,1
4089,DC,control,1
4090,Myeloid,control,1
4091,junk_noise,control,1
4092,junk_dead,control,1
4093,CD4_T,control,1
4094,CD4_T,control,1
4095,junk_dead,control,1
4096,junk_doublet,control,1
4097,DC,control,1
4098,junk_debris,control,1
4099,junk_doublet,control,1
4100,CD4_T,control,1
4101,junk_debris,control,1
4102,junk_debris,control,1
4103,junk_debris,control,1
4104,junk_doublet,control,1
4105,junk_dead,control,1
4106,junk_dead,control,1
4107,junk_doublet,control,1
4108,junk_dead,control,1
4109,junk_dead,control,1
4110,Neutrophil,control,1
4111,B,control,1
4112,Neutrophil,control,1
4113,junk_doublet,control,1
4114,junk_doublet,control,1
4115,B,control,1
4116,junk_noise,control,1
4117,junk_debris,control,1
4118,junk_debris,control,1
4119,B,control,1
4120,junk_debris,control,1
4121,junk_doublet,control,1
4122,junk_noise,control,1
4123,junk_noise,control,1
4124,junk_debris,control,1
4125,CD8_T,control,1
4126,CD4_T,control,1
4127,junk_doublet,control,1
4128,junk_debris,control,1
4129,junk_debris,control,1
4130,Myeloid,control,1
4131,junk_debris,control,1
4132,CD4_T,control,1
4133,junk_debris,control,1
4134,junk_dead,control,1
4135,junk_doublet,control,1
4136,B,control,1
4137,junk_doublet,control,1
4138,junk_debris,control,1
4139,junk_debris,control,1
4140,junk_noise,control,1
4141,B,control,1
4142,B,control,1
4143,junk_debris,control,1
4144,junk_noise,control,1
4145,B,control,1
4146,Myeloid,control,1
4147,junk_dead,control,1
4148,junk_noise,control,1
4149,junk_dead,control,1
4150,junk_dead,control,1
4151,B,control,1
4152,junk_debris,control,1
4153,junk_doublet,control,1
4154,DC,control,1
4155,junk_noise,control,1
4156,junk_dead,control,1
4157,junk_doublet,control,1
4158,B,control,1
4159,Myeloid,control,1
4160,junk_debris,control,1
4161,junk_noise,control,1
4162,junk_doublet,control,1
4163,junk_noise,control,1
4164,junk_dead,control,1
4165,Myeloid,control,1
4166,junk_noise,control,1
4167,CD4_T,control,1
4168,junk_doublet,control,1
4169,junk_debris,control,1
4170,junk_dead,control,1
4171,junk_debris,control,1
4172,junk_debris,control,1
4173,junk_noise,control,1
4174,Myeloid,control,1
4175,CD4_T,control,1
4176,CD4_T,control,1
4177,junk_noise,control,1
4178,Myeloid,control,1
4179,junk_debris,control,1
4180,junk_debris,control,1
4181,CD8_T,control,1
4182,junk_doublet,control,1
4183,junk_dead,control,1
4184,junk_debris,control,1
4185,junk_debris,control,1
4186,junk_doublet,control,1
4187,B,control,1
4188,junk_dead,control,1
4189,junk_dead,control,1
4190,junk_dead,control,1
4191,junk_debris,control,1
4192,junk_doublet,control,1
4193,Neutrophil,control,1
4194,junk_doublet,control,1
4195,junk_doublet,control,1
4196,junk_debris,control,1
4197,junk_dead,control,1
4198,junk_debris,control,1
4199,Myeloid,control,1
4200,junk_dead,control,1
4201,Myeloid,control,1
4202,junk_doublet,control,1
4203,junk_doublet,control,1
4204,junk_doublet,control,1
4205,junk_dead,control,1
4206,junk_doublet,control,1
4207,CD8_T,control,1
4208,junk_dead,control,1
4209,junk_doublet,control,1
4210,CD4_T,control,1
4211,junk_doublet,control,1
4212,CD4_T,control,1
4213,CD4_T,control,1
4214,NK,control,1
4215,junk_debris,control,1
4216,junk_noise,control,1
4217,junk_debris,control,1
4218,junk_dead,control,1
4219,Neutrophil,control,1
4220,NK,control,1
4221,junk_debris,control,1
4222,junk_noise,control,1
4223,B,control,1
4224,B,control,1
4225,junk_debris,control,1
4226,CD8_T,control,1
4227,junk_debris,control,1
4228,junk_debris,control,1
4229,junk_noise,control,1
4230,junk_dead,control,1
4231,junk_dead,control,1
4232,junk_debris,control,1
4233,junk_dead,control,1
4234,junk_doublet,control,1
4235,NK,control,1
4236,junk_doublet,control,1
4237,B,control,1
4238,junk_dead,control,1
4239,junk_dead,control,1
4240,junk_dead,control,1
4241,junk_debris,control,1
4242,junk_debris,control,1
4243,junk_debris,control,1
4244,junk_doublet,control,1
4245,junk_dead,control,1
4246,junk_noise,control,1
4247,Myeloid,control,1
4248,CD4_T,control,1
4249,junk_doublet,control,1
4250,junk_debris,control,1
4251,CD4_T,control,1
4252,junk_dead,control,1
4253,Neutrophil,control,1
4254,CD4_T,control,1
4255,junk_doublet,control,1
4256,junk_debris,control,1
4257,CD4_T,control,1
4258,junk_debris,control,1
4259,Neutrophil,control,1
4260,junk_dead,control,1
4261,B,control,1
4262,CD4_T,control,1
4263,CD8_T,control,1
4264,junk_noise,control,1
4265,B,control,1
4266,junk_noise,control,1
4267,junk_dead,control,1
4268,junk_dead,control,1
4269,junk_debris,control,1
4270,junk_noise,control,1
4271,NK,control,1
4272,junk_dead,control,1
4273,junk_debris,control,1
4274,junk_debris,control,1
4275,junk_debris,control,1
4276,junk_noise,control,1
4277,junk_debris,control,1
4278,B,control,1
4279,junk_debris,control,1
4280,junk_dead,control,1
4281,DC,control,1
4282,junk_dead,control,1
4283,junk_dead,control,1
4284,junk_debris,control,1
4285,B,control,1
4286,junk_doublet,control,1
4287,junk_noise,control,1
4288,junk_noise,control,1
4289,B,control,1
4290,junk_noise,control,1
4291,Neutrophil,control,1
4292,junk_dead,control,1
4293,CD8_T,control,1
4294,junk_debris,control,1
4295,B,control,1
4296,junk_debris,control,1
4297,Myeloid,control,1
4298,Myeloid,control,1
4299,junk_debris,control,1
4300,junk_doublet,control,1
4301,junk_debris,control,1
4302,junk_doublet,control,1
4303,junk_dead,control,1
4304,junk_dead,control,1
4305,junk_noise,control,1
4306,Myeloid,control,1
4307,junk_debris,control,1
4308,junk_debris,control,1
4309,junk_dead,control,1
4310,B,control,1
4311,junk_dead,control,1
4312,junk_debris,control,1
4313,junk_doublet,control,1
4314,Myeloid,control,1
4315,junk_dead,control,1
4316,junk_dead,control,1
4317,junk_dead,control,1
4318,junk_dead,control,1
4319,junk_debris,control,1
4320,junk_dead,control,1
4321,junk_doublet,control,1
4322,CD4_T,control,1
4323,junk_noise,control,1
4324,junk_debris,control,1
4325,junk_debris,control,1
4326,junk_debris,control,1
4327,junk_doublet,control,1
4328,CD4_T,control,1
4329,junk_dead,control,1
4330,junk_doublet,control,1
4331,junk_dead,control,1
4332,junk_dead,control,1
4333,CD8_T,control,1
4334,junk_dead,control,1
4335,junk_dead,control,1
4336,junk_debris,control,1
4337,junk_doublet,control,1
4338,junk_debris,control,1
4339,CD4_T,control,1
4340,B,control,1
4341,DC,control,1
4342,junk_debris,control,1
4343,junk_doublet,control,1
4344,junk_dead,control,1
4345,junk_debris,control,1
4346,CD4_T,control,1
4347,junk_noise,control,1
4348,CD4_T,control,1
4349,junk_debris,control,1
4350,junk_doublet,control,1
4351,junk_doublet,control,1
4352,junk_dead,control,1
4353,junk_dead,control,1
4354,junk_dead,control,1
4355,Neutrophil,control,1
4356,junk_noise,control,1
4357,junk_doublet,control,1
4358,junk_dead,control,1
4359,junk_dead,control,1
4360,junk_noise,control,1
4361,junk_doublet,control,1
4362,junk_debris,control,1
4363,CD8_T,control,1
4364,Neutrophil,control,1
4365,junk_noise,control,1
4366,junk_doublet,control,1
4367,junk_doublet,control,1
4368,DC,control,1
4369,junk_debris,control,1
4370,Myeloid,control,1
4371,junk_dead,control,1
4372,CD8_T,control,1
4373,junk_doublet,control,1
4374,junk_dead,control,1
4375,junk_debris,control,1
4376,junk_debris,control,1
4377,junk_debris,control,1
4378,B,control,1
4379,junk_noise,control,1
4380,CD4_T,control,1
4381,junk_doublet,control,1
4382,junk_dead,control,1
4383,B,control,1
4384,junk_doublet,control,1
4385,junk_dead,control,1
4386,Myeloid,control,1
4387,junk_debris,control,1
4388,junk_dead,control,1
4389,CD8_T,control,1
4390,CD8_T,control,1
4391,junk_doublet,control,1
4392,junk_doublet,control,1
4393,junk_noise,control,1
4394,CD4_T,control,1
4395,junk_noise,control,1
4396,junk_dead,control,1
4397,junk_noise,control,1
4398,junk_doublet,control,1
4399,CD8_T,control,1
4400,junk_dead,control,1
4401,CD4_T,control,1
4402,B,control,1
4403,CD8_T,control,1
4404,CD4_T,control,1
4405,junk_doublet,control,1
4406,CD4_T,control,1
4407,junk_debris,control,1
4408,junk_dead,control,1
4409,CD8_T,control,1
4410,CD4_T,control,1
4411,CD8_T,control,1
4412,Myeloid,control,1
4413,junk_doublet,control,1
4414,junk_noise,control,1
4415,junk_debris,control,1
4416,junk_debris,control,1
4417,junk_dead,control,1
4418,junk_debris,control,1
4419,junk_doublet,control,1
4420,DC,control,1
4421,junk_noise,control,1
4422,B,control,1
4423,CD4_T,control,1
4424,junk_dead,control,1
4425,B,control,1
4426,junk_debris,control,1
4427,Myeloid,control,1
4428,B,control,1
4429,junk_debris,control,1
4430,junk_dead,control,1
4431,junk_debris,control,1
4432,junk_debris,control,1
4433,junk_dead,control,1
4434,NK,control,1
4435,junk_doublet,control,1
4436,junk_noise,control,1
4437,junk_noise,control,1
4438,CD4_T,control,1
4439,Neutrophil,control,1
4440,junk_debris,control,1
4441,CD8_T,control,1
4442,junk_debris,control,1
4443,junk_debris,control,1
4444,junk_doublet,control,1
4445,junk_debris,control,1
4446,CD8_T,control,1
4447,CD8_T,control,1
4448,junk_noise,control,1
4449,junk_doublet,control,1
4450,junk_dead,control,1
4451,junk_doublet,control,1
4452,junk_noise,control,1
4453,Myeloid,control,1
4454,CD4_T,control,1
4455,CD4_T,control,1
4456,junk_dead,control,1
4457,B,control,1
4458,junk_doublet,control,1
4459,junk_dead,control,1
4460,junk_debris,control,1
4461,junk_debris,control,1
4462,junk_noise,control,1
4463,junk_debris,control,1
4464,junk_debris,control,1
4465,CD4_T,control,1
4466,junk_debris,control,1
4467,CD4_T,control,1
4468,junk_doublet,control,1
4469,junk_doublet,control,1
4470,junk_noise,control,1
4471,junk_debris,control,1
4472,Neutrophil,control,1
4473,Myeloid,control,1
4474,B,control,1
4475,junk_debris,control,1
4476,Myeloid,control,1
4477,junk_doublet,control,1
4478,junk_dead,control,1
4479,junk_doublet,control,1
4480,junk_dead,control,1
4481,junk_debris,control,1
4482,Myeloid,control,1
4483,junk_doublet,control,1
4484,Neutrophil,control,1
4485,junk_noise,control,1
4486,DC,control,1
4487,junk_noise,control,1
4488,Neutrophil,control,1
4489,Myeloid,control,1
4490,junk_noise,control,1
4491,DC,control,1
4492,Myeloid,control,1
4493,Neutrophil,control,1
4494,junk_doublet,control,1
4495,Neutrophil,control,1
4496,B,control,1
4497,junk_noise,control,1
4498,junk_doublet,control,1
4499,junk_dead,control,1
4500,CD8_T,control,1
4501,junk_dead,control,1
4502,junk_doublet,control,1
4503,DC,control,1
4504,junk_debris,control,1
4505,junk_debris,control,1
4506,CD8_T,control,1
4507,Myeloid,control,1
4508,junk_noise,control,1
4509,Myeloid,control,1
4510,NK,control,1
4511,CD8_T,control,1
4512,junk_debris,control,1
4513,junk_debris,control,1
4514,junk_noise,control,1
4515,junk_debris,control,1
4516,B,control,1
4517,junk_debris,control,1
4518,CD4_T,control,1
4519,junk_dead,control,1
4520,junk_dead,control,1
4521,junk_dead,control,1
4522,junk_dead,control,1
4523,junk_debris,control,1
4524,DC,control,1
4525,junk_debris,control,1
4526,junk_debris,control,1
4527,junk_dead,control,1
4528,junk_debris,control,1
4529,Neutrophil,control,1
4530,junk_debris,control,1
4531,junk_debris,control,1
4532,B,control,1
4533,junk_dead,control,1
4534,junk_debris,control,1
4535,junk_debris,control,1
4536,junk_noise,control,1
4537,CD4_T,control,1
4538,junk_debris,control,1
4539,junk_doublet,control,1
4540,junk_doublet,control,1
4541,CD4_T,control,1
4542,junk_doublet,control,1
4543,junk_debris,control,1
4544,junk_doublet,control,1
4545,junk_debris,control,1
4546,junk_debris,control,1
4547,junk_debris,control,1
4548,junk_doublet,control,1
4549,B,control,1
4550,junk_debris,control,1
4551,junk_doublet,control,1
4552,Myeloid,control,1
4553,CD8_T,control,1
4554,junk_debris,control,1
4555,junk_doublet,control,1
4556,junk_noise,control,1
4557,B,control,1
4558,Myeloid,control,1
4559,junk_noise,control,1
4560,junk_doublet,control,1
4561,B,control,1
4562,junk_debris,control,1
4563,CD4_T,control,1
4564,junk_dead,control,1
4565,junk_debris,control,1
4566,junk_noise,control,1
4567,junk_doublet,control,1
4568,junk_dead,control,1
4569,junk_dead,control,1
4570,junk_doublet,control,1
4571,junk_debris,control,1
4572,junk_debris,control,1
4573,junk_dead,control,1
4574,CD4_T,control,1
4575,junk_debris,control,1
4576,Neutrophil,control,1
4577,junk_noise,control,1
4578,CD8_T,control,1
4579,junk_doublet,control,1
4580,CD8_T,control,1
4581,junk_noise,control,1
4582,junk_doublet,control,1
4583,junk_debris,control,1
4584,junk_noise,control,1
4585,DC,control,1
4586,junk_doublet,control,1
4587,junk_debris,control,1
4588,junk_noise,control,1
4589,B,control,1
4590,junk_doublet,control,1
4591,junk_debris,control,1
4592,Neutrophil,control,1
4593,junk_debris,control,1
4594,Myeloid,control,1
4595,junk_doublet,control,1
4596,junk_doublet,control,1
4597,junk_debris,control,1
4598,B,control,1
4599,junk_doublet,control,1
4600,DC,control,1
4601,junk_dead,control,1
4602,Neutrophil,control,1
4603,Myeloid,control,1
4604,junk_noise,control,1
4605,junk_dead,control,1
4606,junk_dead,control,1
4607,junk_noise,control,1
4608,junk_doublet,control,1
4609,Myeloid,control,1
4610,junk_dead,control,1
4611,junk_doublet,control,1
4612,junk_debris,control,1
4613,Myeloid,control,1
4614,junk_noise,control,1
4615,CD4_T,control,1
4616,junk_noise,control,1
4617,junk_debris,control,1
4618,junk_debris,control,1
4619,Neutrophil,control,1
4620,junk_doublet,control,1
4621,junk_dead,control,1
4622,CD8_T,control,1
4623,Neutrophil,control,1
4624,CD4_T,control,1
4625,B,control,1
4626,B,control,1
4627,junk_debris,control,1
4628,junk_doublet,control,1
4629,junk_doublet,control,1
4630,junk_debris,control,1
4631,junk_doublet,control,1
4632,Neutrophil,control,1
4633,CD4_T,control,1
4634,junk_dead,control,1
4635,B,control,1
4636,junk_doublet,control,1
4637,junk_debris,control,1
4638,Myeloid,control,1
4639,junk_noise,control,1
4640,junk_doublet,control,1
4641,junk_debris,control,1
4642,B,control,1
4643,junk_doublet,control,1
4644,B,control,1
4645,B,control,1
4646,B,control,1
4647,junk_dead,control,1
4648,junk_debris,control,1
4649,NK,control,1
4650,junk_dead,control,1
4651,B,control,1
4652,CD4_T,control,1
4653,junk_debris,control,1
4654,junk_debris,control,1
4655,junk_dead,control,1
4656,junk_noise,control,1
4657,junk_doublet,control,1
4658,junk_doublet,control,1
4659,junk_debris,control,1
4660,junk_debris,control,1
4661,junk_debris,control,1
4662,B,control,1
4663,junk_noise,control,1
4664,junk_doublet,control,1
4665,junk_debris,control,1
4666,junk_debris,control,1
4667,junk_debris,control,1
4668,Myeloid,control,1
4669,junk_debris,control,1
4670,junk_noise,control,1
4671,junk_debris,control,1
4672,Neutrophil,control,1
4673,B,control,1
4674,B,control,1
4675,junk_doublet,control,1
4676,junk_noise,control,1
4677,junk_debris,control,1
4678,junk_debris,control,1
4679,Neutrophil,control,1
4680,junk_dead,control,1
4681,DC,control,1
4682,junk_noise,control,1
4683,junk_dead,control,1
4684,Myeloid,control,1
4685,CD4_T,control,1
4686,NK,control,1
4687,junk_debris,control,1
4688,junk_doublet,control,1
4689,junk_doublet,control,1
4690,junk_debris,control,1
4691,junk_dead,control,1
4692,Myeloid,control,1
4693,CD4_T,control,1
4694,Myeloid,control,1
4695,B,control,1
4696,junk_dead,control,1
4697,NK,control,1
4698,junk_debris,control,1
4699,junk_doublet,control,1
4700,junk_dead,control,1
4701,junk_debris,control,1
4702,junk_debris,control,1
4703,junk_debris,control,1
4704,junk_doublet,control,1
4705,CD4_T,control,1
4706,junk_doublet,control,1
4707,CD4_T,control,1
4708,junk_doublet,control,1
4709,Myeloid,control,1
4710,junk_noise,control,1
4711,DC,control,1
4712,B,control,1
4713,NK,control,1
4714,junk_noise,control,1
4715,junk_debris,control,1
4716,CD4_T,control,1
4717,CD4_T,control,1
4718,B,control,1
4719,junk_debris,control,1
4720,junk_debris,control,1
4721,Myeloid,control,1
4722,junk_debris,control,1
4723,junk_debris,control,1
4724,CD8_T,control,1
4725,junk_debris,control,1
4726,junk_noise,control,1
4727,junk_debris,control,1
4728,junk_debris,control,1
4729,junk_debris,control,1
4730,Neutrophil,control,1
4731,junk_noise,control,1
4732,junk_dead,control,1
4733,junk_doublet,control,1
4734,B,control,1
4735,junk_noise,control,1
4736,junk_noise,control,1
4737,junk_debris,control,1
4738,CD4_T,control,1
4739,B,control,1
4740,junk_doublet,control,1
4741,junk_noise,control,1
4742,junk_noise,control,1
4743,Myeloid,control,1
4744,junk_noise,control,1
4745,DC,control,1
4746,DC,control,1
4747,junk_noise,control,1
4748,junk_debris,control,1
4749,B,control,1
4750,junk_debris,control,1
4751,junk_dead,control,1
4752,CD8_T,control,1
4753,B,control,1
4754,junk_debris,control,1
4755,junk_doublet,control,1
4756,junk_debris,control,1
4757,junk_debris,control,1
4758,junk_noise,control,1
4759,junk_debris,control,1
4760,junk_noise,control,1
4761,junk_dead,control,1
4762,junk_noise,control,1
4763,junk_noise,control,1
4764,Neutrophil,control,1
4765,junk_noise,control,1
4766,junk_dead,control,1
4767,junk_debris,control,1
4768,junk_debris,control,1
4769,junk_debris,control,1
4770,junk_doublet,control,1
4771,junk_doublet,control,1
4772,B,control,1
4773,junk_dead,control,1
4774,Myeloid,control,1
4775,junk_debris,control,1
4776,junk_doublet,control,1
4777,CD4_T,control,1
4778,junk_dead,control,1
4779,Myeloid,control,1
4780,B,control,1
4781,junk_noise,control,1
4782,junk_debris,control,1
4783,junk_noise,control,1
4784,junk_dead,control,1
4785,junk_doublet,control,1
4786,junk_debris,control,1
4787,junk_debris,control,1
4788,junk_debris,control,1
4789,junk_dead,control,1
4790,junk_debris,control,1
4791,junk_doublet,control,1
4792,Myeloid,control,1
4793,junk_debris,control,1
4794,junk_doublet,control,1
4795,junk_doublet,control,1
4796,Myeloid,control,1
4797,junk_debris,control,1
4798,junk_doublet,control,1
4799,Neutrophil,control,1
4800,junk_debris,control,1
4801,junk_dead,control,1
4802,junk_noise,control,1
4803,junk_dead,control,1
4804,CD8_T,control,1
4805,CD4_T,control,1
4806,junk_debris,control,1
4807,junk_debris,control,1
4808,junk_doublet,control,1
4809,junk_doublet,control,1
4810,Neutrophil,control,1
4811,junk_debris,control,1
4812,junk_dead,control,1
4813,junk_doublet,control,1
4814,junk_debris,control,1
4815,junk_debris,control,1
4816,junk_noise,control,1
4817,junk_dead,control,1
4818,Myeloid,control,1
4819,junk_noise,control,1
4820,junk_doublet,control,1
4821,NK,control,1
4822,Myeloid,control,1
4823,junk_doublet,control,1
4824,junk_dead,control,1
4825,junk_noise,control,1
4826,junk_doublet,control,1
4827,B,control,1
4828,junk_doublet,control,1
4829,junk_noise,control,1
4830,junk_doublet,control,1
4831,NK,control,1
4832,DC,control,1
4833,junk_debris,control,1
4834,junk_dead,control,1
4835,junk_debris,control,1
4836,junk_doublet,control,1
4837,Neutrophil,control,1
4838,B,control,1
4839,B,control,1
4840,junk_debris,control,1
4841,junk_debris,control,1
4842,junk_doublet,control,1
4843,CD4_T,control,1
4844,junk_debris,control,1
4845,B,control,1
4846,junk_debris,control,1
4847,junk_doublet,control,1
4848,CD4_T,control,1
4849,junk_debris,control,1
4850,CD4_T,control,1
4851,B,control,1
4852,Neutrophil,control,1
4853,CD8_T,control,1
4854,junk_dead,control,1
4855,junk_noise,control,1
4856,junk_doublet,control,1
4857,junk_doublet,control,1
4858,junk_dead,control,1
4859,junk_doublet,control,1
4860,junk_debris,control,1
4861,junk_debris,control,1
4862,junk_noise,control,1
4863,junk_doublet,control,1
4864,Neutrophil,control,1
4865,Neutrophil,control,1
4866,Myeloid,control,1
4867,Neutrophil,control,1
4868,junk_debris,control,1
4869,junk_debris,control,1
4870,Myeloid,control,1
4871,B,control,1
4872,junk_noise,control,1
4873,Neutrophil,control,1
4874,junk_doublet,control,1
4875,CD4_T,control,1
4876,junk_debris,control,1
4877,junk_noise,control,1
4878,junk_debris,control,1
4879,NK,control,1
4880,junk_debris,control,1
4881,Neutrophil,control,1
4882,junk_doublet,control,1
4883,DC,control,1
4884,junk_debris,control,1
4885,junk_doublet,control,1
4886,junk_doublet,control,1
4887,junk_dead,control,1
4888,junk_doublet,control,1
4889,junk_debris,control,1
4890,junk_debris,control,1
4891,junk_dead,control,1
4892,junk_dead,control,1
4893,CD8_T,control,1
4894,junk_debris,control,1
4895,junk_debris,control,1
4896,B,control,1
4897,CD4_T,control,1
4898,CD4_T,control,1
4899,junk_debris,control,1
4900,DC,control,1
4901,junk_noise,control,1
4902,CD8_T,control,1
4903,junk_debris,control,1
4904,junk_debris,control,1
4905,junk_debris,control,1
4906,junk_debris,control,1
4907,junk_debris,control,1
4908,junk_debris,control,1
4909,junk_dead,control,1
4910,NK,control,1
4911,B,control,1
4912,junk_dead,control,1
4913,CD4_T,control,1
4914,junk_dead,control,1
4915,Myeloid,control,1
4916,CD4_T,control,1
4917,junk_debris,control,1
4918,Myeloid,control,1
4919,junk_doublet,control,1
4920,junk_dead,control,1
4921,CD8_T,control,1
4922,junk_debris,control,1
4923,junk_debris,control,1
4924,Myeloid,control,1
4925,B,control,1
4926,junk_noise,control,1
4927,junk_noise,control,1
4928,junk_doublet,control,1
4929,junk_noise,control,1
4930,junk_doublet,control,1
4931,junk_dead,control,1
4932,junk_debris,control,1
4933,junk_debris,control,1
4934,Myeloid,control,1
4935,junk_debris,control,1
4936,B,control,1
4937,junk_debris,control,1
4938,CD4_T,control,1
4939,junk_doublet,control,1
4940,Neutrophil,control,1
4941,junk_debris,control,1
4942,junk_debris,control,1
4943,junk_debris,control,1
4944,CD8_T,control,1
4945,junk_debris,control,1
4946,junk_debris,control,1
4947,junk_doublet,control,1
4948,junk_debris,control,1
4949,Myeloid,control,1
4950,Myeloid,control,1
4951,junk_dead,control,1
4952,junk_doublet,control,1
4953,junk_doublet,control,1
4954,NK,control,1
4955,Neutrophil,control,1
4956,junk_doublet,control,1
4957,junk_doublet,control,1
4958,junk_debris,control,1
4959,junk_dead,control,1
4960,DC,control,1
4961,Myeloid,control,1
4962,junk_dead,control,1
4963,B,control,1
4964,B,control,1
4965,junk_doublet,control,1
4966,junk_dead,control,1
4967,Neutrophil,control,1
4968,B,control,1
4969,junk_dead,control,1
4970,junk_noise,control,1
4971,junk_debris,control,1
4972,junk_debris,control,1
4973,junk_dead,control,1
4974,junk_dead,control,1
4975,DC,control,1
4976,B,control,1
4977,junk_dead,control,1
4978,junk_dead,control,1
4979,CD4_T,control,1
4980,Myeloid,control,1
4981,B,control,1
4982,junk_debris,control,1
4983,CD4_T,control,1
4984,junk_noise,control,1
4985,junk_debris,control,1
4986,junk_debris,control,1
4987,junk_dead,control,1
4988,junk_dead,control,1
4989,junk_noise,control,1
4990,CD4_T,control,1
4991,junk_debris,control,1
4992,junk_debris,control,1
4993,junk_doublet,control,1
4994,junk_dead,control,1
4995,junk_debris,control,1
4996,junk_noise,control,1
4997,junk_noise,control,1
4998,Neutrophil,control,1
4999,junk_debris,control,1
