event_index,true_population,condition,replicate
0,Neutrophil,treatment,1
1,junk_doublet,treatment,1
2,DC,treatment,1
3,junk_dead,treatment,1
4,Myeloid,treatment,1
5,junk_dead,treatment,1
6,Neutrophil,treatment,1
7,junk_doublet,treatment,1
8,Myeloid,treatment,1
9,junk_debris,treatment,1
10,junk_dead,treatment,1
11,junk_debris,treatment,1
12,junk_debris,treatment,1
13,CD8_T,treatment,1
14,B,treatment,1
15,Neutrophil,treatment,1
16,junk_debris,treatment,1
17,junk_doublet,treatment,1
18,junk_dead,treatment,1
19,junk_debris,treatment,1
20,junk_debris,treatment,1
21,junk_debris,treatment,1
22,junk_dead,treatment,1
23,junk_debris,treatment,1
24,junk_debris,treatment,1
25,junk_dead,treatment,1
26,Myeloid,treatment,1
27,junk_debris,treatment,1
28,junk_doublet,treatment,1
29,junk_debris,treatment,1
30,junk_debris,treatment,1
31,junk_dead,treatment,1
32,CD8_T,treatment,1
33,junk_dead,treatment,1
34,junk_noise,treatment,1
35,junk_debris,treatment,1
36,junk_doublet,treatment,1
37,junk_doublet,treatment,1
38,junk_debris,treatment,1
39,junk_noise,treatment,1
40,DC,treatment,1
41,junk_debris,treatment,1
42,junk_debris,treatment,1
43,Neutrophil,treatment,1
44,junk_doublet,treatment,1
45,junk_noise,treatment,1
46,B,treatment,1
47,junk_doublet,treatment,1
48,junk_debris,treatment,1
49,junk_debris,treatment,1
50,junk_debris,treatment,1
51,junk_dead,treatment,1
52,CD8_T,treatment,1
53,junk_debris,treatment,1
54,junk_doublet,treatment,1
55,junk_noise,treatment,1
56,junk_doublet,treatment,1
57,B,treatment,1
58,junk_debris,treatment,1
59,NK,treatment,1
60,junk_dead,treatment,1
61,junk_noise,treatment,1
62,junk_debris,treatment,1
63,B,treatment,1
64,CD4_T,treatment,1
65,junk_debris,treatment,1
66,Myeloid,treatment,1
67,junk_dead,treatment,1
68,B,treatment,1
69,junk_debris,treatment,1
70,CD4_T,treatment,1
71,B,treatment,1
72,junk_noise,treatment,1
73,junk_dead,treatment,1
74,junk_debris,treatment,1
75,junk_noise,treatment,1
76,junk_debris,treatment,1
77,junk_debris,treatment,1
78,CD4_T,treatment,1
79,NK,treatment,1
80,junk_dead,treatment,1
81,junk_noise,treatment,1
82,junk_debris,treatment,1
83,Myeloid,treatment,1
84,junk_debris,treatment,1
85,junk_debris,treatment,1
86,junk_debris,treatment,1
87,CD8_T,treatment,1
88,junk_doublet,treatment,1
89,junk_dead,treatment,1
90,junk_doublet,treatment,1
91,junk_doublet,treatment,1
92,junk_noise,treatment,1
93,B,treatment,1
94,junk_debris,treatment,1
95,junk_debris,treatment,1
96,junk_doublet,treatment,1
97,Neutrophil,treatment,1
98,junk_noise,treatment,1
99,CD4_T,treatment,1
100,junk_doublet,treatment,1
101,junk_dead,treatment,1
102,junk_noise,treatment,1
103,CD8_T,treatment,1
104,junk_noise,treatment,1
105,junk_debris,treatment,1
106,junk_debris,treatment,1
107,Neutrophil,treatment,1
108,CD4_T,treatment,1
109,Myeloid,treatment,1
110,junk_doublet,treatment,1
111,junk_noise,treatment,1
112,junk_dead,treatment,1
113,junk_dead,treatment,1
114,B,treatment,1
115,Myeloid,treatment,1
116,junk_dead,treatment,1
117,junk_debris,treatment,1
118,B,treatment,1
119,junk_noise,treatment,1
120,junk_doublet,treatment,1
121,junk_debris,treatment,1
122,junk_debris,treatment,1
123,CD4_T,treatment,1
124,junk_doublet,treatment,1
125,junk_debris,treatment,1
126,junk_doublet,treatment,1
127,CD4_T,treatment,1
128,junk_debris,treatment,1
129,DC,treatment,1
130,junk_noise,treatment,1
131,junk_noise,treatment,1
132,junk_debris,treatment,1
133,B,treatment,1
134,junk_doublet,treatment,1
135,junk_debris,treatment,1
136,B,treatment,1
137,junk_dead,treatment,1
138,junk_debris,treatment,1
139,junk_debris,treatment,1
140,junk_debris,treatment,1
141,junk_dead,treatment,1
142,CD4_T,treatment,1
143,B,treatment,1
144,junk_doublet,treatment,1
145,junk_noise,treatment,1
146,junk_dead,treatment,1
147,junk_doublet,treatment,1
148,junk_dead,treatment,1
149,Myeloid,treatment,1
150,Neutrophil,treatment,1
151,NK,treatment,1
152,CD4_T,treatment,1
153,B,treatment,1
154,junk_debris,treatment,1
155,junk_debris,treatment,1
156,CD8_T,treatment,1
157,CD4_T,treatment,1
158,junk_debris,treatment,1
159,junk_debris,treatment,1
160,junk_dead,treatment,1
161,junk_debris,treatment,1
162,B,treatment,1
163,Myeloid,treatment,1
164,junk_dead,treatment,1
165,junk_dead,treatment,1
166,junk_dead,treatment,1
167,junk_debris,treatment,1
168,B,treatment,1
169,junk_debris,treatment,1
170,junk_doublet,treatment,1
171,junk_noise,treatment,1
172,Myeloid,treatment,1
173,CD8_T,treatment,1
174,junk_dead,treatment,1
175,B,treatment,1
176,junk_debris,treatment,1
177,Neutrophil,treatment,1
178,Neutrophil,treatment,1
179,junk_debris,treatment,1
180,junk_debris,treatment,1
181,junk_dead,treatment,1
182,junk_debris,treatment,1
183,junk_debris,treatment,1
184,junk_dead,treatment,1
185,junk_doublet,treatment,1
186,junk_doublet,treatment,1
187,junk_debris,treatment,1
188,junk_noise,treatment,1
189,Myeloid,treatment,1
190,CD8_T,treatment,1
191,junk_debris,treatment,1
192,junk_debris,treatment,1
193,junk_dead,treatment,1
194,Myeloid,treatment,1
195,junk_dead,treatment,1
196,junk_debris,treatment,1
197,NK,treatment,1
198,CD8_T,treatment,1
199,junk_dead,treatment,1
200,junk_debris,treatment,1
201,junk_dead,treatment,1
202,junk_debris,treatment,1
203,junk_dead,treatment,1
204,junk_debris,treatment,1
205,junk_debris,treatment,1
206,junk_dead,treatment,1
207,junk_debris,treatment,1
208,Myeloid,treatment,1
209,junk_doublet,treatment,1
210,Myeloid,treatment,1
211,junk_noise,treatment,1
212,junk_doublet,treatment,1
213,CD8_T,treatment,1
214,junk_doublet,treatment,1
215,junk_dead,treatment,1
216,junk_dead,treatment,1
217,junk_dead,treatment,1
218,NK,treatment,1
219,junk_dead,treatment,1
220,junk_debris,treatment,1
221,junk_dead,treatment,1
222,junk_doublet,treatment,1
223,Myeloid,treatment,1
224,junk_debris,treatment,1
225,junk_noise,treatment,1
226,junk_dead,treatment,1
227,Myeloid,treatment,1
228,junk_noise,treatment,1
229,junk_dead,treatment,1
230,CD8_T,treatment,1
231,junk_doublet,treatment,1
232,B,treatment,1
233,junk_dead,treatment,1
234,junk_noise,treatment,1
235,junk_dead,treatment,1
236,junk_noise,treatment,1
237,junk_debris,treatment,1
238,CD4_T,treatment,1
239,CD4_T,treatment,1
240,DC,treatment,1
241,B,treatment,1
242,junk_doublet,treatment,1
243,junk_debris,treatment,1
244,CD4_T,treatment,1
245,junk_debris,treatment,1
246,junk_doublet,treatment,1
247,junk_dead,treatment,1
248,junk_doublet,treatment,1
249,junk_doublet,treatment,1
250,B,treatment,1
251,CD4_T,treatment,1
252,B,treatment,1
253,B,treatment,1
254,B,treatment,1
255,junk_noise,treatment,1
256,junk_doublet,treatment,1
257,junk_debris,treatment,1
258,Neutrophil,treatment,1
259,B,treatment,1
260,junk_debris,treatment,1
261,junk_doublet,treatment,1
262,junk_doublet,treatment,1
263,junk_doublet,treatment,1
264,junk_noise,treatment,1
265,junk_doublet,treatment,1
266,CD8_T,treatment,1
267,B,treatment,1
268,junk_doublet,treatment,1
269,junk_debris,treatment,1
270,junk_doublet,treatment,1
271,junk_debris,treatment,1
272,junk_debris,treatment,1
273,junk_debris,treatment,1
274,junk_dead,treatment,1
275,junk_debris,treatment,1
276,Neutrophil,treatment,1
277,junk_noise,treatment,1
278,junk_debris,treatment,1
279,CD8_T,treatment,1
280,Neutrophil,treatment,1
281,junk_doublet,treatment,1
282,junk_dead,treatment,1
283,junk_dead,treatment,1
284,junk_dead,treatment,1
285,junk_noise,treatment,1
286,junk_doublet,treatment,1
287,junk_debris,treatment,1
288,junk_debris,treatment,1
289,junk_debris,treatment,1
290,Myeloid,treatment,1
291,junk_debris,treatment,1
292,junk_debris,treatment,1
293,junk_dead,treatment,1
294,junk_noise,treatment,1
295,junk_dead,treatment,1
296,Neutrophil,treatment,1
297,Myeloid,treatment,1
298,junk_dead,treatment,1
299,junk_debris,treatment,1
300,Neutrophil,treatment,1
301,junk_debris,treatment,1
302,junk_dead,treatment,1
303,junk_debris,treatment,1
304,CD4_T,treatment,1
305,junk_noise,treatment,1
306,junk_debris,treatment,1
307,junk_doublet,treatment,1
308,junk_debris,treatment,1
309,junk_debris,treatment,1
310,junk_debris,treatment,1
311,junk_debris,treatment,1
312,junk_debris,treatment,1
313,junk_dead,treatment,1
314,B,treatment,1
315,B,treatment,1
316,Myeloid,treatment,1
317,junk_dead,treatment,1
318,Neutrophil,treatment,1
319,junk_noise,treatment,1
320,junk_noise,treatment,1
321,junk_debris,treatment,1
322,junk_debris,treatment,1
323,junk_doublet,treatment,1
324,junk_dead,treatment,1
325,junk_noise,treatment,1
326,junk_debris,treatment,1
327,junk_dead,treatment,1
328,junk_dead,treatment,1
329,B,treatment,1
330,junk_debris,treatment,1
331,junk_doublet,treatment,1
332,junk_debris,treatment,1
333,junk_debris,treatment,1
334,junk_doublet,treatment,1
335,junk_debris,treatment,1
336,CD4_T,treatment,1
337,DC,treatment,1
338,junk_debris,treatment,1
339,junk_debris,treatment,1
340,junk_doublet,treatment,1
341,junk_debris,treatment,1
342,junk_dead,treatment,1
343,Myeloid,treatment,1
344,B,treatment,1
345,junk_doublet,treatment,1
346,junk_dead,treatment,1
347,Neutrophil,treatment,1
348,CD4_T,treatment,1
349,CD4_T,treatment,1
350,junk_debris,treatment,1
351,junk_dead,treatment,1
352,junk_debris,treatment,1
353,junk_dead,treatment,1
354,junk_dead,treatment,1
355,B,treatment,1
356,junk_noise,treatment,1
357,junk_debris,treatment,1
358,junk_debris,treatment,1
359,junk_doublet,treatment,1
360,junk_debris,treatment,1
361,junk_debris,treatment,1
362,B,treatment,1
363,Myeloid,treatment,1
364,Myeloid,treatment,1
365,junk_dead,treatment,1
366,CD8_T,treatment,1
367,junk_dead,treatment,1
368,junk_doublet,treatment,1
369,junk_noise,treatment,1
370,junk_debris,treatment,1
371,junk_debris,treatment,1
372,CD8_T,treatment,1
373,B,treatment,1
374,B,treatment,1
375,junk_debris,treatment,1
376,junk_debris,treatment,1
377,junk_dead,treatment,1
378,junk_dead,treatment,1
379,junk_debris,treatment,1
380,CD4_T,treatment,1
381,junk_doublet,treatment,1
382,junk_dead,treatment,1
383,B,treatment,1
384,junk_dead,treatment,1
385,junk_debris,treatment,1
386,B,treatment,1
387,junk_debris,treatment,1
388,B,treatment,1
389,junk_dead,treatment,1
390,B,treatment,1
391,B,treatment,1
392,junk_debris,treatment,1
393,B,treatment,1
394,CD4_T,treatment,1
395,junk_debris,treatment,1
396,junk_dead,treatment,1
397,junk_noise,treatment,1
398,junk_debris,treatment,1
399,Myeloid,treatment,1
400,junk_dead,treatment,1
401,junk_debris,treatment,1
402,B,treatment,1
403,CD8_T,treatment,1
404,junk_dead,treatment,1
405,CD4_T,treatment,1
406,CD4_T,treatment,1
407,CD8_T,treatment,1
408,CD4_T,treatment,1
409,junk_debris,treatment,1
410,junk_debris,treatment,1
411,Neutrophil,treatment,1
412,junk_debris,treatment,1
413,junk_debris,treatment,1
414,junk_doublet,treatment,1
415,junk_dead,treatment,1
416,junk_debris,treatment,1
417,junk_doublet,treatment,1
418,junk_debris,treatment,1
419,junk_dead,treatment,1
420,junk_dead,treatment,1
421,junk_debris,treatment,1
422,junk_debris,treatment,1
423,junk_dead,treatment,1
424,junk_debris,treatment,1
425,junk_doublet,treatment,1
426,junk_doublet,treatment,1
427,junk_doublet,treatment,1
428,junk_doublet,treatment,1
429,NK,treatment,1
430,Myeloid,treatment,1
431,CD4_T,treatment,1
432,junk_dead,treatment,1
433,NK,treatment,1
434,B,treatment,1
435,CD4_T,treatment,1
436,junk_noise,treatment,1
437,junk_debris,treatment,1
438,CD4_T,treatment,1
439,Myeloid,treatment,1
440,Myeloid,treatment,1
441,junk_dead,treatment,1
442,CD4_T,treatment,1
443,junk_noise,treatment,1
444,B,treatment,1
445,junk_debris,treatment,1
446,junk_dead,treatment,1
447,CD4_T,treatment,1
448,junk_doublet,treatment,1
449,junk_debris,treatment,1
450,junk_dead,treatment,1
451,junk_doublet,treatment,1
452,Neutrophil,treatment,1
453,CD8_T,treatment,1
454,junk_dead,treatment,1
455,junk_noise,treatment,1
456,B,treatment,1
457,junk_debris,treatment,1
458,junk_doublet,treatment,1
459,junk_dead,treatment,1
460,CD4_T,treatment,1
461,junk_dead,treatment,1
462,junk_debris,treatment,1
463,junk_debris,treatment,1
464,B,treatment,1
465,junk_dead,treatment,1
466,junk_debris,treatment,1
467,junk_debris,treatment,1
468,junk_debris,treatment,1
469,B,treatment,1
470,junk_debris,treatment,1
471,junk_debris,treatment,1
472,CD8_T,treatment,1
473,junk_doublet,treatment,1
474,CD8_T,treatment,1
475,junk_noise,treatment,1
476,junk_doublet,treatment,1
477,junk_doublet,treatment,1
478,junk_debris,treatment,1
479,junk_debris,treatment,1
480,junk_debris,treatment,1
481,junk_dead,treatment,1
482,Neutrophil,treatment,1
483,DC,treatment,1
484,CD4_T,treatment,1
485,junk_dead,treatment,1
486,junk_noise,treatment,1
487,junk_noise,treatment,1
488,junk_debris,treatment,1
489,junk_dead,treatment,1
490,junk_debris,treatment,1
491,B,treatment,1
492,DC,treatment,1
493,junk_dead,treatment,1
494,Myeloid,treatment,1
495,junk_doublet,treatment,1
496,B,treatment,1
497,junk_debris,treatment,1
498,junk_noise,treatment,1
499,junk_debris,treatment,1
500,junk_debris,treatment,1
501,junk_doublet,treatment,1
502,Myeloid,treatment,1
503,Myeloid,treatment,1
504,junk_debris,treatment,1
505,junk_debris,treatment,1
506,Neutrophil,treatment,1
507,junk_doublet,treatment,1
508,junk_noise,treatment,1
509,B,treatment,1
510,junk_doublet,treatment,1
511,B,treatment,1
512,junk_debris,treatment,1
513,junk_noise,treatment,1
514,CD8_T,treatment,1
515,junk_debris,treatment,1
516,junk_doublet,treatment,1
517,junk_doublet,treatment,1
518,junk_noise,treatment,1
519,junk_debris,treatment,1
520,CD4_T,treatment,1
521,junk_debris,treatment,1
522,junk_doublet,treatment,1
523,Myeloid,treatment,1
524,junk_debris,treatment,1
525,junk_debris,treatment,1
526,junk_debris,treatment,1
527,Myeloid,treatment,1
528,CD8_T,treatment,1
529,Neutrophil,treatment,1
530,junk_debris,treatment,1
531,CD8_T,treatment,1
532,junk_dead,treatment,1
533,junk_debris,treatment,1
534,junk_debris,treatment,1
535,junk_debris,treatment,1
536,B,treatment,1
537,Myeloid,treatment,1
538,CD4_T,treatment,1
539,junk_dead,treatment,1
540,junk_debris,treatment,1
541,B,treatment,1
542,junk_doublet,treatment,1
543,junk_debris,treatment,1
544,junk_dead,treatment,1
545,B,treatment,1
546,junk_doublet,treatment,1
547,junk_dead,treatment,1
548,junk_doublet,treatment,1
549,CD8_T,treatment,1
550,junk_noise,treatment,1
551,junk_doublet,treatment,1
552,CD4_T,treatment,1
553,junk_dead,treatment,1
554,CD4_T,treatment,1
555,junk_dead,treatment,1
556,NK,treatment,1
557,Myeloid,treatment,1
558,junk_debris,treatment,1
559,B,treatment,1
560,junk_doublet,treatment,1
561,junk_debris,treatment,1
562,junk_doublet,treatment,1
563,junk_debris,treatment,1
564,junk_debris,treatment,1
565,Neutrophil,treatment,1
566,junk_dead,treatment,1
567,junk_noise,treatment,1
568,CD4_T,treatment,1
569,junk_debris,treatment,1
570,CD8_T,treatment,1
571,B,treatment,1
572,junk_noise,treatment,1
573,junk_dead,treatment,1
574,junk_debris,treatment,1
575,junk_dead,treatment,1
576,Neutrophil,treatment,1
577,junk_dead,treatment,1
578,junk_dead,treatment,1
579,B,treatment,1
580,junk_doublet,treatment,1
581,junk_dead,treatment,1
582,junk_dead,treatment,1
583,junk_dead,treatment,1
584,B,treatment,1
585,junk_debris,treatment,1
586,B,treatment,1
587,junk_debris,treatment,1
588,CD4_T,treatment,1
589,junk_debris,treatment,1
590,junk_doublet,treatment,1
591,junk_noise,treatment,1
592,B,treatment,1
593,junk_debris,treatment,1
594,DC,treatment,1
595,junk_doublet,treatment,1
596,junk_dead,treatment,1
597,junk_doublet,treatment,1
598,CD4_T,treatment,1
599,junk_doublet,treatment,1
600,junk_doublet,treatment,1
601,junk_noise,treatment,1
602,junk_doublet,treatment,1
603,junk_dead,treatment,1
604,CD4_T,treatment,1
605,junk_debris,treatment,1
606,junk_debris,treatment,1
607,junk_debris,treatment,1
608,junk_debris,treatment,1
609,junk_debris,treatment,1
610,junk_debris,treatment,1
611,B,treatment,1
612,junk_debris,treatment,1
613,junk_doublet,treatment,1
614,junk_dead,treatment,1
615,junk_doublet,treatment,1
616,Myeloid,treatment,1
617,Myeloid,treatment,1
618,junk_noise,treatment,1
619,junk_debris,treatment,1
620,junk_dead,treatment,1
621,junk_debris,treatment,1
622,junk_doublet,treatment,1
623,B,treatment,1
624,junk_doublet,treatment,1
625,junk_dead,treatment,1
626,junk_noise,treatment,1
627,junk_noise,treatment,1
628,junk_debris,treatment,1
629,junk_debris,treatment,1
630,junk_debris,treatment,1
631,CD8_T,treatment,1
632,B,treatment,1
633,B,treatment,1
634,junk_doublet,treatment,1
635,CD4_T,treatment,1
636,junk_dead,treatment,1
637,junk_noise,treatment,1
638,junk_dead,treatment,1
639,junk_noise,treatment,1
640,B,treatment,1
641,junk_noise,treatment,1
642,junk_dead,treatment,1
643,junk_debris,treatment,1
644,Neutrophil,treatment,1
645,junk_noise,treatment,1
646,junk_dead,treatment,1
647,junk_debris,treatment,1
648,junk_dead,treatment,1
649,B,treatment,1
650,junk_debris,treatment,1
651,junk_debris,treatment,1
652,NK,treatment,1
653,B,treatment,1
654,junk_doublet,treatment,1
655,junk_doublet,treatment,1
656,CD4_T,treatment,1
657,junk_debris,treatment,1
658,junk_dead,treatment,1
659,junk_dead,treatment,1
660,junk_debris,treatment,1
661,CD4_T,treatment,1
662,junk_debris,treatment,1
663,B,treatment,1
664,junk_debris,treatment,1
665,junk_debris,treatment,1
666,junk_dead,treatment,1
667,junk_debris,treatment,1
668,junk_debris,treatment,1
669,junk_debris,treatment,1
670,Myeloid,treatment,1
671,junk_dead,treatment,1
672,DC,treatment,1
673,Myeloid,treatment,1
674,junk_debris,treatment,1
675,CD8_T,treatment,1
676,junk_dead,treatment,1
677,junk_doublet,treatment,1
678,B,treatment,1
679,junk_noise,treatment,1
680,CD8_T,treatment,1
681,Myeloid,treatment,1
682,junk_dead,treatment,1
683,CD4_T,treatment,1
684,junk_noise,treatment,1
685,CD4_T,treatment,1
686,junk_debris,treatment,1
687,junk_dead,treatment,1
688,CD8_T,treatment,1
689,CD4_T,treatment,1
690,Neutrophil,treatment,1
691,junk_debris,treatment,1
692,junk_debris,treatment,1
693,Myeloid,treatment,1
694,CD4_T,treatment,1
695,junk_debris,treatment,1
696,junk_debris,treatment,1
697,CD4_T,treatment,1
698,junk_debris,treatment,1
699,Myeloid,treatment,1
700,junk_debris,treatment,1
701,junk_debris,treatment,1
702,junk_debris,treatment,1
703,junk_doublet,treatment,1
704,junk_debris,treatment,1
705,junk_debris,treatment,1
706,junk_debris,treatment,1
707,B,treatment,1
708,junk_noise,treatment,1
709,junk_dead,treatment,1
710,B,treatment,1
711,Myeloid,treatment,1
712,junk_doublet,treatment,1
713,junk_doublet,treatment,1
714,junk_debris,treatment,1
715,CD4_T,treatment,1
716,junk_dead,treatment,1
717,junk_dead,treatment,1
718,CD8_T,treatment,1
719,CD4_T,treatment,1
720,junk_debris,treatment,1
721,junk_debris,treatment,1
722,junk_debris,treatment,1
723,CD4_T,treatment,1
724,junk_doublet,treatment,1
725,junk_debris,treatment,1
726,junk_dead,treatment,1
727,CD4_T,treatment,1
728,B,treatment,1
729,junk_doublet,treatment,1
730,junk_doublet,treatment,1
731,junk_noise,treatment,1
732,junk_doublet,treatment,1
733,NK,treatment,1
734,Myeloid,treatment,1
735,junk_debris,treatment,1
736,CD8_T,treatment,1
737,junk_noise,treatment,1
738,junk_debris,treatment,1
739,junk_debris,treatment,1
740,CD4_T,treatment,1
741,Myeloid,treatment,1
742,junk_noise,treatment,1
743,Myeloid,treatment,1
744,junk_noise,treatment,1
745,junk_dead,treatment,1
746,junk_doublet,treatment,1
747,junk_doublet,treatment,1
748,junk_debris,treatment,1
749,Neutrophil,treatment,1
750,junk_debris,treatment,1
751,junk_doublet,treatment,1
752,CD4_T,treatment,1
753,DC,treatment,1
754,CD8_T,treatment,1
755,junk_noise,treatment,1
756,Neutrophil,treatment,1
757,Myeloid,treatment,1
758,B,treatment,1
759,junk_noise,treatment,1
760,junk_dead,treatment,1
761,junk_debris,treatment,1
762,junk_doublet,treatment,1
763,junk_noise,treatment,1
764,junk_noise,treatment,1
765,Myeloid,treatment,1
766,junk_noise,treatment,1
767,NK,treatment,1
768,junk_debris,treatment,1
769,junk_doublet,treatment,1
770,junk_doublet,treatment,1
771,junk_dead,treatment,1
772,junk_noise,treatment,1
773,CD4_T,treatment,1
774,junk_dead,treatment,1
775,junk_noise,treatment,1
776,junk_doublet,treatment,1
777,junk_debris,treatment,1
778,CD4_T,treatment,1
779,junk_dead,treatment,1
780,junk_noise,treatment,1
781,junk_noise,treatment,1
782,junk_doublet,treatment,1
783,CD4_T,treatment,1
784,Myeloid,treatment,1
785,CD8_T,treatment,1
786,NK,treatment,1
787,junk_debris,treatment,1
788,junk_debris,treatment,1
789,junk_doublet,treatment,1
790,junk_debris,treatment,1
791,junk_doublet,treatment,1
792,junk_doublet,treatment,1
793,junk_dead,treatment,1
794,B,treatment,1
795,B,treatment,1
796,B,treatment,1
797,Myeloid,treatment,1
798,DC,treatment,1
799,junk_noise,treatment,1
800,junk_dead,treatment,1
801,DC,treatment,1
802,junk_dead,treatment,1
803,Myeloid,treatment,1
804,NK,treatment,1
805,B,treatment,1
806,Myeloid,treatment,1
807,junk_doublet,treatment,1
808,junk_doublet,treatment,1
809,junk_debris,treatment,1
810,CD8_T,treatment,1
811,Neutrophil,treatment,1
812,B,treatment,1
813,Neutrophil,treatment,1
814,CD8_T,treatment,1
815,B,treatment,1
816,junk_dead,treatment,1
817,Myeloid,treatment,1
818,junk_dead,treatment,1
819,junk_noise,treatment,1
820,junk_debris,treatment,1
821,junk_debris,treatment,1
822,B,treatment,1
823,junk_doublet,treatment,1
824,CD4_T,treatment,1
825,CD4_T,treatment,1
826,B,treatment,1
827,junk_dead,treatment,1
828,junk_doublet,treatment,1
829,junk_noise,treatment,1
830,junk_debris,treatment,1
831,B,treatment,1
832,junk_doublet,treatment,1
833,junk_debris,treatment,1
834,junk_debris,treatment,1
835,junk_debris,treatment,1
836,junk_dead,treatment,1
837,junk_noise,treatment,1
838,junk_dead,treatment,1
839,junk_debris,treatment,1
840,Myeloid,treatment,1
841,junk_debris,treatment,1
842,junk_doublet,treatment,1
843,junk_dead,treatment,1
844,Myeloid,treatment,1
845,CD4_T,treatment,1
846,junk_debris,treatment,1
847,Myeloid,treatment,1
848,junk_doublet,treatment,1
849,junk_doublet,treatment,1
850,junk_debris,treatment,1
851,junk_dead,treatment,1
852,junk_noise,treatment,1
853,junk_noise,treatment,1
854,junk_debris,treatment,1
855,CD8_T,treatment,1
856,junk_debris,treatment,1
857,junk_doublet,treatment,1
858,Neutrophil,treatment,1
859,junk_debris,treatment,1
860,B,treatment,1
861,Myeloid,treatment,1
862,B,treatment,1
863,junk_doublet,treatment,1
864,junk_debris,treatment,1
865,junk_debris,treatment,1
866,junk_doublet,treatment,1
867,junk_dead,treatment,1
868,junk_debris,treatment,1
869,Myeloid,treatment,1
870,junk_noise,treatment,1
871,junk_dead,treatment,1
872,junk_debris,treatment,1
873,junk_doublet,treatment,1
874,CD8_T,treatment,1
875,DC,treatment,1
876,junk_doublet,treatment,1
877,junk_dead,treatment,1
878,junk_dead,treatment,1
879,junk_doublet,treatment,1
880,junk_noise,treatment,1
881,junk_noise,treatment,1
882,junk_noise,treatment,1
883,junk_doublet,treatment,1
884,junk_debris,treatment,1
885,junk_doublet,treatment,1
886,Neutrophil,treatment,1
887,junk_debris,treatment,1
888,junk_doublet,treatment,1
889,junk_dead,treatment,1
890,junk_doublet,treatment,1
891,junk_noise,treatment,1
892,junk_dead,treatment,1
893,B,treatment,1
894,Neutrophil,treatment,1
895,junk_debris,treatment,1
896,junk_noise,treatment,1
897,junk_dead,treatment,1
898,junk_debris,treatment,1
899,junk_noise,treatment,1
900,junk_debris,treatment,1
901,junk_dead,treatment,1
902,junk_debris,treatment,1
903,junk_debris,treatment,1
904,junk_debris,treatment,1
905,B,treatment,1
906,junk_debris,treatment,1
907,junk_debris,treatment,1
908,junk_debris,treatment,1
909,junk_dead,treatment,1
910,junk_debris,treatment,1
911,junk_noise,treatment,1
912,junk_doublet,treatment,1
913,junk_doublet,treatment,1
914,junk_doublet,treatment,1
915,Neutrophil,treatment,1
916,junk_debris,treatment,1
917,DC,treatment,1
918,junk_doublet,treatment,1
919,B,treatment,1
920,B,treatment,1
921,CD4_T,treatment,1
922,CD8_T,treatment,1
923,Myeloid,treatment,1
924,junk_dead,treatment,1
925,junk_dead,treatment,1
926,junk_noise,treatment,1
927,junk_debris,treatment,1
928,junk_debris,treatment,1
929,B,treatment,1
930,Myeloid,treatment,1
931,CD4_T,treatment,1
932,Myeloid,treatment,1
933,junk_debris,treatment,1
934,Myeloid,treatment,1
935,junk_doublet,treatment,1
936,junk_noise,treatment,1
937,junk_debris,treatment,1
938,junk_dead,treatment,1
939,DC,treatment,1
940,DC,treatment,1
941,junk_dead,treatment,1
942,junk_noise,treatment,1
943,junk_dead,treatment,1
944,junk_doublet,treatment,1
945,junk_debris,treatment,1
946,junk_debris,treatment,1
947,junk_noise,treatment,1
948,junk_debris,treatment,1
949,B,treatment,1
950,junk_dead,treatment,1
951,Neutrophil,treatment,1
952,Myeloid,treatment,1
953,junk_doublet,treatment,1
954,junk_debris,treatment,1
955,CD4_T,treatment,1
956,junk_doublet,treatment,1
957,junk_debris,treatment,1
958,junk_debris,treatment,1
959,junk_noise,treatment,1
960,junk_debris,treatment,1
961,B,treatment,1
962,junk_dead,treatment,1
963,junk_dead,treatment,1
964,junk_debris,treatment,1
965,Neutrophil,treatment,1
966,Neutrophil,treatment,1
967,B,treatment,1
968,junk_debris,treatment,1
969,Myeloid,treatment,1
970,CD4_T,treatment,1
971,junk_noise,treatment,1
972,junk_doublet,treatment,1
973,Myeloid,treatment,1
974,junk_debris,treatment,1
975,Myeloid,treatment,1
976,NK,treatment,1
977,junk_doublet,treatment,1
978,junk_debris,treatment,1
979,B,treatment,1
980,junk_debris,treatment,1
981,junk_doublet,treatment,1
982,junk_dead,treatment,1
983,junk_debris,treatment,1
984,junk_dead,treatment,1
985,Myeloid,treatment,1
986,junk_debris,treatment,1
987,junk_dead,treatment,1
988,Neutrophil,treatment,1
989,junk_noise,treatment,1
990,junk_debris,treatment,1
991,junk_debris,treatment,1
992,junk_debris,treatment,1
993,junk_doublet,treatment,1
994,junk_noise,treatment,1
995,junk_dead,treatment,1
996,junk_debris,treatment,1
997,CD4_T,treatment,1
998,junk_debris,treatment,1
999,junk_noise,treatment,1
1000,junk_dead,treatment,1
1001,B,treatment,1
1002,junk_debris,treatment,1
1003,junk_dead,treatment,1
1004,junk_noise,treatment,1
1005,B,treatment,1
1006,CD8_T,treatment,1
1007,junk_dead,treatment,1
1008,junk_noise,treatment,1
1009,CD4_T,treatment,1
1010,junk_doublet,treatment,1
1011,CD4_T,treatment,1
1012,B,treatment,1
1013,B,treatment,1
1014,junk_debris,treatment,1
1015,junk_doublet,treatment,1
1016,junk_doublet,treatment,1
1017,junk_noise,treatment,1
1018,junk_dead,treatment,1
1019,Myeloid,treatment,1
1020,junk_debris,treatment,1
1021,junk_doublet,treatment,1
1022,junk_noise,treatment,1
1023,junk_doublet,treatment,1
1024,B,treatment,1
1025,junk_debris,treatment,1
1026,junk_dead,treatment,1
1027,junk_debris,treatment,1
1028,B,treatment,1
1029,Myeloid,treatment,1
1030,B,treatment,1
1031,junk_dead,treatment,1
1032,junk_noise,treatment,1
1033,junk_dead,treatment,1
1034,CD8_T,treatment,1
1035,junk_noise,treatment,1
1036,Neutrophil,treatment,1
1037,junk_debris,treatment,1
1038,junk_noise,treatment,1
1039,junk_doublet,treatment,1
1040,Neutrophil,treatment,1
1041,junk_noise,treatment,1
1042,junk_debris,treatment,1
1043,junk_doublet,treatment,1
1044,Myeloid,treatment,1
1045,B,treatment,1
1046,junk_dead,treatment,1
1047,junk_noise,treatment,1
1048,junk_doublet,treatment,1
1049,junk_debris,treatment,1
1050,junk_doublet,treatment,1
1051,Myeloid,treatment,1
1052,junk_noise,treatment,1
1053,junk_doublet,treatment,1
1054,B,treatment,1
1055,CD4_T,treatment,1
1056,junk_dead,treatment,1
1057,junk_debris,treatment,1
1058,junk_dead,treatment,1
1059,Myeloid,treatment,1
1060,Myeloid,treatment,1
1061,B,treatment,1
1062,Neutrophil,treatment,1
1063,junk_debris,treatment,1
1064,junk_dead,treatment,1
1065,junk_debris,treatment,1
1066,Myeloid,treatment,1
1067,CD4_T,treatment,1
1068,Myeloid,treatment,1
1069,B,treatment,1
1070,junk_noise,treatment,1
1071,junk_dead,treatment,1
1072,junk_doublet,treatment,1
1073,junk_dead,treatment,1
1074,B,treatment,1
1075,junk_doublet,treatment,1
1076,DC,treatment,1
1077,junk_dead,treatment,1
1078,junk_doublet,treatment,1
1079,junk_debris,treatment,1
1080,Myeloid,treatment,1
1081,junk_debris,treatment,1
1082,junk_dead,treatment,1
1083,junk_dead,treatment,1
1084,junk_dead,treatment,1
1085,CD4_T,treatment,1
1086,junk_noise,treatment,1
1087,junk_debris,treatment,1
1088,junk_doublet,treatment,1
1089,B,treatment,1
1090,junk_noise,treatment,1
1091,junk_debris,treatment,1
1092,junk_doublet,treatment,1
1093,junk_doublet,treatment,1
1094,junk_debris,treatment,1
1095,CD8_T,treatment,1
1096,B,treatment,1
1097,junk_dead,treatment,1
1098,junk_debris,treatment,1
1099,junk_noise,treatment,1
1100,junk_dead,treatment,1
1101,B,treatment,1
1102,B,treatment,1
1103,B,treatment,1
1104,junk_doublet,treatment,1
1105,junk_doublet,treatment,1
1106,junk_debris,treatment,1
1107,junk_noise,treatment,1
1108,B,treatment,1
1109,junk_debris,treatment,1
1110,junk_noise,treatment,1
1111,CD4_T,treatment,1
1112,junk_debris,treatment,1
1113,junk_noise,treatment,1
1114,junk_dead,treatment,1
1115,junk_debris,treatment,1
1116,junk_doublet,treatment,1
1117,junk_debris,treatment,1
1118,junk_noise,treatment,1
1119,B,treatment,1
1120,junk_noise,treatment,1
1121,junk_debris,treatment,1
1122,junk_debris,treatment,1
1123,Neutrophil,treatment,1
1124,CD4_T,treatment,1
1125,junk_doublet,treatment,1
1126,junk_noise,treatment,1
1127,junk_debris,treatment,1
1128,junk_doublet,treatment,1
1129,junk_debris,treatment,1
1130,junk_debris,treatment,1
1131,junk_noise,treatment,1
1132,junk_debris,treatment,1
1133,junk_noise,treatment,1
1134,NK,treatment,1
1135,NK,treatment,1
1136,junk_doublet,treatment,1
1137,Myeloid,treatment,1
1138,junk_debris,treatment,1
1139,Myeloid,treatment,1
1140,junk_debris,treatment,1
1141,B,treatment,1
1142,B,treatment,1
1143,junk_debris,treatment,1
1144,CD4_T,treatment,1
1145,Myeloid,treatment,1
1146,junk_debris,treatment,1
1147,junk_dead,treatment,1
1148,junk_debris,treatment,1
1149,junk_dead,treatment,1
1150,CD4_T,treatment,1
1151,junk_debris,treatment,1
1152,junk_debris,treatment,1
1153,junk_debris,treatment,1
1154,Neutrophil,treatment,1
1155,B,treatment,1
1156,junk_debris,treatment,1
1157,junk_noise,treatment,1
1158,junk_noise,treatment,1
1159,junk_debris,treatment,1
1160,Myeloid,treatment,1
1161,junk_noise,treatment,1
1162,junk_dead,treatment,1
1163,junk_dead,treatment,1
1164,junk_debris,treatment,1
1165,NK,treatment,1
1166,junk_debris,treatment,1
1167,junk_debris,treatment,1
1168,CD4_T,treatment,1
1169,junk_debris,treatment,1
1170,junk_doublet,treatment,1
1171,junk_debris,treatment,1
1172,CD8_T,treatment,1
1173,junk_doublet,treatment,1
1174,junk_noise,treatment,1
1175,B,treatment,1
1176,junk_dead,treatment,1
1177,junk_debris,treatment,1
1178,Neutrophil,treatment,1
1179,junk_noise,treatment,1
1180,junk_debris,treatment,1
1181,junk_dead,treatment,1
1182,DC,treatment,1
1183,B,treatment,1
1184,junk_doublet,treatment,1
1185,B,treatment,1
1186,junk_noise,treatment,1
1187,junk_debris,treatment,1
1188,junk_debris,treatment,1
1189,B,treatment,1
1190,Myeloid,treatment,1
1191,junk_noise,treatment,1
1192,junk_debris,treatment,1
1193,junk_doublet,treatment,1
1194,junk_noise,treatment,1
1195,B,treatment,1
1196,junk_dead,treatment,1
1197,junk_debris,treatment,1
1198,junk_noise,treatment,1
1199,junk_doublet,treatment,1
1200,junk_doublet,treatment,1
1201,Neutrophil,treatment,1
1202,CD4_T,treatment,1
1203,junk_debris,treatment,1
1204,B,treatment,1
1205,Neutrophil,treatment,1
1206,junk_doublet,treatment,1
1207,junk_debris,treatment,1
1208,junk_noise,treatment,1
1209,Neutrophil,treatment,1
1210,junk_dead,treatment,1
1211,junk_doublet,treatment,1
1212,Neutrophil,treatment,1
1213,junk_debris,treatment,1
1214,junk_noise,treatment,1
1215,junk_doublet,treatment,1
1216,junk_dead,treatment,1
1217,B,treatment,1
1218,junk_noise,treatment,1
1219,CD4_T,treatment,1
1220,junk_dead,treatment,1
1221,Neutrophil,treatment,1
1222,CD8_T,treatment,1
1223,junk_debris,treatment,1
1224,junk_debris,treatment,1
1225,junk_dead,treatment,1
1226,CD4_T,treatment,1
1227,junk_dead,treatment,1
1228,junk_doublet,treatment,1
1229,Myeloid,treatment,1
1230,junk_debris,treatment,1
1231,junk_doublet,treatment,1
1232,junk_doublet,treatment,1
1233,junk_noise,treatment,1
1234,Myeloid,treatment,1
1235,NK,treatment,1
1236,junk_debris,treatment,1
1237,junk_debris,treatment,1
1238,junk_debris,treatment,1
1239,junk_doublet,treatment,1
1240,junk_doublet,treatment,1
1241,junk_doublet,treatment,1
1242,CD8_T,treatment,1
1243,CD8_T,treatment,1
1244,B,treatment,1
1245,junk_doublet,treatment,1
1246,junk_dead,treatment,1
1247,B,treatment,1
1248,junk_debris,treatment,1
1249,junk_dead,treatment,1
1250,junk_dead,treatment,1
1251,junk_doublet,treatment,1
1252,junk_noise,treatment,1
1253,junk_debris,treatment,1
1254,junk_doublet,treatment,1
1255,Myeloid,treatment,1
1256,junk_dead,treatment,1
1257,B,treatment,1
1258,junk_debris,treatment,1
1259,junk_noise,treatment,1
1260,Neutrophil,treatment,1
1261,junk_doublet,treatment,1
1262,junk_debris,treatment,1
1263,junk_doublet,treatment,1
1264,junk_debris,treatment,1
1265,CD4_T,treatment,1
1266,junk_doublet,treatment,1
1267,Neutrophil,treatment,1
1268,CD8_T,treatment,1
1269,junk_doublet,treatment,1
1270,CD4_T,treatment,1
1271,junk_doublet,treatment,1
1272,junk_doublet,treatment,1
1273,NK,treatment,1
1274,junk_noise,treatment,1
1275,junk_debris,treatment,1
1276,junk_debris,treatment,1
1277,junk_dead,treatment,1
1278,CD4_T,treatment,1
1279,CD8_T,treatment,1
1280,junk_doublet,treatment,1
1281,junk_doublet,treatment,1
1282,CD4_T,treatment,1
1283,junk_dead,treatment,1
1284,junk_debris,treatment,1
1285,Myeloid,treatment,1
1286,junk_doublet,treatment,1
1287,junk_doublet,treatment,1
1288,Myeloid,treatment,1
1289,Myeloid,treatment,1
1290,junk_debris,treatment,1
1291,junk_doublet,treatment,1
1292,junk_noise,treatment,1
1293,CD8_T,treatment,1
1294,Myeloid,treatment,1
1295,Myeloid,treatment,1
1296,junk_doublet,treatment,1
1297,junk_dead,treatment,1
1298,junk_dead,treatment,1
1299,B,treatment,1
1300,NK,treatment,1
1301,junk_dead,treatment,1
1302,junk_dead,treatment,1
1303,B,treatment,1
1304,junk_doublet,treatment,1
1305,CD8_T,treatment,1
1306,junk_noise,treatment,1
1307,junk_debris,treatment,1
1308,junk_dead,treatment,1
1309,junk_doublet,treatment,1
1310,Neutrophil,treatment,1
1311,junk_dead,treatment,1
1312,Neutrophil,treatment,1
1313,junk_debris,treatment,1
1314,junk_doublet,treatment,1
1315,junk_dead,treatment,1
1316,junk_noise,treatment,1
1317,CD4_T,treatment,1
1318,Myeloid,treatment,1
1319,junk_noise,treatment,1
1320,CD8_T,treatment,1
1321,junk_debris,treatment,1
1322,junk_debris,treatment,1
1323,junk_noise,treatment,1
1324,junk_dead,treatment,1
1325,junk_debris,treatment,1
1326,junk_noise,treatment,1
1327,Myeloid,treatment,1
1328,B,treatment,1
1329,junk_debris,treatment,1
1330,Myeloid,treatment,1
1331,junk_dead,treatment,1
1332,junk_doublet,treatment,1
1333,CD4_T,treatment,1
1334,Myeloid,treatment,1
1335,junk_debris,treatment,1
1336,Myeloid,treatment,1
1337,B,treatment,1
1338,B,treatment,1
1339,Neutrophil,treatment,1
1340,junk_doublet,treatment,1
1341,Myeloid,treatment,1
1342,DC,treatment,1
1343,junk_debris,treatment,1
1344,B,treatment,1
1345,junk_dead,treatment,1
1346,junk_doublet,treatment,1
1347,junk_dead,treatment,1
1348,junk_noise,treatment,1
1349,junk_debris,treatment,1
1350,junk_noise,treatment,1
1351,CD4_T,treatment,1
1352,junk_dead,treatment,1
1353,junk_dead,treatment,1
1354,junk_debris,treatment,1
1355,junk_doublet,treatment,1
1356,Myeloid,treatment,1
1357,junk_dead,treatment,1
1358,junk_doublet,treatment,1
1359,NK,treatment,1
1360,B,treatment,1
1361,junk_doublet,treatment,1
1362,junk_noise,treatment,1
1363,NK,treatment,1
1364,junk_doublet,treatment,1
1365,junk_noise,treatment,1
1366,junk_noise,treatment,1
1367,junk_doublet,treatment,1
1368,B,treatment,1
1369,CD8_T,treatment,1
1370,Neutrophil,treatment,1
1371,junk_debris,treatment,1
1372,junk_noise,treatment,1
1373,CD4_T,treatment,1
1374,junk_dead,treatment,1
1375,junk_doublet,treatment,1
1376,junk_noise,treatment,1
1377,junk_debris,treatment,1
1378,CD8_T,treatment,1
1379,junk_debris,treatment,1
1380,junk_debris,treatment,1
1381,junk_dead,treatment,1
1382,junk_dead,treatment,1
1383,junk_dead,treatment,1
1384,junk_debris,treatment,1
1385,junk_debris,treatment,1
1386,junk_dead,treatment,1
1387,junk_doublet,treatment,1
1388,junk_noise,treatment,1
1389,junk_debris,treatment,1
1390,junk_debris,treatment,1
1391,junk_doublet,treatment,1
1392,junk_debris,treatment,1
1393,junk_debris,treatment,1
1394,NK,treatment,1
1395,junk_doublet,treatment,1
1396,junk_dead,treatment,1
1397,junk_debris,treatment,1
1398,junk_doublet,treatment,1
1399,junk_debris,treatment,1
1400,junk_doublet,treatment,1
1401,junk_doublet,treatment,1
1402,junk_debris,treatment,1
1403,junk_dead,treatment,1
1404,junk_noise,treatment,1
1405,junk_doublet,treatment,1
1406,NK,treatment,1
1407,junk_dead,treatment,1
1408,B,treatment,1
1409,CD8_T,treatment,1
1410,junk_noise,treatment,1
1411,junk_debris,treatment,1
1412,Neutrophil,treatment,1
1413,junk_debris,treatment,1
1414,Neutrophil,treatment,1
1415,junk_noise,treatment,1
1416,junk_doublet,treatment,1
1417,CD4_T,treatment,1
1418,junk_debris,treatment,1
1419,NK,treatment,1
1420,junk_noise,treatment,1
1421,junk_debris,treatment,1
1422,junk_debris,treatment,1
1423,junk_noise,treatment,1
1424,junk_dead,treatment,1
1425,junk_debris,treatment,1
1426,Myeloid,treatment,1
1427,B,treatment,1
1428,junk_debris,treatment,1
1429,B,treatment,1
1430,junk_dead,treatment,1
1431,junk_noise,treatment,1
1432,junk_doublet,treatment,1
1433,junk_debris,treatment,1
1434,junk_debris,treatment,1
1435,Neutrophil,treatment,1
1436,junk_debris,treatment,1
1437,junk_debris,treatment,1
1438,junk_doublet,treatment,1
1439,Myeloid,treatment,1
1440,junk_noise,treatment,1
1441,CD8_T,treatment,1
1442,junk_dead,treatment,1
1443,junk_noise,treatment,1
1444,junk_debris,treatment,1
1445,junk_noise,treatment,1
1446,junk_debris,treatment,1
1447,junk_doublet,treatment,1
1448,junk_debris,treatment,1
1449,junk_dead,treatment,1
1450,junk_doublet,treatment,1
1451,B,treatment,1
1452,junk_debris,treatment,1
1453,junk_debris,treatment,1
1454,Neutrophil,treatment,1
1455,CD4_T,treatment,1
1456,DC,treatment,1
1457,junk_debris,treatment,1
1458,junk_noise,treatment,1
1459,Myeloid,treatment,1
1460,junk_noise,treatment,1
1461,junk_noise,treatment,1
1462,junk_doublet,treatment,1
1463,junk_dead,treatment,1
1464,junk_debris,treatment,1
1465,CD8_T,treatment,1
1466,CD8_T,treatment,1
1467,junk_doublet,treatment,1
1468,Myeloid,treatment,1
1469,junk_debris,treatment,1
1470,junk_doublet,treatment,1
1471,junk_noise,treatment,1
1472,junk_debris,treatment,1
1473,Neutrophil,treatment,1
1474,junk_dead,treatment,1
1475,junk_dead,treatment,1
1476,B,treatment,1
1477,junk_dead,treatment,1
1478,junk_debris,treatment,1
1479,Neutrophil,treatment,1
1480,CD4_T,treatment,1
1481,junk_noise,treatment,1
1482,Myeloid,treatment,1
1483,junk_noise,treatment,1
1484,junk_doublet,treatment,1
1485,junk_noise,treatment,1
1486,Neutrophil,treatment,1
1487,B,treatment,1
1488,B,treatment,1
1489,CD8_T,treatment,1
1490,junk_debris,treatment,1
1491,B,treatment,1
1492,junk_doublet,treatment,1
1493,B,treatment,1
1494,junk_noise,treatment,1
1495,junk_debris,treatment,1
1496,junk_noise,treatment,1
1497,junk_doublet,treatment,1
1498,Neutrophil,treatment,1
1499,junk_doublet,treatment,1
1500,junk_debris,treatment,1
1501,junk_debris,treatment,1
1502,junk_dead,treatment,1
1503,junk_noise,treatment,1
1504,junk_debris,treatment,1
1505,junk_doublet,treatment,1
1506,CD8_T,treatment,1
1507,junk_dead,treatment,1
1508,junk_debris,treatment,1
1509,DC,treatment,1
1510,junk_debris,treatment,1
1511,B,treatment,1
1512,junk_doublet,treatment,1
1513,CD8_T,treatment,1
1514,Neutrophil,treatment,1
1515,junk_dead,treatment,1
1516,junk_debris,treatment,1
1517,junk_dead,treatment,1
1518,junk_noise,treatment,1
1519,junk_debris,treatment,1
1520,Neutrophil,treatment,1
1521,B,treatment,1
1522,junk_dead,treatment,1
1523,junk_dead,treatment,1
1524,junk_noise,treatment,1
1525,junk_debris,treatment,1
1526,CD8_T,treatment,1
1527,junk_dead,treatment,1
1528,junk_debris,treatment,1
1529,CD4_T,treatment,1
1530,junk_debris,treatment,1
1531,CD4_T,treatment,1
1532,junk_doublet,treatment,1
1533,junk_debris,treatment,1
1534,B,treatment,1
1535,CD4_T,treatment,1
1536,NK,treatment,1
1537,junk_dead,treatment,1
1538,Neutrophil,treatment,1
1539,junk_doublet,treatment,1
1540,junk_doublet,treatment,1
1541,Myeloid,treatment,1
1542,junk_doublet,treatment,1
1543,B,treatment,1
1544,junk_doublet,treatment,1
1545,junk_debris,treatment,1
1546,CD4_T,treatment,1
1547,CD4_T,treatment,1
1548,junk_doublet,treatment,1
1549,junk_debris,treatment,1
1550,CD4_T,treatment,1
1551,junk_dead,treatment,1
1552,Neutrophil,treatment,1
1553,junk_debris,treatment,1
1554,CD8_T,treatment,1
1555,Myeloid,treatment,1
1556,junk_noise,treatment,1
1557,B,treatment,1
1558,junk_dead,treatment,1
1559,Myeloid,treatment,1
1560,junk_debris,treatment,1
1561,junk_debris,treatment,1
1562,CD4_T,treatment,1
1563,junk_doublet,treatment,1
1564,junk_doublet,treatment,1
1565,junk_doublet,treatment,1
1566,CD8_T,treatment,1
1567,junk_dead,treatment,1
1568,Neutrophil,treatment,1
1569,junk_debris,treatment,1
1570,junk_dead,treatment,1
1571,Neutrophil,treatment,1
1572,junk_noise,treatment,1
1573,junk_dead,treatment,1
1574,CD8_T,treatment,1
1575,junk_noise,treatment,1
1576,junk_dead,treatment,1
1577,CD4_T,treatment,1
1578,junk_noise,treatment,1
1579,junk_dead,treatment,1
1580,junk_debris,treatment,1
1581,junk_debris,treatment,1
1582,CD4_T,treatment,1
1583,Myeloid,treatment,1
1584,junk_debris,treatment,1
1585,Myeloid,treatment,1
1586,junk_debris,treatment,1
1587,junk_dead,treatment,1
1588,Myeloid,treatment,1
1589,CD4_T,treatment,1
1590,junk_dead,treatment,1
1591,junk_debris,treatment,1
1592,B,treatment,1
1593,CD4_T,treatment,1
1594,junk_dead,treatment,1
1595,junk_debris,treatment,1
1596,CD8_T,treatment,1
1597,junk_doublet,treatment,1
1598,junk_debris,treatment,1
1599,B,treatment,1
1600,junk_noise,treatment,1
1601,junk_debris,treatment,1
1602,NK,treatment,1
1603,junk_debris,treatment,1
1604,junk_debris,treatment,1
1605,junk_debris,treatment,1
1606,junk_debris,treatment,1
1607,junk_noise,treatment,1
1608,junk_debris,treatment,1
1609,junk_dead,treatment,1
1610,CD8_T,treatment,1
1611,junk_debris,treatment,1
1612,CD4_T,treatment,1
1613,junk_doublet,treatment,1
1614,junk_debris,treatment,1
1615,junk_doublet,treatment,1
1616,junk_noise,treatment,1
1617,junk_dead,treatment,1
1618,junk_debris,treatment,1
1619,junk_noise,treatment,1
1620,junk_noise,treatment,1
1621,junk_dead,treatment,1
1622,junk_debris,treatment,1
1623,B,treatment,1
1624,junk_debris,treatment,1
1625,junk_noise,treatment,1
1626,B,treatment,1
1627,B,treatment,1
1628,junk_doublet,treatment,1
1629,junk_noise,treatment,1
1630,junk_debris,treatment,1
1631,junk_debris,treatment,1
1632,junk_doublet,treatment,1
1633,junk_debris,treatment,1
1634,junk_noise,treatment,1
1635,junk_debris,treatment,1
1636,junk_debris,treatment,1
1637,junk_doublet,treatment,1
1638,junk_doublet,treatment,1
1639,junk_debris,treatment,1
1640,junk_debris,treatment,1
1641,junk_debris,treatment,1
1642,junk_debris,treatment,1
1643,junk_dead,treatment,1
1644,B,treatment,1
1645,junk_doublet,treatment,1
1646,junk_debris,treatment,1
1647,junk_noise,treatment,1
1648,junk_dead,treatment,1
1649,CD4_T,treatment,1
1650,CD8_T,treatment,1
1651,CD4_T,treatment,1
1652,junk_dead,treatment,1
1653,junk_debris,treatment,1
1654,junk_debris,treatment,1
1655,Neutrophil,treatment,1
1656,CD4_T,treatment,1
1657,CD8_T,treatment,1
1658,Neutrophil,treatment,1
1659,junk_debris,treatment,1
1660,junk_doublet,treatment,1
1661,junk_debris,treatment,1
1662,junk_debris,treatment,1
1663,junk_debris,treatment,1
1664,junk_noise,treatment,1
1665,B,treatment,1
1666,CD4_T,treatment,1
1667,B,treatment,1
1668,junk_debris,treatment,1
1669,DC,treatment,1
1670,junk_debris,treatment,1
1671,junk_debris,treatment,1
1672,junk_debris,treatment,1
1673,DC,treatment,1
1674,junk_debris,treatment,1
1675,junk_noise,treatment,1
1676,junk_noise,treatment,1
1677,junk_noise,treatment,1
1678,junk_noise,treatment,1
1679,CD8_T,treatment,1
1680,CD8_T,treatment,1
1681,B,treatment,1
1682,B,treatment,1
1683,junk_noise,treatment,1
1684,B,treatment,1
1685,Neutrophil,treatment,1
1686,Myeloid,treatment,1
1687,junk_doublet,treatment,1
1688,CD8_T,treatment,1
1689,B,treatment,1
1690,B,treatment,1
1691,junk_dead,treatment,1
1692,junk_noise,treatment,1
1693,B,treatment,1
1694,DC,treatment,1
1695,Neutrophil,treatment,1
1696,junk_debris,treatment,1
1697,junk_dead,treatment,1
1698,junk_noise,treatment,1
1699,junk_dead,treatment,1
1700,junk_dead,treatment,1
1701,CD8_T,treatment,1
1702,junk_debris,treatment,1
1703,junk_debris,treatment,1
1704,junk_debris,treatment,1
1705,junk_debris,treatment,1
1706,junk_debris,treatment,1
1707,B,treatment,1
1708,Myeloid,treatment,1
1709,junk_doublet,treatment,1
1710,junk_debris,treatment,1
1711,junk_debris,treatment,1
1712,junk_debris,treatment,1
1713,junk_debris,treatment,1
1714,junk_doublet,treatment,1
1715,junk_dead,treatment,1
1716,junk_noise,treatment,1
1717,junk_debris,treatment,1
1718,B,treatment,1
1719,junk_doublet,treatment,1
1720,NK,treatment,1
1721,junk_dead,treatment,1
1722,junk_debris,treatment,1
1723,junk_dead,treatment,1
1724,Neutrophil,treatment,1
1725,Myeloid,treatment,1
1726,junk_dead,treatment,1
1727,junk_noise,treatment,1
1728,junk_dead,treatment,1
1729,junk_debris,treatment,1
1730,junk_doublet,treatment,1
1731,Myeloid,treatment,1
1732,junk_debris,treatment,1
1733,junk_doublet,treatment,1
1734,Myeloid,treatment,1
1735,junk_doublet,treatment,1
1736,junk_dead,treatment,1
1737,junk_debris,treatment,1
1738,B,treatment,1
1739,junk_dead,treatment,1
1740,junk_noise,treatment,1
1741,junk_debris,treatment,1
1742,junk_debris,treatment,1
1743,CD8_T,treatment,1
1744,junk_debris,treatment,1
1745,junk_doublet,treatment,1
1746,B,treatment,1
1747,Myeloid,treatment,1
1748,junk_debris,treatment,1
1749,junk_doublet,treatment,1
1750,CD8_T,treatment,1
1751,B,treatment,1
1752,junk_debris,treatment,1
1753,junk_debris,treatment,1
1754,junk_doublet,treatment,1
1755,CD4_T,treatment,1
1756,junk_debris,treatment,1
1757,junk_doublet,treatment,1
1758,junk_dead,treatment,1
1759,junk_dead,treatment,1
1760,B,treatment,1
1761,junk_dead,treatment,1
1762,junk_dead,treatment,1
1763,B,treatment,1
1764,junk_debris,treatment,1
1765,junk_noise,treatment,1
1766,junk_dead,treatment,1
1767,Myeloid,treatment,1
1768,B,treatment,1
1769,junk_debris,treatment,1
1770,junk_debris,treatment,1
1771,junk_debris,treatment,1
1772,CD4_T,treatment,1
1773,junk_debris,treatment,1
1774,junk_doublet,treatment,1
1775,junk_doublet,treatment,1
1776,CD4_T,treatment,1
1777,Myeloid,treatment,1
1778,junk_dead,treatment,1
1779,junk_dead,treatment,1
1780,Neutrophil,treatment,1
1781,junk_noise,treatment,1
1782,junk_debris,treatment,1
1783,B,treatment,1
1784,B,treatment,1
1785,junk_debris,treatment,1
1786,junk_doublet,treatment,1
1787,B,treatment,1
1788,B,treatment,1
1789,Myeloid,treatment,1
1790,DC,treatment,1
1791,junk_dead,treatment,1
1792,B,treatment,1
1793,junk_debris,treatment,1
1794,junk_dead,treatment,1
1795,junk_debris,treatment,1
1796,CD8_T,treatment,1
1797,CD8_T,treatment,1
1798,junk_debris,treatment,1
1799,junk_doublet,treatment,1
1800,Myeloid,treatment,1
1801,CD8_T,treatment,1
1802,junk_doublet,treatment,1
1803,Myeloid,treatment,1
1804,junk_debris,treatment,1
1805,junk_noise,treatment,1
1806,junk_debris,treatment,1
1807,junk_doublet,treatment,1
1808,Neutrophil,treatment,1
1809,B,treatment,1
1810,junk_doublet,treatment,1
1811,B,treatment,1
1812,junk_doublet,treatment,1
1813,junk_dead,treatment,1
1814,junk_noise,treatment,1
1815,CD4_T,treatment,1
1816,junk_debris,treatment,1
1817,B,treatment,1
1818,B,treatment,1
1819,junk_doublet,treatment,1
1820,junk_debris,treatment,1
1821,junk_dead,treatment,1
1822,CD8_T,treatment,1
1823,junk_debris,treatment,1
1824,junk_debris,treatment,1
1825,junk_debris,treatment,1
1826,junk_debris,treatment,1
1827,CD4_T,treatment,1
1828,CD4_T,treatment,1
1829,CD4_T,treatment,1
1830,junk_debris,treatment,1
1831,B,treatment,1
1832,Myeloid,treatment,1
1833,Myeloid,treatment,1
1834,junk_doublet,treatment,1
1835,junk_noise,treatment,1
1836,CD8_T,treatment,1
1837,junk_dead,treatment,1
1838,junk_doublet,treatment,1
1839,B,treatment,1
1840,B,treatment,1
1841,B,treatment,1
1842,junk_dead,treatment,1
1843,B,treatment,1
1844,junk_debris,treatment,1
1845,junk_noise,treatment,1
1846,B,treatment,1
1847,junk_debris,treatment,1
1848,junk_dead,treatment,1
1849,junk_debris,treatment,1
1850,Neutrophil,treatment,1
1851,junk_doublet,treatment,1
1852,junk_noise,treatment,1
1853,Neutrophil,treatment,1
1854,junk_dead,treatment,1
1855,junk_doublet,treatment,1
1856,CD8_T,treatment,1
1857,junk_dead,treatment,1
1858,junk_noise,treatment,1
1859,junk_debris,treatment,1
1860,junk_dead,treatment,1
1861,B,treatment,1
1862,junk_debris,treatment,1
1863,junk_doublet,treatment,1
1864,CD8_T,treatment,1
1865,DC,treatment,1
1866,junk_debris,treatment,1
1867,junk_noise,treatment,1
1868,junk_debris,treatment,1
1869,B,treatment,1
1870,junk_debris,treatment,1
1871,junk_dead,treatment,1
1872,junk_debris,treatment,1
1873,CD8_T,treatment,1
1874,DC,treatment,1
1875,junk_doublet,treatment,1
1876,junk_doublet,treatment,1
1877,junk_noise,treatment,1
1878,junk_debris,treatment,1
1879,junk_doublet,treatment,1
1880,junk_debris,treatment,1
1881,CD4_T,treatment,1
1882,Myeloid,treatment,1
1883,junk_debris,treatment,1
1884,junk_debris,treatment,1
1885,B,treatment,1
1886,junk_dead,treatment,1
1887,junk_noise,treatment,1
1888,junk_doublet,treatment,1
1889,junk_dead,treatment,1
1890,Neutrophil,treatment,1
1891,DC,treatment,1
1892,junk_debris,treatment,1
1893,junk_doublet,treatment,1
1894,junk_doublet,treatment,1
1895,B,treatment,1
1896,NK,treatment,1
1897,B,treatment,1
1898,Myeloid,treatment,1
1899,junk_debris,treatment,1
1900,CD8_T,treatment,1
1901,junk_debris,treatment,1
1902,DC,treatment,1
1903,junk_doublet,treatment,1
1904,junk_doublet,treatment,1
1905,junk_dead,treatment,1
1906,junk_dead,treatment,1
1907,junk_doublet,treatment,1
1908,junk_noise,treatment,1
1909,junk_debris,treatment,1
1910,junk_doublet,treatment,1
1911,CD4_T,treatment,1
1912,Neutrophil,treatment,1
1913,junk_dead,treatment,1
1914,junk_doublet,treatment,1
1915,Neutrophil,treatment,1
1916,junk_dead,treatment,1
1917,junk_doublet,treatment,1
1918,Myeloid,treatment,1
1919,junk_debris,treatment,1
1920,junk_debris,treatment,1
1921,junk_debris,treatment,1
1922,junk_doublet,treatment,1
1923,junk_debris,treatment,1
1924,B,treatment,1
1925,junk_debris,treatment,1
1926,junk_doublet,treatment,1
1927,junk_doublet,treatment,1
1928,junk_debris,treatment,1
1929,B,treatment,1
1930,junk_debris,treatment,1
1931,junk_debris,treatment,1
1932,CD8_T,treatment,1
1933,junk_debris,treatment,1
1934,Myeloid,treatment,1
1935,junk_doublet,treatment,1
1936,CD4_T,treatment,1
1937,junk_doublet,treatment,1
1938,CD4_T,treatment,1
1939,B,treatment,1
1940,B,treatment,1
1941,CD4_T,treatment,1
1942,junk_doublet,treatment,1
1943,junk_doublet,treatment,1
1944,junk_debris,treatment,1
1945,B,treatment,1
1946,junk_debris,treatment,1
1947,junk_noise,treatment,1
1948,Myeloid,treatment,1
1949,Myeloid,treatment,1
1950,junk_debris,treatment,1
1951,junk_debris,treatment,1
1952,junk_doublet,treatment,1
1953,NK,treatment,1
1954,junk_doublet,treatment,1
1955,junk_debris,treatment,1
1956,junk_debris,treatment,1
1957,junk_dead,treatment,1
1958,junk_debris,treatment,1
1959,junk_dead,treatment,1
1960,junk_dead,treatment,1
1961,Myeloid,treatment,1
1962,CD4_T,treatment,1
1963,B,treatment,1
1964,CD4_T,treatment,1
1965,junk_doublet,treatment,1
1966,Myeloid,treatment,1
1967,junk_debris,treatment,1
1968,Neutrophil,treatment,1
1969,Neutrophil,treatment,1
1970,junk_dead,treatment,1
1971,CD4_T,treatment,1
1972,junk_debris,treatment,1
1973,junk_doublet,treatment,1
1974,junk_doublet,treatment,1
1975,junk_doublet,treatment,1
1976,junk_debris,treatment,1
1977,junk_doublet,treatment,1
1978,CD4_T,treatment,1
1979,junk_doublet,treatment,1
1980,junk_noise,treatment,1
1981,junk_noise,treatment,1
1982,Neutrophil,treatment,1
1983,CD4_T,treatment,1
1984,junk_noise,treatment,1
1985,junk_debris,treatment,1
1986,junk_doublet,treatment,1
1987,B,treatment,1
1988,junk_doublet,treatment,1
1989,CD8_T,treatment,1
1990,CD4_T,treatment,1
1991,junk_noise,treatment,1
1992,junk_noise,treatment,1
1993,junk_doublet,treatment,1
1994,junk_noise,treatment,1
1995,junk_dead,treatment,1
1996,junk_noise,treatment,1
1997,junk_doublet,treatment,1
1998,junk_noise,treatment,1
1999,junk_dead,treatment,1
2000,junk_dead,treatment,1
2001,CD4_T,treatment,1
2002,junk_debris,treatment,1
2003,junk_debris,treatment,1
2004,junk_doublet,treatment,1
2005,junk_doublet,treatment,1
2006,Myeloid,treatment,1
2007,CD4_T,treatment,1
2008,junk_debris,treatment,1
2009,CD8_T,treatment,1
2010,CD8_T,treatment,1
2011,junk_doublet,treatment,1
2012,Neutrophil,treatment,1
2013,junk_dead,treatment,1
2014,junk_doublet,treatment,1
2015,Myeloid,treatment,1
2016,junk_doublet,treatment,1
2017,junk_debris,treatment,1
2018,junk_debris,treatment,1
2019,CD8_T,treatment,1
2020,junk_noise,treatment,1
2021,junk_dead,treatment,1
2022,junk_debris,treatment,1
2023,junk_doublet,treatment,1
2024,junk_debris,treatment,1
2025,junk_noise,treatment,1
2026,CD4_T,treatment,1
2027,CD8_T,treatment,1
2028,DC,treatment,1
2029,CD4_T,treatment,1
2030,junk_debris,treatment,1
2031,junk_debris,treatment,1
2032,junk_dead,treatment,1
2033,B,treatment,1
2034,junk_noise,treatment,1
2035,junk_debris,treatment,1
2036,B,treatment,1
2037,junk_debris,treatment,1
2038,Neutrophil,treatment,1
2039,NK,treatment,1
2040,junk_noise,treatment,1
2041,CD4_T,treatment,1
2042,CD8_T,treatment,1
2043,junk_noise,treatment,1
2044,junk_doublet,treatment,1
2045,Myeloid,treatment,1
2046,CD4_T,treatment,1
2047,Neutrophil,treatment,1
2048,junk_dead,treatment,1
2049,junk_dead,treatment,1
2050,junk_debris,treatment,1
2051,junk_debris,treatment,1
2052,junk_noise,treatment,1
2053,junk_noise,treatment,1
2054,Myeloid,treatment,1
2055,CD4_T,treatment,1
2056,junk_debris,treatment,1
2057,Myeloid,treatment,1
2058,junk_debris,treatment,1
2059,junk_noise,treatment,1
2060,junk_debris,treatment,1
2061,CD4_T,treatment,1
2062,junk_debris,treatment,1
2063,B,treatment,1
2064,CD8_T,treatment,1
2065,junk_dead,treatment,1
2066,junk_dead,treatment,1
2067,junk_debris,treatment,1
2068,junk_noise,treatment,1
2069,DC,treatment,1
2070,B,treatment,1
2071,junk_dead,treatment,1
2072,CD4_T,treatment,1
2073,CD4_T,treatment,1
2074,junk_doublet,treatment,1
2075,junk_debris,treatment,1
2076,junk_doublet,treatment,1
2077,CD4_T,treatment,1
2078,junk_doublet,treatment,1
2079,Myeloid,treatment,1
2080,junk_dead,treatment,1
2081,junk_debris,treatment,1
2082,Myeloid,treatment,1
2083,junk_doublet,treatment,1
2084,CD8_T,treatment,1
2085,junk_debris,treatment,1
2086,junk_dead,treatment,1
2087,junk_dead,treatment,1
2088,junk_dead,treatment,1
2089,junk_doublet,treatment,1
2090,junk_noise,treatment,1
2091,junk_debris,treatment,1
2092,NK,treatment,1
2093,junk_debris,treatment,1
2094,junk_debris,treatment,1
2095,junk_dead,treatment,1
2096,B,treatment,1
2097,junk_dead,treatment,1
2098,junk_noise,treatment,1
2099,CD4_T,treatment,1
2100,junk_dead,treatment,1
2101,junk_doublet,treatment,1
2102,CD4_T,treatment,1
2103,junk_debris,treatment,1
2104,Myeloid,treatment,1
2105,junk_debris,treatment,1
2106,junk_dead,treatment,1
2107,junk_doublet,treatment,1
2108,junk_doublet,treatment,1
2109,junk_debris,treatment,1
2110,B,treatment,1
2111,junk_doublet,treatment,1
2112,junk_debris,treatment,1
2113,B,treatment,1
2114,junk_debris,treatment,1
2115,junk_debris,treatment,1
2116,Neutrophil,treatment,1
2117,junk_debris,treatment,1
2118,junk_noise,treatment,1
2119,B,treatment,1
2120,junk_doublet,treatment,1
2121,junk_doublet,treatment,1
2122,junk_debris,treatment,1
2123,junk_doublet,treatment,1
2124,NK,treatment,1
2125,junk_noise,treatment,1
2126,junk_dead,treatment,1
2127,junk_dead,treatment,1
2128,junk_dead,treatment,1
2129,junk_noise,treatment,1
2130,junk_debris,treatment,1
2131,junk_debris,treatment,1
2132,junk_debris,treatment,1
2133,Myeloid,treatment,1
2134,junk_debris,treatment,1
2135,junk_dead,treatment,1
2136,DC,treatment,1
2137,DC,treatment,1
2138,Myeloid,treatment,1
2139,junk_noise,treatment,1
2140,Neutrophil,treatment,1
2141,junk_noise,treatment,1
2142,Myeloid,treatment,1
2143,NK,treatment,1
2144,junk_debris,treatment,1
2145,junk_dead,treatment,1
2146,junk_doublet,treatment,1
2147,junk_debris,treatment,1
2148,junk_doublet,treatment,1
2149,CD8_T,treatment,1
2150,junk_doublet,treatment,1
2151,CD8_T,treatment,1
2152,junk_debris,treatment,1
2153,junk_debris,treatment,1
2154,CD8_T,treatment,1
2155,junk_doublet,treatment,1
2156,CD8_T,treatment,1
2157,B,treatment,1
2158,junk_doublet,treatment,1
2159,CD4_T,treatment,1
2160,junk_debris,treatment,1
2161,B,treatment,1
2162,junk_debris,treatment,1
2163,junk_debris,treatment,1
2164,junk_dead,treatment,1
2165,junk_noise,treatment,1
2166,junk_noise,treatment,1
2167,junk_dead,treatment,1
2168,Myeloid,treatment,1
2169,junk_doublet,treatment,1
2170,DC,treatment,1
2171,junk_debris,treatment,1
2172,junk_dead,treatment,1
2173,junk_debris,treatment,1
2174,CD4_T,treatment,1
2175,junk_dead,treatment,1
2176,junk_doublet,treatment,1
2177,junk_dead,treatment,1
2178,junk_noise,treatment,1
2179,CD4_T,treatment,1
2180,junk_dead,treatment,1
2181,junk_debris,treatment,1
2182,B,treatment,1
2183,junk_debris,treatment,1
2184,Myeloid,treatment,1
2185,junk_doublet,treatment,1
2186,CD4_T,treatment,1
2187,CD8_T,treatment,1
2188,CD4_T,treatment,1
2189,junk_dead,treatment,1
2190,junk_dead,treatment,1
2191,Myeloid,treatment,1
2192,junk_dead,treatment,1
2193,junk_debris,treatment,1
2194,Myeloid,treatment,1
2195,junk_debris,treatment,1
2196,junk_debris,treatment,1
2197,junk_debris,treatment,1
2198,junk_noise,treatment,1
2199,NK,treatment,1
2200,junk_debris,treatment,1
2201,junk_dead,treatment,1
2202,junk_debris,treatment,1
2203,junk_noise,treatment,1
2204,DC,treatment,1
2205,CD4_T,treatment,1
2206,junk_debris,treatment,1
2207,Myeloid,treatment,1
2208,junk_debris,treatment,1
2209,junk_debris,treatment,1
2210,junk_dead,treatment,1
2211,junk_noise,treatment,1
2212,NK,treatment,1
2213,junk_dead,treatment,1
2214,junk_debris,treatment,1
2215,Myeloid,treatment,1
2216,CD8_T,treatment,1
2217,CD4_T,treatment,1
2218,junk_doublet,treatment,1
2219,junk_noise,treatment,1
2220,junk_debris,treatment,1
2221,junk_debris,treatment,1
2222,Neutrophil,treatment,1
2223,junk_debris,treatment,1
2224,junk_dead,treatment,1
2225,junk_debris,treatment,1
2226,Myeloid,treatment,1
2227,CD8_T,treatment,1
2228,B,treatment,1
2229,junk_debris,treatment,1
2230,junk_dead,treatment,1
2231,junk_dead,treatment,1
2232,Neutrophil,treatment,1
2233,junk_dead,treatment,1
2234,CD4_T,treatment,1
2235,junk_debris,treatment,1
2236,CD4_T,treatment,1
2237,junk_debris,treatment,1
2238,CD4_T,treatment,1
2239,junk_debris,treatment,1
2240,CD8_T,treatment,1
2241,junk_dead,treatment,1
2242,junk_dead,treatment,1
2243,junk_dead,treatment,1
2244,junk_noise,treatment,1
2245,Myeloid,treatment,1
2246,junk_debris,treatment,1
2247,junk_debris,treatment,1
2248,B,treatment,1
2249,CD4_T,treatment,1
2250,CD4_T,treatment,1
2251,junk_noise,treatment,1
2252,B,treatment,1
2253,CD8_T,treatment,1
2254,junk_doublet,treatment,1
2255,junk_debris,treatment,1
2256,B,treatment,1
2257,junk_dead,treatment,1
2258,junk_debris,treatment,1
2259,junk_noise,treatment,1
2260,Myeloid,treatment,1
2261,junk_debris,treatment,1
2262,junk_dead,treatment,1
2263,junk_debris,treatment,1
2264,Neutrophil,treatment,1
2265,junk_doublet,treatment,1
2266,junk_debris,treatment,1
2267,junk_noise,treatment,1
2268,B,treatment,1
2269,junk_dead,treatment,1
2270,junk_noise,treatment,1
2271,junk_noise,treatment,1
2272,junk_dead,treatment,1
2273,junk_debris,treatment,1
2274,junk_dead,treatment,1
2275,junk_debris,treatment,1
2276,junk_debris,treatment,1
2277,Neutrophil,treatment,1
2278,CD8_T,treatment,1
2279,junk_debris,treatment,1
2280,junk_doublet,treatment,1
2281,Neutrophil,treatment,1
2282,junk_doublet,treatment,1
2283,Myeloid,treatment,1
2284,CD8_T,treatment,1
2285,junk_noise,treatment,1
2286,junk_doublet,treatment,1
2287,junk_debris,treatment,1
2288,junk_doublet,treatment,1
2289,CD4_T,treatment,1
2290,junk_debris,treatment,1
2291,junk_doublet,treatment,1
2292,junk_noise,treatment,1
2293,junk_debris,treatment,1
2294,junk_debris,treatment,1
2295,junk_debris,treatment,1
2296,junk_doublet,treatment,1
2297,junk_debris,treatment,1
2298,Neutrophil,treatment,1
2299,Neutrophil,treatment,1
2300,junk_doublet,treatment,1
2301,junk_debris,treatment,1
2302,junk_debris,treatment,1
2303,junk_debris,treatment,1
2304,CD4_T,treatment,1
2305,junk_debris,treatment,1
2306,junk_dead,treatment,1
2307,CD4_T,treatment,1
2308,B,treatment,1
2309,junk_dead,treatment,1
2310,junk_noise,treatment,1
2311,Myeloid,treatment,1
2312,junk_debris,treatment,1
2313,junk_debris,treatment,1
2314,junk_debris,treatment,1
2315,junk_debris,treatment,1
2316,junk_debris,treatment,1
2317,CD8_T,treatment,1
2318,B,treatment,1
2319,junk_dead,treatment,1
2320,junk_debris,treatment,1
2321,junk_noise,treatment,1
2322,junk_dead,treatment,1
2323,B,treatment,1
2324,junk_debris,treatment,1
2325,junk_debris,treatment,1
2326,junk_dead,treatment,1
2327,junk_debris,treatment,1
2328,B,treatment,1
2329,junk_debris,treatment,1
2330,junk_doublet,treatment,1
2331,junk_dead,treatment,1
2332,CD8_T,treatment,1
2333,junk_noise,treatment,1
2334,CD4_T,treatment,1
2335,junk_debris,treatment,1
2336,junk_dead,treatment,1
2337,junk_doublet,treatment,1
2338,junk_dead,treatment,1
2339,junk_dead,treatment,1
2340,junk_noise,treatment,1
2341,junk_debris,treatment,1
2342,NK,treatment,1
2343,Neutrophil,treatment,1
2344,junk_debris,treatment,1
2345,CD8_T,treatment,1
2346,junk_dead,treatment,1
2347,junk_dead,treatment,1
2348,junk_noise,treatment,1
2349,junk_debris,treatment,1
2350,B,treatment,1
2351,junk_dead,treatment,1
2352,junk_doublet,treatment,1
2353,junk_debris,treatment,1
2354,junk_debris,treatment,1
2355,junk_doublet,treatment,1
2356,junk_debris,treatment,1
2357,NK,treatment,1
2358,junk_debris,treatment,1
2359,junk_noise,treatment,1
2360,junk_dead,treatment,1
2361,CD4_T,treatment,1
2362,CD4_T,treatment,1
2363,CD4_T,treatment,1
2364,junk_debris,treatment,1
2365,junk_dead,treatment,1
2366,CD8_T,treatment,1
2367,junk_debris,treatment,1
2368,Myeloid,treatment,1
2369,B,treatment,1
2370,junk_debris,treatment,1
2371,junk_debris,treatment,1
2372,junk_debris,treatment,1
2373,DC,treatment,1
2374,junk_doublet,treatment,1
2375,junk_debris,treatment,1
2376,junk_dead,treatment,1
2377,junk_dead,treatment,1
2378,junk_debris,treatment,1
2379,DC,treatment,1
2380,junk_debris,treatment,1
2381,CD4_T,treatment,1
2382,junk_dead,treatment,1
2383,B,treatment,1
2384,CD8_T,treatment,1
2385,junk_dead,treatment,1
2386,Neutrophil,treatment,1
2387,junk_dead,treatment,1
2388,CD4_T,treatment,1
2389,junk_debris,treatment,1
2390,B,treatment,1
2391,junk_doublet,treatment,1
2392,junk_doublet,treatment,1
2393,junk_debris,treatment,1
2394,junk_debris,treatment,1
2395,junk_noise,treatment,1
2396,junk_doublet,treatment,1
2397,junk_debris,treatment,1
2398,junk_noise,treatment,1
2399,Myeloid,treatment,1
2400,B,treatment,1
2401,junk_dead,treatment,1
2402,CD8_T,treatment,1
2403,CD8_T,treatment,1
2404,B,treatment,1
2405,CD8_T,treatment,1
2406,CD4_T,treatment,1
2407,junk_noise,treatment,1
2408,junk_noise,treatment,1
2409,junk_debris,treatment,1
2410,Myeloid,treatment,1
2411,junk_dead,treatment,1
2412,Myeloid,treatment,1
2413,junk_debris,treatment,1
2414,junk_debris,treatment,1
2415,B,treatment,1
2416,junk_dead,treatment,1
2417,junk_debris,treatment,1
2418,junk_dead,treatment,1
2419,junk_dead,treatment,1
2420,junk_dead,treatment,1
2421,CD4_T,treatment,1
2422,B,treatment,1
2423,Myeloid,treatment,1
2424,junk_noise,treatment,1
2425,junk_debris,treatment,1
2426,B,treatment,1
2427,B,treatment,1
2428,junk_dead,treatment,1
2429,junk_noise,treatment,1
2430,junk_dead,treatment,1
2431,junk_debris,treatment,1
2432,B,treatment,1
2433,Myeloid,treatment,1
2434,B,treatment,1
2435,DC,treatment,1
2436,CD8_T,treatment,1
2437,junk_dead,treatment,1
2438,junk_debris,treatment,1
2439,junk_debris,treatment,1
2440,NK,treatment,1
2441,junk_debris,treatment,1
2442,CD8_T,treatment,1
2443,Myeloid,treatment,1
2444,junk_debris,treatment,1
2445,junk_noise,treatment,1
2446,junk_noise,treatment,1
2447,junk_noise,treatment,1
2448,junk_dead,treatment,1
2449,Myeloid,treatment,1
2450,junk_doublet,treatment,1
2451,junk_debris,treatment,1
2452,B,treatment,1
2453,junk_dead,treatment,1
2454,junk_debris,treatment,1
2455,junk_dead,treatment,1
2456,junk_doublet,treatment,1
2457,CD4_T,treatment,1
2458,Neutrophil,treatment,1
2459,B,treatment,1
2460,junk_noise,treatment,1
2461,CD8_T,treatment,1
2462,junk_debris,treatment,1
2463,Neutrophil,treatment,1
2464,Neutrophil,treatment,1
2465,junk_dead,treatment,1
2466,Neutrophil,treatment,1
2467,Myeloid,treatment,1
2468,junk_debris,treatment,1
2469,junk_noise,treatment,1
2470,CD4_T,treatment,1
2471,junk_dead,treatment,1
2472,junk_noise,treatment,1
2473,Myeloid,treatment,1
2474,junk_dead,treatment,1
2475,junk_noise,treatment,1
2476,junk_noise,treatment,1
2477,junk_dead,treatment,1
2478,junk_noise,treatment,1
2479,junk_doublet,treatment,1
2480,CD4_T,treatment,1
2481,junk_doublet,treatment,1
2482,B,treatment,1
2483,junk_doublet,treatment,1
2484,junk_dead,treatment,1
2485,junk_noise,treatment,1
2486,B,treatment,1
2487,junk_debris,treatment,1
2488,junk_doublet,treatment,1
2489,junk_noise,treatment,1
2490,junk_doublet,treatment,1
2491,B,treatment,1
2492,Myeloid,treatment,1
2493,junk_doublet,treatment,1
2494,junk_debris,treatment,1
2495,junk_doublet,treatment,1
2496,Myeloid,treatment,1
2497,B,treatment,1
2498,B,treatment,1
2499,junk_debris,treatment,1
2500,Myeloid,treatment,1
2501,junk_doublet,treatment,1
2502,junk_debris,treatment,1
2503,junk_dead,treatment,1
2504,DC,treatment,1
2505,B,treatment,1
2506,junk_doublet,treatment,1
2507,junk_noise,treatment,1
2508,NK,treatment,1
2509,junk_debris,treatment,1
2510,junk_doublet,treatment,1
2511,junk_debris,treatment,1
2512,junk_dead,treatment,1
2513,junk_dead,treatment,1
2514,junk_doublet,treatment,1
2515,junk_debris,treatment,1
2516,junk_dead,treatment,1
2517,junk_noise,treatment,1
2518,junk_debris,treatment,1
2519,junk_debris,treatment,1
2520,junk_noise,treatment,1
2521,CD4_T,treatment,1
2522,junk_debris,treatment,1
2523,junk_noise,treatment,1
2524,junk_doublet,treatment,1
2525,Myeloid,treatment,1
2526,junk_doublet,treatment,1
2527,junk_debris,treatment,1
2528,junk_doublet,treatment,1
2529,CD8_T,treatment,1
2530,junk_debris,treatment,1
2531,B,treatment,1
2532,junk_doublet,treatment,1
2533,B,treatment,1
2534,Myeloid,treatment,1
2535,junk_debris,treatment,1
2536,Myeloid,treatment,1
2537,junk_debris,treatment,1
2538,Myeloid,treatment,1
2539,junk_doublet,treatment,1
2540,junk_dead,treatment,1
2541,junk_debris,treatment,1
2542,B,treatment,1
2543,junk_debris,treatment,1
2544,junk_noise,treatment,1
2545,junk_noise,treatment,1
2546,B,treatment,1
2547,junk_doublet,treatment,1
2548,CD4_T,treatment,1
2549,junk_dead,treatment,1
2550,junk_debris,treatment,1
2551,CD4_T,treatment,1
2552,B,treatment,1
2553,Neutrophil,treatment,1
2554,junk_doublet,treatment,1
2555,junk_doublet,treatment,1
2556,junk_doublet,treatment,1
2557,junk_dead,treatment,1
2558,junk_debris,treatment,1
2559,junk_doublet,treatment,1
2560,CD4_T,treatment,1
2561,junk_debris,treatment,1
2562,CD4_T,treatment,1
2563,junk_debris,treatment,1
2564,CD4_T,treatment,1
2565,junk_debris,treatment,1
2566,DC,treatment,1
2567,CD4_T,treatment,1
2568,junk_noise,treatment,1
2569,Myeloid,treatment,1
2570,junk_dead,treatment,1
2571,junk_doublet,treatment,1
2572,junk_dead,treatment,1
2573,junk_doublet,treatment,1
2574,junk_dead,treatment,1
2575,junk_dead,treatment,1
2576,junk_debris,treatment,1
2577,junk_debris,treatment,1
2578,Myeloid,treatment,1
2579,junk_debris,treatment,1
2580,junk_debris,treatment,1
2581,junk_doublet,treatment,1
2582,junk_debris,treatment,1
2583,junk_debris,treatment,1
2584,Myeloid,treatment,1
2585,B,treatment,1
2586,junk_dead,treatment,1
2587,B,treatment,1
2588,junk_debris,treatment,1
2589,junk_noise,treatment,1
2590,junk_noise,treatment,1
2591,junk_debris,treatment,1
2592,CD8_T,treatment,1
2593,CD8_T,treatment,1
2594,B,treatment,1
2595,junk_dead,treatment,1
2596,junk_debris,treatment,1
2597,junk_doublet,treatment,1
2598,junk_dead,treatment,1
2599,junk_debris,treatment,1
2600,Neutrophil,treatment,1
2601,CD8_T,treatment,1
2602,junk_dead,treatment,1
2603,junk_dead,treatment,1
2604,CD4_T,treatment,1
2605,CD4_T,treatment,1
2606,Myeloid,treatment,1
2607,NK,treatment,1
2608,junk_doublet,treatment,1
2609,junk_noise,treatment,1
2610,Neutrophil,treatment,1
2611,NK,treatment,1
2612,junk_dead,treatment,1
2613,junk_noise,treatment,1
2614,junk_dead,treatment,1
2615,junk_doublet,treatment,1
2616,junk_debris,treatment,1
2617,junk_debris,treatment,1
2618,junk_debris,treatment,1
2619,junk_doublet,treatment,1
2620,CD4_T,treatment,1
2621,DC,treatment,1
2622,CD8_T,treatment,1
2623,junk_doublet,treatment,1
2624,junk_debris,treatment,1
2625,B,treatment,1
2626,junk_doublet,treatment,1
2627,junk_noise,treatment,1
2628,CD4_T,treatment,1
2629,junk_debris,treatment,1
2630,junk_debris,treatment,1
2631,junk_noise,treatment,1
2632,Myeloid,treatment,1
2633,Myeloid,treatment,1
2634,junk_dead,treatment,1
2635,CD8_T,treatment,1
2636,CD4_T,treatment,1
2637,junk_debris,treatment,1
2638,B,treatment,1
2639,B,treatment,1
2640,junk_debris,treatment,1
2641,junk_noise,treatment,1
2642,junk_noise,treatment,1
2643,junk_doublet,treatment,1
2644,B,treatment,1
2645,Myeloid,treatment,1
2646,B,treatment,1
2647,junk_doublet,treatment,1
2648,B,treatment,1
2649,junk_noise,treatment,1
2650,junk_debris,treatment,1
2651,junk_noise,treatment,1
2652,CD8_T,treatment,1
2653,junk_debris,treatment,1
2654,Myeloid,treatment,1
2655,junk_dead,treatment,1
2656,Myeloid,treatment,1
2657,junk_doublet,treatment,1
2658,B,treatment,1
2659,junk_debris,treatment,1
2660,junk_noise,treatment,1
2661,junk_noise,treatment,1
2662,CD4_T,treatment,1
2663,NK,treatment,1
2664,junk_debris,treatment,1
2665,junk_doublet,treatment,1
2666,junk_debris,treatment,1
2667,CD4_T,treatment,1
2668,Myeloid,treatment,1
2669,junk_dead,treatment,1
2670,junk_dead,treatment,1
2671,junk_debris,treatment,1
2672,junk_debris,treatment,1
2673,junk_dead,treatment,1
2674,junk_debris,treatment,1
2675,B,treatment,1
2676,junk_dead,treatment,1
2677,Myeloid,treatment,1
2678,junk_doublet,treatment,1
2679,junk_dead,treatment,1
2680,junk_doublet,treatment,1
2681,Myeloid,treatment,1
2682,B,treatment,1
2683,junk_dead,treatment,1
2684,Neutrophil,treatment,1
2685,B,treatment,1
2686,junk_debris,treatment,1
2687,B,treatment,1
2688,CD4_T,treatment,1
2689,CD8_T,treatment,1
2690,junk_doublet,treatment,1
2691,junk_debris,treatment,1
2692,junk_debris,treatment,1
2693,CD8_T,treatment,1
2694,junk_doublet,treatment,1
2695,B,treatment,1
2696,junk_doublet,treatment,1
2697,junk_doublet,treatment,1
2698,CD4_T,treatment,1
2699,junk_debris,treatment,1
2700,Neutrophil,treatment,1
2701,Myeloid,treatment,1
2702,CD4_T,treatment,1
2703,Neutrophil,treatment,1
2704,Neutrophil,treatment,1
2705,junk_dead,treatment,1
2706,junk_doublet,treatment,1
2707,junk_noise,treatment,1
2708,junk_doublet,treatment,1
2709,junk_debris,treatment,1
2710,junk_debris,treatment,1
2711,junk_debris,treatment,1
2712,junk_dead,treatment,1
2713,Myeloid,treatment,1
2714,junk_dead,treatment,1
2715,junk_dead,treatment,1
2716,junk_debris,treatment,1
2717,NK,treatment,1
2718,junk_doublet,treatment,1
2719,Neutrophil,treatment,1
2720,CD4_T,treatment,1
2721,NK,treatment,1
2722,junk_debris,treatment,1
2723,B,treatment,1
2724,junk_noise,treatment,1
2725,junk_dead,treatment,1
2726,junk_dead,treatment,1
2727,junk_debris,treatment,1
2728,junk_doublet,treatment,1
2729,junk_doublet,treatment,1
2730,junk_debris,treatment,1
2731,junk_debris,treatment,1
2732,junk_doublet,treatment,1
2733,junk_doublet,treatment,1
2734,B,treatment,1
2735,CD4_T,treatment,1
2736,Neutrophil,treatment,1
2737,junk_noise,treatment,1
2738,junk_noise,treatment,1
2739,junk_doublet,treatment,1
2740,B,treatment,1
2741,CD4_T,treatment,1
2742,junk_debris,treatment,1
2743,junk_noise,treatment,1
2744,junk_dead,treatment,1
2745,junk_dead,treatment,1
2746,junk_dead,treatment,1
2747,junk_debris,treatment,1
2748,Neutrophil,treatment,1
2749,Myeloid,treatment,1
2750,junk_noise,treatment,1
2751,junk_dead,treatment,1
2752,junk_dead,treatment,1
2753,junk_dead,treatment,1
2754,junk_dead,treatment,1
2755,junk_noise,treatment,1
2756,Myeloid,treatment,1
2757,B,treatment,1
2758,CD8_T,treatment,1
2759,junk_dead,treatment,1
2760,junk_noise,treatment,1
2761,junk_dead,treatment,1
2762,junk_dead,treatment,1
2763,Myeloid,treatment,1
2764,B,treatment,1
2765,junk_doublet,treatment,1
2766,Myeloid,treatment,1
2767,junk_doublet,treatment,1
2768,Myeloid,treatment,1
2769,B,treatment,1
2770,junk_debris,treatment,1
2771,CD4_T,treatment,1
2772,Myeloid,treatment,1
2773,junk_dead,treatment,1
2774,junk_debris,treatment,1
2775,junk_debris,treatment,1
2776,DC,treatment,1
2777,junk_doublet,treatment,1
2778,junk_dead,treatment,1
2779,junk_doublet,treatment,1
2780,junk_debris,treatment,1
2781,junk_doublet,treatment,1
2782,junk_noise,treatment,1
2783,junk_dead,treatment,1
2784,junk_dead,treatment,1
2785,CD8_T,treatment,1
2786,junk_dead,treatment,1
2787,junk_debris,treatment,1
2788,junk_debris,treatment,1
2789,junk_doublet,treatment,1
2790,junk_doublet,treatment,1
2791,junk_dead,treatment,1
2792,junk_noise,treatment,1
2793,CD8_T,treatment,1
2794,CD4_T,treatment,1
2795,junk_dead,treatment,1
2796,Neutrophil,treatment,1
2797,junk_noise,treatment,1
2798,B,treatment,1
2799,junk_doublet,treatment,1
2800,Myeloid,treatment,1
2801,junk_debris,treatment,1
2802,junk_doublet,treatment,1
2803,Neutrophil,treatment,1
2804,junk_debris,treatment,1
2805,Myeloid,treatment,1
2806,CD4_T,treatment,1
2807,Neutrophil,treatment,1
2808,CD4_T,treatment,1
2809,Neutrophil,treatment,1
2810,Neutrophil,treatment,1
2811,junk_noise,treatment,1
2812,junk_debris,treatment,1
2813,junk_debris,treatment,1
2814,junk_dead,treatment,1
2815,Myeloid,treatment,1
2816,Myeloid,treatment,1
2817,junk_noise,treatment,1
2818,Neutrophil,treatment,1
2819,junk_dead,treatment,1
2820,junk_doublet,treatment,1
2821,junk_noise,treatment,1
2822,junk_debris,treatment,1
2823,junk_doublet,treatment,1
2824,junk_noise,treatment,1
2825,Neutrophil,treatment,1
2826,junk_doublet,treatment,1
2827,junk_noise,treatment,1
2828,junk_debris,treatment,1
2829,junk_debris,treatment,1
2830,junk_dead,treatment,1
2831,Neutrophil,treatment,1
2832,junk_dead,treatment,1
2833,junk_doublet,treatment,1
2834,junk_debris,treatment,1
2835,junk_noise,treatment,1
2836,CD4_T,treatment,1
2837,junk_dead,treatment,1
2838,junk_noise,treatment,1
2839,junk_noise,treatment,1
2840,junk_debris,treatment,1
2841,Myeloid,treatment,1
2842,junk_debris,treatment,1
2843,Neutrophil,treatment,1
2844,CD4_T,treatment,1
2845,NK,treatment,1
2846,B,treatment,1
2847,junk_dead,treatment,1
2848,junk_debris,treatment,1
2849,junk_dead,treatment,1
2850,junk_debris,treatment,1
2851,junk_debris,treatment,1
2852,CD8_T,treatment,1
2853,junk_doublet,treatment,1
2854,Neutrophil,treatment,1
2855,junk_debris,treatment,1
2856,Neutrophil,treatment,1
2857,junk_debris,treatment,1
2858,junk_doublet,treatment,1
2859,junk_debris,treatment,1
2860,junk_dead,treatment,1
2861,junk_doublet,treatment,1
2862,Neutrophil,treatment,1
2863,Myeloid,treatment,1
2864,junk_dead,treatment,1
2865,CD4_T,treatment,1
2866,CD8_T,treatment,1
2867,CD8_T,treatment,1
2868,CD4_T,treatment,1
2869,CD8_T,treatment,1
2870,Myeloid,treatment,1
2871,junk_debris,treatment,1
2872,junk_debris,treatment,1
2873,junk_debris,treatment,1
2874,CD8_T,treatment,1
2875,junk_noise,treatment,1
2876,Myeloid,treatment,1
2877,NK,treatment,1
2878,junk_debris,treatment,1
2879,junk_noise,treatment,1
2880,junk_debris,treatment,1
2881,Neutrophil,treatment,1
2882,junk_noise,treatment,1
2883,junk_dead,treatment,1
2884,junk_dead,treatment,1
2885,junk_debris,treatment,1
2886,junk_doublet,treatment,1
2887,CD4_T,treatment,1
2888,Myeloid,treatment,1
2889,NK,treatment,1
2890,B,treatment,1
2891,junk_doublet,treatment,1
2892,CD4_T,treatment,1
2893,junk_dead,treatment,1
2894,junk_dead,treatment,1
2895,junk_dead,treatment,1
2896,junk_noise,treatment,1
2897,junk_doublet,treatment,1
2898,junk_debris,treatment,1
2899,junk_debris,treatment,1
2900,junk_dead,treatment,1
2901,junk_debris,treatment,1
2902,junk_debris,treatment,1
2903,junk_dead,treatment,1
2904,junk_dead,treatment,1
2905,CD8_T,treatment,1
2906,NK,treatment,1
2907,junk_debris,treatment,1
2908,junk_dead,treatment,1
2909,junk_debris,treatment,1
2910,junk_noise,treatment,1
2911,CD8_T,treatment,1
2912,CD4_T,treatment,1
2913,junk_noise,treatment,1
2914,junk_noise,treatment,1
2915,junk_debris,treatment,1
2916,Myeloid,treatment,1
2917,Neutrophil,treatment,1
2918,Neutrophil,treatment,1
2919,junk_debris,treatment,1
2920,junk_doublet,treatment,1
2921,junk_doublet,treatment,1
2922,junk_noise,treatment,1
2923,junk_dead,treatment,1
2924,junk_dead,treatment,1
2925,junk_dead,treatment,1
2926,Myeloid,treatment,1
2927,B,treatment,1
2928,Myeloid,treatment,1
2929,junk_doublet,treatment,1
2930,junk_dead,treatment,1
2931,B,treatment,1
2932,junk_noise,treatment,1
2933,junk_dead,treatment,1
2934,junk_doublet,treatment,1
2935,junk_debris,treatment,1
2936,junk_noise,treatment,1
2937,B,treatment,1
2938,junk_doublet,treatment,1
2939,junk_dead,treatment,1
2940,junk_debris,treatment,1
2941,junk_noise,treatment,1
2942,junk_dead,treatment,1
2943,junk_debris,treatment,1
2944,NK,treatment,1
2945,junk_debris,treatment,1
2946,CD4_T,treatment,1
2947,CD8_T,treatment,1
2948,B,treatment,1
2949,NK,treatment,1
2950,junk_doublet,treatment,1
2951,junk_noise,treatment,1
2952,B,treatment,1
2953,junk_dead,treatment,1
2954,CD4_T,treatment,1
2955,junk_debris,treatment,1
2956,junk_dead,treatment,1
2957,junk_debris,treatment,1
2958,Myeloid,treatment,1
2959,junk_noise,treatment,1
2960,junk_debris,treatment,1
2961,junk_doublet,treatment,1
2962,B,treatment,1
2963,junk_doublet,treatment,1
2964,CD4_T,treatment,1
2965,Neutrophil,treatment,1
2966,CD4_T,treatment,1
2967,junk_dead,treatment,1
2968,B,treatment,1
2969,NK,treatment,1
2970,junk_noise,treatment,1
2971,junk_doublet,treatment,1
2972,DC,treatment,1
2973,junk_debris,treatment,1
2974,junk_doublet,treatment,1
2975,Myeloid,treatment,1
2976,B,treatment,1
2977,junk_noise,treatment,1
2978,CD8_T,treatment,1
2979,junk_noise,treatment,1
2980,junk_doublet,treatment,1
2981,Myeloid,treatment,1
2982,B,treatment,1
2983,junk_debris,treatment,1
2984,junk_dead,treatment,1
2985,junk_doublet,treatment,1
2986,junk_doublet,treatment,1
2987,CD8_T,treatment,1
2988,junk_debris,treatment,1
2989,Myeloid,treatment,1
2990,junk_dead,treatment,1
2991,NK,treatment,1
2992,B,treatment,1
2993,CD4_T,treatment,1
2994,junk_debris,treatment,1
2995,junk_noise,treatment,1
2996,junk_noise,treatment,1
2997,junk_noise,treatment,1
2998,Myeloid,treatment,1
2999,CD4_T,treatment,1
3000,junk_doublet,treatment,1
3001,Myeloid,treatment,1
3002,junk_debris,treatment,1
3003,Neutrophil,treatment,1
3004,junk_debris,treatment,1
3005,junk_dead,treatment,1
3006,CD4_T,treatment,1
3007,junk_debris,treatment,1
3008,junk_debris,treatment,1
3009,CD8_T,treatment,1
3010,DC,treatment,1
3011,junk_dead,treatment,1
3012,CD8_T,treatment,1
3013,B,treatment,1
3014,junk_debris,treatment,1
3015,junk_debris,treatment,1
3016,B,treatment,1
3017,B,treatment,1
3018,junk_doublet,treatment,1
3019,junk_debris,treatment,1
3020,CD4_T,treatment,1
3021,junk_debris,treatment,1
3022,junk_doublet,treatment,1
3023,junk_dead,treatment,1
3024,DC,treatment,1
3025,junk_debris,treatment,1
3026,Myeloid,treatment,1
3027,junk_dead,treatment,1
3028,junk_doublet,treatment,1
3029,junk_noise,treatment,1
3030,junk_dead,treatment,1
3031,Myeloid,treatment,1
3032,DC,treatment,1
3033,junk_doublet,treatment,1
3034,junk_doublet,treatment,1
3035,junk_debris,treatment,1
3036,junk_doublet,treatment,1
3037,junk_noise,treatment,1
3038,Myeloid,treatment,1
3039,junk_debris,treatment,1
3040,DC,treatment,1
3041,junk_debris,treatment,1
3042,junk_dead,treatment,1
3043,junk_debris,treatment,1
3044,B,treatment,1
3045,junk_debris,treatment,1
3046,junk_noise,treatment,1
3047,junk_dead,treatment,1
3048,junk_dead,treatment,1
3049,junk_noise,treatment,1
3050,CD4_T,treatment,1
3051,CD8_T,treatment,1
3052,junk_doublet,treatment,1
3053,CD4_T,treatment,1
3054,B,treatment,1
3055,junk_debris,treatment,1
3056,junk_debris,treatment,1
3057,Neutrophil,treatment,1
3058,B,treatment,1
3059,junk_doublet,treatment,1
3060,CD4_T,treatment,1
3061,junk_debris,treatment,1
3062,junk_doublet,treatment,1
3063,junk_doublet,treatment,1
3064,junk_noise,treatment,1
3065,junk_noise,treatment,1
3066,junk_doublet,treatment,1
3067,junk_doublet,treatment,1
3068,junk_debris,treatment,1
3069,junk_dead,treatment,1
3070,Myeloid,treatment,1
3071,junk_debris,treatment,1
3072,Myeloid,treatment,1
3073,Neutrophil,treatment,1
3074,CD8_T,treatment,1
3075,junk_debris,treatment,1
3076,junk_doublet,treatment,1
3077,B,treatment,1
3078,CD8_T,treatment,1
3079,junk_dead,treatment,1
3080,junk_noise,treatment,1
3081,DC,treatment,1
3082,junk_debris,treatment,1
3083,B,treatment,1
3084,junk_debris,treatment,1
3085,junk_doublet,treatment,1
3086,junk_dead,treatment,1
3087,junk_debris,treatment,1
3088,CD4_T,treatment,1
3089,junk_debris,treatment,1
3090,junk_debris,treatment,1
3091,CD4_T,treatment,1
3092,CD4_T,treatment,1
3093,junk_doublet,treatment,1
3094,B,treatment,1
3095,junk_dead,treatment,1
3096,junk_debris,treatment,1
3097,B,treatment,1
3098,junk_debris,treatment,1
3099,junk_debris,treatment,1
3100,B,treatment,1
3101,junk_debris,treatment,1
3102,junk_doublet,treatment,1
3103,junk_dead,treatment,1
3104,CD8_T,treatment,1
3105,DC,treatment,1
3106,junk_debris,treatment,1
3107,junk_debris,treatment,1
3108,junk_doublet,treatment,1
3109,Neutrophil,treatment,1
3110,junk_dead,treatment,1
3111,DC,treatment,1
3112,CD4_T,treatment,1
3113,junk_noise,treatment,1
3114,junk_debris,treatment,1
3115,CD4_T,treatment,1
3116,Neutrophil,treatment,1
3117,Neutrophil,treatment,1
3118,junk_doublet,treatment,1
3119,junk_debris,treatment,1
3120,junk_dead,treatment,1
3121,junk_debris,treatment,1
3122,junk_noise,treatment,1
3123,junk_dead,treatment,1
3124,junk_dead,treatment,1
3125,junk_dead,treatment,1
3126,Neutrophil,treatment,1
3127,CD8_T,treatment,1
3128,junk_debris,treatment,1
3129,B,treatment,1
3130,junk_debris,treatment,1
3131,junk_dead,treatment,1
3132,junk_noise,treatment,1
3133,junk_noise,treatment,1
3134,junk_dead,treatment,1
3135,junk_debris,treatment,1
3136,junk_noise,treatment,1
3137,B,treatment,1
3138,B,treatment,1
3139,junk_debris,treatment,1
3140,CD4_T,treatment,1
3141,junk_dead,treatment,1
3142,B,treatment,1
3143,junk_dead,treatment,1
3144,junk_noise,treatment,1
3145,junk_doublet,treatment,1
3146,CD8_T,treatment,1
3147,junk_dead,treatment,1
3148,Neutrophil,treatment,1
3149,junk_dead,treatment,1
3150,junk_dead,treatment,1
3151,junk_debris,treatment,1
3152,junk_doublet,treatment,1
3153,junk_doublet,treatment,1
3154,CD4_T,treatment,1
3155,junk_dead,treatment,1
3156,junk_doublet,treatment,1
3157,junk_dead,treatment,1
3158,junk_debris,treatment,1
3159,junk_debris,treatment,1
3160,CD8_T,treatment,1
3161,junk_debris,treatment,1
3162,B,treatment,1
3163,B,treatment,1
3164,Myeloid,treatment,1
3165,junk_doublet,treatment,1
3166,junk_debris,treatment,1
3167,junk_doublet,treatment,1
3168,junk_doublet,treatment,1
3169,junk_dead,treatment,1
3170,CD4_T,treatment,1
3171,junk_doublet,treatment,1
3172,B,treatment,1
3173,Myeloid,treatment,1
3174,junk_doublet,treatment,1
3175,Neutrophil,treatment,1
3176,Myeloid,treatment,1
3177,CD4_T,treatment,1
3178,junk_debris,treatment,1
3179,junk_debris,treatment,1
3180,CD4_T,treatment,1
3181,junk_dead,treatment,1
3182,Neutrophil,treatment,1
3183,junk_noise,treatment,1
3184,junk_noise,treatment,1
3185,Neutrophil,treatment,1
3186,junk_dead,treatment,1
3187,junk_dead,treatment,1
3188,junk_doublet,treatment,1
3189,junk_debris,treatment,1
3190,junk_doublet,treatment,1
3191,junk_dead,treatment,1
3192,junk_doublet,treatment,1
3193,junk_noise,treatment,1
3194,junk_debris,treatment,1
3195,junk_doublet,treatment,1
3196,junk_dead,treatment,1
3197,junk_doublet,treatment,1
3198,junk_doublet,treatment,1
3199,junk_noise,treatment,1
3200,junk_doublet,treatment,1
3201,Myeloid,treatment,1
3202,junk_debris,treatment,1
3203,junk_noise,treatment,1
3204,junk_debris,treatment,1
3205,junk_doublet,treatment,1
3206,junk_noise,treatment,1
3207,junk_noise,treatment,1
3208,junk_debris,treatment,1
3209,junk_debris,treatment,1
3210,Neutrophil,treatment,1
3211,junk_dead,treatment,1
3212,NK,treatment,1
3213,B,treatment,1
3214,junk_dead,treatment,1
3215,junk_doublet,treatment,1
3216,junk_debris,treatment,1
3217,CD8_T,treatment,1
3218,junk_noise,treatment,1
3219,junk_debris,treatment,1
3220,junk_debris,treatment,1
3221,junk_noise,treatment,1
3222,Myeloid,treatment,1
3223,junk_debris,treatment,1
3224,CD8_T,treatment,1
3225,Myeloid,treatment,1
3226,Neutrophil,treatment,1
3227,DC,treatment,1
3228,B,treatment,1
3229,junk_debris,treatment,1
3230,junk_debris,treatment,1
3231,junk_debris,treatment,1
3232,junk_dead,treatment,1
3233,junk_doublet,treatment,1
3234,junk_dead,treatment,1
3235,junk_debris,treatment,1
3236,Myeloid,treatment,1
3237,junk_doublet,treatment,1
3238,CD8_T,treatment,1
3239,CD8_T,treatment,1
3240,Neutrophil,treatment,1
3241,CD4_T,treatment,1
3242,junk_debris,treatment,1
3243,junk_dead,treatment,1
3244,junk_dead,treatment,1
3245,junk_doublet,treatment,1
3246,junk_dead,treatment,1
3247,B,treatment,1
3248,CD8_T,treatment,1
3249,CD8_T,treatment,1
3250,CD4_T,treatment,1
3251,junk_dead,treatment,1
3252,junk_noise,treatment,1
3253,junk_dead,treatment,1
3254,CD4_T,treatment,1
3255,CD4_T,treatment,1
3256,junk_noise,treatment,1
3257,B,treatment,1
3258,junk_doublet,treatment,1
3259,junk_debris,treatment,1
3260,junk_debris,treatment,1
3261,junk_dead,treatment,1
3262,junk_debris,treatment,1
3263,NK,treatment,1
3264,junk_doublet,treatment,1
3265,junk_doublet,treatment,1
3266,junk_debris,treatment,1
3267,junk_doublet,treatment,1
3268,junk_debris,treatment,1
3269,B,treatment,1
3270,junk_noise,treatment,1
3271,junk_debris,treatment,1
3272,junk_dead,treatment,1
3273,junk_debris,treatment,1
3274,Myeloid,treatment,1
3275,Myeloid,treatment,1
3276,junk_debris,treatment,1
3277,junk_noise,treatment,1
3278,B,treatment,1
3279,junk_doublet,treatment,1
3280,B,treatment,1
3281,junk_dead,treatment,1
3282,Myeloid,treatment,1
3283,junk_debris,treatment,1
3284,junk_noise,treatment,1
3285,CD4_T,treatment,1
3286,CD4_T,treatment,1
3287,junk_debris,treatment,1
3288,Myeloid,treatment,1
3289,CD4_T,treatment,1
3290,junk_dead,treatment,1
3291,junk_doublet,treatment,1
3292,junk_dead,treatment,1
3293,Myeloid,treatment,1
3294,junk_debris,treatment,1
3295,junk_debris,treatment,1
3296,junk_debris,treatment,1
3297,Myeloid,treatment,1
3298,junk_debris,treatment,1
3299,CD4_T,treatment,1
3300,junk_dead,treatment,1
3301,Myeloid,treatment,1
3302,junk_dead,treatment,1
3303,B,treatment,1
3304,junk_debris,treatment,1
3305,junk_debris,treatment,1
3306,CD4_T,treatment,1
3307,junk_doublet,treatment,1
3308,Myeloid,treatment,1
3309,CD4_T,treatment,1
3310,junk_debris,treatment,1
3311,junk_dead,treatment,1
3312,junk_doublet,treatment,1
3313,Neutrophil,treatment,1
3314,junk_doublet,treatment,1
3315,junk_doublet,treatment,1
3316,CD8_T,treatment,1
3317,Neutrophil,treatment,1
3318,B,treatment,1
3319,Myeloid,treatment,1
3320,DC,treatment,1
3321,junk_doublet,treatment,1
3322,B,treatment,1
3323,junk_doublet,treatment,1
3324,B,treatment,1
3325,junk_debris,treatment,1
3326,junk_noise,treatment,1
3327,junk_noise,treatment,1
3328,DC,treatment,1
3329,junk_debris,treatment,1
3330,junk_noise,treatment,1
3331,junk_dead,treatment,1
3332,junk_doublet,treatment,1
3333,CD4_T,treatment,1
3334,B,treatment,1
3335,junk_noise,treatment,1
3336,junk_noise,treatment,1
3337,B,treatment,1
3338,junk_dead,treatment,1
3339,junk_dead,treatment,1
3340,Myeloid,treatment,1
3341,junk_debris,treatment,1
3342,junk_debris,treatment,1
3343,junk_debris,treatment,1
3344,Neutrophil,treatment,1
3345,junk_noise,treatment,1
3346,junk_noise,treatment,1
3347,junk_noise,treatment,1
3348,junk_noise,treatment,1
3349,Myeloid,treatment,1
3350,DC,treatment,1
3351,junk_debris,treatment,1
3352,junk_debris,treatment,1
3353,B,treatment,1
3354,CD4_T,treatment,1
3355,junk_debris,treatment,1
3356,junk_dead,treatment,1
3357,Myeloid,treatment,1
3358,junk_debris,treatment,1
3359,junk_debris,treatment,1
3360,B,treatment,1
3361,junk_debris,treatment,1
3362,junk_noise,treatment,1
3363,junk_debris,treatment,1
3364,junk_noise,treatment,1
3365,B,treatment,1
3366,Myeloid,treatment,1
3367,junk_debris,treatment,1
3368,CD8_T,treatment,1
3369,junk_debris,treatment,1
3370,junk_debris,treatment,1
3371,CD4_T,treatment,1
3372,B,treatment,1
3373,junk_doublet,treatment,1
3374,junk_noise,treatment,1
3375,CD8_T,treatment,1
3376,B,treatment,1
3377,DC,treatment,1
3378,junk_dead,treatment,1
3379,CD4_T,treatment,1
3380,junk_debris,treatment,1
3381,junk_dead,treatment,1
3382,B,treatment,1
3383,CD8_T,treatment,1
3384,Neutrophil,treatment,1
3385,CD4_T,treatment,1
3386,junk_debris,treatment,1
3387,B,treatment,1
3388,NK,treatment,1
3389,junk_doublet,treatment,1
3390,junk_dead,treatment,1
3391,junk_doublet,treatment,1
3392,B,treatment,1
3393,junk_debris,treatment,1
3394,junk_doublet,treatment,1
3395,junk_noise,treatment,1
3396,junk_doublet,treatment,1
3397,CD8_T,treatment,1
3398,junk_doublet,treatment,1
3399,CD4_T,treatment,1
3400,junk_noise,treatment,1
3401,B,treatment,1
3402,junk_debris,treatment,1
3403,Myeloid,treatment,1
3404,Myeloid,treatment,1
3405,junk_doublet,treatment,1
3406,junk_doublet,treatment,1
3407,B,treatment,1
3408,junk_noise,treatment,1
3409,junk_dead,treatment,1
3410,junk_doublet,treatment,1
3411,junk_doublet,treatment,1
3412,Myeloid,treatment,1
3413,CD8_T,treatment,1
3414,junk_debris,treatment,1
3415,B,treatment,1
3416,junk_doublet,treatment,1
3417,junk_dead,treatment,1
3418,junk_debris,treatment,1
3419,CD4_T,treatment,1
3420,junk_dead,treatment,1
3421,junk_doublet,treatment,1
3422,NK,treatment,1
3423,junk_debris,treatment,1
3424,junk_doublet,treatment,1
3425,Neutrophil,treatment,1
3426,CD4_T,treatment,1
3427,junk_doublet,treatment,1
3428,junk_doublet,treatment,1
3429,B,treatment,1
3430,B,treatment,1
3431,junk_dead,treatment,1
3432,junk_debris,treatment,1
3433,junk_doublet,treatment,1
3434,CD4_T,treatment,1
3435,Myeloid,treatment,1
3436,Myeloid,treatment,1
3437,junk_dead,treatment,1
3438,junk_debris,treatment,1
3439,B,treatment,1
3440,B,treatment,1
3441,CD4_T,treatment,1
3442,junk_doublet,treatment,1
3443,junk_doublet,treatment,1
3444,junk_dead,treatment,1
3445,junk_dead,treatment,1
3446,B,treatment,1
3447,junk_debris,treatment,1
3448,junk_noise,treatment,1
3449,Neutrophil,treatment,1
3450,B,treatment,1
3451,CD8_T,treatment,1
3452,Myeloid,treatment,1
3453,junk_debris,treatment,1
3454,junk_noise,treatment,1
3455,junk_doublet,treatment,1
3456,CD8_T,treatment,1
3457,junk_doublet,treatment,1
3458,NK,treatment,1
3459,CD4_T,treatment,1
3460,Myeloid,treatment,1
3461,junk_debris,treatment,1
3462,junk_noise,treatment,1
3463,junk_debris,treatment,1
3464,junk_noise,treatment,1
3465,junk_debris,treatment,1
3466,CD4_T,treatment,1
3467,junk_dead,treatment,1
3468,junk_dead,treatment,1
3469,junk_debris,treatment,1
3470,junk_doublet,treatment,1
3471,junk_debris,treatment,1
3472,Neutrophil,treatment,1
3473,junk_debris,treatment,1
3474,junk_doublet,treatment,1
3475,junk_debris,treatment,1
3476,CD4_T,treatment,1
3477,junk_doublet,treatment,1
3478,junk_dead,treatment,1
3479,Myeloid,treatment,1
3480,Neutrophil,treatment,1
3481,junk_doublet,treatment,1
3482,CD8_T,treatment,1
3483,junk_debris,treatment,1
3484,junk_doublet,treatment,1
3485,junk_debris,treatment,1
3486,CD8_T,treatment,1
3487,junk_dead,treatment,1
3488,junk_doublet,treatment,1
3489,junk_dead,treatment,1
3490,junk_doublet,treatment,1
3491,junk_doublet,treatment,1
3492,junk_debris,treatment,1
3493,B,treatment,1
3494,junk_debris,treatment,1
3495,junk_doublet,treatment,1
3496,junk_debris,treatment,1
3497,NK,treatment,1
3498,junk_doublet,treatment,1
3499,junk_doublet,treatment,1
3500,junk_dead,treatment,1
3501,junk_doublet,treatment,1
3502,junk_debris,treatment,1
3503,junk_doublet,treatment,1
3504,Myeloid,treatment,1
3505,junk_debris,treatment,1
3506,junk_dead,treatment,1
3507,B,treatment,1
3508,Myeloid,treatment,1
3509,junk_debris,treatment,1
3510,junk_doublet,treatment,1
3511,junk_debris,treatment,1
3512,junk_doublet,treatment,1
3513,junk_doublet,treatment,1
3514,Myeloid,treatment,1
3515,Myeloid,treatment,1
3516,junk_debris,treatment,1
3517,Myeloid,treatment,1
3518,B,treatment,1
3519,junk_debris,treatment,1
3520,junk_dead,treatment,1
3521,DC,treatment,1
3522,junk_debris,treatment,1
3523,CD8_T,treatment,1
3524,junk_debris,treatment,1
3525,junk_doublet,treatment,1
3526,junk_debris,treatment,1
3527,B,treatment,1
3528,CD4_T,treatment,1
3529,junk_doublet,treatment,1
3530,B,treatment,1
3531,junk_noise,treatment,1
3532,junk_debris,treatment,1
3533,junk_noise,treatment,1
3534,junk_debris,treatment,1
3535,junk_debris,treatment,1
3536,Neutrophil,treatment,1
3537,junk_noise,treatment,1
3538,junk_noise,treatment,1
3539,junk_doublet,treatment,1
3540,junk_debris,treatment,1
3541,junk_noise,treatment,1
3542,junk_dead,treatment,1
3543,Myeloid,treatment,1
3544,Myeloid,treatment,1
3545,CD4_T,treatment,1
3546,junk_dead,treatment,1
3547,CD8_T,treatment,1
3548,junk_doublet,treatment,1
3549,CD8_T,treatment,1
3550,CD4_T,treatment,1
3551,junk_dead,treatment,1
3552,junk_debris,treatment,1
3553,junk_doublet,treatment,1
3554,Myeloid,treatment,1
3555,Myeloid,treatment,1
3556,Neutrophil,treatment,1
3557,Myeloid,treatment,1
3558,junk_debris,treatment,1
3559,junk_dead,treatment,1
3560,junk_dead,treatment,1
3561,junk_dead,treatment,1
3562,junk_doublet,treatment,1
3563,junk_doublet,treatment,1
3564,junk_doublet,treatment,1
3565,junk_debris,treatment,1
3566,junk_doublet,treatment,1
3567,CD8_T,treatment,1
3568,junk_doublet,treatment,1
3569,Neutrophil,treatment,1
3570,Myeloid,treatment,1
3571,CD4_T,treatment,1
3572,junk_debris,treatment,1
3573,Neutrophil,treatment,1
3574,junk_doublet,treatment,1
3575,junk_noise,treatment,1
3576,junk_debris,treatment,1
3577,junk_doublet,treatment,1
3578,Neutrophil,treatment,1
3579,B,treatment,1
3580,CD8_T,treatment,1
3581,B,treatment,1
3582,junk_debris,treatment,1
3583,junk_debris,treatment,1
3584,junk_doublet,treatment,1
3585,junk_dead,treatment,1
3586,junk_debris,treatment,1
3587,Neutrophil,treatment,1
3588,Myeloid,treatment,1
3589,junk_noise,treatment,1
3590,junk_noise,treatment,1
3591,CD4_T,treatment,1
3592,junk_dead,treatment,1
3593,CD4_T,treatment,1
3594,junk_noise,treatment,1
3595,NK,treatment,1
3596,CD4_T,treatment,1
3597,NK,treatment,1
3598,junk_noise,treatment,1
3599,junk_debris,treatment,1
3600,junk_dead,treatment,1
3601,junk_debris,treatment,1
3602,junk_noise,treatment,1
3603,junk_debris,treatment,1
3604,junk_debris,treatment,1
3605,junk_doublet,treatment,1
3606,junk_dead,treatment,1
3607,B,treatment,1
3608,junk_doublet,treatment,1
3609,B,treatment,1
3610,junk_dead,treatment,1
3611,junk_dead,treatment,1
3612,junk_noise,treatment,1
3613,Myeloid,treatment,1
3614,B,treatment,1
3615,junk_debris,treatment,1
3616,CD8_T,treatment,1
3617,junk_doublet,treatment,1
3618,B,treatment,1
3619,CD4_T,treatment,1
3620,Myeloid,treatment,1
3621,CD4_T,treatment,1
3622,junk_dead,treatment,1
3623,junk_debris,treatment,1
3624,DC,treatment,1
3625,junk_debris,treatment,1
3626,junk_doublet,treatment,1
3627,junk_noise,treatment,1
3628,junk_debris,treatment,1
3629,junk_noise,treatment,1
3630,junk_doublet,treatment,1
3631,junk_doublet,treatment,1
3632,B,treatment,1
3633,junk_debris,treatment,1
3634,B,treatment,1
3635,B,treatment,1
3636,CD8_T,treatment,1
3637,B,treatment,1
3638,B,treatment,1
3639,junk_doublet,treatment,1
3640,B,treatment,1
3641,junk_dead,treatment,1
3642,junk_doublet,treatment,1
3643,junk_noise,treatment,1
3644,junk_doublet,treatment,1
3645,junk_doublet,treatment,1
3646,junk_dead,treatment,1
3647,CD8_T,treatment,1
3648,Neutrophil,treatment,1
3649,B,treatment,1
3650,junk_doublet,treatment,1
3651,CD4_T,treatment,1
3652,junk_doublet,treatment,1
3653,junk_noise,treatment,1
3654,Myeloid,treatment,1
3655,B,treatment,1
3656,junk_debris,treatment,1
3657,junk_debris,treatment,1
3658,junk_dead,treatment,1
3659,B,treatment,1
3660,junk_debris,treatment,1
3661,B,treatment,1
3662,junk_doublet,treatment,1
3663,junk_noise,treatment,1
3664,junk_doublet,treatment,1
3665,B,treatment,1
3666,junk_dead,treatment,1
3667,Myeloid,treatment,1
3668,B,treatment,1
3669,CD8_T,treatment,1
3670,junk_debris,treatment,1
3671,junk_doublet,treatment,1
3672,junk_doublet,treatment,1
3673,junk_dead,treatment,1
3674,junk_dead,treatment,1
3675,junk_debris,treatment,1
3676,B,treatment,1
3677,Myeloid,treatment,1
3678,junk_noise,treatment,1
3679,junk_noise,treatment,1
3680,B,treatment,1
3681,junk_debris,treatment,1
3682,junk_debris,treatment,1
3683,junk_debris,treatment,1
3684,junk_debris,treatment,1
3685,junk_dead,treatment,1
3686,Myeloid,treatment,1
3687,junk_debris,treatment,1
3688,junk_noise,treatment,1
3689,junk_doublet,treatment,1
3690,junk_doublet,treatment,1
3691,CD8_T,treatment,1
3692,junk_debris,treatment,1
3693,junk_dead,treatment,1
3694,junk_debris,treatment,1
3695,junk_dead,treatment,1
3696,junk_debris,treatment,1
3697,junk_dead,treatment,1
3698,Myeloid,treatment,1
3699,junk_doublet,treatment,1
3700,junk_debris,treatment,1
3701,junk_dead,treatment,1
3702,junk_doublet,treatment,1
3703,junk_noise,treatment,1
3704,junk_noise,treatment,1
3705,Neutrophil,treatment,1
3706,B,treatment,1
3707,CD8_T,treatment,1
3708,junk_debris,treatment,1
3709,junk_debris,treatment,1
3710,B,treatment,1
3711,junk_debris,treatment,1
3712,junk_doublet,treatment,1
3713,junk_dead,treatment,1
3714,CD4_T,treatment,1
3715,NK,treatment,1
3716,junk_doublet,treatment,1
3717,junk_doublet,treatment,1
3718,Myeloid,treatment,1
3719,CD4_T,treatment,1
3720,B,treatment,1
3721,junk_debris,treatment,1
3722,junk_noise,treatment,1
3723,Neutrophil,treatment,1
3724,Myeloid,treatment,1
3725,junk_doublet,treatment,1
3726,junk_doublet,treatment,1
3727,junk_noise,treatment,1
3728,Neutrophil,treatment,1
3729,B,treatment,1
3730,junk_debris,treatment,1
3731,CD4_T,treatment,1
3732,junk_debris,treatment,1
3733,junk_dead,treatment,1
3734,CD4_T,treatment,1
3735,junk_debris,treatment,1
3736,junk_debris,treatment,1
3737,CD4_T,treatment,1
3738,CD8_T,treatment,1
3739,CD4_T,treatment,1
3740,junk_doublet,treatment,1
3741,Neutrophil,treatment,1
3742,DC,treatment,1
3743,junk_doublet,treatment,1
3744,junk_doublet,treatment,1
3745,Myeloid,treatment,1
3746,junk_noise,treatment,1
3747,junk_doublet,treatment,1
3748,junk_debris,treatment,1
3749,junk_noise,treatment,1
3750,junk_dead,treatment,1
3751,B,treatment,1
3752,junk_dead,treatment,1
3753,junk_doublet,treatment,1
3754,junk_noise,treatment,1
3755,junk_debris,treatment,1
3756,Myeloid,treatment,1
3757,junk_noise,treatment,1
3758,junk_debris,treatment,1
3759,junk_debris,treatment,1
3760,junk_dead,treatment,1
3761,B,treatment,1
3762,junk_dead,treatment,1
3763,junk_debris,treatment,1
3764,CD4_T,treatment,1
3765,junk_debris,treatment,1
3766,junk_noise,treatment,1
3767,CD4_T,treatment,1
3768,junk_debris,treatment,1
3769,B,treatment,1
3770,junk_debris,treatment,1
3771,junk_noise,treatment,1
3772,CD8_T,treatment,1
3773,DC,treatment,1
3774,junk_noise,treatment,1
3775,junk_debris,treatment,1
3776,DC,treatment,1
3777,junk_noise,treatment,1
3778,junk_debris,treatment,1
3779,junk_dead,treatment,1
3780,junk_doublet,treatment,1
3781,B,treatment,1
3782,junk_noise,treatment,1
3783,junk_debris,treatment,1
3784,CD4_T,treatment,1
3785,junk_debris,treatment,1
3786,Myeloid,treatment,1
3787,junk_noise,treatment,1
3788,junk_noise,treatment,1
3789,Myeloid,treatment,1
3790,Myeloid,treatment,1
3791,CD4_T,treatment,1
3792,junk_doublet,treatment,1
3793,junk_dead,treatment,1
3794,junk_doublet,treatment,1
3795,junk_dead,treatment,1
3796,B,treatment,1
3797,CD4_T,treatment,1
3798,junk_dead,treatment,1
3799,junk_dead,treatment,1
3800,junk_doublet,treatment,1
3801,junk_debris,treatment,1
3802,junk_doublet,treatment,1
3803,NK,treatment,1
3804,junk_doublet,treatment,1
3805,junk_debris,treatment,1
3806,junk_debris,treatment,1
3807,junk_debris,treatment,1
3808,B,treatment,1
3809,junk_debris,treatment,1
3810,CD8_T,treatment,1
3811,junk_doublet,treatment,1
3812,junk_debris,treatment,1
3813,junk_debris,treatment,1
3814,junk_noise,treatment,1
3815,junk_doublet,treatment,1
3816,junk_dead,treatment,1
3817,junk_debris,treatment,1
3818,B,treatment,1
3819,CD8_T,treatment,1
3820,junk_dead,treatment,1
3821,junk_debris,treatment,1
3822,junk_doublet,treatment,1
3823,DC,treatment,1
3824,B,treatment,1
3825,junk_dead,treatment,1
3826,junk_debris,treatment,1
3827,junk_dead,treatment,1
3828,CD4_T,treatment,1
3829,junk_dead,treatment,1
3830,junk_noise,treatment,1
3831,junk_doublet,treatment,1
3832,CD8_T,treatment,1
3833,junk_dead,treatment,1
3834,Neutrophil,treatment,1
3835,NK,treatment,1
3836,junk_doublet,treatment,1
3837,junk_doublet,treatment,1
3838,CD4_T,treatment,1
3839,junk_noise,treatment,1
3840,B,treatment,1
3841,junk_debris,treatment,1
3842,junk_debris,treatment,1
3843,junk_dead,treatment,1
3844,junk_debris,treatment,1
3845,junk_dead,treatment,1
3846,CD4_T,treatment,1
3847,junk_dead,treatment,1
3848,junk_debris,treatment,1
3849,CD8_T,treatment,1
3850,junk_dead,treatment,1
3851,junk_doublet,treatment,1
3852,junk_debris,treatment,1
3853,junk_debris,treatment,1
3854,junk_doublet,treatment,1
3855,junk_debris,treatment,1
3856,B,treatment,1
3857,junk_dead,treatment,1
3858,junk_noise,treatment,1
3859,junk_doublet,treatment,1
3860,junk_debris,treatment,1
3861,junk_noise,treatment,1
3862,B,treatment,1
3863,junk_dead,treatment,1
3864,junk_dead,treatment,1
3865,junk_doublet,treatment,1
3866,Neutrophil,treatment,1
3867,CD4_T,treatment,1
3868,junk_debris,treatment,1
3869,junk_dead,treatment,1
3870,B,treatment,1
3871,junk_debris,treatment,1
3872,B,treatment,1
3873,junk_debris,treatment,1
3874,CD4_T,treatment,1
3875,Neutrophil,treatment,1
3876,DC,treatment,1
3877,B,treatment,1
3878,junk_noise,treatment,1
3879,junk_doublet,treatment,1
3880,junk_debris,treatment,1
3881,junk_doublet,treatment,1
3882,junk_dead,treatment,1
3883,junk_noise,treatment,1
3884,junk_dead,treatment,1
3885,Neutrophil,treatment,1
3886,junk_doublet,treatment,1
3887,Myeloid,treatment,1
3888,junk_noise,treatment,1
3889,CD8_T,treatment,1
3890,junk_doublet,treatment,1
3891,junk_doublet,treatment,1
3892,Neutrophil,treatment,1
3893,junk_noise,treatment,1
3894,junk_noise,treatment,1
3895,junk_debris,treatment,1
3896,CD8_T,treatment,1
3897,NK,treatment,1
3898,junk_debris,treatment,1
3899,junk_doublet,treatment,1
3900,B,treatment,1
3901,junk_noise,treatment,1
3902,junk_debris,treatment,1
3903,junk_debris,treatment,1
3904,junk_debris,treatment,1
3905,junk_debris,treatment,1
3906,CD4_T,treatment,1
3907,junk_debris,treatment,1
3908,junk_doublet,treatment,1
3909,junk_noise,treatment,1
3910,B,treatment,1
3911,junk_debris,treatment,1
3912,CD8_T,treatment,1
3913,junk_doublet,treatment,1
3914,Neutrophil,treatment,1
3915,CD4_T,treatment,1
3916,Myeloid,treatment,1
3917,CD8_T,treatment,1
3918,junk_debris,treatment,1
3919,junk_noise,treatment,1
3920,CD8_T,treatment,1
3921,NK,treatment,1
3922,junk_noise,treatment,1
3923,junk_debris,treatment,1
3924,junk_noise,treatment,1
3925,Neutrophil,treatment,1
3926,junk_debris,treatment,1
3927,junk_dead,treatment,1
3928,B,treatment,1
3929,junk_debris,treatment,1
3930,junk_debris,treatment,1
3931,B,treatment,1
3932,junk_dead,treatment,1
3933,CD8_T,treatment,1
3934,CD4_T,treatment,1
3935,CD8_T,treatment,1
3936,junk_noise,treatment,1
3937,junk_debris,treatment,1
3938,Myeloid,treatment,1
3939,junk_debris,treatment,1
3940,junk_doublet,treatment,1
3941,junk_doublet,treatment,1
3942,junk_debris,treatment,1
3943,CD4_T,treatment,1
3944,Myeloid,treatment,1
3945,junk_debris,treatment,1
3946,junk_debris,treatment,1
3947,junk_doublet,treatment,1
3948,CD8_T,treatment,1
3949,junk_doublet,treatment,1
3950,junk_doublet,treatment,1
3951,junk_doublet,treatment,1
3952,Myeloid,treatment,1
3953,Neutrophil,treatment,1
3954,Neutrophil,treatment,1
3955,junk_noise,treatment,1
3956,junk_debris,treatment,1
3957,junk_debris,treatment,1
3958,Neutrophil,treatment,1
3959,junk_dead,treatment,1
3960,junk_debris,treatment,1
3961,B,treatment,1
3962,junk_debris,treatment,1
3963,junk_dead,treatment,1
3964,CD4_T,treatment,1
3965,junk_debris,treatment,1
3966,junk_debris,treatment,1
3967,Myeloid,treatment,1
3968,junk_dead,treatment,1
3969,CD4_T,treatment,1
3970,junk_debris,treatment,1
3971,junk_dead,treatment,1
3972,junk_doublet,treatment,1
3973,junk_dead,treatment,1
3974,junk_noise,treatment,1
3975,B,treatment,1
3976,junk_doublet,treatment,1
3977,Myeloid,treatment,1
3978,junk_dead,treatment,1
3979,B,treatment,1
3980,junk_dead,treatment,1
3981,junk_debris,treatment,1
3982,junk_doublet,treatment,1
3983,junk_debris,treatment,1
3984,junk_debris,treatment,1
3985,junk_debris,treatment,1
3986,junk_doublet,treatment,1
3987,Neutrophil,treatment,1
3988,junk_dead,treatment,1
3989,junk_doublet,treatment,1
3990,junk_debris,treatment,1
3991,Myeloid,treatment,1
3992,junk_debris,treatment,1
3993,junk_noise,treatment,1
3994,junk_doublet,treatment,1
3995,junk_debris,treatment,1
3996,CD8_T,treatment,1
3997,junk_debris,treatment,1
3998,junk_noise,treatment,1
3999,junk_debris,treatment,1
4000,junk_dead,treatment,1
4001,junk_noise,treatment,1
4002,junk_dead,treatment,1
4003,CD8_T,treatment,1
4004,CD8_T,treatment,1
4005,junk_doublet,treatment,1
4006,B,treatment,1
4007,junk_debris,treatment,1
4008,junk_dead,treatment,1
4009,junk_debris,treatment,1
4010,junk_debris,treatment,1
4011,junk_noise,treatment,1
4012,junk_debris,treatment,1
4013,Myeloid,treatment,1
4014,junk_debris,treatment,1
4015,B,treatment,1
4016,NK,treatment,1
4017,junk_doublet,treatment,1
4018,CD8_T,treatment,1
4019,CD8_T,treatment,1
4020,B,treatment,1
4021,junk_debris,treatment,1
4022,junk_doublet,treatment,1
4023,CD8_T,treatment,1
4024,B,treatment,1
4025,Myeloid,treatment,1
4026,NK,treatment,1
4027,junk_doublet,treatment,1
4028,junk_dead,treatment,1
4029,NK,treatment,1
4030,junk_noise,treatment,1
4031,junk_debris,treatment,1
4032,junk_doublet,treatment,1
4033,junk_dead,treatment,1
4034,CD8_T,treatment,1
4035,junk_dead,treatment,1
4036,junk_dead,treatment,1
4037,junk_dead,treatment,1
4038,Neutrophil,treatment,1
4039,junk_debris,treatment,1
4040,CD4_T,treatment,1
4041,CD8_T,treatment,1
4042,CD4_T,treatment,1
4043,junk_doublet,treatment,1
4044,junk_debris,treatment,1
4045,junk_doublet,treatment,1
4046,junk_debris,treatment,1
4047,junk_debris,treatment,1
4048,B,treatment,1
4049,junk_doublet,treatment,1
4050,junk_doublet,treatment,1
4051,Neutrophil,treatment,1
4052,junk_doublet,treatment,1
4053,B,treatment,1
4054,junk_debris,treatment,1
4055,Neutrophil,treatment,1
4056,junk_doublet,treatment,1
4057,junk_debris,treatment,1
4058,junk_doublet,treatment,1
4059,B,treatment,1
4060,junk_debris,treatment,1
4061,junk_dead,treatment,1
4062,junk_dead,treatment,1
4063,junk_noise,treatment,1
4064,CD8_T,treatment,1
4065,junk_doublet,treatment,1
4066,junk_debris,treatment,1
4067,Neutrophil,treatment,1
4068,junk_debris,treatment,1
4069,Neutrophil,treatment,1
4070,B,treatment,1
4071,junk_dead,treatment,1
4072,junk_debris,treatment,1
4073,junk_dead,treatment,1
4074,junk_noise,treatment,1
4075,junk_noise,treatment,1
4076,junk_dead,treatment,1
4077,B,treatment,1
4078,Myeloid,treatment,1
4079,junk_doublet,treatment,1
4080,junk_debris,treatment,1
4081,junk_debris,treatment,1
4082,junk_dead,treatment,1
4083,Myeloid,treatment,1
4084,junk_dead,treatment,1
4085,junk_debris,treatment,1
4086,junk_debris,treatment,1
4087,B,treatment,1
4088,junk_debris,treatment,1
4089,junk_debris,treatment,1
4090,junk_doublet,treatment,1
4091,CD4_T,treatment,1
4092,CD4_T,treatment,1
4093,B,treatment,1
4094,NK,treatment,1
4095,junk_dead,treatment,1
4096,Myeloid,treatment,1
4097,junk_noise,treatment,1
4098,junk_doublet,treatment,1
4099,junk_debris,treatment,1
4100,junk_noise,treatment,1
4101,junk_debris,treatment,1
4102,junk_noise,treatment,1
4103,CD8_T,treatment,1
4104,junk_debris,treatment,1
4105,junk_doublet,treatment,1
4106,junk_dead,treatment,1
4107,NK,treatment,1
4108,junk_doublet,treatment,1
4109,junk_doublet,treatment,1
4110,CD4_T,treatment,1
4111,B,treatment,1
4112,junk_doublet,treatment,1
4113,junk_debris,treatment,1
4114,junk_debris,treatment,1
4115,junk_dead,treatment,1
4116,CD8_T,treatment,1
4117,junk_debris,treatment,1
4118,junk_dead,treatment,1
4119,CD4_T,treatment,1
4120,junk_debris,treatment,1
4121,junk_doublet,treatment,1
4122,Neutrophil,treatment,1
4123,junk_doublet,treatment,1
4124,junk_debris,treatment,1
4125,junk_dead,treatment,1
4126,junk_debris,treatment,1
4127,B,treatment,1
4128,junk_debris,treatment,1
4129,junk_doublet,treatment,1
4130,junk_debris,treatment,1
4131,junk_doublet,treatment,1
4132,junk_debris,treatment,1
4133,junk_debris,treatment,1
4134,junk_debris,treatment,1
4135,junk_dead,treatment,1
4136,junk_doublet,treatment,1
4137,Neutrophil,treatment,1
4138,junk_debris,treatment,1
4139,Neutrophil,treatment,1
4140,Neutrophil,treatment,1
4141,Neutrophil,treatment,1
4142,junk_dead,treatment,1
4143,NK,treatment,1
4144,junk_debris,treatment,1
4145,junk_noise,treatment,1
4146,junk_doublet,treatment,1
4147,junk_doublet,treatment,1
4148,CD4_T,treatment,1
4149,CD4_T,treatment,1
4150,junk_debris,treatment,1
4151,CD4_T,treatment,1
4152,junk_doublet,treatment,1
4153,B,treatment,1
4154,junk_doublet,treatment,1
4155,junk_noise,treatment,1
4156,junk_dead,treatment,1
4157,B,treatment,1
4158,junk_dead,treatment,1
4159,junk_debris,treatment,1
4160,junk_debris,treatment,1
4161,DC,treatment,1
4162,junk_doublet,treatment,1
4163,B,treatment,1
4164,junk_debris,treatment,1
4165,CD8_T,treatment,1
4166,junk_doublet,treatment,1
4167,junk_debris,treatment,1
4168,junk_debris,treatment,1
4169,junk_debris,treatment,1
4170,Myeloid,treatment,1
4171,Neutrophil,treatment,1
4172,junk_debris,treatment,1
4173,B,treatment,1
4174,junk_noise,treatment,1
4175,junk_doublet,treatment,1
4176,junk_doublet,treatment,1
4177,CD4_T,treatment,1
4178,junk_debris,treatment,1
4179,junk_debris,treatment,1
4180,junk_debris,treatment,1
4181,junk_dead,treatment,1
4182,junk_noise,treatment,1
4183,junk_doublet,treatment,1
4184,Neutrophil,treatment,1
4185,CD4_T,treatment,1
4186,junk_debris,treatment,1
4187,junk_dead,treatment,1
4188,junk_debris,treatment,1
4189,junk_debris,treatment,1
4190,junk_doublet,treatment,1
4191,junk_noise,treatment,1
4192,junk_noise,treatment,1
4193,junk_debris,treatment,1
4194,junk_debris,treatment,1
4195,junk_noise,treatment,1
4196,junk_noise,treatment,1
4197,junk_noise,treatment,1
4198,junk_dead,treatment,1
4199,junk_debris,treatment,1
4200,junk_doublet,treatment,1
4201,Myeloid,treatment,1
4202,junk_noise,treatment,1
4203,junk_dead,treatment,1
4204,junk_noise,treatment,1
4205,Myeloid,treatment,1
4206,junk_debris,treatment,1
4207,junk_debris,treatment,1
4208,Myeloid,treatment,1
4209,junk_dead,treatment,1
4210,junk_debris,treatment,1
4211,junk_debris,treatment,1
4212,junk_doublet,treatment,1
4213,Neutrophil,treatment,1
4214,junk_noise,treatment,1
4215,junk_doublet,treatment,1
4216,CD8_T,treatment,1
4217,B,treatment,1
4218,junk_noise,treatment,1
4219,junk_dead,treatment,1
4220,CD8_T,treatment,1
4221,CD8_T,treatment,1
4222,junk_debris,treatment,1
4223,CD4_T,treatment,1
4224,junk_doublet,treatment,1
4225,junk_noise,treatment,1
4226,junk_dead,treatment,1
4227,junk_debris,treatment,1
4228,junk_dead,treatment,1
4229,CD8_T,treatment,1
4230,junk_doublet,treatment,1
4231,CD8_T,treatment,1
4232,B,treatment,1
4233,junk_doublet,treatment,1
4234,junk_debris,treatment,1
4235,junk_debris,treatment,1
4236,junk_dead,treatment,1
4237,junk_debris,treatment,1
4238,junk_noise,treatment,1
4239,junk_debris,treatment,1
4240,Myeloid,treatment,1
4241,junk_dead,treatment,1
4242,junk_debris,treatment,1
4243,CD4_T,treatment,1
4244,junk_doublet,treatment,1
4245,Neutrophil,treatment,1
4246,junk_dead,treatment,1
4247,junk_debris,treatment,1
4248,junk_debris,treatment,1
4249,junk_debris,treatment,1
4250,junk_dead,treatment,1
4251,B,treatment,1
4252,junk_debris,treatment,1
4253,junk_doublet,treatment,1
4254,DC,treatment,1
4255,Myeloid,treatment,1
4256,B,treatment,1
4257,junk_noise,treatment,1
4258,junk_dead,treatment,1
4259,junk_doublet,treatment,1
4260,junk_dead,treatment,1
4261,junk_debris,treatment,1
4262,junk_noise,treatment,1
4263,junk_debris,treatment,1
4264,junk_doublet,treatment,1
4265,Myeloid,treatment,1
4266,Myeloid,treatment,1
4267,Myeloid,treatment,1
4268,CD8_T,treatment,1
4269,Myeloid,treatment,1
4270,B,treatment,1
4271,junk_debris,treatment,1
4272,junk_dead,treatment,1
4273,junk_debris,treatment,1
4274,junk_dead,treatment,1
4275,junk_dead,treatment,1
4276,junk_dead,treatment,1
4277,Myeloid,treatment,1
4278,junk_debris,treatment,1
4279,B,treatment,1
4280,junk_doublet,treatment,1
4281,junk_dead,treatment,1
4282,CD4_T,treatment,1
4283,junk_doublet,treatment,1
4284,junk_dead,treatment,1
4285,junk_debris,treatment,1
4286,junk_noise,treatment,1
4287,NK,treatment,1
4288,B,treatment,1
4289,DC,treatment,1
4290,B,treatment,1
4291,junk_dead,treatment,1
4292,junk_noise,treatment,1
4293,junk_dead,treatment,1
4294,NK,treatment,1
4295,junk_debris,treatment,1
4296,B,treatment,1
4297,junk_debris,treatment,1
4298,junk_dead,treatment,1
4299,junk_doublet,treatment,1
4300,junk_dead,treatment,1
4301,junk_debris,treatment,1
4302,junk_doublet,treatment,1
4303,junk_noise,treatment,1
4304,CD8_T,treatment,1
4305,CD8_T,treatment,1
4306,Myeloid,treatment,1
4307,junk_debris,treatment,1
4308,B,treatment,1
4309,junk_dead,treatment,1
4310,Myeloid,treatment,1
4311,junk_doublet,treatment,1
4312,junk_doublet,treatment,1
4313,junk_debris,treatment,1
4314,junk_doublet,treatment,1
4315,Myeloid,treatment,1
4316,junk_doublet,treatment,1
4317,CD4_T,treatment,1
4318,Myeloid,treatment,1
4319,junk_noise,treatment,1
4320,junk_debris,treatment,1
4321,junk_debris,treatment,1
4322,junk_noise,treatment,1
4323,B,treatment,1
4324,junk_dead,treatment,1
4325,B,treatment,1
4326,junk_noise,treatment,1
4327,junk_dead,treatment,1
4328,junk_dead,treatment,1
4329,junk_debris,treatment,1
4330,junk_dead,treatment,1
4331,CD8_T,treatment,1
4332,B,treatment,1
4333,CD4_T,treatment,1
4334,junk_debris,treatment,1
4335,junk_debris,treatment,1
4336,CD4_T,treatment,1
4337,junk_debris,treatment,1
4338,Neutrophil,treatment,1
4339,junk_dead,treatment,1
4340,Myeloid,treatment,1
4341,CD8_T,treatment,1
4342,DC,treatment,1
4343,B,treatment,1
4344,junk_dead,treatment,1
4345,B,treatment,1
4346,NK,treatment,1
4347,B,treatment,1
4348,junk_debris,treatment,1
4349,junk_doublet,treatment,1
4350,junk_dead,treatment,1
4351,junk_debris,treatment,1
4352,Neutrophil,treatment,1
4353,CD8_T,treatment,1
4354,junk_dead,treatment,1
4355,Neutrophil,treatment,1
4356,junk_doublet,treatment,1
4357,Myeloid,treatment,1
4358,B,treatment,1
4359,junk_debris,treatment,1
4360,junk_debris,treatment,1
4361,junk_debris,treatment,1
4362,junk_dead,treatment,1
4363,junk_dead,treatment,1
4364,CD8_T,treatment,1
4365,junk_doublet,treatment,1
4366,junk_debris,treatment,1
4367,junk_doublet,treatment,1
4368,junk_noise,treatment,1
4369,junk_debris,treatment,1
4370,CD4_T,treatment,1
4371,junk_debris,treatment,1
4372,junk_dead,treatment,1
4373,NK,treatment,1
4374,junk_doublet,treatment,1
4375,CD8_T,treatment,1
4376,junk_debris,treatment,1
4377,junk_noise,treatment,1
4378,B,treatment,1
4379,B,treatment,1
4380,junk_dead,treatment,1
4381,B,treatment,1
4382,junk_debris,treatment,1
4383,NK,treatment,1
4384,junk_debris,treatment,1
4385,CD8_T,treatment,1
4386,junk_debris,treatment,1
4387,B,treatment,1
4388,Myeloid,treatment,1
4389,Myeloid,treatment,1
4390,junk_doublet,treatment,1
4391,Neutrophil,treatment,1
4392,junk_doublet,treatment,1
4393,junk_noise,treatment,1
4394,B,treatment,1
4395,B,treatment,1
4396,Myeloid,treatment,1
4397,junk_debris,treatment,1
4398,junk_dead,treatment,1
4399,junk_debris,treatment,1
4400,B,treatment,1
4401,junk_debris,treatment,1
4402,B,treatment,1
4403,NK,treatment,1
4404,junk_noise,treatment,1
4405,junk_noise,treatment,1
4406,junk_debris,treatment,1
4407,junk_dead,treatment,1
4408,junk_debris,treatment,1
4409,CD4_T,treatment,1
4410,junk_noise,treatment,1
4411,junk_dead,treatment,1
4412,junk_doublet,treatment,1
4413,B,treatment,1
4414,B,treatment,1
4415,junk_debris,treatment,1
4416,junk_debris,treatment,1
4417,junk_debris,treatment,1
4418,CD4_T,treatment,1
4419,junk_debris,treatment,1
4420,junk_dead,treatment,1
4421,junk_debris,treatment,1
4422,junk_dead,treatment,1
4423,DC,treatment,1
4424,junk_debris,treatment,1
4425,junk_dead,treatment,1
4426,Neutrophil,treatment,1
4427,junk_debris,treatment,1
4428,Myeloid,treatment,1
4429,CD4_T,treatment,1
4430,junk_debris,treatment,1
4431,B,treatment,1
4432,junk_doublet,treatment,1
4433,CD4_T,treatment,1
4434,junk_debris,treatment,1
4435,junk_debris,treatment,1
4436,junk_doublet,treatment,1
4437,junk_dead,treatment,1
4438,junk_debris,treatment,1
4439,junk_debris,treatment,1
4440,Neutrophil,treatment,1
4441,junk_dead,treatment,1
4442,junk_dead,treatment,1
4443,CD4_T,treatment,1
4444,junk_dead,treatment,1
4445,CD8_T,treatment,1
4446,junk_noise,treatment,1
4447,CD8_T,treatment,1
4448,junk_debris,treatment,1
4449,junk_doublet,treatment,1
4450,junk_debris,treatment,1
4451,CD4_T,treatment,1
4452,B,treatment,1
4453,junk_dead,treatment,1
4454,B,treatment,1
4455,CD4_T,treatment,1
4456,junk_debris,treatment,1
4457,DC,treatment,1
4458,junk_debris,treatment,1
4459,Neutrophil,treatment,1
4460,junk_dead,treatment,1
4461,junk_debris,treatment,1
4462,junk_dead,treatment,1
4463,junk_dead,treatment,1
4464,junk_noise,treatment,1
4465,Myeloid,treatment,1
4466,CD8_T,treatment,1
4467,junk_noise,treatment,1
4468,junk_debris,treatment,1
4469,junk_debris,treatment,1
4470,CD4_T,treatment,1
4471,junk_doublet,treatment,1
4472,junk_doublet,treatment,1
4473,junk_debris,treatment,1
4474,CD4_T,treatment,1
4475,Neutrophil,treatment,1
4476,junk_dead,treatment,1
4477,junk_debris,treatment,1
4478,junk_doublet,treatment,1
4479,junk_noise,treatment,1
4480,junk_doublet,treatment,1
4481,junk_debris,treatment,1
4482,CD4_T,treatment,1
4483,junk_dead,treatment,1
4484,junk_doublet,treatment,1
4485,junk_dead,treatment,1
4486,junk_debris,treatment,1
4487,junk_doublet,treatment,1
4488,Neutrophil,treatment,1
4489,junk_noise,treatment,1
4490,junk_dead,treatment,1
4491,junk_noise,treatment,1
4492,Myeloid,treatment,1
4493,junk_dead,treatment,1
4494,junk_noise,treatment,1
4495,junk_dead,treatment,1
4496,Neutrophil,treatment,1
4497,B,treatment,1
4498,Neutrophil,treatment,1
4499,junk_noise,treatment,1
4500,junk_doublet,treatment,1
4501,CD4_T,treatment,1
4502,CD8_T,treatment,1
4503,junk_debris,treatment,1
4504,B,treatment,1
4505,junk_doublet,treatment,1
4506,junk_debris,treatment,1
4507,NK,treatment,1
4508,junk_dead,treatment,1
4509,junk_dead,treatment,1
4510,junk_dead,treatment,1
4511,junk_dead,treatment,1
4512,junk_doublet,treatment,1
4513,junk_debris,treatment,1
4514,junk_debris,treatment,1
4515,junk_dead,treatment,1
4516,junk_dead,treatment,1
4517,NK,treatment,1
4518,junk_debris,treatment,1
4519,DC,treatment,1
4520,B,treatment,1
4521,junk_doublet,treatment,1
4522,junk_debris,treatment,1
4523,Myeloid,treatment,1
4524,junk_doublet,treatment,1
4525,B,treatment,1
4526,junk_doublet,treatment,1
4527,junk_debris,treatment,1
4528,junk_doublet,treatment,1
4529,B,treatment,1
4530,junk_debris,treatment,1
4531,junk_doublet,treatment,1
4532,junk_doublet,treatment,1
4533,junk_dead,treatment,1
4534,junk_debris,treatment,1
4535,junk_doublet,treatment,1
4536,B,treatment,1
4537,B,treatment,1
4538,junk_doublet,treatment,1
4539,junk_dead,treatment,1
4540,B,treatment,1
4541,junk_debris,treatment,1
4542,junk_doublet,treatment,1
4543,junk_dead,treatment,1
4544,B,treatment,1
4545,junk_doublet,treatment,1
4546,CD4_T,treatment,1
4547,junk_debris,treatment,1
4548,junk_dead,treatment,1
4549,junk_debris,treatment,1
4550,junk_doublet,treatment,1
4551,junk_doublet,treatment,1
4552,junk_dead,treatment,1
4553,junk_dead,treatment,1
4554,junk_debris,treatment,1
4555,junk_debris,treatment,1
4556,CD4_T,treatment,1
4557,junk_doublet,treatment,1
4558,junk_debris,treatment,1
4559,Myeloid,treatment,1
4560,B,treatment,1
4561,CD8_T,treatment,1
4562,junk_debris,treatment,1
4563,junk_noise,treatment,1
4564,CD8_T,treatment,1
4565,CD4_T,treatment,1
4566,Myeloid,treatment,1
4567,junk_debris,treatment,1
4568,junk_doublet,treatment,1
4569,junk_debris,treatment,1
4570,junk_debris,treatment,1
4571,junk_debris,treatment,1
4572,Neutrophil,treatment,1
4573,CD4_T,treatment,1
4574,junk_debris,treatment,1
4575,junk_dead,treatment,1
4576,junk_dead,treatment,1
4577,junk_noise,treatment,1
4578,junk_debris,treatment,1
4579,Neutrophil,treatment,1
4580,junk_debris,treatment,1
4581,junk_doublet,treatment,1
4582,junk_doublet,treatment,1
4583,junk_debris,treatment,1
4584,junk_doublet,treatment,1
4585,junk_debris,treatment,1
4586,junk_dead,treatment,1
4587,junk_doublet,treatment,1
4588,junk_debris,treatment,1
4589,B,treatment,1
4590,junk_dead,treatment,1
4591,Neutrophil,treatment,1
4592,junk_debris,treatment,1
4593,B,treatment,1
4594,junk_doublet,treatment,1
4595,Myeloid,treatment,1
4596,junk_debris,treatment,1
4597,Myeloid,treatment,1
4598,B,treatment,1
4599,Neutrophil,treatment,1
4600,junk_debris,treatment,1
4601,junk_dead,treatment,1
4602,B,treatment,1
4603,junk_noise,treatment,1
4604,junk_debris,treatment,1
4605,Myeloid,treatment,1
4606,junk_noise,treatment,1
4607,B,treatment,1
4608,junk_doublet,treatment,1
4609,Myeloid,treatment,1
4610,junk_dead,treatment,1
4611,B,treatment,1
4612,junk_debris,treatment,1
4613,junk_dead,treatment,1
4614,junk_noise,treatment,1
4615,B,treatment,1
4616,B,treatment,1
4617,B,treatment,1
4618,junk_doublet,treatment,1
4619,Myeloid,treatment,1
4620,junk_dead,treatment,1
4621,junk_dead,treatment,1
4622,Myeloid,treatment,1
4623,Myeloid,treatment,1
4624,junk_debris,treatment,1
4625,junk_doublet,treatment,1
4626,junk_debris,treatment,1
4627,CD8_T,treatment,1
4628,junk_debris,treatment,1
4629,CD8_T,treatment,1
4630,NK,treatment,1
4631,CD4_T,treatment,1
4632,junk_debris,treatment,1
4633,junk_dead,treatment,1
4634,junk_dead,treatment,1
4635,junk_doublet,treatment,1
4636,junk_debris,treatment,1
4637,junk_dead,treatment,1
4638,junk_debris,treatment,1
4639,CD8_T,treatment,1
4640,junk_debris,treatment,1
4641,junk_debris,treatment,1
4642,B,treatment,1
4643,B,treatment,1
4644,B,treatment,1
4645,junk_debris,treatment,1
4646,junk_doublet,treatment,1
4647,junk_noise,treatment,1
4648,Myeloid,treatment,1
4649,junk_debris,treatment,1
4650,junk_dead,treatment,1
4651,Myeloid,treatment,1
4652,junk_doublet,treatment,1
4653,CD4_T,treatment,1
4654,junk_dead,treatment,1
4655,Neutrophil,treatment,1
4656,junk_debris,treatment,1
4657,junk_doublet,treatment,1
4658,junk_debris,treatment,1
4659,CD4_T,treatment,1
4660,Myeloid,treatment,1
4661,junk_debris,treatment,1
4662,junk_noise,treatment,1
4663,junk_debris,treatment,1
4664,DC,treatment,1
4665,junk_noise,treatment,1
4666,junk_debris,treatment,1
4667,Neutrophil,treatment,1
4668,junk_doublet,treatment,1
4669,junk_doublet,treatment,1
4670,CD4_T,treatment,1
4671,CD8_T,treatment,1
4672,junk_dead,treatment,1
4673,junk_debris,treatment,1
4674,CD4_T,treatment,1
4675,junk_debris,treatment,1
4676,junk_doublet,treatment,1
4677,junk_noise,treatment,1
4678,CD8_T,treatment,1
4679,junk_noise,treatment,1
4680,junk_doublet,treatment,1
4681,junk_dead,treatment,1
4682,junk_debris,treatment,1
4683,Neutrophil,treatment,1
4684,B,treatment,1
4685,junk_doublet,treatment,1
4686,junk_dead,treatment,1
4687,Neutrophil,treatment,1
4688,CD4_T,treatment,1
4689,CD8_T,treatment,1
4690,junk_dead,treatment,1
4691,junk_dead,treatment,1
4692,CD4_T,treatment,1
4693,Myeloid,treatment,1
4694,junk_debris,treatment,1
4695,junk_dead,treatment,1
4696,junk_doublet,treatment,1
4697,junk_debris,treatment,1
4698,junk_doublet,treatment,1
4699,Myeloid,treatment,1
4700,CD4_T,treatment,1
4701,junk_dead,treatment,1
4702,junk_dead,treatment,1
4703,B,treatment,1
4704,CD4_T,treatment,1
4705,junk_doublet,treatment,1
4706,junk_dead,treatment,1
4707,CD8_T,treatment,1
4708,Myeloid,treatment,1
4709,CD8_T,treatment,1
4710,junk_doublet,treatment,1
4711,junk_debris,treatment,1
4712,B,treatment,1
4713,DC,treatment,1
4714,junk_debris,treatment,1
4715,Myeloid,treatment,1
4716,junk_doublet,treatment,1
4717,junk_noise,treatment,1
4718,B,treatment,1
4719,junk_dead,treatment,1
4720,B,treatment,1
4721,junk_debris,treatment,1
4722,DC,treatment,1
4723,junk_doublet,treatment,1
4724,junk_debris,treatment,1
4725,B,treatment,1
4726,junk_debris,treatment,1
4727,junk_debris,treatment,1
4728,junk_debris,treatment,1
4729,CD8_T,treatment,1
4730,junk_debris,treatment,1
4731,Neutrophil,treatment,1
4732,junk_debris,treatment,1
4733,junk_debris,treatment,1
4734,junk_debris,treatment,1
4735,Myeloid,treatment,1
4736,junk_doublet,treatment,1
4737,junk_doublet,treatment,1
4738,junk_dead,treatment,1
4739,Myeloid,treatment,1
4740,junk_doublet,treatment,1
4741,junk_dead,treatment,1
4742,junk_debris,treatment,1
4743,junk_dead,treatment,1
4744,junk_noise,treatment,1
4745,junk_doublet,treatment,1
4746,junk_dead,treatment,1
4747,CD8_T,treatment,1
4748,junk_doublet,treatment,1
4749,CD4_T,treatment,1
4750,junk_debris,treatment,1
4751,junk_dead,treatment,1
4752,Neutrophil,treatment,1
4753,CD8_T,treatment,1
4754,junk_dead,treatment,1
4755,junk_debris,treatment,1
4756,junk_dead,treatment,1
4757,junk_doublet,treatment,1
4758,junk_debris,treatment,1
4759,junk_dead,treatment,1
4760,Neutrophil,treatment,1
4761,B,treatment,1
4762,CD4_T,treatment,1
4763,junk_doublet,treatment,1
4764,junk_dead,treatment,1
4765,DC,treatment,1
4766,junk_debris,treatment,1
4767,junk_debris,treatment,1
4768,junk_debris,treatment,1
4769,junk_dead,treatment,1
4770,junk_doublet,treatment,1
4771,junk_doublet,treatment,1
4772,junk_debris,treatment,1
4773,junk_debris,treatment,1
4774,junk_dead,treatment,1
4775,CD8_T,treatment,1
4776,CD8_T,treatment,1
4777,junk_dead,treatment,1
4778,CD8_T,treatment,1
4779,CD4_T,treatment,1
4780,CD4_T,treatment,1
4781,NK,treatment,1
4782,junk_debris,treatment,1
4783,Neutrophil,treatment,1
4784,CD8_T,treatment,1
4785,junk_debris,treatment,1
4786,junk_dead,treatment,1
4787,junk_noise,treatment,1
4788,B,treatment,1
4789,junk_doublet,treatment,1
4790,junk_debris,treatment,1
4791,junk_dead,treatment,1
4792,junk_dead,treatment,1
4793,Myeloid,treatment,1
4794,Neutrophil,treatment,1
4795,CD8_T,treatment,1
4796,junk_dead,treatment,1
4797,Neutrophil,treatment,1
4798,CD8_T,treatment,1
4799,Myeloid,treatment,1
4800,Myeloid,treatment,1
4801,junk_debris,treatment,1
4802,junk_debris,treatment,1
4803,junk_debris,treatment,1
4804,junk_debris,treatment,1
4805,Neutrophil,treatment,1
4806,B,treatment,1
4807,CD4_T,treatment,1
4808,junk_debris,treatment,1
4809,junk_dead,treatment,1
4810,junk_noise,treatment,1
4811,junk_doublet,treatment,1
4812,B,treatment,1
4813,NK,treatment,1
4814,junk_doublet,treatment,1
4815,Myeloid,treatment,1
4816,junk_dead,treatment,1
4817,CD8_T,treatment,1
4818,junk_debris,treatment,1
4819,CD8_T,treatment,1
4820,junk_debris,treatment,1
4821,junk_doublet,treatment,1
4822,Neutrophil,treatment,1
4823,junk_debris,treatment,1
4824,B,treatment,1
4825,Neutrophil,treatment,1
4826,junk_debris,treatment,1
4827,CD8_T,treatment,1
4828,junk_dead,treatment,1
4829,junk_dead,treatment,1
4830,B,treatment,1
4831,B,treatment,1
4832,junk_debris,treatment,1
4833,B,treatment,1
4834,CD4_T,treatment,1
4835,Myeloid,treatment,1
4836,junk_doublet,treatment,1
4837,junk_noise,treatment,1
4838,junk_debris,treatment,1
4839,junk_debris,treatment,1
4840,junk_debris,treatment,1
4841,junk_doublet,treatment,1
4842,junk_dead,treatment,1
4843,junk_doublet,treatment,1
4844,CD4_T,treatment,1
4845,B,treatment,1
4846,junk_doublet,treatment,1
4847,junk_debris,treatment,1
4848,junk_debris,treatment,1
4849,Myeloid,treatment,1
4850,junk_doublet,treatment,1
4851,B,treatment,1
4852,junk_doublet,treatment,1
4853,Myeloid,treatment,1
4854,junk_doublet,treatment,1
4855,CD8_T,treatment,1
4856,CD4_T,treatment,1
4857,CD8_T,treatment,1
4858,Myeloid,treatment,1
4859,junk_dead,treatment,1
4860,Myeloid,treatment,1
4861,junk_debris,treatment,1
4862,junk_debris,treatment,1
4863,B,treatment,1
4864,junk_debris,treatment,1
4865,junk_noise,treatment,1
4866,CD8_T,treatment,1
4867,B,treatment,1
4868,junk_debris,treatment,1
4869,junk_dead,treatment,1
4870,junk_doublet,treatment,1
4871,junk_debris,treatment,1
4872,junk_debris,treatment,1
4873,CD4_T,treatment,1
4874,junk_debris,treatment,1
4875,junk_debris,treatment,1
4876,junk_debris,treatment,1
4877,B,treatment,1
4878,junk_noise,treatment,1
4879,junk_debris,treatment,1
4880,junk_dead,treatment,1
4881,junk_doublet,treatment,1
4882,NK,treatment,1
4883,junk_doublet,treatment,1
4884,junk_debris,treatment,1
4885,junk_doublet,treatment,1
4886,junk_dead,treatment,1
4887,B,treatment,1
4888,junk_noise,treatment,1
4889,junk_noise,treatment,1
4890,junk_debris,treatment,1
4891,B,treatment,1
4892,junk_dead,treatment,1
4893,B,treatment,1
4894,B,treatment,1
4895,Myeloid,treatment,1
4896,junk_doublet,treatment,1
4897,junk_noise,treatment,1
4898,junk_dead,treatment,1
4899,junk_dead,treatment,1
4900,B,treatment,1
4901,junk_debris,treatment,1
4902,NK,treatment,1
4903,junk_dead,treatment,1
4904,junk_doublet,treatment,1
4905,junk_dead,treatment,1
4906,junk_doublet,treatment,1
4907,junk_doublet,treatment,1
4908,B,treatment,1
4909,B,treatment,1
4910,junk_dead,treatment,1
4911,junk_debris,treatment,1
4912,junk_debris,treatment,1
4913,junk_doublet,treatment,1
4914,junk_dead,treatment,1
4915,junk_dead,treatment,1
4916,CD4_T,treatment,1
4917,junk_doublet,treatment,1
4918,junk_noise,treatment,1
4919,junk_debris,treatment,1
4920,NK,treatment,1
4921,CD4_T,treatment,1
4922,junk_debris,treatment,1
4923,junk_debris,treatment,1
4924,junk_doublet,treatment,1
4925,CD8_T,treatment,1
4926,junk_debris,treatment,1
4927,junk_dead,treatment,1
4928,junk_debris,treatment,1
4929,CD4_T,treatment,1
4930,junk_debris,treatment,1
4931,junk_doublet,treatment,1
4932,junk_noise,treatment,1
4933,Myeloid,treatment,1
4934,junk_doublet,treatment,1
4935,B,treatment,1
4936,junk_dead,treatment,1
4937,CD4_T,treatment,1
4938,junk_noise,treatment,1
4939,CD4_T,treatment,1
4940,junk_dead,treatment,1
4941,junk_dead,treatment,1
4942,CD8_T,treatment,1
4943,B,treatment,1
4944,junk_dead,treatment,1
4945,B,treatment,1
4946,junk_debris,treatment,1
4947,junk_dead,treatment,1
4948,junk_doublet,treatment,1
4949,Myeloid,treatment,1
4950,junk_doublet,treatment,1
4951,junk_doublet,treatment,1
4952,Myeloid,treatment,1
4953,junk_noise,treatment,1
4954,junk_noise,treatment,1
4955,junk_dead,treatment,1
4956,junk_doublet,treatment,1
4957,junk_debris,treatment,1
4958,CD8_T,treatment,1
4959,junk_noise,treatment,1
4960,junk_doublet,treatment,1
4961,junk_doublet,treatment,1
4962,Myeloid,treatment,1
4963,junk_dead,treatment,1
4964,junk_debris,treatment,1
4965,junk_doublet,treatment,1
4966,junk_debris,treatment,1
4967,junk_debris,treatment,1
4968,CD4_T,treatment,1
4969,Myeloid,treatment,1
4970,junk_doublet,treatment,1
4971,junk_doublet,treatment,1
4972,junk_doublet,treatment,1
4973,junk_noise,treatment,1
4974,Myeloid,treatment,1
4975,junk_dead,treatment,1
4976,Myeloid,treatment,1
4977,Neutrophil,treatment,1
4978,CD8_T,treatment,1
4979,NK,treatment,1
4980,junk_dead,treatment,1
4981,junk_debris,treatment,1
4982,junk_debris,treatment,1
4983,junk_doublet,treatment,1
4984,Myeloid,treatment,1
4985,junk_dead,treatment,1
4986,CD4_T,treatment,1
4987,junk_debris,treatment,1
4988,junk_dead,treatment,1
4989,junk_doublet,treatment,1
4990,junk_dead,treatment,1
4991,DC,treatment,1
4992,CD4_T,treatment,1
4993,junk_debris,treatment,1
4994,junk_debris,treatment,1
4995,junk_doublet,treatment,1
4996,B,treatment,1
4997,junk_debris,treatment,1
4998,Neutrophil,treatment,1
4999,junk_debris,treatment,1
