event_index,true_population,condition,replicate
0,B,control,3
1,CD8_T,control,3
2,junk_noise,control,3
3,junk_doublet,control,3
4,junk_noise,control,3
5,junk_debris,control,3
6,junk_debris,control,3
7,junk_debris,control,3
8,Myeloid,control,3
9,junk_noise,control,3
10,junk_dead,control,3
11,junk_dead,control,3
12,junk_debris,control,3
13,junk_noise,control,3
14,B,control,3
15,junk_debris,control,3
16,junk_dead,control,3
17,CD4_T,control,3
18,junk_dead,control,3
19,B,control,3
20,junk_debris,control,3
21,Myeloid,control,3
22,junk_dead,control,3
23,junk_noise,control,3
24,junk_debris,control,3
25,junk_doublet,control,3
26,B,control,3
27,junk_dead,control,3
28,CD4_T,control,3
29,B,control,3
30,junk_dead,control,3
31,junk_doublet,control,3
32,junk_doublet,control,3
33,Neutrophil,control,3
34,junk_debris,control,3
35,B,control,3
36,CD4_T,control,3
37,junk_noise,control,3
38,NK,control,3
39,junk_debris,control,3
40,B,control,3
41,junk_debris,control,3
42,junk_dead,control,3
43,junk_dead,control,3
44,junk_debris,control,3
45,junk_dead,control,3
46,B,control,3
47,B,control,3
48,junk_noise,control,3
49,junk_noise,control,3
50,Myeloid,control,3
51,junk_debris,control,3
52,junk_dead,control,3
53,junk_debris,control,3
54,Myeloid,control,3
55,junk_doublet,control,3
56,CD4_T,control,3
57,CD4_T,control,3
58,CD8_T,control,3
59,Neutrophil,control,3
60,CD4_T,control,3
61,junk_debris,control,3
62,junk_debris,control,3
63,junk_noise,control,3
64,junk_debris,control,3
65,NK,control,3
66,B,control,3
67,junk_doublet,control,3
68,junk_dead,control,3
69,junk_debris,control,3
70,junk_dead,control,3
71,junk_debris,control,3
72,junk_debris,control,3
73,Myeloid,control,3
74,NK,control,3
75,junk_dead,control,3
76,CD8_T,control,3
77,junk_doublet,control,3
78,junk_dead,control,3
79,junk_doublet,control,3
80,junk_dead,control,3
81,junk_doublet,control,3
82,junk_doublet,control,3
83,junk_doublet,control,3
84,junk_debris,control,3
85,junk_doublet,control,3
86,B,control,3
87,junk_debris,control,3
88,junk_dead,control,3
89,junk_dead,control,3
90,junk_dead,control,3
91,junk_noise,control,3
92,junk_doublet,control,3
93,junk_debris,control,3
94,Neutrophil,control,3
95,Myeloid,control,3
96,junk_dead,control,3
97,CD8_T,control,3
98,CD8_T,control,3
99,Neutrophil,control,3
100,junk_debris,control,3
101,junk_dead,control,3
102,B,control,3
103,CD4_T,control,3
104,junk_doublet,control,3
105,junk_debris,control,3
106,junk_dead,control,3
107,junk_dead,control,3
108,junk_debris,control,3
109,junk_doublet,control,3
110,junk_doublet,control,3
111,junk_dead,control,3
112,B,control,3
113,junk_debris,control,3
114,Myeloid,control,3
115,junk_debris,control,3
116,junk_doublet,control,3
117,junk_debris,control,3
118,junk_debris,control,3
119,junk_noise,control,3
120,junk_debris,control,3
121,junk_debris,control,3
122,junk_doublet,control,3
123,Myeloid,control,3
124,B,control,3
125,CD4_T,control,3
126,junk_debris,control,3
127,junk_debris,control,3
128,junk_dead,control,3
129,junk_doublet,control,3
130,junk_doublet,control,3
131,junk_debris,control,3
132,junk_doublet,control,3
133,CD4_T,control,3
134,CD4_T,control,3
135,Neutrophil,control,3
136,B,control,3
137,junk_debris,control,3
138,junk_debris,control,3
139,junk_doublet,control,3
140,CD4_T,control,3
141,junk_debris,control,3
142,Myeloid,control,3
143,junk_noise,control,3
144,junk_noise,control,3
145,junk_doublet,control,3
146,CD4_T,control,3
147,junk_debris,control,3
148,junk_doublet,control,3
149,junk_dead,control,3
150,Neutrophil,control,3
151,junk_doublet,control,3
152,junk_dead,control,3
153,junk_noise,control,3
154,Myeloid,control,3
155,CD8_T,control,3
156,DC,control,3
157,junk_doublet,control,3
158,junk_debris,control,3
159,CD4_T,control,3
160,Neutrophil,control,3
161,CD4_T,control,3
162,CD4_T,control,3
163,Myeloid,control,3
164,junk_noise,control,3
165,junk_noise,control,3
166,Myeloid,control,3
167,junk_dead,control,3
168,Myeloid,control,3
169,Neutrophil,control,3
170,junk_doublet,control,3
171,DC,control,3
172,junk_debris,control,3
173,junk_noise,control,3
174,B,control,3
175,B,control,3
176,junk_doublet,control,3
177,Myeloid,control,3
178,junk_debris,control,3
179,B,control,3
180,DC,control,3
181,CD8_T,control,3
182,Neutrophil,control,3
183,junk_debris,control,3
184,junk_debris,control,3
185,junk_noise,control,3
186,junk_dead,control,3
187,junk_noise,control,3
188,junk_dead,control,3
189,Myeloid,control,3
190,Myeloid,control,3
191,junk_debris,control,3
192,junk_debris,control,3
193,junk_debris,control,3
194,junk_debris,control,3
195,junk_debris,control,3
196,junk_debris,control,3
197,junk_dead,control,3
198,CD8_T,control,3
199,junk_noise,control,3
200,junk_doublet,control,3
201,NK,control,3
202,Myeloid,control,3
203,junk_debris,control,3
204,junk_doublet,control,3
205,Neutrophil,control,3
206,junk_dead,control,3
207,junk_doublet,control,3
208,DC,control,3
209,Myeloid,control,3
210,NK,control,3
211,junk_noise,control,3
212,CD4_T,control,3
213,junk_doublet,control,3
214,B,control,3
215,CD4_T,control,3
216,Myeloid,control,3
217,junk_debris,control,3
218,junk_dead,control,3
219,junk_doublet,control,3
220,junk_debris,control,3
221,junk_debris,control,3
222,junk_debris,control,3
223,CD8_T,control,3
224,junk_dead,control,3
225,junk_doublet,control,3
226,junk_dead,control,3
227,junk_doublet,control,3
228,CD4_T,control,3
229,B,control,3
230,junk_dead,control,3
231,junk_dead,control,3
232,Neutrophil,control,3
233,junk_debris,control,3
234,junk_dead,control,3
235,B,control,3
236,B,control,3
237,junk_debris,control,3
238,junk_debris,control,3
239,junk_debris,control,3
240,CD8_T,control,3
241,Neutrophil,control,3
242,junk_noise,control,3
243,junk_dead,control,3
244,B,control,3
245,CD4_T,control,3
246,B,control,3
247,Neutrophil,control,3
248,Myeloid,control,3
249,junk_debris,control,3
250,CD4_T,control,3
251,CD8_T,control,3
252,DC,control,3
253,junk_doublet,control,3
254,CD4_T,control,3
255,junk_debris,control,3
256,junk_dead,control,3
257,junk_debris,control,3
258,Myeloid,control,3
259,junk_dead,control,3
260,CD4_T,control,3
261,junk_dead,control,3
262,junk_dead,control,3
263,Neutrophil,control,3
264,Myeloid,control,3
265,junk_dead,control,3
266,junk_debris,control,3
267,junk_debris,control,3
268,CD4_T,control,3
269,junk_noise,control,3
270,junk_dead,control,3
271,junk_debris,control,3
272,B,control,3
273,junk_debris,control,3
274,Myeloid,control,3
275,junk_dead,control,3
276,junk_debris,control,3
277,junk_debris,control,3
278,junk_doublet,control,3
279,junk_dead,control,3
280,junk_debris,control,3
281,B,control,3
282,junk_debris,control,3
283,B,control,3
284,junk_debris,control,3
285,B,control,3
286,Myeloid,control,3
287,junk_debris,control,3
288,junk_debris,control,3
289,junk_noise,control,3
290,B,control,3
291,junk_debris,control,3
292,junk_debris,control,3
293,CD4_T,control,3
294,junk_doublet,control,3
295,junk_debris,control,3
296,junk_dead,control,3
297,DC,control,3
298,junk_debris,control,3
299,junk_debris,control,3
300,CD4_T,control,3
301,junk_doublet,control,3
302,Myeloid,control,3
303,CD4_T,control,3
304,junk_debris,control,3
305,CD8_T,control,3
306,Myeloid,control,3
307,CD4_T,control,3
308,NK,control,3
309,junk_dead,control,3
310,Neutrophil,control,3
311,junk_debris,control,3
312,junk_dead,control,3
313,junk_dead,control,3
314,junk_noise,control,3
315,junk_dead,control,3
316,Myeloid,control,3
317,CD8_T,control,3
318,junk_dead,control,3
319,junk_doublet,control,3
320,junk_debris,control,3
321,junk_doublet,control,3
322,CD4_T,control,3
323,CD8_T,control,3
324,CD8_T,control,3
325,junk_doublet,control,3
326,junk_dead,control,3
327,junk_noise,control,3
328,junk_dead,control,3
329,junk_noise,control,3
330,junk_dead,control,3
331,junk_dead,control,3
332,junk_doublet,control,3
333,junk_debris,control,3
334,B,control,3
335,Myeloid,control,3
336,junk_dead,control,3
337,junk_noise,control,3
338,B,control,3
339,CD4_T,control,3
340,junk_noise,control,3
341,B,control,3
342,CD4_T,control,3
343,junk_noise,control,3
344,CD4_T,control,3
345,B,control,3
346,junk_noise,control,3
347,junk_doublet,control,3
348,junk_dead,control,3
349,junk_noise,control,3
350,junk_doublet,control,3
351,junk_doublet,control,3
352,junk_debris,control,3
353,junk_debris,control,3
354,junk_debris,control,3
355,junk_dead,control,3
356,B,control,3
357,junk_debris,control,3
358,junk_doublet,control,3
359,Neutrophil,control,3
360,junk_dead,control,3
361,junk_debris,control,3
362,Neutrophil,control,3
363,junk_debris,control,3
364,junk_dead,control,3
365,junk_debris,control,3
366,junk_noise,control,3
367,B,control,3
368,junk_doublet,control,3
369,B,control,3
370,junk_noise,control,3
371,Myeloid,control,3
372,junk_doublet,control,3
373,junk_debris,control,3
374,CD4_T,control,3
375,CD4_T,control,3
376,junk_debris,control,3
377,DC,control,3
378,junk_doublet,control,3
379,junk_debris,control,3
380,junk_debris,control,3
381,junk_debris,control,3
382,CD4_T,control,3
383,junk_dead,control,3
384,Neutrophil,control,3
385,junk_dead,control,3
386,junk_debris,control,3
387,junk_doublet,control,3
388,junk_dead,control,3
389,B,control,3
390,Neutrophil,control,3
391,junk_debris,control,3
392,junk_dead,control,3
393,CD8_T,control,3
394,Neutrophil,control,3
395,junk_dead,control,3
396,junk_doublet,control,3
397,NK,control,3
398,junk_noise,control,3
399,Myeloid,control,3
400,junk_dead,control,3
401,junk_noise,control,3
402,junk_debris,control,3
403,junk_noise,control,3
404,junk_debris,control,3
405,junk_debris,control,3
406,junk_doublet,control,3
407,junk_dead,control,3
408,junk_doublet,control,3
409,junk_debris,control,3
410,CD4_T,control,3
411,junk_debris,control,3
412,junk_noise,control,3
413,junk_noise,control,3
414,DC,control,3
415,junk_debris,control,3
416,B,control,3
417,junk_debris,control,3
418,junk_doublet,control,3
419,junk_noise,control,3
420,junk_debris,control,3
421,B,control,3
422,Myeloid,control,3
423,B,control,3
424,junk_doublet,control,3
425,junk_debris,control,3
426,junk_doublet,control,3
427,B,control,3
428,junk_debris,control,3
429,junk_doublet,control,3
430,junk_dead,control,3
431,junk_debris,control,3
432,DC,control,3
433,junk_debris,control,3
434,junk_debris,control,3
435,Myeloid,control,3
436,junk_noise,control,3
437,Myeloid,control,3
438,NK,control,3
439,junk_doublet,control,3
440,junk_debris,control,3
441,CD4_T,control,3
442,CD4_T,control,3
443,junk_dead,control,3
444,junk_debris,control,3
445,junk_debris,control,3
446,CD4_T,control,3
447,junk_debris,control,3
448,B,control,3
449,B,control,3
450,Myeloid,control,3
451,B,control,3
452,junk_debris,control,3
453,junk_dead,control,3
454,junk_doublet,control,3
455,junk_debris,control,3
456,junk_dead,control,3
457,Myeloid,control,3
458,junk_dead,control,3
459,Myeloid,control,3
460,junk_noise,control,3
461,junk_debris,control,3
462,junk_doublet,control,3
463,junk_debris,control,3
464,junk_debris,control,3
465,CD4_T,control,3
466,junk_dead,control,3
467,Myeloid,control,3
468,CD8_T,control,3
469,junk_debris,control,3
470,Neutrophil,control,3
471,DC,control,3
472,CD8_T,control,3
473,B,control,3
474,junk_debris,control,3
475,junk_noise,control,3
476,junk_doublet,control,3
477,junk_doublet,control,3
478,junk_debris,control,3
479,junk_debris,control,3
480,Myeloid,control,3
481,junk_noise,control,3
482,junk_debris,control,3
483,CD4_T,control,3
484,junk_debris,control,3
485,junk_debris,control,3
486,junk_noise,control,3
487,B,control,3
488,junk_debris,control,3
489,CD4_T,control,3
490,junk_noise,control,3
491,Myeloid,control,3
492,junk_debris,control,3
493,CD4_T,control,3
494,junk_noise,control,3
495,junk_doublet,control,3
496,NK,control,3
497,junk_noise,control,3
498,junk_dead,control,3
499,junk_noise,control,3
500,Neutrophil,control,3
501,junk_debris,control,3
502,Neutrophil,control,3
503,junk_debris,control,3
504,CD4_T,control,3
505,B,control,3
506,B,control,3
507,junk_dead,control,3
508,junk_dead,control,3
509,Myeloid,control,3
510,B,control,3
511,junk_debris,control,3
512,B,control,3
513,junk_debris,control,3
514,junk_debris,control,3
515,junk_debris,control,3
516,junk_debris,control,3
517,junk_dead,control,3
518,Myeloid,control,3
519,junk_debris,control,3
520,Neutrophil,control,3
521,junk_noise,control,3
522,junk_dead,control,3
523,junk_debris,control,3
524,CD8_T,control,3
525,junk_doublet,control,3
526,junk_debris,control,3
527,B,control,3
528,junk_doublet,control,3
529,DC,control,3
530,junk_debris,control,3
531,junk_noise,control,3
532,junk_debris,control,3
533,CD4_T,control,3
534,CD8_T,control,3
535,B,control,3
536,junk_dead,control,3
537,Neutrophil,control,3
538,junk_debris,control,3
539,B,control,3
540,junk_debris,control,3
541,junk_dead,control,3
542,junk_noise,control,3
543,junk_debris,control,3
544,CD8_T,control,3
545,junk_dead,control,3
546,junk_doublet,control,3
547,DC,control,3
548,junk_doublet,control,3
549,junk_doublet,control,3
550,junk_doublet,control,3
551,Neutrophil,control,3
552,junk_dead,control,3
553,junk_doublet,control,3
554,junk_debris,control,3
555,junk_dead,control,3
556,Neutrophil,control,3
557,junk_noise,control,3
558,CD4_T,control,3
559,junk_dead,control,3
560,Myeloid,control,3
561,junk_debris,control,3
562,junk_dead,control,3
563,junk_noise,control,3
564,B,control,3
565,junk_dead,control,3
566,junk_debris,control,3
567,junk_dead,control,3
568,junk_doublet,control,3
569,junk_noise,control,3
570,junk_debris,control,3
571,junk_debris,control,3
572,junk_noise,control,3
573,junk_debris,control,3
574,junk_debris,control,3
575,CD4_T,control,3
576,CD4_T,control,3
577,junk_debris,control,3
578,junk_dead,control,3
579,junk_debris,control,3
580,junk_dead,control,3
581,junk_debris,control,3
582,junk_debris,control,3
583,junk_debris,control,3
584,junk_doublet,control,3
585,junk_debris,control,3
586,CD8_T,control,3
587,Neutrophil,control,3
588,CD8_T,control,3
589,junk_noise,control,3
590,Myeloid,control,3
591,CD4_T,control,3
592,CD8_T,control,3
593,junk_doublet,control,3
594,junk_noise,control,3
595,B,control,3
596,junk_dead,control,3
597,CD4_T,control,3
598,junk_dead,control,3
599,junk_dead,control,3
600,junk_debris,control,3
601,Myeloid,control,3
602,junk_debris,control,3
603,junk_doublet,control,3
604,junk_dead,control,3
605,junk_debris,control,3
606,junk_debris,control,3
607,junk_doublet,control,3
608,Myeloid,control,3
609,junk_dead,control,3
610,junk_doublet,control,3
611,DC,control,3
612,NK,control,3
613,junk_doublet,control,3
614,junk_debris,control,3
615,junk_dead,control,3
616,junk_debris,control,3
617,junk_doublet,control,3
618,junk_dead,control,3
619,junk_debris,control,3
620,DC,control,3
621,junk_debris,control,3
622,junk_debris,control,3
623,junk_doublet,control,3
624,Myeloid,control,3
625,junk_debris,control,3
626,junk_doublet,control,3
627,junk_dead,control,3
628,CD4_T,control,3
629,junk_dead,control,3
630,Myeloid,control,3
631,NK,control,3
632,junk_dead,control,3
633,CD4_T,control,3
634,junk_doublet,control,3
635,Neutrophil,control,3
636,junk_doublet,control,3
637,junk_doublet,control,3
638,junk_noise,control,3
639,junk_debris,control,3
640,CD4_T,control,3
641,Myeloid,control,3
642,junk_debris,control,3
643,Neutrophil,control,3
644,CD4_T,control,3
645,junk_debris,control,3
646,CD4_T,control,3
647,junk_debris,control,3
648,CD4_T,control,3
649,B,control,3
650,NK,control,3
651,B,control,3
652,junk_debris,control,3
653,junk_doublet,control,3
654,junk_debris,control,3
655,Myeloid,control,3
656,junk_noise,control,3
657,junk_debris,control,3
658,junk_dead,control,3
659,junk_dead,control,3
660,Neutrophil,control,3
661,junk_dead,control,3
662,junk_debris,control,3
663,B,control,3
664,junk_doublet,control,3
665,junk_debris,control,3
666,junk_doublet,control,3
667,junk_dead,control,3
668,junk_debris,control,3
669,B,control,3
670,junk_noise,control,3
671,B,control,3
672,junk_debris,control,3
673,junk_doublet,control,3
674,junk_dead,control,3
675,junk_debris,control,3
676,junk_debris,control,3
677,junk_doublet,control,3
678,junk_doublet,control,3
679,junk_debris,control,3
680,junk_debris,control,3
681,CD4_T,control,3
682,CD8_T,control,3
683,B,control,3
684,B,control,3
685,junk_debris,control,3
686,NK,control,3
687,Myeloid,control,3
688,junk_dead,control,3
689,junk_dead,control,3
690,junk_dead,control,3
691,Neutrophil,control,3
692,Myeloid,control,3
693,DC,control,3
694,junk_noise,control,3
695,junk_dead,control,3
696,junk_doublet,control,3
697,junk_debris,control,3
698,Myeloid,control,3
699,CD4_T,control,3
700,junk_dead,control,3
701,B,control,3
702,Neutrophil,control,3
703,junk_debris,control,3
704,B,control,3
705,junk_doublet,control,3
706,CD4_T,control,3
707,junk_noise,control,3
708,junk_doublet,control,3
709,B,control,3
710,junk_debris,control,3
711,CD4_T,control,3
712,junk_dead,control,3
713,junk_dead,control,3
714,junk_doublet,control,3
715,B,control,3
716,CD4_T,control,3
717,junk_debris,control,3
718,junk_debris,control,3
719,junk_doublet,control,3
720,junk_noise,control,3
721,junk_doublet,control,3
722,junk_debris,control,3
723,junk_debris,control,3
724,junk_dead,control,3
725,junk_doublet,control,3
726,CD4_T,control,3
727,junk_debris,control,3
728,junk_noise,control,3
729,Neutrophil,control,3
730,junk_doublet,control,3
731,junk_noise,control,3
732,junk_doublet,control,3
733,junk_dead,control,3
734,junk_debris,control,3
735,Neutrophil,control,3
736,junk_doublet,control,3
737,junk_debris,control,3
738,junk_debris,control,3
739,junk_doublet,control,3
740,NK,control,3
741,junk_dead,control,3
742,junk_noise,control,3
743,junk_dead,control,3
744,junk_debris,control,3
745,junk_doublet,control,3
746,junk_dead,control,3
747,junk_noise,control,3
748,junk_dead,control,3
749,junk_dead,control,3
750,junk_doublet,control,3
751,junk_debris,control,3
752,B,control,3
753,CD4_T,control,3
754,Neutrophil,control,3
755,junk_doublet,control,3
756,junk_noise,control,3
757,DC,control,3
758,junk_dead,control,3
759,junk_doublet,control,3
760,CD8_T,control,3
761,CD4_T,control,3
762,junk_debris,control,3
763,B,control,3
764,junk_doublet,control,3
765,junk_dead,control,3
766,junk_dead,control,3
767,junk_debris,control,3
768,B,control,3
769,B,control,3
770,junk_dead,control,3
771,CD4_T,control,3
772,B,control,3
773,CD8_T,control,3
774,junk_doublet,control,3
775,junk_dead,control,3
776,junk_debris,control,3
777,junk_noise,control,3
778,junk_debris,control,3
779,junk_debris,control,3
780,junk_doublet,control,3
781,B,control,3
782,junk_doublet,control,3
783,junk_debris,control,3
784,DC,control,3
785,CD4_T,control,3
786,Myeloid,control,3
787,B,control,3
788,junk_doublet,control,3
789,Myeloid,control,3
790,junk_debris,control,3
791,junk_debris,control,3
792,CD4_T,control,3
793,junk_noise,control,3
794,CD8_T,control,3
795,junk_dead,control,3
796,junk_debris,control,3
797,junk_doublet,control,3
798,Myeloid,control,3
799,Myeloid,control,3
800,junk_doublet,control,3
801,Neutrophil,control,3
802,junk_doublet,control,3
803,B,control,3
804,junk_dead,control,3
805,Neutrophil,control,3
806,junk_debris,control,3
807,junk_noise,control,3
808,junk_debris,control,3
809,junk_doublet,control,3
810,junk_dead,control,3
811,junk_dead,control,3
812,junk_debris,control,3
813,junk_debris,control,3
814,junk_doublet,control,3
815,junk_debris,control,3
816,NK,control,3
817,junk_debris,control,3
818,CD4_T,control,3
819,NK,control,3
820,junk_debris,control,3
821,junk_dead,control,3
822,CD4_T,control,3
823,CD4_T,control,3
824,junk_debris,control,3
825,junk_dead,control,3
826,junk_dead,control,3
827,Myeloid,control,3
828,junk_debris,control,3
829,junk_doublet,control,3
830,junk_dead,control,3
831,junk_doublet,control,3
832,junk_noise,control,3
833,junk_debris,control,3
834,junk_debris,control,3
835,junk_dead,control,3
836,junk_dead,control,3
837,DC,control,3
838,junk_debris,control,3
839,Neutrophil,control,3
840,Myeloid,control,3
841,junk_dead,control,3
842,junk_doublet,control,3
843,junk_debris,control,3
844,junk_noise,control,3
845,junk_doublet,control,3
846,NK,control,3
847,B,control,3
848,B,control,3
849,junk_dead,control,3
850,junk_debris,control,3
851,junk_noise,control,3
852,junk_dead,control,3
853,junk_doublet,control,3
854,B,control,3
855,junk_doublet,control,3
856,B,control,3
857,Neutrophil,control,3
858,junk_dead,control,3
859,junk_noise,control,3
860,junk_debris,control,3
861,junk_debris,control,3
862,junk_dead,control,3
863,junk_noise,control,3
864,CD4_T,control,3
865,junk_doublet,control,3
866,Neutrophil,control,3
867,junk_noise,control,3
868,CD8_T,control,3
869,junk_debris,control,3
870,junk_dead,control,3
871,CD4_T,control,3
872,junk_dead,control,3
873,CD4_T,control,3
874,B,control,3
875,Myeloid,control,3
876,junk_debris,control,3
877,B,control,3
878,junk_doublet,control,3
879,junk_debris,control,3
880,Neutrophil,control,3
881,junk_doublet,control,3
882,B,control,3
883,junk_doublet,control,3
884,CD4_T,control,3
885,junk_noise,control,3
886,B,control,3
887,junk_dead,control,3
888,junk_dead,control,3
889,CD8_T,control,3
890,junk_debris,control,3
891,junk_doublet,control,3
892,junk_dead,control,3
893,junk_debris,control,3
894,junk_dead,control,3
895,junk_doublet,control,3
896,junk_noise,control,3
897,junk_debris,control,3
898,junk_noise,control,3
899,Neutrophil,control,3
900,junk_noise,control,3
901,junk_doublet,control,3
902,junk_dead,control,3
903,junk_debris,control,3
904,junk_dead,control,3
905,Myeloid,control,3
906,junk_dead,control,3
907,junk_doublet,control,3
908,junk_dead,control,3
909,junk_dead,control,3
910,junk_debris,control,3
911,Myeloid,control,3
912,junk_debris,control,3
913,junk_dead,control,3
914,CD4_T,control,3
915,B,control,3
916,Myeloid,control,3
917,junk_debris,control,3
918,junk_noise,control,3
919,junk_doublet,control,3
920,junk_doublet,control,3
921,CD4_T,control,3
922,junk_debris,control,3
923,junk_doublet,control,3
924,junk_noise,control,3
925,CD4_T,control,3
926,Neutrophil,control,3
927,junk_debris,control,3
928,junk_debris,control,3
929,junk_debris,control,3
930,CD8_T,control,3
931,junk_doublet,control,3
932,junk_debris,control,3
933,junk_doublet,control,3
934,CD4_T,control,3
935,junk_doublet,control,3
936,junk_doublet,control,3
937,junk_doublet,control,3
938,junk_doublet,control,3
939,junk_doublet,control,3
940,junk_doublet,control,3
941,junk_debris,control,3
942,junk_debris,control,3
943,junk_doublet,control,3
944,junk_noise,control,3
945,CD4_T,control,3
946,junk_noise,control,3
947,junk_debris,control,3
948,DC,control,3
949,Neutrophil,control,3
950,junk_noise,control,3
951,junk_dead,control,3
952,junk_debris,control,3
953,junk_noise,control,3
954,junk_debris,control,3
955,B,control,3
956,junk_dead,control,3
957,junk_doublet,control,3
958,junk_noise,control,3
959,B,control,3
960,junk_debris,control,3
961,junk_debris,control,3
962,junk_noise,control,3
963,junk_noise,control,3
964,junk_dead,control,3
965,junk_doublet,control,3
966,junk_noise,control,3
967,Myeloid,control,3
968,junk_debris,control,3
969,junk_debris,control,3
970,Neutrophil,control,3
971,junk_noise,control,3
972,Myeloid,control,3
973,junk_doublet,control,3
974,CD4_T,control,3
975,junk_dead,control,3
976,junk_debris,control,3
977,Neutrophil,control,3
978,junk_doublet,control,3
979,junk_doublet,control,3
980,B,control,3
981,junk_noise,control,3
982,junk_noise,control,3
983,B,control,3
984,Myeloid,control,3
985,B,control,3
986,junk_debris,control,3
987,junk_doublet,control,3
988,junk_debris,control,3
989,CD4_T,control,3
990,junk_debris,control,3
991,NK,control,3
992,Neutrophil,control,3
993,junk_doublet,control,3
994,junk_debris,control,3
995,junk_doublet,control,3
996,CD8_T,control,3
997,Myeloid,control,3
998,CD4_T,control,3
999,CD4_T,control,3
1000,junk_doublet,control,3
1001,junk_noise,control,3
1002,CD4_T,control,3
1003,junk_noise,control,3
1004,CD4_T,control,3
1005,junk_debris,control,3
1006,junk_dead,control,3
1007,junk_dead,control,3
1008,CD4_T,control,3
1009,B,control,3
1010,junk_doublet,control,3
1011,junk_debris,control,3
1012,junk_debris,control,3
1013,junk_dead,control,3
1014,junk_dead,control,3
1015,junk_debris,control,3
1016,B,control,3
1017,CD4_T,control,3
1018,junk_debris,control,3
1019,junk_dead,control,3
1020,B,control,3
1021,junk_doublet,control,3
1022,junk_noise,control,3
1023,junk_dead,control,3
1024,junk_dead,control,3
1025,junk_noise,control,3
1026,B,control,3
1027,junk_debris,control,3
1028,junk_noise,control,3
1029,junk_debris,control,3
1030,junk_debris,control,3
1031,junk_dead,control,3
1032,junk_dead,control,3
1033,Myeloid,control,3
1034,junk_dead,control,3
1035,CD8_T,control,3
1036,junk_doublet,control,3
1037,junk_dead,control,3
1038,junk_noise,control,3
1039,junk_dead,control,3
1040,CD4_T,control,3
1041,junk_dead,control,3
1042,junk_doublet,control,3
1043,junk_debris,control,3
1044,junk_noise,control,3
1045,junk_debris,control,3
1046,junk_noise,control,3
1047,junk_debris,control,3
1048,Myeloid,control,3
1049,CD8_T,control,3
1050,junk_dead,control,3
1051,B,control,3
1052,junk_debris,control,3
1053,junk_doublet,control,3
1054,junk_doublet,control,3
1055,CD4_T,control,3
1056,junk_noise,control,3
1057,junk_dead,control,3
1058,B,control,3
1059,Neutrophil,control,3
1060,Neutrophil,control,3
1061,Neutrophil,control,3
1062,Neutrophil,control,3
1063,junk_dead,control,3
1064,B,control,3
1065,junk_doublet,control,3
1066,junk_doublet,control,3
1067,B,control,3
1068,junk_debris,control,3
1069,junk_debris,control,3
1070,junk_debris,control,3
1071,B,control,3
1072,junk_doublet,control,3
1073,DC,control,3
1074,Neutrophil,control,3
1075,junk_doublet,control,3
1076,junk_debris,control,3
1077,junk_debris,control,3
1078,junk_dead,control,3
1079,junk_doublet,control,3
1080,junk_doublet,control,3
1081,Myeloid,control,3
1082,junk_doublet,control,3
1083,junk_doublet,control,3
1084,junk_debris,control,3
1085,junk_dead,control,3
1086,Neutrophil,control,3
1087,B,control,3
1088,junk_doublet,control,3
1089,junk_debris,control,3
1090,B,control,3
1091,junk_doublet,control,3
1092,junk_debris,control,3
1093,junk_doublet,control,3
1094,Neutrophil,control,3
1095,CD4_T,control,3
1096,Myeloid,control,3
1097,B,control,3
1098,junk_debris,control,3
1099,junk_dead,control,3
1100,junk_debris,control,3
1101,Myeloid,control,3
1102,CD4_T,control,3
1103,B,control,3
1104,NK,control,3
1105,junk_noise,control,3
1106,junk_debris,control,3
1107,CD4_T,control,3
1108,Myeloid,control,3
1109,junk_doublet,control,3
1110,junk_debris,control,3
1111,junk_debris,control,3
1112,junk_dead,control,3
1113,junk_debris,control,3
1114,B,control,3
1115,junk_dead,control,3
1116,junk_debris,control,3
1117,Neutrophil,control,3
1118,Neutrophil,control,3
1119,Neutrophil,control,3
1120,junk_dead,control,3
1121,B,control,3
1122,Neutrophil,control,3
1123,junk_debris,control,3
1124,junk_debris,control,3
1125,B,control,3
1126,Neutrophil,control,3
1127,B,control,3
1128,junk_debris,control,3
1129,junk_doublet,control,3
1130,junk_doublet,control,3
1131,junk_debris,control,3
1132,junk_debris,control,3
1133,junk_dead,control,3
1134,CD4_T,control,3
1135,junk_debris,control,3
1136,junk_doublet,control,3
1137,junk_debris,control,3
1138,B,control,3
1139,B,control,3
1140,junk_debris,control,3
1141,junk_noise,control,3
1142,junk_doublet,control,3
1143,junk_debris,control,3
1144,junk_doublet,control,3
1145,junk_debris,control,3
1146,B,control,3
1147,junk_doublet,control,3
1148,junk_dead,control,3
1149,junk_debris,control,3
1150,Neutrophil,control,3
1151,junk_debris,control,3
1152,DC,control,3
1153,CD4_T,control,3
1154,junk_debris,control,3
1155,NK,control,3
1156,junk_doublet,control,3
1157,junk_debris,control,3
1158,Neutrophil,control,3
1159,junk_debris,control,3
1160,junk_debris,control,3
1161,Myeloid,control,3
1162,junk_debris,control,3
1163,NK,control,3
1164,Myeloid,control,3
1165,junk_debris,control,3
1166,junk_doublet,control,3
1167,CD4_T,control,3
1168,Neutrophil,control,3
1169,junk_dead,control,3
1170,CD4_T,control,3
1171,Neutrophil,control,3
1172,junk_doublet,control,3
1173,junk_doublet,control,3
1174,junk_debris,control,3
1175,junk_noise,control,3
1176,junk_debris,control,3
1177,junk_doublet,control,3
1178,junk_dead,control,3
1179,junk_doublet,control,3
1180,junk_dead,control,3
1181,CD8_T,control,3
1182,Neutrophil,control,3
1183,junk_dead,control,3
1184,junk_doublet,control,3
1185,junk_debris,control,3
1186,junk_noise,control,3
1187,junk_doublet,control,3
1188,Neutrophil,control,3
1189,junk_debris,control,3
1190,junk_doublet,control,3
1191,B,control,3
1192,junk_noise,control,3
1193,CD4_T,control,3
1194,junk_debris,control,3
1195,junk_dead,control,3
1196,CD8_T,control,3
1197,junk_dead,control,3
1198,junk_dead,control,3
1199,junk_dead,control,3
1200,CD8_T,control,3
1201,junk_noise,control,3
1202,junk_debris,control,3
1203,junk_noise,control,3
1204,junk_dead,control,3
1205,junk_debris,control,3
1206,NK,control,3
1207,Neutrophil,control,3
1208,Myeloid,control,3
1209,B,control,3
1210,B,control,3
1211,CD4_T,control,3
1212,junk_debris,control,3
1213,junk_dead,control,3
1214,B,control,3
1215,junk_noise,control,3
1216,junk_doublet,control,3
1217,junk_dead,control,3
1218,CD4_T,control,3
1219,junk_dead,control,3
1220,junk_dead,control,3
1221,Myeloid,control,3
1222,Neutrophil,control,3
1223,Neutrophil,control,3
1224,junk_dead,control,3
1225,CD4_T,control,3
1226,junk_doublet,control,3
1227,junk_dead,control,3
1228,CD8_T,control,3
1229,CD4_T,control,3
1230,junk_noise,control,3
1231,junk_dead,control,3
1232,junk_dead,control,3
1233,junk_noise,control,3
1234,junk_debris,control,3
1235,CD8_T,control,3
1236,Neutrophil,control,3
1237,DC,control,3
1238,Myeloid,control,3
1239,DC,control,3
1240,junk_doublet,control,3
1241,B,control,3
1242,junk_noise,control,3
1243,junk_doublet,control,3
1244,junk_noise,control,3
1245,B,control,3
1246,CD4_T,control,3
1247,junk_noise,control,3
1248,junk_dead,control,3
1249,junk_debris,control,3
1250,junk_noise,control,3
1251,junk_debris,control,3
1252,CD4_T,control,3
1253,junk_doublet,control,3
1254,CD8_T,control,3
1255,B,control,3
1256,junk_debris,control,3
1257,junk_noise,control,3
1258,junk_debris,control,3
1259,junk_dead,control,3
1260,CD8_T,control,3
1261,junk_doublet,control,3
1262,junk_dead,control,3
1263,junk_debris,control,3
1264,junk_doublet,control,3
1265,junk_doublet,control,3
1266,Myeloid,control,3
1267,junk_doublet,control,3
1268,junk_debris,control,3
1269,junk_debris,control,3
1270,CD4_T,control,3
1271,junk_noise,control,3
1272,Myeloid,control,3
1273,junk_debris,control,3
1274,CD4_T,control,3
1275,junk_dead,control,3
1276,B,control,3
1277,B,control,3
1278,junk_noise,control,3
1279,junk_doublet,control,3
1280,junk_dead,control,3
1281,junk_dead,control,3
1282,junk_debris,control,3
1283,B,control,3
1284,junk_noise,control,3
1285,B,control,3
1286,junk_debris,control,3
1287,Myeloid,control,3
1288,junk_debris,control,3
1289,junk_dead,control,3
1290,junk_noise,control,3
1291,B,control,3
1292,junk_debris,control,3
1293,junk_dead,control,3
1294,CD8_T,control,3
1295,Myeloid,control,3
1296,junk_dead,control,3
1297,junk_dead,control,3
1298,CD4_T,control,3
1299,junk_noise,control,3
1300,Neutrophil,control,3
1301,Neutrophil,control,3
1302,junk_debris,control,3
1303,Myeloid,control,3
1304,junk_dead,control,3
1305,CD4_T,control,3
1306,junk_doublet,control,3
1307,B,control,3
1308,junk_doublet,control,3
1309,junk_debris,control,3
1310,junk_debris,control,3
1311,CD4_T,control,3
1312,junk_noise,control,3
1313,junk_noise,control,3
1314,junk_noise,control,3
1315,junk_dead,control,3
1316,CD4_T,control,3
1317,junk_noise,control,3
1318,junk_debris,control,3
1319,junk_dead,control,3
1320,junk_debris,control,3
1321,B,control,3
1322,junk_debris,control,3
1323,junk_noise,control,3
1324,junk_debris,control,3
1325,CD4_T,control,3
1326,CD4_T,control,3
1327,Neutrophil,control,3
1328,CD4_T,control,3
1329,CD4_T,control,3
1330,B,control,3
1331,junk_noise,control,3
1332,junk_doublet,control,3
1333,B,control,3
1334,junk_debris,control,3
1335,Myeloid,control,3
1336,junk_doublet,control,3
1337,B,control,3
1338,Neutrophil,control,3
1339,junk_dead,control,3
1340,junk_noise,control,3
1341,junk_doublet,control,3
1342,CD4_T,control,3
1343,junk_debris,control,3
1344,junk_debris,control,3
1345,B,control,3
1346,Myeloid,control,3
1347,junk_noise,control,3
1348,junk_debris,control,3
1349,junk_dead,control,3
1350,junk_debris,control,3
1351,NK,control,3
1352,NK,control,3
1353,junk_noise,control,3
1354,junk_doublet,control,3
1355,junk_noise,control,3
1356,junk_debris,control,3
1357,CD4_T,control,3
1358,junk_doublet,control,3
1359,junk_doublet,control,3
1360,junk_debris,control,3
1361,junk_doublet,control,3
1362,B,control,3
1363,junk_dead,control,3
1364,junk_noise,control,3
1365,junk_debris,control,3
1366,junk_debris,control,3
1367,junk_noise,control,3
1368,CD4_T,control,3
1369,B,control,3
1370,junk_debris,control,3
1371,junk_debris,control,3
1372,DC,control,3
1373,junk_debris,control,3
1374,B,control,3
1375,junk_debris,control,3
1376,junk_debris,control,3
1377,junk_dead,control,3
1378,Myeloid,control,3
1379,Myeloid,control,3
1380,CD4_T,control,3
1381,NK,control,3
1382,junk_noise,control,3
1383,CD8_T,control,3
1384,Myeloid,control,3
1385,junk_debris,control,3
1386,junk_doublet,control,3
1387,Neutrophil,control,3
1388,CD8_T,control,3
1389,Neutrophil,control,3
1390,junk_noise,control,3
1391,junk_dead,control,3
1392,junk_doublet,control,3
1393,DC,control,3
1394,junk_debris,control,3
1395,junk_doublet,control,3
1396,B,control,3
1397,Myeloid,control,3
1398,junk_doublet,control,3
1399,junk_debris,control,3
1400,junk_dead,control,3
1401,junk_debris,control,3
1402,B,control,3
1403,junk_dead,control,3
1404,B,control,3
1405,junk_debris,control,3
1406,junk_noise,control,3
1407,junk_debris,control,3
1408,junk_debris,control,3
1409,junk_doublet,control,3
1410,B,control,3
1411,CD4_T,control,3
1412,junk_debris,control,3
1413,Neutrophil,control,3
1414,Neutrophil,control,3
1415,junk_dead,control,3
1416,junk_doublet,control,3
1417,junk_doublet,control,3
1418,junk_noise,control,3
1419,DC,control,3
1420,junk_debris,control,3
1421,junk_doublet,control,3
1422,junk_doublet,control,3
1423,junk_dead,control,3
1424,junk_doublet,control,3
1425,CD4_T,control,3
1426,B,control,3
1427,junk_doublet,control,3
1428,B,control,3
1429,junk_debris,control,3
1430,junk_debris,control,3
1431,Myeloid,control,3
1432,junk_debris,control,3
1433,Myeloid,control,3
1434,B,control,3
1435,junk_debris,control,3
1436,junk_noise,control,3
1437,junk_dead,control,3
1438,junk_doublet,control,3
1439,junk_noise,control,3
1440,junk_debris,control,3
1441,junk_noise,control,3
1442,junk_debris,control,3
1443,junk_debris,control,3
1444,junk_debris,control,3
1445,junk_debris,control,3
1446,junk_doublet,control,3
1447,junk_noise,control,3
1448,junk_dead,control,3
1449,junk_debris,control,3
1450,B,control,3
1451,junk_dead,control,3
1452,junk_dead,control,3
1453,junk_dead,control,3
1454,junk_debris,control,3
1455,junk_debris,control,3
1456,junk_doublet,control,3
1457,junk_noise,control,3
1458,Myeloid,control,3
1459,CD4_T,control,3
1460,B,control,3
1461,Myeloid,control,3
1462,junk_dead,control,3
1463,junk_doublet,control,3
1464,CD4_T,control,3
1465,junk_debris,control,3
1466,junk_debris,control,3
1467,junk_doublet,control,3
1468,junk_dead,control,3
1469,junk_dead,control,3
1470,junk_debris,control,3
1471,junk_noise,control,3
1472,junk_dead,control,3
1473,junk_debris,control,3
1474,junk_debris,control,3
1475,junk_debris,control,3
1476,junk_debris,control,3
1477,CD4_T,control,3
1478,junk_doublet,control,3
1479,Neutrophil,control,3
1480,CD4_T,control,3
1481,junk_dead,control,3
1482,NK,control,3
1483,junk_debris,control,3
1484,junk_doublet,control,3
1485,junk_debris,control,3
1486,junk_doublet,control,3
1487,junk_debris,control,3
1488,junk_noise,control,3
1489,junk_dead,control,3
1490,CD8_T,control,3
1491,junk_dead,control,3
1492,junk_dead,control,3
1493,B,control,3
1494,Myeloid,control,3
1495,junk_dead,control,3
1496,B,control,3
1497,Myeloid,control,3
1498,junk_debris,control,3
1499,junk_noise,control,3
1500,junk_doublet,control,3
1501,junk_debris,control,3
1502,junk_dead,control,3
1503,junk_doublet,control,3
1504,junk_noise,control,3
1505,junk_doublet,control,3
1506,junk_debris,control,3
1507,junk_debris,control,3
1508,B,control,3
1509,junk_noise,control,3
1510,junk_debris,control,3
1511,B,control,3
1512,B,control,3
1513,CD4_T,control,3
1514,junk_dead,control,3
1515,junk_debris,control,3
1516,CD4_T,control,3
1517,junk_debris,control,3
1518,junk_debris,control,3
1519,junk_dead,control,3
1520,B,control,3
1521,junk_doublet,control,3
1522,junk_doublet,control,3
1523,junk_debris,control,3
1524,junk_noise,control,3
1525,NK,control,3
1526,junk_debris,control,3
1527,junk_doublet,control,3
1528,junk_noise,control,3
1529,Neutrophil,control,3
1530,junk_dead,control,3
1531,junk_doublet,control,3
1532,Myeloid,control,3
1533,junk_dead,control,3
1534,B,control,3
1535,junk_noise,control,3
1536,junk_doublet,control,3
1537,junk_doublet,control,3
1538,junk_debris,control,3
1539,junk_noise,control,3
1540,junk_dead,control,3
1541,junk_noise,control,3
1542,junk_debris,control,3
1543,CD8_T,control,3
1544,junk_doublet,control,3
1545,junk_noise,control,3
1546,junk_dead,control,3
1547,junk_dead,control,3
1548,junk_doublet,control,3
1549,junk_debris,control,3
1550,junk_debris,control,3
1551,junk_doublet,control,3
1552,B,control,3
1553,junk_doublet,control,3
1554,junk_debris,control,3
1555,junk_doublet,control,3
1556,Myeloid,control,3
1557,junk_dead,control,3
1558,Neutrophil,control,3
1559,junk_debris,control,3
1560,B,control,3
1561,junk_dead,control,3
1562,B,control,3
1563,junk_dead,control,3
1564,junk_dead,control,3
1565,junk_debris,control,3
1566,junk_debris,control,3
1567,NK,control,3
1568,junk_debris,control,3
1569,B,control,3
1570,B,control,3
1571,junk_debris,control,3
1572,junk_debris,control,3
1573,junk_doublet,control,3
1574,CD4_T,control,3
1575,junk_debris,control,3
1576,junk_debris,control,3
1577,junk_debris,control,3
1578,junk_dead,control,3
1579,Myeloid,control,3
1580,DC,control,3
1581,junk_debris,control,3
1582,junk_noise,control,3
1583,junk_noise,control,3
1584,junk_debris,control,3
1585,junk_debris,control,3
1586,B,control,3
1587,B,control,3
1588,junk_noise,control,3
1589,CD4_T,control,3
1590,B,control,3
1591,junk_dead,control,3
1592,junk_doublet,control,3
1593,CD8_T,control,3
1594,CD4_T,control,3
1595,junk_debris,control,3
1596,junk_debris,control,3
1597,junk_noise,control,3
1598,Myeloid,control,3
1599,junk_debris,control,3
1600,junk_doublet,control,3
1601,junk_dead,control,3
1602,junk_noise,control,3
1603,B,control,3
1604,junk_debris,control,3
1605,B,control,3
1606,Myeloid,control,3
1607,junk_doublet,control,3
1608,junk_doublet,control,3
1609,CD4_T,control,3
1610,junk_doublet,control,3
1611,Myeloid,control,3
1612,NK,control,3
1613,Myeloid,control,3
1614,CD4_T,control,3
1615,junk_dead,control,3
1616,junk_debris,control,3
1617,junk_dead,control,3
1618,B,control,3
1619,junk_debris,control,3
1620,junk_debris,control,3
1621,CD8_T,control,3
1622,Neutrophil,control,3
1623,junk_doublet,control,3
1624,junk_noise,control,3
1625,Neutrophil,control,3
1626,CD4_T,control,3
1627,Myeloid,control,3
1628,junk_dead,control,3
1629,junk_dead,control,3
1630,junk_debris,control,3
1631,junk_doublet,control,3
1632,junk_debris,control,3
1633,junk_debris,control,3
1634,junk_debris,control,3
1635,Myeloid,control,3
1636,junk_doublet,control,3
1637,junk_dead,control,3
1638,junk_debris,control,3
1639,Neutrophil,control,3
1640,Myeloid,control,3
1641,Neutrophil,control,3
1642,CD4_T,control,3
1643,B,control,3
1644,junk_doublet,control,3
1645,junk_debris,control,3
1646,B,control,3
1647,junk_dead,control,3
1648,junk_debris,control,3
1649,junk_dead,control,3
1650,junk_dead,control,3
1651,junk_debris,control,3
1652,junk_debris,control,3
1653,junk_debris,control,3
1654,junk_dead,control,3
1655,junk_dead,control,3
1656,junk_debris,control,3
1657,junk_noise,control,3
1658,junk_debris,control,3
1659,junk_debris,control,3
1660,junk_debris,control,3
1661,junk_debris,control,3
1662,Neutrophil,control,3
1663,B,control,3
1664,B,control,3
1665,Myeloid,control,3
1666,junk_doublet,control,3
1667,junk_debris,control,3
1668,junk_dead,control,3
1669,junk_noise,control,3
1670,junk_doublet,control,3
1671,junk_noise,control,3
1672,junk_doublet,control,3
1673,Myeloid,control,3
1674,Myeloid,control,3
1675,junk_debris,control,3
1676,Neutrophil,control,3
1677,CD4_T,control,3
1678,junk_debris,control,3
1679,CD4_T,control,3
1680,Myeloid,control,3
1681,junk_debris,control,3
1682,junk_doublet,control,3
1683,junk_noise,control,3
1684,junk_dead,control,3
1685,junk_doublet,control,3
1686,CD4_T,control,3
1687,junk_noise,control,3
1688,junk_dead,control,3
1689,junk_doublet,control,3
1690,Neutrophil,control,3
1691,junk_doublet,control,3
1692,CD4_T,control,3
1693,junk_noise,control,3
1694,junk_debris,control,3
1695,junk_noise,control,3
1696,junk_debris,control,3
1697,CD4_T,control,3
1698,junk_debris,control,3
1699,junk_dead,control,3
1700,B,control,3
1701,B,control,3
1702,junk_dead,control,3
1703,junk_noise,control,3
1704,junk_dead,control,3
1705,B,control,3
1706,junk_noise,control,3
1707,junk_debris,control,3
1708,junk_noise,control,3
1709,junk_debris,control,3
1710,B,control,3
1711,CD4_T,control,3
1712,junk_debris,control,3
1713,junk_noise,control,3
1714,junk_debris,control,3
1715,junk_debris,control,3
1716,CD4_T,control,3
1717,junk_debris,control,3
1718,Myeloid,control,3
1719,junk_debris,control,3
1720,junk_debris,control,3
1721,junk_debris,control,3
1722,Myeloid,control,3
1723,junk_debris,control,3
1724,junk_noise,control,3
1725,Myeloid,control,3
1726,junk_noise,control,3
1727,junk_debris,control,3
1728,junk_debris,control,3
1729,CD4_T,control,3
1730,junk_debris,control,3
1731,junk_dead,control,3
1732,junk_doublet,control,3
1733,Myeloid,control,3
1734,junk_debris,control,3
1735,B,control,3
1736,junk_debris,control,3
1737,Myeloid,control,3
1738,junk_dead,control,3
1739,B,control,3
1740,junk_doublet,control,3
1741,CD4_T,control,3
1742,junk_debris,control,3
1743,Myeloid,control,3
1744,junk_debris,control,3
1745,junk_noise,control,3
1746,Myeloid,control,3
1747,junk_doublet,control,3
1748,junk_noise,control,3
1749,Neutrophil,control,3
1750,junk_doublet,control,3
1751,junk_debris,control,3
1752,B,control,3
1753,B,control,3
1754,junk_doublet,control,3
1755,junk_noise,control,3
1756,CD8_T,control,3
1757,junk_debris,control,3
1758,B,control,3
1759,CD4_T,control,3
1760,junk_noise,control,3
1761,junk_dead,control,3
1762,junk_debris,control,3
1763,CD4_T,control,3
1764,junk_dead,control,3
1765,CD8_T,control,3
1766,junk_dead,control,3
1767,junk_doublet,control,3
1768,junk_noise,control,3
1769,junk_doublet,control,3
1770,junk_dead,control,3
1771,junk_noise,control,3
1772,junk_debris,control,3
1773,junk_noise,control,3
1774,junk_dead,control,3
1775,B,control,3
1776,DC,control,3
1777,junk_doublet,control,3
1778,junk_debris,control,3
1779,junk_dead,control,3
1780,Myeloid,control,3
1781,junk_doublet,control,3
1782,junk_doublet,control,3
1783,junk_doublet,control,3
1784,Neutrophil,control,3
1785,junk_dead,control,3
1786,junk_debris,control,3
1787,junk_noise,control,3
1788,junk_doublet,control,3
1789,junk_dead,control,3
1790,junk_debris,control,3
1791,B,control,3
1792,CD4_T,control,3
1793,junk_debris,control,3
1794,CD4_T,control,3
1795,junk_doublet,control,3
1796,B,control,3
1797,junk_debris,control,3
1798,B,control,3
1799,junk_doublet,control,3
1800,junk_doublet,control,3
1801,B,control,3
1802,junk_noise,control,3
1803,Neutrophil,control,3
1804,junk_dead,control,3
1805,junk_doublet,control,3
1806,junk_dead,control,3
1807,Myeloid,control,3
1808,junk_doublet,control,3
1809,junk_debris,control,3
1810,junk_doublet,control,3
1811,junk_dead,control,3
1812,junk_debris,control,3
1813,B,control,3
1814,junk_noise,control,3
1815,Myeloid,control,3
1816,CD4_T,control,3
1817,junk_debris,control,3
1818,NK,control,3
1819,junk_debris,control,3
1820,junk_noise,control,3
1821,junk_dead,control,3
1822,junk_dead,control,3
1823,junk_noise,control,3
1824,junk_debris,control,3
1825,junk_dead,control,3
1826,Myeloid,control,3
1827,junk_debris,control,3
1828,junk_dead,control,3
1829,B,control,3
1830,junk_debris,control,3
1831,junk_dead,control,3
1832,B,control,3
1833,CD4_T,control,3
1834,CD8_T,control,3
1835,junk_doublet,control,3
1836,junk_debris,control,3
1837,junk_debris,control,3
1838,junk_doublet,control,3
1839,junk_dead,control,3
1840,junk_noise,control,3
1841,Myeloid,control,3
1842,CD8_T,control,3
1843,NK,control,3
1844,junk_doublet,control,3
1845,B,control,3
1846,junk_noise,control,3
1847,junk_doublet,control,3
1848,junk_debris,control,3
1849,junk_debris,control,3
1850,junk_debris,control,3
1851,junk_dead,control,3
1852,junk_debris,control,3
1853,Neutrophil,control,3
1854,Myeloid,control,3
1855,junk_debris,control,3
1856,junk_debris,control,3
1857,junk_doublet,control,3
1858,CD4_T,control,3
1859,CD8_T,control,3
1860,CD4_T,control,3
1861,junk_doublet,control,3
1862,CD8_T,control,3
1863,junk_debris,control,3
1864,junk_dead,control,3
1865,junk_debris,control,3
1866,junk_noise,control,3
1867,junk_doublet,control,3
1868,B,control,3
1869,junk_doublet,control,3
1870,junk_debris,control,3
1871,junk_dead,control,3
1872,junk_dead,control,3
1873,junk_doublet,control,3
1874,junk_debris,control,3
1875,junk_debris,control,3
1876,junk_doublet,control,3
1877,junk_doublet,control,3
1878,junk_debris,control,3
1879,junk_dead,control,3
1880,B,control,3
1881,junk_debris,control,3
1882,CD4_T,control,3
1883,junk_doublet,control,3
1884,junk_noise,control,3
1885,junk_noise,control,3
1886,junk_debris,control,3
1887,CD4_T,control,3
1888,junk_doublet,control,3
1889,NK,control,3
1890,junk_doublet,control,3
1891,junk_dead,control,3
1892,junk_dead,control,3
1893,junk_debris,control,3
1894,junk_doublet,control,3
1895,junk_debris,control,3
1896,junk_noise,control,3
1897,junk_noise,control,3
1898,junk_doublet,control,3
1899,junk_noise,control,3
1900,junk_noise,control,3
1901,junk_debris,control,3
1902,B,control,3
1903,junk_noise,control,3
1904,CD4_T,control,3
1905,junk_noise,control,3
1906,Myeloid,control,3
1907,junk_debris,control,3
1908,junk_doublet,control,3
1909,junk_dead,control,3
1910,junk_debris,control,3
1911,junk_debris,control,3
1912,CD4_T,control,3
1913,junk_debris,control,3
1914,junk_dead,control,3
1915,junk_debris,control,3
1916,CD8_T,control,3
1917,junk_dead,control,3
1918,junk_debris,control,3
1919,junk_doublet,control,3
1920,junk_debris,control,3
1921,junk_doublet,control,3
1922,B,control,3
1923,junk_noise,control,3
1924,junk_doublet,control,3
1925,Myeloid,control,3
1926,Neutrophil,control,3
1927,DC,control,3
1928,junk_dead,control,3
1929,junk_debris,control,3
1930,junk_noise,control,3
1931,Myeloid,control,3
1932,NK,control,3
1933,junk_doublet,control,3
1934,junk_debris,control,3
1935,junk_doublet,control,3
1936,junk_doublet,control,3
1937,junk_dead,control,3
1938,junk_noise,control,3
1939,junk_debris,control,3
1940,B,control,3
1941,B,control,3
1942,junk_dead,control,3
1943,B,control,3
1944,CD8_T,control,3
1945,junk_noise,control,3
1946,CD4_T,control,3
1947,Neutrophil,control,3
1948,junk_noise,control,3
1949,NK,control,3
1950,Myeloid,control,3
1951,junk_doublet,control,3
1952,CD4_T,control,3
1953,Myeloid,control,3
1954,Myeloid,control,3
1955,Neutrophil,control,3
1956,junk_debris,control,3
1957,junk_noise,control,3
1958,junk_debris,control,3
1959,CD8_T,control,3
1960,junk_debris,control,3
1961,junk_doublet,control,3
1962,junk_doublet,control,3
1963,junk_debris,control,3
1964,Neutrophil,control,3
1965,Neutrophil,control,3
1966,junk_doublet,control,3
1967,junk_doublet,control,3
1968,junk_noise,control,3
1969,CD8_T,control,3
1970,B,control,3
1971,NK,control,3
1972,junk_dead,control,3
1973,NK,control,3
1974,junk_debris,control,3
1975,junk_debris,control,3
1976,junk_noise,control,3
1977,B,control,3
1978,B,control,3
1979,CD4_T,control,3
1980,junk_debris,control,3
1981,junk_debris,control,3
1982,junk_dead,control,3
1983,junk_dead,control,3
1984,NK,control,3
1985,junk_debris,control,3
1986,junk_doublet,control,3
1987,junk_debris,control,3
1988,junk_dead,control,3
1989,DC,control,3
1990,CD4_T,control,3
1991,junk_doublet,control,3
1992,junk_debris,control,3
1993,junk_doublet,control,3
1994,junk_dead,control,3
1995,junk_debris,control,3
1996,junk_debris,control,3
1997,Neutrophil,control,3
1998,junk_dead,control,3
1999,junk_dead,control,3
2000,B,control,3
2001,junk_noise,control,3
2002,CD8_T,control,3
2003,B,control,3
2004,Myeloid,control,3
2005,junk_dead,control,3
2006,junk_noise,control,3
2007,junk_doublet,control,3
2008,junk_debris,control,3
2009,junk_doublet,control,3
2010,junk_doublet,control,3
2011,junk_dead,control,3
2012,junk_dead,control,3
2013,junk_doublet,control,3
2014,junk_debris,control,3
2015,B,control,3
2016,junk_debris,control,3
2017,junk_debris,control,3
2018,junk_dead,control,3
2019,junk_noise,control,3
2020,junk_dead,control,3
2021,junk_doublet,control,3
2022,junk_noise,control,3
2023,junk_debris,control,3
2024,junk_debris,control,3
2025,junk_noise,control,3
2026,CD4_T,control,3
2027,junk_dead,control,3
2028,junk_dead,control,3
2029,junk_debris,control,3
2030,junk_debris,control,3
2031,B,control,3
2032,junk_noise,control,3
2033,junk_doublet,control,3
2034,NK,control,3
2035,junk_noise,control,3
2036,junk_dead,control,3
2037,junk_debris,control,3
2038,junk_doublet,control,3
2039,junk_noise,control,3
2040,junk_doublet,control,3
2041,junk_dead,control,3
2042,Neutrophil,control,3
2043,junk_doublet,control,3
2044,junk_debris,control,3
2045,Myeloid,control,3
2046,junk_debris,control,3
2047,B,control,3
2048,junk_debris,control,3
2049,CD4_T,control,3
2050,junk_debris,control,3
2051,junk_debris,control,3
2052,Neutrophil,control,3
2053,Neutrophil,control,3
2054,junk_debris,control,3
2055,junk_debris,control,3
2056,Myeloid,control,3
2057,B,control,3
2058,Myeloid,control,3
2059,Myeloid,control,3
2060,junk_debris,control,3
2061,junk_noise,control,3
2062,junk_doublet,control,3
2063,CD8_T,control,3
2064,junk_noise,control,3
2065,junk_noise,control,3
2066,CD8_T,control,3
2067,junk_dead,control,3
2068,CD8_T,control,3
2069,junk_doublet,control,3
2070,B,control,3
2071,junk_debris,control,3
2072,junk_doublet,control,3
2073,junk_doublet,control,3
2074,Myeloid,control,3
2075,junk_debris,control,3
2076,CD4_T,control,3
2077,junk_noise,control,3
2078,Myeloid,control,3
2079,Myeloid,control,3
2080,junk_doublet,control,3
2081,junk_dead,control,3
2082,junk_noise,control,3
2083,junk_dead,control,3
2084,junk_debris,control,3
2085,junk_doublet,control,3
2086,NK,control,3
2087,junk_dead,control,3
2088,CD8_T,control,3
2089,B,control,3
2090,junk_debris,control,3
2091,junk_debris,control,3
2092,junk_debris,control,3
2093,junk_dead,control,3
2094,junk_debris,control,3
2095,junk_noise,control,3
2096,junk_dead,control,3
2097,NK,control,3
2098,junk_doublet,control,3
2099,junk_dead,control,3
2100,junk_debris,control,3
2101,junk_debris,control,3
2102,junk_dead,control,3
2103,Neutrophil,control,3
2104,B,control,3
2105,junk_doublet,control,3
2106,B,control,3
2107,junk_doublet,control,3
2108,junk_doublet,control,3
2109,CD8_T,control,3
2110,junk_noise,control,3
2111,B,control,3
2112,junk_noise,control,3
2113,junk_debris,control,3
2114,junk_dead,control,3
2115,CD4_T,control,3
2116,B,control,3
2117,junk_doublet,control,3
2118,junk_doublet,control,3
2119,junk_debris,control,3
2120,junk_debris,control,3
2121,junk_debris,control,3
2122,junk_noise,control,3
2123,junk_dead,control,3
2124,junk_debris,control,3
2125,junk_doublet,control,3
2126,junk_dead,control,3
2127,junk_doublet,control,3
2128,B,control,3
2129,CD8_T,control,3
2130,Myeloid,control,3
2131,B,control,3
2132,junk_debris,control,3
2133,junk_doublet,control,3
2134,junk_dead,control,3
2135,B,control,3
2136,B,control,3
2137,Neutrophil,control,3
2138,junk_dead,control,3
2139,junk_dead,control,3
2140,junk_debris,control,3
2141,junk_doublet,control,3
2142,junk_debris,control,3
2143,B,control,3
2144,junk_doublet,control,3
2145,junk_dead,control,3
2146,junk_doublet,control,3
2147,CD8_T,control,3
2148,CD4_T,control,3
2149,junk_debris,control,3
2150,NK,control,3
2151,B,control,3
2152,junk_debris,control,3
2153,junk_debris,control,3
2154,junk_noise,control,3
2155,junk_doublet,control,3
2156,junk_doublet,control,3
2157,CD4_T,control,3
2158,DC,control,3
2159,junk_doublet,control,3
2160,junk_doublet,control,3
2161,junk_debris,control,3
2162,Neutrophil,control,3
2163,junk_noise,control,3
2164,NK,control,3
2165,junk_noise,control,3
2166,junk_debris,control,3
2167,junk_doublet,control,3
2168,junk_dead,control,3
2169,junk_noise,control,3
2170,junk_dead,control,3
2171,B,control,3
2172,junk_debris,control,3
2173,junk_debris,control,3
2174,B,control,3
2175,junk_doublet,control,3
2176,CD4_T,control,3
2177,Myeloid,control,3
2178,junk_dead,control,3
2179,junk_doublet,control,3
2180,Neutrophil,control,3
2181,junk_noise,control,3
2182,junk_dead,control,3
2183,CD8_T,control,3
2184,junk_dead,control,3
2185,B,control,3
2186,junk_doublet,control,3
2187,junk_noise,control,3
2188,B,control,3
2189,junk_debris,control,3
2190,junk_doublet,control,3
2191,junk_debris,control,3
2192,junk_debris,control,3
2193,B,control,3
2194,junk_debris,control,3
2195,junk_dead,control,3
2196,B,control,3
2197,junk_noise,control,3
2198,junk_noise,control,3
2199,junk_doublet,control,3
2200,junk_debris,control,3
2201,junk_debris,control,3
2202,junk_debris,control,3
2203,junk_noise,control,3
2204,B,control,3
2205,junk_noise,control,3
2206,junk_doublet,control,3
2207,junk_noise,control,3
2208,CD4_T,control,3
2209,CD4_T,control,3
2210,junk_debris,control,3
2211,junk_debris,control,3
2212,junk_debris,control,3
2213,Neutrophil,control,3
2214,B,control,3
2215,DC,control,3
2216,junk_dead,control,3
2217,junk_debris,control,3
2218,junk_debris,control,3
2219,junk_dead,control,3
2220,junk_debris,control,3
2221,CD4_T,control,3
2222,junk_dead,control,3
2223,junk_doublet,control,3
2224,junk_noise,control,3
2225,Myeloid,control,3
2226,CD4_T,control,3
2227,junk_debris,control,3
2228,junk_dead,control,3
2229,junk_doublet,control,3
2230,CD4_T,control,3
2231,Myeloid,control,3
2232,junk_doublet,control,3
2233,DC,control,3
2234,junk_doublet,control,3
2235,CD4_T,control,3
2236,junk_noise,control,3
2237,junk_dead,control,3
2238,junk_debris,control,3
2239,CD8_T,control,3
2240,DC,control,3
2241,CD4_T,control,3
2242,junk_dead,control,3
2243,B,control,3
2244,junk_debris,control,3
2245,junk_noise,control,3
2246,CD8_T,control,3
2247,NK,control,3
2248,junk_debris,control,3
2249,junk_doublet,control,3
2250,junk_dead,control,3
2251,Neutrophil,control,3
2252,junk_doublet,control,3
2253,junk_doublet,control,3
2254,junk_debris,control,3
2255,junk_noise,control,3
2256,Myeloid,control,3
2257,Neutrophil,control,3
2258,junk_noise,control,3
2259,junk_noise,control,3
2260,junk_debris,control,3
2261,junk_doublet,control,3
2262,junk_debris,control,3
2263,junk_dead,control,3
2264,B,control,3
2265,B,control,3
2266,junk_dead,control,3
2267,CD4_T,control,3
2268,B,control,3
2269,junk_debris,control,3
2270,CD4_T,control,3
2271,junk_dead,control,3
2272,junk_debris,control,3
2273,CD4_T,control,3
2274,junk_debris,control,3
2275,junk_debris,control,3
2276,DC,control,3
2277,junk_debris,control,3
2278,B,control,3
2279,CD8_T,control,3
2280,junk_noise,control,3
2281,junk_dead,control,3
2282,Myeloid,control,3
2283,Myeloid,control,3
2284,junk_noise,control,3
2285,junk_debris,control,3
2286,junk_noise,control,3
2287,junk_dead,control,3
2288,junk_doublet,control,3
2289,junk_noise,control,3
2290,junk_dead,control,3
2291,CD8_T,control,3
2292,junk_debris,control,3
2293,junk_debris,control,3
2294,Neutrophil,control,3
2295,junk_noise,control,3
2296,junk_debris,control,3
2297,junk_debris,control,3
2298,Neutrophil,control,3
2299,junk_doublet,control,3
2300,junk_debris,control,3
2301,CD4_T,control,3
2302,junk_debris,control,3
2303,CD4_T,control,3
2304,Neutrophil,control,3
2305,junk_dead,control,3
2306,junk_debris,control,3
2307,junk_doublet,control,3
2308,junk_dead,control,3
2309,Myeloid,control,3
2310,junk_doublet,control,3
2311,CD4_T,control,3
2312,junk_debris,control,3
2313,junk_doublet,control,3
2314,junk_doublet,control,3
2315,B,control,3
2316,junk_debris,control,3
2317,junk_noise,control,3
2318,junk_dead,control,3
2319,DC,control,3
2320,B,control,3
2321,junk_doublet,control,3
2322,junk_dead,control,3
2323,B,control,3
2324,junk_doublet,control,3
2325,B,control,3
2326,junk_noise,control,3
2327,junk_debris,control,3
2328,junk_dead,control,3
2329,junk_debris,control,3
2330,Myeloid,control,3
2331,junk_debris,control,3
2332,Neutrophil,control,3
2333,B,control,3
2334,junk_doublet,control,3
2335,junk_dead,control,3
2336,junk_debris,control,3
2337,CD4_T,control,3
2338,CD4_T,control,3
2339,junk_debris,control,3
2340,B,control,3
2341,junk_noise,control,3
2342,Neutrophil,control,3
2343,CD4_T,control,3
2344,junk_noise,control,3
2345,CD4_T,control,3
2346,junk_debris,control,3
2347,NK,control,3
2348,junk_debris,control,3
2349,junk_dead,control,3
2350,junk_noise,control,3
2351,junk_doublet,control,3
2352,B,control,3
2353,CD4_T,control,3
2354,junk_dead,control,3
2355,junk_dead,control,3
2356,CD8_T,control,3
2357,junk_dead,control,3
2358,B,control,3
2359,junk_doublet,control,3
2360,Neutrophil,control,3
2361,junk_doublet,control,3
2362,junk_debris,control,3
2363,CD4_T,control,3
2364,Neutrophil,control,3
2365,junk_dead,control,3
2366,junk_debris,control,3
2367,CD8_T,control,3
2368,junk_doublet,control,3
2369,CD4_T,control,3
2370,junk_noise,control,3
2371,B,control,3
2372,CD8_T,control,3
2373,junk_doublet,control,3
2374,junk_noise,control,3
2375,junk_debris,control,3
2376,junk_debris,control,3
2377,B,control,3
2378,junk_dead,control,3
2379,CD4_T,control,3
2380,junk_doublet,control,3
2381,junk_dead,control,3
2382,CD8_T,control,3
2383,B,control,3
2384,B,control,3
2385,junk_debris,control,3
2386,junk_debris,control,3
2387,junk_debris,control,3
2388,junk_dead,control,3
2389,junk_dead,control,3
2390,CD4_T,control,3
2391,junk_dead,control,3
2392,junk_doublet,control,3
2393,B,control,3
2394,junk_debris,control,3
2395,junk_dead,control,3
2396,junk_doublet,control,3
2397,junk_noise,control,3
2398,CD8_T,control,3
2399,junk_doublet,control,3
2400,junk_noise,control,3
2401,junk_dead,control,3
2402,junk_dead,control,3
2403,junk_dead,control,3
2404,junk_debris,control,3
2405,junk_debris,control,3
2406,junk_dead,control,3
2407,junk_noise,control,3
2408,junk_debris,control,3
2409,junk_debris,control,3
2410,CD8_T,control,3
2411,junk_debris,control,3
2412,junk_doublet,control,3
2413,junk_dead,control,3
2414,junk_debris,control,3
2415,junk_doublet,control,3
2416,junk_dead,control,3
2417,junk_noise,control,3
2418,junk_debris,control,3
2419,junk_doublet,control,3
2420,Myeloid,control,3
2421,CD4_T,control,3
2422,junk_dead,control,3
2423,B,control,3
2424,junk_debris,control,3
2425,junk_dead,control,3
2426,junk_debris,control,3
2427,junk_doublet,control,3
2428,junk_noise,control,3
2429,CD4_T,control,3
2430,Neutrophil,control,3
2431,junk_dead,control,3
2432,CD4_T,control,3
2433,B,control,3
2434,DC,control,3
2435,CD4_T,control,3
2436,junk_debris,control,3
2437,junk_debris,control,3
2438,B,control,3
2439,Myeloid,control,3
2440,junk_doublet,control,3
2441,junk_doublet,control,3
2442,Neutrophil,control,3
2443,B,control,3
2444,CD4_T,control,3
2445,CD4_T,control,3
2446,NK,control,3
2447,junk_dead,control,3
2448,junk_doublet,control,3
2449,junk_noise,control,3
2450,junk_dead,control,3
2451,junk_debris,control,3
2452,B,control,3
2453,junk_dead,control,3
2454,junk_debris,control,3
2455,junk_debris,control,3
2456,Myeloid,control,3
2457,B,control,3
2458,junk_doublet,control,3
2459,junk_doublet,control,3
2460,junk_noise,control,3
2461,junk_debris,control,3
2462,junk_debris,control,3
2463,junk_noise,control,3
2464,junk_debris,control,3
2465,junk_debris,control,3
2466,Myeloid,control,3
2467,Myeloid,control,3
2468,B,control,3
2469,CD8_T,control,3
2470,junk_dead,control,3
2471,junk_debris,control,3
2472,junk_doublet,control,3
2473,junk_debris,control,3
2474,junk_debris,control,3
2475,junk_dead,control,3
2476,junk_debris,control,3
2477,junk_noise,control,3
2478,B,control,3
2479,junk_dead,control,3
2480,CD4_T,control,3
2481,junk_doublet,control,3
2482,junk_debris,control,3
2483,junk_dead,control,3
2484,DC,control,3
2485,CD8_T,control,3
2486,junk_dead,control,3
2487,junk_dead,control,3
2488,junk_doublet,control,3
2489,CD4_T,control,3
2490,junk_debris,control,3
2491,junk_noise,control,3
2492,junk_doublet,control,3
2493,junk_debris,control,3
2494,junk_debris,control,3
2495,junk_doublet,control,3
2496,junk_debris,control,3
2497,junk_dead,control,3
2498,CD4_T,control,3
2499,junk_noise,control,3
2500,CD4_T,control,3
2501,junk_debris,control,3
2502,junk_debris,control,3
2503,junk_doublet,control,3
2504,Myeloid,control,3
2505,junk_noise,control,3
2506,Myeloid,control,3
2507,junk_doublet,control,3
2508,Myeloid,control,3
2509,Myeloid,control,3
2510,CD4_T,control,3
2511,Neutrophil,control,3
2512,junk_doublet,control,3
2513,junk_dead,control,3
2514,junk_dead,control,3
2515,junk_debris,control,3
2516,junk_debris,control,3
2517,junk_noise,control,3
2518,junk_debris,control,3
2519,Neutrophil,control,3
2520,junk_dead,control,3
2521,junk_debris,control,3
2522,Myeloid,control,3
2523,Neutrophil,control,3
2524,B,control,3
2525,junk_debris,control,3
2526,CD8_T,control,3
2527,DC,control,3
2528,junk_doublet,control,3
2529,CD4_T,control,3
2530,junk_doublet,control,3
2531,junk_dead,control,3
2532,junk_debris,control,3
2533,junk_dead,control,3
2534,junk_noise,control,3
2535,junk_debris,control,3
2536,junk_debris,control,3
2537,junk_noise,control,3
2538,junk_debris,control,3
2539,Neutrophil,control,3
2540,junk_debris,control,3
2541,junk_dead,control,3
2542,junk_debris,control,3
2543,junk_dead,control,3
2544,junk_dead,control,3
2545,junk_debris,control,3
2546,junk_doublet,control,3
2547,junk_noise,control,3
2548,B,control,3
2549,junk_dead,control,3
2550,junk_dead,control,3
2551,CD4_T,control,3
2552,junk_doublet,control,3
2553,junk_debris,control,3
2554,junk_doublet,control,3
2555,junk_doublet,control,3
2556,Neutrophil,control,3
2557,junk_debris,control,3
2558,junk_noise,control,3
2559,junk_debris,control,3
2560,junk_dead,control,3
2561,junk_debris,control,3
2562,junk_debris,control,3
2563,Neutrophil,control,3
2564,junk_doublet,control,3
2565,junk_doublet,control,3
2566,junk_doublet,control,3
2567,junk_noise,control,3
2568,junk_dead,control,3
2569,junk_noise,control,3
2570,B,control,3
2571,NK,control,3
2572,junk_noise,control,3
2573,junk_noise,control,3
2574,CD8_T,control,3
2575,B,control,3
2576,CD4_T,control,3
2577,Neutrophil,control,3
2578,junk_debris,control,3
2579,Myeloid,control,3
2580,junk_debris,control,3
2581,junk_dead,control,3
2582,junk_noise,control,3
2583,junk_dead,control,3
2584,junk_doublet,control,3
2585,Neutrophil,control,3
2586,Myeloid,control,3
2587,Myeloid,control,3
2588,junk_debris,control,3
2589,junk_dead,control,3
2590,CD8_T,control,3
2591,junk_doublet,control,3
2592,B,control,3
2593,B,control,3
2594,Myeloid,control,3
2595,Myeloid,control,3
2596,junk_noise,control,3
2597,B,control,3
2598,B,control,3
2599,junk_dead,control,3
2600,CD4_T,control,3
2601,junk_dead,control,3
2602,junk_debris,control,3
2603,junk_doublet,control,3
2604,junk_noise,control,3
2605,junk_dead,control,3
2606,junk_noise,control,3
2607,B,control,3
2608,Myeloid,control,3
2609,junk_debris,control,3
2610,junk_debris,control,3
2611,junk_noise,control,3
2612,Myeloid,control,3
2613,CD4_T,control,3
2614,Neutrophil,control,3
2615,B,control,3
2616,junk_dead,control,3
2617,junk_dead,control,3
2618,junk_debris,control,3
2619,junk_dead,control,3
2620,CD8_T,control,3
2621,Myeloid,control,3
2622,CD8_T,control,3
2623,Myeloid,control,3
2624,CD8_T,control,3
2625,B,control,3
2626,junk_doublet,control,3
2627,junk_debris,control,3
2628,Neutrophil,control,3
2629,CD4_T,control,3
2630,junk_dead,control,3
2631,CD4_T,control,3
2632,junk_debris,control,3
2633,junk_dead,control,3
2634,junk_doublet,control,3
2635,junk_doublet,control,3
2636,B,control,3
2637,CD4_T,control,3
2638,junk_doublet,control,3
2639,B,control,3
2640,CD4_T,control,3
2641,Neutrophil,control,3
2642,junk_debris,control,3
2643,junk_dead,control,3
2644,B,control,3
2645,junk_debris,control,3
2646,CD8_T,control,3
2647,junk_dead,control,3
2648,CD8_T,control,3
2649,B,control,3
2650,junk_dead,control,3
2651,Neutrophil,control,3
2652,junk_noise,control,3
2653,junk_doublet,control,3
2654,junk_dead,control,3
2655,junk_debris,control,3
2656,junk_dead,control,3
2657,junk_dead,control,3
2658,B,control,3
2659,Neutrophil,control,3
2660,B,control,3
2661,B,control,3
2662,junk_noise,control,3
2663,junk_dead,control,3
2664,junk_debris,control,3
2665,junk_noise,control,3
2666,Myeloid,control,3
2667,junk_debris,control,3
2668,B,control,3
2669,Neutrophil,control,3
2670,junk_debris,control,3
2671,junk_debris,control,3
2672,junk_doublet,control,3
2673,B,control,3
2674,CD4_T,control,3
2675,CD4_T,control,3
2676,Myeloid,control,3
2677,DC,control,3
2678,junk_dead,control,3
2679,B,control,3
2680,junk_noise,control,3
2681,B,control,3
2682,junk_dead,control,3
2683,junk_debris,control,3
2684,NK,control,3
2685,junk_dead,control,3
2686,junk_dead,control,3
2687,junk_dead,control,3
2688,Neutrophil,control,3
2689,junk_dead,control,3
2690,junk_dead,control,3
2691,B,control,3
2692,junk_debris,control,3
2693,junk_debris,control,3
2694,junk_noise,control,3
2695,CD4_T,control,3
2696,junk_debris,control,3
2697,CD8_T,control,3
2698,Myeloid,control,3
2699,junk_debris,control,3
2700,junk_doublet,control,3
2701,DC,control,3
2702,junk_doublet,control,3
2703,B,control,3
2704,junk_dead,control,3
2705,junk_dead,control,3
2706,Myeloid,control,3
2707,B,control,3
2708,CD4_T,control,3
2709,junk_debris,control,3
2710,junk_debris,control,3
2711,junk_dead,control,3
2712,junk_doublet,control,3
2713,junk_doublet,control,3
2714,Myeloid,control,3
2715,Myeloid,control,3
2716,junk_debris,control,3
2717,Myeloid,control,3
2718,Neutrophil,control,3
2719,junk_noise,control,3
2720,junk_dead,control,3
2721,junk_debris,control,3
2722,junk_debris,control,3
2723,junk_dead,control,3
2724,CD8_T,control,3
2725,junk_debris,control,3
2726,Neutrophil,control,3
2727,Myeloid,control,3
2728,junk_noise,control,3
2729,Neutrophil,control,3
2730,junk_dead,control,3
2731,junk_debris,control,3
2732,NK,control,3
2733,NK,control,3
2734,junk_debris,control,3
2735,junk_dead,control,3
2736,CD4_T,control,3
2737,Neutrophil,control,3
2738,junk_debris,control,3
2739,B,control,3
2740,junk_dead,control,3
2741,junk_noise,control,3
2742,junk_noise,control,3
2743,junk_debris,control,3
2744,junk_dead,control,3
2745,junk_debris,control,3
2746,junk_debris,control,3
2747,junk_dead,control,3
2748,CD4_T,control,3
2749,B,control,3
2750,CD4_T,control,3
2751,junk_debris,control,3
2752,Neutrophil,control,3
2753,junk_debris,control,3
2754,junk_noise,control,3
2755,Myeloid,control,3
2756,DC,control,3
2757,junk_dead,control,3
2758,junk_noise,control,3
2759,junk_noise,control,3
2760,junk_dead,control,3
2761,junk_doublet,control,3
2762,junk_debris,control,3
2763,junk_debris,control,3
2764,junk_doublet,control,3
2765,junk_debris,control,3
2766,junk_debris,control,3
2767,junk_dead,control,3
2768,junk_debris,control,3
2769,junk_dead,control,3
2770,junk_debris,control,3
2771,junk_debris,control,3
2772,junk_dead,control,3
2773,junk_debris,control,3
2774,junk_debris,control,3
2775,junk_dead,control,3
2776,junk_noise,control,3
2777,junk_debris,control,3
2778,Neutrophil,control,3
2779,junk_debris,control,3
2780,junk_doublet,control,3
2781,junk_debris,control,3
2782,junk_debris,control,3
2783,junk_noise,control,3
2784,junk_debris,control,3
2785,B,control,3
2786,junk_debris,control,3
2787,junk_doublet,control,3
2788,Neutrophil,control,3
2789,junk_debris,control,3
2790,CD4_T,control,3
2791,junk_dead,control,3
2792,Neutrophil,control,3
2793,B,control,3
2794,junk_doublet,control,3
2795,CD4_T,control,3
2796,junk_doublet,control,3
2797,junk_debris,control,3
2798,junk_doublet,control,3
2799,CD4_T,control,3
2800,junk_doublet,control,3
2801,junk_dead,control,3
2802,Neutrophil,control,3
2803,junk_debris,control,3
2804,junk_dead,control,3
2805,junk_doublet,control,3
2806,B,control,3
2807,junk_doublet,control,3
2808,DC,control,3
2809,junk_debris,control,3
2810,junk_doublet,control,3
2811,junk_debris,control,3
2812,CD4_T,control,3
2813,junk_noise,control,3
2814,junk_debris,control,3
2815,junk_noise,control,3
2816,junk_noise,control,3
2817,junk_debris,control,3
2818,Myeloid,control,3
2819,junk_dead,control,3
2820,CD8_T,control,3
2821,junk_debris,control,3
2822,junk_noise,control,3
2823,CD4_T,control,3
2824,junk_dead,control,3
2825,CD4_T,control,3
2826,Myeloid,control,3
2827,junk_doublet,control,3
2828,junk_debris,control,3
2829,junk_noise,control,3
2830,junk_debris,control,3
2831,junk_noise,control,3
2832,Myeloid,control,3
2833,junk_debris,control,3
2834,junk_dead,control,3
2835,junk_doublet,control,3
2836,junk_doublet,control,3
2837,B,control,3
2838,junk_dead,control,3
2839,NK,control,3
2840,Neutrophil,control,3
2841,junk_noise,control,3
2842,junk_doublet,control,3
2843,B,control,3
2844,junk_dead,control,3
2845,junk_debris,control,3
2846,junk_debris,control,3
2847,junk_dead,control,3
2848,CD4_T,control,3
2849,junk_dead,control,3
2850,junk_doublet,control,3
2851,B,control,3
2852,junk_dead,control,3
2853,Neutrophil,control,3
2854,junk_dead,control,3
2855,junk_doublet,control,3
2856,junk_debris,control,3
2857,junk_noise,control,3
2858,CD4_T,control,3
2859,junk_noise,control,3
2860,junk_dead,control,3
2861,junk_dead,control,3
2862,junk_noise,control,3
2863,junk_dead,control,3
2864,junk_dead,control,3
2865,CD4_T,control,3
2866,Myeloid,control,3
2867,junk_doublet,control,3
2868,Neutrophil,control,3
2869,junk_dead,control,3
2870,NK,control,3
2871,CD8_T,control,3
2872,junk_dead,control,3
2873,Neutrophil,control,3
2874,Myeloid,control,3
2875,junk_noise,control,3
2876,junk_debris,control,3
2877,junk_noise,control,3
2878,junk_doublet,control,3
2879,junk_debris,control,3
2880,junk_doublet,control,3
2881,junk_dead,control,3
2882,junk_dead,control,3
2883,junk_doublet,control,3
2884,junk_debris,control,3
2885,junk_debris,control,3
2886,junk_dead,control,3
2887,B,control,3
2888,junk_dead,control,3
2889,junk_doublet,control,3
2890,CD4_T,control,3
2891,junk_debris,control,3
2892,Neutrophil,control,3
2893,CD4_T,control,3
2894,Neutrophil,control,3
2895,Neutrophil,control,3
2896,junk_noise,control,3
2897,junk_debris,control,3
2898,junk_dead,control,3
2899,junk_noise,control,3
2900,B,control,3
2901,junk_doublet,control,3
2902,junk_dead,control,3
2903,CD4_T,control,3
2904,CD4_T,control,3
2905,junk_debris,control,3
2906,CD4_T,control,3
2907,CD4_T,control,3
2908,junk_debris,control,3
2909,Myeloid,control,3
2910,junk_debris,control,3
2911,junk_noise,control,3
2912,Myeloid,control,3
2913,junk_debris,control,3
2914,junk_doublet,control,3
2915,junk_debris,control,3
2916,junk_debris,control,3
2917,junk_debris,control,3
2918,junk_debris,control,3
2919,junk_debris,control,3
2920,junk_doublet,control,3
2921,junk_doublet,control,3
2922,junk_debris,control,3
2923,NK,control,3
2924,Neutrophil,control,3
2925,junk_doublet,control,3
2926,junk_debris,control,3
2927,CD8_T,control,3
2928,junk_noise,control,3
2929,junk_noise,control,3
2930,Neutrophil,control,3
2931,junk_dead,control,3
2932,junk_debris,control,3
2933,B,control,3
2934,CD4_T,control,3
2935,junk_dead,control,3
2936,junk_debris,control,3
2937,CD4_T,control,3
2938,junk_debris,control,3
2939,junk_doublet,control,3
2940,junk_dead,control,3
2941,junk_doublet,control,3
2942,junk_dead,control,3
2943,junk_doublet,control,3
2944,CD4_T,control,3
2945,junk_dead,control,3
2946,junk_dead,control,3
2947,Neutrophil,control,3
2948,junk_doublet,control,3
2949,CD8_T,control,3
2950,NK,control,3
2951,junk_doublet,control,3
2952,CD4_T,control,3
2953,junk_debris,control,3
2954,junk_noise,control,3
2955,B,control,3
2956,junk_dead,control,3
2957,Neutrophil,control,3
2958,junk_debris,control,3
2959,junk_debris,control,3
2960,CD4_T,control,3
2961,junk_debris,control,3
2962,junk_debris,control,3
2963,junk_debris,control,3
2964,junk_debris,control,3
2965,NK,control,3
2966,junk_dead,control,3
2967,junk_doublet,control,3
2968,B,control,3
2969,CD4_T,control,3
2970,CD4_T,control,3
2971,junk_dead,control,3
2972,CD8_T,control,3
2973,junk_doublet,control,3
2974,junk_doublet,control,3
2975,Myeloid,control,3
2976,CD4_T,control,3
2977,B,control,3
2978,junk_doublet,control,3
2979,junk_noise,control,3
2980,B,control,3
2981,junk_dead,control,3
2982,B,control,3
2983,junk_dead,control,3
2984,junk_debris,control,3
2985,Neutrophil,control,3
2986,DC,control,3
2987,junk_noise,control,3
2988,junk_dead,control,3
2989,Myeloid,control,3
2990,Myeloid,control,3
2991,junk_doublet,control,3
2992,junk_doublet,control,3
2993,CD4_T,control,3
2994,junk_debris,control,3
2995,Neutrophil,control,3
2996,Neutrophil,control,3
2997,B,control,3
2998,CD4_T,control,3
2999,junk_debris,control,3
3000,junk_dead,control,3
3001,junk_doublet,control,3
3002,junk_debris,control,3
3003,Myeloid,control,3
3004,junk_doublet,control,3
3005,CD4_T,control,3
3006,junk_doublet,control,3
3007,CD4_T,control,3
3008,junk_doublet,control,3
3009,CD4_T,control,3
3010,CD4_T,control,3
3011,junk_doublet,control,3
3012,junk_doublet,control,3
3013,NK,control,3
3014,junk_debris,control,3
3015,junk_debris,control,3
3016,junk_dead,control,3
3017,junk_doublet,control,3
3018,CD4_T,control,3
3019,B,control,3
3020,DC,control,3
3021,Myeloid,control,3
3022,junk_dead,control,3
3023,junk_debris,control,3
3024,junk_doublet,control,3
3025,B,control,3
3026,junk_debris,control,3
3027,junk_debris,control,3
3028,B,control,3
3029,junk_debris,control,3
3030,Myeloid,control,3
3031,junk_doublet,control,3
3032,Neutrophil,control,3
3033,junk_doublet,control,3
3034,junk_doublet,control,3
3035,CD8_T,control,3
3036,junk_noise,control,3
3037,NK,control,3
3038,junk_dead,control,3
3039,B,control,3
3040,junk_debris,control,3
3041,junk_debris,control,3
3042,DC,control,3
3043,CD4_T,control,3
3044,junk_debris,control,3
3045,CD8_T,control,3
3046,junk_noise,control,3
3047,junk_dead,control,3
3048,junk_dead,control,3
3049,junk_debris,control,3
3050,junk_dead,control,3
3051,junk_dead,control,3
3052,junk_debris,control,3
3053,junk_noise,control,3
3054,junk_debris,control,3
3055,Myeloid,control,3
3056,junk_doublet,control,3
3057,junk_debris,control,3
3058,junk_debris,control,3
3059,junk_debris,control,3
3060,junk_debris,control,3
3061,junk_doublet,control,3
3062,B,control,3
3063,Neutrophil,control,3
3064,junk_doublet,control,3
3065,junk_debris,control,3
3066,junk_debris,control,3
3067,B,control,3
3068,junk_debris,control,3
3069,junk_noise,control,3
3070,junk_dead,control,3
3071,junk_noise,control,3
3072,junk_debris,control,3
3073,CD4_T,control,3
3074,DC,control,3
3075,junk_doublet,control,3
3076,junk_doublet,control,3
3077,junk_doublet,control,3
3078,junk_noise,control,3
3079,junk_debris,control,3
3080,junk_doublet,control,3
3081,DC,control,3
3082,junk_doublet,control,3
3083,Neutrophil,control,3
3084,junk_noise,control,3
3085,junk_dead,control,3
3086,junk_dead,control,3
3087,junk_debris,control,3
3088,junk_doublet,control,3
3089,Myeloid,control,3
3090,B,control,3
3091,Myeloid,control,3
3092,Myeloid,control,3
3093,Neutrophil,control,3
3094,B,control,3
3095,junk_dead,control,3
3096,junk_noise,control,3
3097,CD4_T,control,3
3098,junk_dead,control,3
3099,B,control,3
3100,junk_debris,control,3
3101,junk_dead,control,3
3102,junk_debris,control,3
3103,junk_debris,control,3
3104,Myeloid,control,3
3105,NK,control,3
3106,junk_debris,control,3
3107,B,control,3
3108,B,control,3
3109,NK,control,3
3110,junk_debris,control,3
3111,B,control,3
3112,junk_noise,control,3
3113,junk_dead,control,3
3114,junk_debris,control,3
3115,junk_noise,control,3
3116,junk_debris,control,3
3117,junk_dead,control,3
3118,junk_doublet,control,3
3119,CD4_T,control,3
3120,B,control,3
3121,junk_debris,control,3
3122,Myeloid,control,3
3123,Myeloid,control,3
3124,junk_doublet,control,3
3125,CD8_T,control,3
3126,B,control,3
3127,junk_debris,control,3
3128,junk_noise,control,3
3129,Myeloid,control,3
3130,junk_doublet,control,3
3131,junk_debris,control,3
3132,junk_dead,control,3
3133,Neutrophil,control,3
3134,Neutrophil,control,3
3135,B,control,3
3136,junk_debris,control,3
3137,junk_debris,control,3
3138,CD4_T,control,3
3139,junk_dead,control,3
3140,junk_noise,control,3
3141,junk_debris,control,3
3142,B,control,3
3143,DC,control,3
3144,junk_debris,control,3
3145,Neutrophil,control,3
3146,junk_doublet,control,3
3147,B,control,3
3148,Neutrophil,control,3
3149,junk_noise,control,3
3150,junk_noise,control,3
3151,junk_dead,control,3
3152,junk_doublet,control,3
3153,B,control,3
3154,junk_dead,control,3
3155,junk_dead,control,3
3156,junk_debris,control,3
3157,junk_doublet,control,3
3158,junk_dead,control,3
3159,junk_debris,control,3
3160,junk_dead,control,3
3161,CD4_T,control,3
3162,junk_dead,control,3
3163,junk_doublet,control,3
3164,junk_debris,control,3
3165,B,control,3
3166,junk_doublet,control,3
3167,junk_dead,control,3
3168,junk_debris,control,3
3169,B,control,3
3170,NK,control,3
3171,junk_noise,control,3
3172,junk_doublet,control,3
3173,junk_doublet,control,3
3174,CD4_T,control,3
3175,junk_debris,control,3
3176,junk_doublet,control,3
3177,junk_debris,control,3
3178,junk_debris,control,3
3179,junk_debris,control,3
3180,junk_dead,control,3
3181,junk_debris,control,3
3182,junk_debris,control,3
3183,Myeloid,control,3
3184,junk_doublet,control,3
3185,junk_debris,control,3
3186,junk_doublet,control,3
3187,Myeloid,control,3
3188,junk_dead,control,3
3189,junk_dead,control,3
3190,junk_doublet,control,3
3191,Neutrophil,control,3
3192,junk_dead,control,3
3193,CD4_T,control,3
3194,junk_dead,control,3
3195,junk_dead,control,3
3196,B,control,3
3197,junk_debris,control,3
3198,junk_debris,control,3
3199,junk_debris,control,3
3200,NK,control,3
3201,junk_debris,control,3
3202,junk_dead,control,3
3203,B,control,3
3204,Myeloid,control,3
3205,Neutrophil,control,3
3206,Neutrophil,control,3
3207,CD8_T,control,3
3208,Myeloid,control,3
3209,junk_doublet,control,3
3210,junk_debris,control,3
3211,junk_debris,control,3
3212,junk_dead,control,3
3213,junk_debris,control,3
3214,junk_debris,control,3
3215,junk_dead,control,3
3216,junk_noise,control,3
3217,junk_debris,control,3
3218,junk_debris,control,3
3219,junk_debris,control,3
3220,Neutrophil,control,3
3221,B,control,3
3222,CD8_T,control,3
3223,CD4_T,control,3
3224,Neutrophil,control,3
3225,junk_dead,control,3
3226,junk_dead,control,3
3227,junk_dead,control,3
3228,DC,control,3
3229,junk_doublet,control,3
3230,junk_dead,control,3
3231,junk_debris,control,3
3232,junk_noise,control,3
3233,junk_debris,control,3
3234,junk_doublet,control,3
3235,junk_doublet,control,3
3236,junk_doublet,control,3
3237,junk_debris,control,3
3238,junk_doublet,control,3
3239,CD4_T,control,3
3240,junk_debris,control,3
3241,junk_doublet,control,3
3242,junk_dead,control,3
3243,junk_noise,control,3
3244,junk_debris,control,3
3245,Myeloid,control,3
3246,junk_debris,control,3
3247,junk_debris,control,3
3248,junk_debris,control,3
3249,junk_dead,control,3
3250,B,control,3
3251,Neutrophil,control,3
3252,junk_debris,control,3
3253,B,control,3
3254,junk_debris,control,3
3255,Myeloid,control,3
3256,Myeloid,control,3
3257,CD4_T,control,3
3258,junk_debris,control,3
3259,junk_dead,control,3
3260,Neutrophil,control,3
3261,junk_dead,control,3
3262,junk_debris,control,3
3263,junk_debris,control,3
3264,junk_debris,control,3
3265,junk_debris,control,3
3266,NK,control,3
3267,Myeloid,control,3
3268,junk_doublet,control,3
3269,junk_dead,control,3
3270,junk_debris,control,3
3271,CD4_T,control,3
3272,junk_dead,control,3
3273,junk_doublet,control,3
3274,CD8_T,control,3
3275,CD8_T,control,3
3276,junk_noise,control,3
3277,junk_doublet,control,3
3278,CD4_T,control,3
3279,junk_dead,control,3
3280,junk_debris,control,3
3281,B,control,3
3282,junk_dead,control,3
3283,Myeloid,control,3
3284,junk_noise,control,3
3285,junk_debris,control,3
3286,junk_dead,control,3
3287,junk_debris,control,3
3288,junk_debris,control,3
3289,junk_doublet,control,3
3290,junk_debris,control,3
3291,junk_dead,control,3
3292,junk_debris,control,3
3293,Myeloid,control,3
3294,junk_debris,control,3
3295,Neutrophil,control,3
3296,DC,control,3
3297,junk_debris,control,3
3298,junk_debris,control,3
3299,junk_dead,control,3
3300,junk_dead,control,3
3301,junk_noise,control,3
3302,CD4_T,control,3
3303,Neutrophil,control,3
3304,B,control,3
3305,junk_noise,control,3
3306,Myeloid,control,3
3307,DC,control,3
3308,junk_debris,control,3
3309,junk_debris,control,3
3310,junk_debris,control,3
3311,CD4_T,control,3
3312,junk_debris,control,3
3313,junk_doublet,control,3
3314,junk_debris,control,3
3315,junk_noise,control,3
3316,B,control,3
3317,junk_dead,control,3
3318,Myeloid,control,3
3319,junk_noise,control,3
3320,junk_debris,control,3
3321,CD8_T,control,3
3322,junk_debris,control,3
3323,Neutrophil,control,3
3324,junk_debris,control,3
3325,junk_debris,control,3
3326,B,control,3
3327,Neutrophil,control,3
3328,B,control,3
3329,junk_dead,control,3
3330,B,control,3
3331,junk_doublet,control,3
3332,junk_noise,control,3
3333,B,control,3
3334,junk_doublet,control,3
3335,junk_noise,control,3
3336,junk_debris,control,3
3337,CD4_T,control,3
3338,junk_doublet,control,3
3339,junk_doublet,control,3
3340,junk_doublet,control,3
3341,junk_noise,control,3
3342,junk_noise,control,3
3343,junk_debris,control,3
3344,B,control,3
3345,B,control,3
3346,junk_debris,control,3
3347,junk_dead,control,3
3348,junk_noise,control,3
3349,junk_debris,control,3
3350,junk_debris,control,3
3351,junk_noise,control,3
3352,B,control,3
3353,Neutrophil,control,3
3354,junk_doublet,control,3
3355,junk_noise,control,3
3356,junk_debris,control,3
3357,junk_dead,control,3
3358,B,control,3
3359,DC,control,3
3360,junk_doublet,control,3
3361,junk_dead,control,3
3362,junk_dead,control,3
3363,junk_doublet,control,3
3364,junk_doublet,control,3
3365,junk_debris,control,3
3366,junk_debris,control,3
3367,B,control,3
3368,Neutrophil,control,3
3369,junk_debris,control,3
3370,junk_debris,control,3
3371,junk_debris,control,3
3372,B,control,3
3373,junk_dead,control,3
3374,junk_debris,control,3
3375,junk_debris,control,3
3376,junk_doublet,control,3
3377,junk_doublet,control,3
3378,B,control,3
3379,junk_doublet,control,3
3380,junk_debris,control,3
3381,Myeloid,control,3
3382,junk_noise,control,3
3383,junk_dead,control,3
3384,Neutrophil,control,3
3385,junk_noise,control,3
3386,junk_debris,control,3
3387,Myeloid,control,3
3388,junk_debris,control,3
3389,junk_dead,control,3
3390,Myeloid,control,3
3391,junk_dead,control,3
3392,junk_debris,control,3
3393,junk_debris,control,3
3394,junk_doublet,control,3
3395,CD4_T,control,3
3396,junk_doublet,control,3
3397,CD4_T,control,3
3398,junk_dead,control,3
3399,CD4_T,control,3
3400,junk_doublet,control,3
3401,junk_debris,control,3
3402,junk_dead,control,3
3403,junk_debris,control,3
3404,junk_debris,control,3
3405,CD4_T,control,3
3406,junk_doublet,control,3
3407,junk_doublet,control,3
3408,B,control,3
3409,CD4_T,control,3
3410,B,control,3
3411,CD8_T,control,3
3412,junk_noise,control,3
3413,junk_noise,control,3
3414,Neutrophil,control,3
3415,junk_doublet,control,3
3416,junk_doublet,control,3
3417,junk_dead,control,3
3418,junk_noise,control,3
3419,CD4_T,control,3
3420,junk_debris,control,3
3421,junk_debris,control,3
3422,junk_doublet,control,3
3423,junk_debris,control,3
3424,B,control,3
3425,B,control,3
3426,junk_debris,control,3
3427,junk_doublet,control,3
3428,junk_dead,control,3
3429,Myeloid,control,3
3430,junk_dead,control,3
3431,junk_dead,control,3
3432,Neutrophil,control,3
3433,B,control,3
3434,junk_dead,control,3
3435,Neutrophil,control,3
3436,junk_dead,control,3
3437,junk_doublet,control,3
3438,junk_debris,control,3
3439,junk_debris,control,3
3440,B,control,3
3441,junk_debris,control,3
3442,B,control,3
3443,junk_debris,control,3
3444,junk_noise,control,3
3445,junk_debris,control,3
3446,junk_debris,control,3
3447,NK,control,3
3448,junk_noise,control,3
3449,CD4_T,control,3
3450,junk_dead,control,3
3451,junk_debris,control,3
3452,junk_debris,control,3
3453,CD4_T,control,3
3454,junk_dead,control,3
3455,DC,control,3
3456,B,control,3
3457,junk_noise,control,3
3458,junk_doublet,control,3
3459,junk_debris,control,3
3460,Myeloid,control,3
3461,junk_debris,control,3
3462,B,control,3
3463,junk_doublet,control,3
3464,junk_dead,control,3
3465,junk_doublet,control,3
3466,junk_doublet,control,3
3467,junk_debris,control,3
3468,B,control,3
3469,junk_doublet,control,3
3470,junk_doublet,control,3
3471,Myeloid,control,3
3472,CD8_T,control,3
3473,Neutrophil,control,3
3474,junk_dead,control,3
3475,junk_debris,control,3
3476,junk_doublet,control,3
3477,B,control,3
3478,Myeloid,control,3
3479,junk_dead,control,3
3480,junk_dead,control,3
3481,Myeloid,control,3
3482,junk_doublet,control,3
3483,junk_debris,control,3
3484,junk_debris,control,3
3485,junk_doublet,control,3
3486,junk_doublet,control,3
3487,junk_dead,control,3
3488,junk_debris,control,3
3489,junk_debris,control,3
3490,junk_debris,control,3
3491,Myeloid,control,3
3492,junk_dead,control,3
3493,CD4_T,control,3
3494,junk_dead,control,3
3495,CD4_T,control,3
3496,junk_dead,control,3
3497,junk_debris,control,3
3498,junk_dead,control,3
3499,junk_dead,control,3
3500,Myeloid,control,3
3501,junk_debris,control,3
3502,junk_doublet,control,3
3503,junk_debris,control,3
3504,Neutrophil,control,3
3505,junk_dead,control,3
3506,junk_noise,control,3
3507,CD4_T,control,3
3508,B,control,3
3509,B,control,3
3510,junk_debris,control,3
3511,junk_doublet,control,3
3512,junk_noise,control,3
3513,junk_debris,control,3
3514,junk_dead,control,3
3515,CD4_T,control,3
3516,junk_debris,control,3
3517,B,control,3
3518,junk_doublet,control,3
3519,junk_debris,control,3
3520,CD8_T,control,3
3521,CD4_T,control,3
3522,junk_debris,control,3
3523,junk_debris,control,3
3524,junk_debris,control,3
3525,junk_noise,control,3
3526,junk_doublet,control,3
3527,junk_debris,control,3
3528,junk_debris,control,3
3529,junk_debris,control,3
3530,junk_noise,control,3
3531,junk_dead,control,3
3532,junk_doublet,control,3
3533,junk_noise,control,3
3534,CD4_T,control,3
3535,junk_debris,control,3
3536,junk_dead,control,3
3537,CD4_T,control,3
3538,junk_debris,control,3
3539,junk_debris,control,3
3540,junk_debris,control,3
3541,junk_debris,control,3
3542,junk_debris,control,3
3543,junk_debris,control,3
3544,Myeloid,control,3
3545,junk_debris,control,3
3546,CD4_T,control,3
3547,junk_debris,control,3
3548,CD4_T,control,3
3549,Myeloid,control,3
3550,junk_dead,control,3
3551,junk_noise,control,3
3552,junk_dead,control,3
3553,junk_doublet,control,3
3554,junk_noise,control,3
3555,NK,control,3
3556,junk_doublet,control,3
3557,junk_debris,control,3
3558,junk_noise,control,3
3559,junk_doublet,control,3
3560,junk_debris,control,3
3561,junk_debris,control,3
3562,junk_doublet,control,3
3563,junk_debris,control,3
3564,junk_dead,control,3
3565,B,control,3
3566,junk_doublet,control,3
3567,CD4_T,control,3
3568,junk_doublet,control,3
3569,Neutrophil,control,3
3570,Myeloid,control,3
3571,CD4_T,control,3
3572,DC,control,3
3573,junk_debris,control,3
3574,Neutrophil,control,3
3575,junk_noise,control,3
3576,junk_dead,control,3
3577,B,control,3
3578,junk_dead,control,3
3579,junk_doublet,control,3
3580,CD4_T,control,3
3581,CD8_T,control,3
3582,junk_dead,control,3
3583,junk_debris,control,3
3584,junk_doublet,control,3
3585,junk_debris,control,3
3586,B,control,3
3587,Myeloid,control,3
3588,B,control,3
3589,junk_debris,control,3
3590,Neutrophil,control,3
3591,junk_debris,control,3
3592,Myeloid,control,3
3593,Myeloid,control,3
3594,junk_dead,control,3
3595,B,control,3
3596,junk_debris,control,3
3597,junk_debris,control,3
3598,junk_doublet,control,3
3599,junk_noise,control,3
3600,junk_debris,control,3
3601,junk_dead,control,3
3602,junk_dead,control,3
3603,B,control,3
3604,B,control,3
3605,junk_dead,control,3
3606,Myeloid,control,3
3607,junk_doublet,control,3
3608,CD4_T,control,3
3609,CD8_T,control,3
3610,junk_dead,control,3
3611,Myeloid,control,3
3612,junk_dead,control,3
3613,NK,control,3
3614,CD4_T,control,3
3615,junk_dead,control,3
3616,B,control,3
3617,B,control,3
3618,Myeloid,control,3
3619,junk_doublet,control,3
3620,Myeloid,control,3
3621,CD8_T,control,3
3622,B,control,3
3623,junk_debris,control,3
3624,junk_debris,control,3
3625,Myeloid,control,3
3626,junk_doublet,control,3
3627,junk_debris,control,3
3628,B,control,3
3629,junk_debris,control,3
3630,junk_dead,control,3
3631,junk_debris,control,3
3632,junk_debris,control,3
3633,junk_dead,control,3
3634,junk_noise,control,3
3635,B,control,3
3636,Myeloid,control,3
3637,NK,control,3
3638,junk_debris,control,3
3639,B,control,3
3640,junk_dead,control,3
3641,B,control,3
3642,junk_noise,control,3
3643,junk_doublet,control,3
3644,Neutrophil,control,3
3645,junk_debris,control,3
3646,junk_dead,control,3
3647,junk_debris,control,3
3648,junk_noise,control,3
3649,junk_debris,control,3
3650,CD8_T,control,3
3651,junk_doublet,control,3
3652,junk_debris,control,3
3653,junk_debris,control,3
3654,junk_dead,control,3
3655,junk_noise,control,3
3656,B,control,3
3657,junk_dead,control,3
3658,junk_debris,control,3
3659,junk_debris,control,3
3660,junk_doublet,control,3
3661,B,control,3
3662,junk_doublet,control,3
3663,Neutrophil,control,3
3664,junk_doublet,control,3
3665,junk_noise,control,3
3666,B,control,3
3667,junk_debris,control,3
3668,B,control,3
3669,junk_debris,control,3
3670,junk_debris,control,3
3671,junk_debris,control,3
3672,junk_debris,control,3
3673,junk_noise,control,3
3674,junk_doublet,control,3
3675,junk_dead,control,3
3676,junk_dead,control,3
3677,junk_doublet,control,3
3678,junk_debris,control,3
3679,junk_debris,control,3
3680,CD4_T,control,3
3681,B,control,3
3682,junk_doublet,control,3
3683,junk_debris,control,3
3684,junk_debris,control,3
3685,junk_dead,control,3
3686,CD4_T,control,3
3687,junk_doublet,control,3
3688,junk_debris,control,3
3689,B,control,3
3690,junk_noise,control,3
3691,junk_dead,control,3
3692,junk_debris,control,3
3693,junk_debris,control,3
3694,Myeloid,control,3
3695,B,control,3
3696,CD8_T,control,3
3697,CD8_T,control,3
3698,B,control,3
3699,NK,control,3
3700,junk_noise,control,3
3701,junk_doublet,control,3
3702,CD8_T,control,3
3703,junk_noise,control,3
3704,junk_dead,control,3
3705,junk_doublet,control,3
3706,Myeloid,control,3
3707,junk_debris,control,3
3708,Neutrophil,control,3
3709,NK,control,3
3710,junk_dead,control,3
3711,Myeloid,control,3
3712,junk_doublet,control,3
3713,junk_dead,control,3
3714,Neutrophil,control,3
3715,junk_debris,control,3
3716,junk_debris,control,3
3717,CD4_T,control,3
3718,Myeloid,control,3
3719,junk_debris,control,3
3720,CD4_T,control,3
3721,junk_noise,control,3
3722,junk_dead,control,3
3723,junk_dead,control,3
3724,junk_debris,control,3
3725,Neutrophil,control,3
3726,CD4_T,control,3
3727,junk_doublet,control,3
3728,CD4_T,control,3
3729,junk_doublet,control,3
3730,junk_debris,control,3
3731,junk_noise,control,3
3732,junk_debris,control,3
3733,B,control,3
3734,junk_dead,control,3
3735,Myeloid,control,3
3736,junk_dead,control,3
3737,junk_noise,control,3
3738,junk_debris,control,3
3739,CD4_T,control,3
3740,junk_doublet,control,3
3741,B,control,3
3742,junk_dead,control,3
3743,junk_debris,control,3
3744,CD8_T,control,3
3745,B,control,3
3746,Myeloid,control,3
3747,NK,control,3
3748,junk_dead,control,3
3749,B,control,3
3750,junk_doublet,control,3
3751,junk_dead,control,3
3752,B,control,3
3753,junk_dead,control,3
3754,CD8_T,control,3
3755,B,control,3
3756,junk_debris,control,3
3757,NK,control,3
3758,junk_doublet,control,3
3759,junk_dead,control,3
3760,junk_doublet,control,3
3761,Neutrophil,control,3
3762,CD4_T,control,3
3763,junk_noise,control,3
3764,junk_doublet,control,3
3765,junk_dead,control,3
3766,junk_noise,control,3
3767,junk_doublet,control,3
3768,B,control,3
3769,junk_doublet,control,3
3770,Neutrophil,control,3
3771,CD8_T,control,3
3772,junk_debris,control,3
3773,junk_debris,control,3
3774,Neutrophil,control,3
3775,junk_debris,control,3
3776,CD4_T,control,3
3777,CD8_T,control,3
3778,B,control,3
3779,junk_doublet,control,3
3780,junk_doublet,control,3
3781,junk_noise,control,3
3782,junk_doublet,control,3
3783,junk_noise,control,3
3784,junk_debris,control,3
3785,junk_dead,control,3
3786,junk_dead,control,3
3787,junk_doublet,control,3
3788,Myeloid,control,3
3789,junk_debris,control,3
3790,junk_debris,control,3
3791,junk_dead,control,3
3792,junk_debris,control,3
3793,CD8_T,control,3
3794,junk_debris,control,3
3795,junk_doublet,control,3
3796,Neutrophil,control,3
3797,junk_doublet,control,3
3798,CD4_T,control,3
3799,junk_doublet,control,3
3800,junk_debris,control,3
3801,CD4_T,control,3
3802,junk_debris,control,3
3803,CD4_T,control,3
3804,junk_doublet,control,3
3805,Myeloid,control,3
3806,junk_debris,control,3
3807,junk_debris,control,3
3808,B,control,3
3809,junk_dead,control,3
3810,Neutrophil,control,3
3811,Myeloid,control,3
3812,junk_debris,control,3
3813,B,control,3
3814,B,control,3
3815,junk_doublet,control,3
3816,junk_doublet,control,3
3817,junk_doublet,control,3
3818,junk_debris,control,3
3819,B,control,3
3820,junk_debris,control,3
3821,junk_doublet,control,3
3822,junk_dead,control,3
3823,junk_debris,control,3
3824,junk_noise,control,3
3825,junk_doublet,control,3
3826,Myeloid,control,3
3827,Myeloid,control,3
3828,junk_noise,control,3
3829,CD4_T,control,3
3830,junk_dead,control,3
3831,junk_debris,control,3
3832,junk_dead,control,3
3833,B,control,3
3834,junk_debris,control,3
3835,NK,control,3
3836,B,control,3
3837,Neutrophil,control,3
3838,junk_debris,control,3
3839,junk_noise,control,3
3840,B,control,3
3841,Myeloid,control,3
3842,Neutrophil,control,3
3843,junk_dead,control,3
3844,junk_doublet,control,3
3845,junk_doublet,control,3
3846,Myeloid,control,3
3847,Neutrophil,control,3
3848,junk_debris,control,3
3849,junk_doublet,control,3
3850,junk_dead,control,3
3851,junk_doublet,control,3
3852,junk_doublet,control,3
3853,CD8_T,control,3
3854,Myeloid,control,3
3855,Neutrophil,control,3
3856,Myeloid,control,3
3857,B,control,3
3858,junk_dead,control,3
3859,junk_doublet,control,3
3860,Myeloid,control,3
3861,junk_dead,control,3
3862,junk_doublet,control,3
3863,junk_debris,control,3
3864,B,control,3
3865,junk_debris,control,3
3866,Myeloid,control,3
3867,junk_debris,control,3
3868,junk_debris,control,3
3869,junk_debris,control,3
3870,junk_debris,control,3
3871,junk_debris,control,3
3872,junk_noise,control,3
3873,junk_debris,control,3
3874,junk_debris,control,3
3875,Neutrophil,control,3
3876,Myeloid,control,3
3877,junk_debris,control,3
3878,CD4_T,control,3
3879,junk_debris,control,3
3880,junk_noise,control,3
3881,junk_dead,control,3
3882,junk_dead,control,3
3883,CD4_T,control,3
3884,junk_debris,control,3
3885,junk_debris,control,3
3886,Neutrophil,control,3
3887,DC,control,3
3888,Neutrophil,control,3
3889,Myeloid,control,3
3890,Myeloid,control,3
3891,CD8_T,control,3
3892,junk_noise,control,3
3893,Myeloid,control,3
3894,junk_debris,control,3
3895,junk_debris,control,3
3896,Neutrophil,control,3
3897,junk_debris,control,3
3898,junk_doublet,control,3
3899,CD8_T,control,3
3900,Myeloid,control,3
3901,B,control,3
3902,junk_noise,control,3
3903,B,control,3
3904,CD4_T,control,3
3905,junk_doublet,control,3
3906,junk_noise,control,3
3907,B,control,3
3908,junk_debris,control,3
3909,junk_debris,control,3
3910,B,control,3
3911,junk_noise,control,3
3912,junk_doublet,control,3
3913,B,control,3
3914,B,control,3
3915,junk_doublet,control,3
3916,Myeloid,control,3
3917,Neutrophil,control,3
3918,junk_debris,control,3
3919,junk_doublet,control,3
3920,junk_doublet,control,3
3921,junk_dead,control,3
3922,junk_noise,control,3
3923,DC,control,3
3924,junk_debris,control,3
3925,junk_debris,control,3
3926,Myeloid,control,3
3927,junk_debris,control,3
3928,junk_doublet,control,3
3929,junk_noise,control,3
3930,CD4_T,control,3
3931,junk_debris,control,3
3932,B,control,3
3933,Neutrophil,control,3
3934,junk_debris,control,3
3935,junk_debris,control,3
3936,junk_debris,control,3
3937,junk_noise,control,3
3938,junk_doublet,control,3
3939,junk_debris,control,3
3940,B,control,3
3941,Neutrophil,control,3
3942,CD4_T,control,3
3943,junk_debris,control,3
3944,junk_noise,control,3
3945,B,control,3
3946,junk_debris,control,3
3947,junk_dead,control,3
3948,junk_noise,control,3
3949,junk_debris,control,3
3950,junk_dead,control,3
3951,B,control,3
3952,junk_doublet,control,3
3953,junk_dead,control,3
3954,CD4_T,control,3
3955,B,control,3
3956,junk_debris,control,3
3957,CD4_T,control,3
3958,junk_doublet,control,3
3959,junk_debris,control,3
3960,junk_dead,control,3
3961,junk_dead,control,3
3962,junk_dead,control,3
3963,junk_dead,control,3
3964,Neutrophil,control,3
3965,junk_debris,control,3
3966,Neutrophil,control,3
3967,CD4_T,control,3
3968,junk_dead,control,3
3969,junk_debris,control,3
3970,junk_dead,control,3
3971,junk_debris,control,3
3972,junk_noise,control,3
3973,junk_noise,control,3
3974,junk_debris,control,3
3975,Myeloid,control,3
3976,B,control,3
3977,B,control,3
3978,junk_dead,control,3
3979,junk_debris,control,3
3980,Neutrophil,control,3
3981,CD4_T,control,3
3982,CD8_T,control,3
3983,junk_debris,control,3
3984,junk_noise,control,3
3985,junk_dead,control,3
3986,junk_dead,control,3
3987,junk_debris,control,3
3988,junk_debris,control,3
3989,junk_debris,control,3
3990,CD4_T,control,3
3991,junk_debris,control,3
3992,junk_dead,control,3
3993,junk_noise,control,3
3994,junk_doublet,control,3
3995,junk_noise,control,3
3996,Myeloid,control,3
3997,junk_doublet,control,3
3998,junk_debris,control,3
3999,junk_dead,control,3
4000,junk_debris,control,3
4001,junk_dead,control,3
4002,Myeloid,control,3
4003,junk_debris,control,3
4004,junk_dead,control,3
4005,junk_debris,control,3
4006,Myeloid,control,3
4007,junk_dead,control,3
4008,CD4_T,control,3
4009,junk_noise,control,3
4010,junk_doublet,control,3
4011,junk_debris,control,3
4012,junk_debris,control,3
4013,CD8_T,control,3
4014,junk_debris,control,3
4015,junk_noise,control,3
4016,junk_debris,control,3
4017,Neutrophil,control,3
4018,junk_dead,control,3
4019,junk_debris,control,3
4020,CD8_T,control,3
4021,junk_debris,control,3
4022,junk_debris,control,3
4023,junk_noise,control,3
4024,junk_doublet,control,3
4025,Neutrophil,control,3
4026,junk_debris,control,3
4027,junk_debris,control,3
4028,CD4_T,control,3
4029,junk_doublet,control,3
4030,junk_noise,control,3
4031,CD8_T,control,3
4032,junk_noise,control,3
4033,junk_noise,control,3
4034,CD8_T,control,3
4035,NK,control,3
4036,B,control,3
4037,B,control,3
4038,junk_doublet,control,3
4039,junk_noise,control,3
4040,junk_doublet,control,3
4041,Myeloid,control,3
4042,junk_noise,control,3
4043,junk_debris,control,3
4044,junk_doublet,control,3
4045,CD4_T,control,3
4046,junk_doublet,control,3
4047,junk_dead,control,3
4048,B,control,3
4049,junk_noise,control,3
4050,junk_noise,control,3
4051,B,control,3
4052,junk_debris,control,3
4053,junk_debris,control,3
4054,junk_dead,control,3
4055,B,control,3
4056,junk_debris,control,3
4057,CD4_T,control,3
4058,CD8_T,control,3
4059,junk_doublet,control,3
4060,B,control,3
4061,B,control,3
4062,B,control,3
4063,B,control,3
4064,junk_doublet,control,3
4065,junk_doublet,control,3
4066,CD4_T,control,3
4067,junk_dead,control,3
4068,CD4_T,control,3
4069,junk_debris,control,3
4070,B,control,3
4071,junk_doublet,control,3
4072,Neutrophil,control,3
4073,junk_doublet,control,3
4074,B,control,3
4075,junk_dead,control,3
4076,CD4_T,control,3
4077,B,control,3
4078,CD4_T,control,3
4079,junk_doublet,control,3
4080,junk_debris,control,3
4081,CD4_T,control,3
4082,junk_noise,control,3
4083,junk_debris,control,3
4084,CD4_T,control,3
4085,CD4_T,control,3
4086,junk_dead,control,3
4087,B,control,3
4088,junk_doublet,control,3
4089,junk_dead,control,3
4090,B,control,3
4091,junk_noise,control,3
4092,B,control,3
4093,junk_debris,control,3
4094,Myeloid,control,3
4095,B,control,3
4096,junk_doublet,control,3
4097,junk_doublet,control,3
4098,junk_dead,control,3
4099,junk_noise,control,3
4100,junk_debris,control,3
4101,junk_debris,control,3
4102,Myeloid,control,3
4103,Neutrophil,control,3
4104,CD4_T,control,3
4105,junk_debris,control,3
4106,junk_debris,control,3
4107,junk_doublet,control,3
4108,CD8_T,control,3
4109,B,control,3
4110,junk_dead,control,3
4111,junk_noise,control,3
4112,B,control,3
4113,CD4_T,control,3
4114,junk_noise,control,3
4115,Neutrophil,control,3
4116,junk_debris,control,3
4117,junk_debris,control,3
4118,Neutrophil,control,3
4119,junk_debris,control,3
4120,junk_dead,control,3
4121,junk_debris,control,3
4122,junk_dead,control,3
4123,junk_debris,control,3
4124,junk_debris,control,3
4125,Myeloid,control,3
4126,junk_debris,control,3
4127,junk_debris,control,3
4128,junk_debris,control,3
4129,CD4_T,control,3
4130,CD4_T,control,3
4131,B,control,3
4132,junk_noise,control,3
4133,Myeloid,control,3
4134,Myeloid,control,3
4135,junk_debris,control,3
4136,B,control,3
4137,junk_debris,control,3
4138,junk_dead,control,3
4139,junk_debris,control,3
4140,junk_dead,control,3
4141,NK,control,3
4142,junk_doublet,control,3
4143,CD4_T,control,3
4144,junk_doublet,control,3
4145,junk_dead,control,3
4146,junk_noise,control,3
4147,junk_dead,control,3
4148,junk_debris,control,3
4149,junk_doublet,control,3
4150,junk_debris,control,3
4151,junk_noise,control,3
4152,junk_debris,control,3
4153,junk_debris,control,3
4154,junk_doublet,control,3
4155,Neutrophil,control,3
4156,B,control,3
4157,junk_doublet,control,3
4158,junk_debris,control,3
4159,junk_dead,control,3
4160,junk_noise,control,3
4161,junk_doublet,control,3
4162,CD8_T,control,3
4163,NK,control,3
4164,Neutrophil,control,3
4165,junk_doublet,control,3
4166,junk_doublet,control,3
4167,B,control,3
4168,junk_doublet,control,3
4169,junk_debris,control,3
4170,junk_doublet,control,3
4171,junk_doublet,control,3
4172,CD4_T,control,3
4173,junk_dead,control,3
4174,junk_dead,control,3
4175,junk_debris,control,3
4176,junk_noise,control,3
4177,B,control,3
4178,B,control,3
4179,B,control,3
4180,junk_debris,control,3
4181,junk_dead,control,3
4182,CD8_T,control,3
4183,B,control,3
4184,junk_doublet,control,3
4185,junk_noise,control,3
4186,CD4_T,control,3
4187,junk_debris,control,3
4188,junk_debris,control,3
4189,junk_noise,control,3
4190,CD4_T,control,3
4191,Myeloid,control,3
4192,junk_debris,control,3
4193,CD8_T,control,3
4194,junk_dead,control,3
4195,CD4_T,control,3
4196,junk_noise,control,3
4197,junk_debris,control,3
4198,junk_dead,control,3
4199,junk_dead,control,3
4200,junk_dead,control,3
4201,junk_dead,control,3
4202,junk_debris,control,3
4203,junk_noise,control,3
4204,junk_doublet,control,3
4205,junk_debris,control,3
4206,B,control,3
4207,B,control,3
4208,Neutrophil,control,3
4209,junk_doublet,control,3
4210,junk_debris,control,3
4211,junk_dead,control,3
4212,junk_doublet,control,3
4213,junk_debris,control,3
4214,junk_debris,control,3
4215,junk_doublet,control,3
4216,junk_doublet,control,3
4217,junk_dead,control,3
4218,junk_noise,control,3
4219,Neutrophil,control,3
4220,junk_debris,control,3
4221,junk_doublet,control,3
4222,junk_doublet,control,3
4223,B,control,3
4224,junk_dead,control,3
4225,CD4_T,control,3
4226,junk_debris,control,3
4227,junk_doublet,control,3
4228,junk_debris,control,3
4229,junk_debris,control,3
4230,Neutrophil,control,3
4231,junk_debris,control,3
4232,NK,control,3
4233,CD4_T,control,3
4234,junk_debris,control,3
4235,junk_debris,control,3
4236,junk_noise,control,3
4237,junk_noise,control,3
4238,Myeloid,control,3
4239,junk_dead,control,3
4240,CD8_T,control,3
4241,junk_dead,control,3
4242,junk_doublet,control,3
4243,Myeloid,control,3
4244,junk_dead,control,3
4245,junk_dead,control,3
4246,junk_dead,control,3
4247,junk_debris,control,3
4248,junk_debris,control,3
4249,junk_doublet,control,3
4250,junk_debris,control,3
4251,junk_doublet,control,3
4252,junk_doublet,control,3
4253,junk_debris,control,3
4254,junk_debris,control,3
4255,B,control,3
4256,junk_doublet,control,3
4257,junk_doublet,control,3
4258,junk_debris,control,3
4259,junk_noise,control,3
4260,CD4_T,control,3
4261,junk_debris,control,3
4262,junk_debris,control,3
4263,B,control,3
4264,junk_dead,control,3
4265,Myeloid,control,3
4266,B,control,3
4267,junk_noise,control,3
4268,junk_dead,control,3
4269,Myeloid,control,3
4270,junk_debris,control,3
4271,junk_debris,control,3
4272,Myeloid,control,3
4273,junk_doublet,control,3
4274,junk_doublet,control,3
4275,B,control,3
4276,junk_debris,control,3
4277,junk_dead,control,3
4278,CD4_T,control,3
4279,B,control,3
4280,junk_doublet,control,3
4281,junk_dead,control,3
4282,junk_noise,control,3
4283,junk_debris,control,3
4284,junk_debris,control,3
4285,junk_debris,control,3
4286,junk_doublet,control,3
4287,junk_doublet,control,3
4288,junk_dead,control,3
4289,junk_noise,control,3
4290,junk_debris,control,3
4291,junk_debris,control,3
4292,junk_dead,control,3
4293,junk_noise,control,3
4294,junk_noise,control,3
4295,junk_noise,control,3
4296,junk_dead,control,3
4297,junk_debris,control,3
4298,junk_doublet,control,3
4299,junk_debris,control,3
4300,B,control,3
4301,Myeloid,control,3
4302,junk_doublet,control,3
4303,Neutrophil,control,3
4304,Neutrophil,control,3
4305,junk_debris,control,3
4306,Myeloid,control,3
4307,Myeloid,control,3
4308,junk_debris,control,3
4309,junk_doublet,control,3
4310,junk_debris,control,3
4311,B,control,3
4312,junk_debris,control,3
4313,CD8_T,control,3
4314,junk_dead,control,3
4315,Neutrophil,control,3
4316,junk_doublet,control,3
4317,Myeloid,control,3
4318,B,control,3
4319,junk_doublet,control,3
4320,junk_debris,control,3
4321,Neutrophil,control,3
4322,junk_debris,control,3
4323,junk_debris,control,3
4324,junk_doublet,control,3
4325,CD4_T,control,3
4326,junk_doublet,control,3
4327,junk_debris,control,3
4328,junk_dead,control,3
4329,junk_debris,control,3
4330,CD4_T,control,3
4331,junk_noise,control,3
4332,junk_noise,control,3
4333,B,control,3
4334,NK,control,3
4335,CD4_T,control,3
4336,Myeloid,control,3
4337,junk_debris,control,3
4338,CD4_T,control,3
4339,junk_doublet,control,3
4340,junk_dead,control,3
4341,junk_debris,control,3
4342,junk_noise,control,3
4343,junk_debris,control,3
4344,junk_doublet,control,3
4345,junk_debris,control,3
4346,junk_debris,control,3
4347,junk_doublet,control,3
4348,junk_doublet,control,3
4349,NK,control,3
4350,CD4_T,control,3
4351,B,control,3
4352,CD4_T,control,3
4353,junk_dead,control,3
4354,B,control,3
4355,junk_debris,control,3
4356,NK,control,3
4357,junk_dead,control,3
4358,junk_noise,control,3
4359,junk_debris,control,3
4360,junk_doublet,control,3
4361,junk_debris,control,3
4362,junk_doublet,control,3
4363,junk_doublet,control,3
4364,Myeloid,control,3
4365,junk_noise,control,3
4366,junk_noise,control,3
4367,junk_doublet,control,3
4368,junk_doublet,control,3
4369,junk_debris,control,3
4370,B,control,3
4371,CD8_T,control,3
4372,junk_dead,control,3
4373,Neutrophil,control,3
4374,junk_dead,control,3
4375,B,control,3
4376,junk_doublet,control,3
4377,junk_dead,control,3
4378,CD4_T,control,3
4379,junk_noise,control,3
4380,CD8_T,control,3
4381,junk_dead,control,3
4382,junk_dead,control,3
4383,junk_noise,control,3
4384,junk_debris,control,3
4385,junk_debris,control,3
4386,junk_debris,control,3
4387,junk_debris,control,3
4388,junk_debris,control,3
4389,CD4_T,control,3
4390,junk_debris,control,3
4391,Neutrophil,control,3
4392,junk_doublet,control,3
4393,CD8_T,control,3
4394,Neutrophil,control,3
4395,B,control,3
4396,junk_debris,control,3
4397,Neutrophil,control,3
4398,Neutrophil,control,3
4399,junk_debris,control,3
4400,junk_debris,control,3
4401,B,control,3
4402,junk_doublet,control,3
4403,B,control,3
4404,junk_debris,control,3
4405,junk_debris,control,3
4406,B,control,3
4407,junk_debris,control,3
4408,junk_debris,control,3
4409,Neutrophil,control,3
4410,B,control,3
4411,CD4_T,control,3
4412,Neutrophil,control,3
4413,junk_doublet,control,3
4414,CD4_T,control,3
4415,junk_dead,control,3
4416,junk_debris,control,3
4417,junk_debris,control,3
4418,junk_debris,control,3
4419,junk_debris,control,3
4420,Neutrophil,control,3
4421,B,control,3
4422,CD8_T,control,3
4423,junk_debris,control,3
4424,junk_doublet,control,3
4425,CD4_T,control,3
4426,CD4_T,control,3
4427,CD4_T,control,3
4428,junk_doublet,control,3
4429,CD8_T,control,3
4430,junk_dead,control,3
4431,Myeloid,control,3
4432,junk_dead,control,3
4433,junk_noise,control,3
4434,B,control,3
4435,CD8_T,control,3
4436,Myeloid,control,3
4437,junk_dead,control,3
4438,B,control,3
4439,B,control,3
4440,CD4_T,control,3
4441,junk_dead,control,3
4442,junk_debris,control,3
4443,junk_dead,control,3
4444,junk_doublet,control,3
4445,junk_noise,control,3
4446,junk_doublet,control,3
4447,junk_debris,control,3
4448,B,control,3
4449,junk_debris,control,3
4450,junk_dead,control,3
4451,junk_debris,control,3
4452,junk_dead,control,3
4453,CD4_T,control,3
4454,junk_debris,control,3
4455,B,control,3
4456,junk_dead,control,3
4457,junk_doublet,control,3
4458,junk_noise,control,3
4459,junk_noise,control,3
4460,junk_debris,control,3
4461,junk_debris,control,3
4462,Neutrophil,control,3
4463,CD4_T,control,3
4464,Neutrophil,control,3
4465,junk_debris,control,3
4466,CD8_T,control,3
4467,junk_debris,control,3
4468,junk_doublet,control,3
4469,junk_noise,control,3
4470,junk_debris,control,3
4471,CD8_T,control,3
4472,Myeloid,control,3
4473,junk_debris,control,3
4474,CD8_T,control,3
4475,junk_debris,control,3
4476,junk_debris,control,3
4477,junk_doublet,control,3
4478,junk_doublet,control,3
4479,junk_doublet,control,3
4480,DC,control,3
4481,junk_dead,control,3
4482,junk_noise,control,3
4483,junk_noise,control,3
4484,junk_dead,control,3
4485,junk_dead,control,3
4486,CD4_T,control,3
4487,junk_dead,control,3
4488,CD4_T,control,3
4489,junk_dead,control,3
4490,NK,control,3
4491,junk_doublet,control,3
4492,junk_debris,control,3
4493,Myeloid,control,3
4494,junk_doublet,control,3
4495,B,control,3
4496,junk_dead,control,3
4497,Neutrophil,control,3
4498,junk_noise,control,3
4499,junk_noise,control,3
4500,junk_debris,control,3
4501,junk_doublet,control,3
4502,Myeloid,control,3
4503,junk_debris,control,3
4504,junk_dead,control,3
4505,Myeloid,control,3
4506,junk_doublet,control,3
4507,junk_doublet,control,3
4508,Myeloid,control,3
4509,junk_noise,control,3
4510,B,control,3
4511,junk_debris,control,3
4512,B,control,3
4513,Neutrophil,control,3
4514,CD4_T,control,3
4515,junk_debris,control,3
4516,Myeloid,control,3
4517,NK,control,3
4518,junk_debris,control,3
4519,junk_noise,control,3
4520,junk_doublet,control,3
4521,junk_doublet,control,3
4522,Neutrophil,control,3
4523,junk_debris,control,3
4524,junk_doublet,control,3
4525,junk_doublet,control,3
4526,junk_debris,control,3
4527,junk_noise,control,3
4528,junk_debris,control,3
4529,junk_doublet,control,3
4530,junk_debris,control,3
4531,junk_doublet,control,3
4532,junk_dead,control,3
4533,junk_debris,control,3
4534,CD8_T,control,3
4535,junk_dead,control,3
4536,junk_debris,control,3
4537,junk_doublet,control,3
4538,CD4_T,control,3
4539,Myeloid,control,3
4540,junk_noise,control,3
4541,junk_doublet,control,3
4542,junk_debris,control,3
4543,CD8_T,control,3
4544,Myeloid,control,3
4545,junk_noise,control,3
4546,junk_dead,control,3
4547,junk_debris,control,3
4548,junk_dead,control,3
4549,junk_debris,control,3
4550,junk_noise,control,3
4551,junk_dead,control,3
4552,CD4_T,control,3
4553,junk_doublet,control,3
4554,NK,control,3
4555,junk_noise,control,3
4556,junk_dead,control,3
4557,B,control,3
4558,B,control,3
4559,junk_doublet,control,3
4560,NK,control,3
4561,junk_dead,control,3
4562,Myeloid,control,3
4563,junk_noise,control,3
4564,junk_debris,control,3
4565,junk_doublet,control,3
4566,CD8_T,control,3
4567,junk_noise,control,3
4568,junk_doublet,control,3
4569,junk_doublet,control,3
4570,junk_noise,control,3
4571,junk_debris,control,3
4572,junk_debris,control,3
4573,junk_debris,control,3
4574,junk_noise,control,3
4575,junk_noise,control,3
4576,Neutrophil,control,3
4577,B,control,3
4578,B,control,3
4579,junk_dead,control,3
4580,junk_debris,control,3
4581,junk_debris,control,3
4582,junk_doublet,control,3
4583,CD4_T,control,3
4584,junk_noise,control,3
4585,junk_doublet,control,3
4586,CD4_T,control,3
4587,junk_debris,control,3
4588,junk_dead,control,3
4589,junk_noise,control,3
4590,junk_debris,control,3
4591,junk_dead,control,3
4592,junk_noise,control,3
4593,junk_doublet,control,3
4594,junk_debris,control,3
4595,junk_debris,control,3
4596,junk_doublet,control,3
4597,junk_dead,control,3
4598,Myeloid,control,3
4599,B,control,3
4600,junk_noise,control,3
4601,junk_dead,control,3
4602,CD4_T,control,3
4603,CD4_T,control,3
4604,Myeloid,control,3
4605,Neutrophil,control,3
4606,CD4_T,control,3
4607,junk_noise,control,3
4608,B,control,3
4609,Myeloid,control,3
4610,junk_debris,control,3
4611,junk_debris,control,3
4612,junk_debris,control,3
4613,junk_debris,control,3
4614,junk_doublet,control,3
4615,junk_noise,control,3
4616,junk_debris,control,3
4617,junk_debris,control,3
4618,B,control,3
4619,CD8_T,control,3
4620,junk_dead,control,3
4621,Neutrophil,control,3
4622,junk_noise,control,3
4623,junk_debris,control,3
4624,junk_debris,control,3
4625,junk_dead,control,3
4626,Neutrophil,control,3
4627,junk_doublet,control,3
4628,junk_dead,control,3
4629,junk_noise,control,3
4630,junk_dead,control,3
4631,junk_debris,control,3
4632,junk_debris,control,3
4633,B,control,3
4634,DC,control,3
4635,junk_noise,control,3
4636,junk_doublet,control,3
4637,junk_dead,control,3
4638,B,control,3
4639,junk_doublet,control,3
4640,junk_debris,control,3
4641,CD8_T,control,3
4642,CD4_T,control,3
4643,CD4_T,control,3
4644,junk_debris,control,3
4645,junk_debris,control,3
4646,B,control,3
4647,junk_debris,control,3
4648,Myeloid,control,3
4649,junk_doublet,control,3
4650,junk_noise,control,3
4651,junk_debris,control,3
4652,CD4_T,control,3
4653,junk_doublet,control,3
4654,Neutrophil,control,3
4655,junk_dead,control,3
4656,junk_debris,control,3
4657,NK,control,3
4658,junk_dead,control,3
4659,Neutrophil,control,3
4660,junk_debris,control,3
4661,Neutrophil,control,3
4662,junk_noise,control,3
4663,junk_noise,control,3
4664,junk_dead,control,3
4665,junk_debris,control,3
4666,CD4_T,control,3
4667,junk_dead,control,3
4668,junk_noise,control,3
4669,junk_debris,control,3
4670,junk_noise,control,3
4671,junk_debris,control,3
4672,junk_noise,control,3
4673,B,control,3
4674,junk_debris,control,3
4675,junk_dead,control,3
4676,junk_noise,control,3
4677,Myeloid,control,3
4678,Neutrophil,control,3
4679,junk_noise,control,3
4680,junk_doublet,control,3
4681,DC,control,3
4682,junk_dead,control,3
4683,Neutrophil,control,3
4684,Myeloid,control,3
4685,junk_dead,control,3
4686,junk_debris,control,3
4687,junk_doublet,control,3
4688,CD4_T,control,3
4689,junk_noise,control,3
4690,junk_dead,control,3
4691,junk_debris,control,3
4692,Neutrophil,control,3
4693,junk_dead,control,3
4694,junk_doublet,control,3
4695,junk_debris,control,3
4696,junk_debris,control,3
4697,junk_doublet,control,3
4698,junk_dead,control,3
4699,B,control,3
4700,DC,control,3
4701,junk_debris,control,3
4702,junk_dead,control,3
4703,junk_dead,control,3
4704,CD4_T,control,3
4705,junk_noise,control,3
4706,CD4_T,control,3
4707,junk_debris,control,3
4708,junk_debris,control,3
4709,NK,control,3
4710,NK,control,3
4711,CD8_T,control,3
4712,Myeloid,control,3
4713,junk_noise,control,3
4714,junk_doublet,control,3
4715,junk_debris,control,3
4716,junk_dead,control,3
4717,junk_debris,control,3
4718,junk_debris,control,3
4719,junk_noise,control,3
4720,junk_doublet,control,3
4721,junk_debris,control,3
4722,B,control,3
4723,junk_noise,control,3
4724,B,control,3
4725,junk_debris,control,3
4726,junk_noise,control,3
4727,junk_debris,control,3
4728,Myeloid,control,3
4729,CD4_T,control,3
4730,junk_doublet,control,3
4731,B,control,3
4732,junk_doublet,control,3
4733,Myeloid,control,3
4734,CD4_T,control,3
4735,junk_debris,control,3
4736,junk_dead,control,3
4737,B,control,3
4738,junk_dead,control,3
4739,DC,control,3
4740,junk_debris,control,3
4741,junk_doublet,control,3
4742,junk_dead,control,3
4743,junk_debris,control,3
4744,Myeloid,control,3
4745,junk_doublet,control,3
4746,junk_noise,control,3
4747,CD8_T,control,3
4748,junk_noise,control,3
4749,Neutrophil,control,3
4750,B,control,3
4751,junk_debris,control,3
4752,Neutrophil,control,3
4753,junk_debris,control,3
4754,junk_doublet,control,3
4755,Myeloid,control,3
4756,junk_noise,control,3
4757,junk_dead,control,3
4758,Neutrophil,control,3
4759,junk_doublet,control,3
4760,junk_doublet,control,3
4761,junk_noise,control,3
4762,junk_doublet,control,3
4763,junk_dead,control,3
4764,junk_doublet,control,3
4765,junk_dead,control,3
4766,junk_doublet,control,3
4767,junk_debris,control,3
4768,junk_dead,control,3
4769,Myeloid,control,3
4770,Neutrophil,control,3
4771,junk_debris,control,3
4772,CD8_T,control,3
4773,junk_dead,control,3
4774,Neutrophil,control,3
4775,junk_noise,control,3
4776,junk_noise,control,3
4777,Neutrophil,control,3
4778,CD4_T,control,3
4779,B,control,3
4780,junk_doublet,control,3
4781,B,control,3
4782,B,control,3
4783,B,control,3
4784,junk_debris,control,3
4785,junk_debris,control,3
4786,junk_debris,control,3
4787,Myeloid,control,3
4788,junk_doublet,control,3
4789,DC,control,3
4790,Myeloid,control,3
4791,CD8_T,control,3
4792,junk_debris,control,3
4793,B,control,3
4794,junk_debris,control,3
4795,junk_debris,control,3
4796,junk_noise,control,3
4797,junk_debris,control,3
4798,Myeloid,control,3
4799,junk_noise,control,3
4800,junk_debris,control,3
4801,B,control,3
4802,junk_debris,control,3
4803,CD4_T,control,3
4804,B,control,3
4805,junk_dead,control,3
4806,junk_dead,control,3
4807,CD4_T,control,3
4808,CD4_T,control,3
4809,junk_debris,control,3
4810,B,control,3
4811,junk_debris,control,3
4812,junk_dead,control,3
4813,NK,control,3
4814,junk_debris,control,3
4815,junk_doublet,control,3
4816,junk_doublet,control,3
4817,junk_doublet,control,3
4818,junk_dead,control,3
4819,Myeloid,control,3
4820,junk_doublet,control,3
4821,Neutrophil,control,3
4822,junk_doublet,control,3
4823,junk_debris,control,3
4824,DC,control,3
4825,junk_debris,control,3
4826,NK,control,3
4827,junk_noise,control,3
4828,junk_debris,control,3
4829,junk_doublet,control,3
4830,junk_doublet,control,3
4831,Neutrophil,control,3
4832,junk_debris,control,3
4833,B,control,3
4834,junk_doublet,control,3
4835,NK,control,3
4836,junk_dead,control,3
4837,junk_debris,control,3
4838,junk_debris,control,3
4839,B,control,3
4840,junk_doublet,control,3
4841,B,control,3
4842,junk_dead,control,3
4843,CD4_T,control,3
4844,CD4_T,control,3
4845,junk_debris,control,3
4846,junk_doublet,control,3
4847,Neutrophil,control,3
4848,CD8_T,control,3
4849,junk_doublet,control,3
4850,junk_debris,control,3
4851,junk_debris,control,3
4852,junk_doublet,control,3
4853,CD4_T,control,3
4854,B,control,3
4855,Myeloid,control,3
4856,junk_doublet,control,3
4857,CD4_T,control,3
4858,junk_doublet,control,3
4859,junk_debris,control,3
4860,junk_doublet,control,3
4861,junk_debris,control,3
4862,B,control,3
4863,Neutrophil,control,3
4864,Myeloid,control,3
4865,junk_noise,control,3
4866,junk_dead,control,3
4867,B,control,3
4868,junk_doublet,control,3
4869,junk_dead,control,3
4870,junk_doublet,control,3
4871,CD8_T,control,3
4872,junk_debris,control,3
4873,Myeloid,control,3
4874,junk_debris,control,3
4875,junk_doublet,control,3
4876,junk_debris,control,3
4877,junk_doublet,control,3
4878,B,control,3
4879,B,control,3
4880,junk_doublet,control,3
4881,Myeloid,control,3
4882,junk_noise,control,3
4883,junk_dead,control,3
4884,junk_debris,control,3
4885,junk_debris,control,3
4886,CD8_T,control,3
4887,B,control,3
4888,junk_debris,control,3
4889,junk_debris,control,3
4890,junk_dead,control,3
4891,CD4_T,control,3
4892,junk_debris,control,3
4893,junk_noise,control,3
4894,junk_dead,control,3
4895,B,control,3
4896,junk_noise,control,3
4897,junk_doublet,control,3
4898,junk_dead,control,3
4899,junk_doublet,control,3
4900,junk_debris,control,3
4901,junk_debris,control,3
4902,Neutrophil,control,3
4903,CD4_T,control,3
4904,DC,control,3
4905,B,control,3
4906,junk_debris,control,3
4907,Neutrophil,control,3
4908,junk_debris,control,3
4909,CD4_T,control,3
4910,junk_debris,control,3
4911,junk_debris,control,3
4912,junk_dead,control,3
4913,junk_noise,control,3
4914,Myeloid,control,3
4915,junk_dead,control,3
4916,junk_doublet,control,3
4917,junk_debris,control,3
4918,CD4_T,control,3
4919,junk_debris,control,3
4920,DC,control,3
4921,junk_debris,control,3
4922,junk_dead,control,3
4923,junk_debris,control,3
4924,B,control,3
4925,junk_doublet,control,3
4926,junk_debris,control,3
4927,junk_debris,control,3
4928,junk_debris,control,3
4929,B,control,3
4930,B,control,3
4931,junk_noise,control,3
4932,junk_debris,control,3
4933,B,control,3
4934,junk_doublet,control,3
4935,junk_doublet,control,3
4936,junk_dead,control,3
4937,junk_dead,control,3
4938,junk_debris,control,3
4939,B,control,3
4940,B,control,3
4941,junk_debris,control,3
4942,junk_noise,control,3
4943,junk_dead,control,3
4944,junk_doublet,control,3
4945,junk_doublet,control,3
4946,B,control,3
4947,Myeloid,control,3
4948,CD4_T,control,3
4949,junk_debris,control,3
4950,Neutrophil,control,3
4951,junk_debris,control,3
4952,junk_debris,control,3
4953,Myeloid,control,3
4954,NK,control,3
4955,B,control,3
4956,Myeloid,control,3
4957,junk_dead,control,3
4958,junk_doublet,control,3
4959,junk_doublet,control,3
4960,junk_dead,control,3
4961,CD4_T,control,3
4962,Neutrophil,control,3
4963,junk_debris,control,3
4964,Myeloid,control,3
4965,junk_debris,control,3
4966,junk_doublet,control,3
4967,junk_dead,control,3
4968,junk_debris,control,3
4969,junk_dead,control,3
4970,junk_debris,control,3
4971,junk_debris,control,3
4972,junk_dead,control,3
4973,junk_dead,control,3
4974,B,control,3
4975,Neutrophil,control,3
4976,junk_noise,control,3
4977,Neutrophil,control,3
4978,junk_debris,control,3
4979,DC,control,3
4980,Neutrophil,control,3
4981,junk_debris,control,3
4982,CD4_T,control,3
4983,CD4_T,control,3
4984,junk_doublet,control,3
4985,junk_debris,control,3
4986,junk_debris,control,3
4987,B,control,3
4988,junk_doublet,control,3
4989,junk_doublet,control,3
4990,junk_doublet,control,3
4991,Myeloid,control,3
4992,junk_debris,control,3
4993,Myeloid,control,3
4994,junk_dead,control,3
4995,junk_debris,control,3
4996,junk_noise,control,3
4997,junk_debris,control,3
4998,junk_doublet,control,3
4999,junk_doublet,control,3
