event_index,true_population,condition,replicate
0,junk_debris,treatment,4
1,junk_debris,treatment,4
2,junk_debris,treatment,4
3,CD4_T,treatment,4
4,junk_doublet,treatment,4
5,junk_doublet,treatment,4
6,junk_debris,treatment,4
7,junk_doublet,treatment,4
8,junk_doublet,treatment,4
9,junk_dead,treatment,4
10,CD8_T,treatment,4
11,junk_doublet,treatment,4
12,CD8_T,treatment,4
13,junk_dead,treatment,4
14,Neutrophil,treatment,4
15,DC,treatment,4
16,junk_dead,treatment,4
17,Myeloid,treatment,4
18,junk_debris,treatment,4
19,B,treatment,4
20,junk_doublet,treatment,4
21,CD4_T,treatment,4
22,junk_doublet,treatment,4
23,Neutrophil,treatment,4
24,junk_debris,treatment,4
25,Neutrophil,treatment,4
26,junk_dead,treatment,4
27,CD4_T,treatment,4
28,junk_debris,treatment,4
29,junk_doublet,treatment,4
30,junk_dead,treatment,4
31,junk_doublet,treatment,4
32,junk_noise,treatment,4
33,junk_debris,treatment,4
34,Myeloid,treatment,4
35,junk_doublet,treatment,4
36,junk_doublet,treatment,4
37,B,treatment,4
38,junk_dead,treatment,4
39,B,treatment,4
40,junk_noise,treatment,4
41,junk_noise,treatment,4
42,junk_dead,treatment,4
43,junk_debris,treatment,4
44,junk_doublet,treatment,4
45,Myeloid,treatment,4
46,CD8_T,treatment,4
47,junk_dead,treatment,4
48,junk_dead,treatment,4
49,junk_debris,treatment,4
50,junk_debris,treatment,4
51,B,treatment,4
52,junk_debris,treatment,4
53,junk_debris,treatment,4
54,junk_doublet,treatment,4
55,junk_dead,treatment,4
56,Myeloid,treatment,4
57,B,treatment,4
58,junk_dead,treatment,4
59,junk_dead,treatment,4
60,junk_doublet,treatment,4
61,Myeloid,treatment,4
62,junk_debris,treatment,4
63,junk_noise,treatment,4
64,Myeloid,treatment,4
65,junk_debris,treatment,4
66,junk_doublet,treatment,4
67,CD4_T,treatment,4
68,junk_dead,treatment,4
69,Myeloid,treatment,4
70,Myeloid,treatment,4
71,junk_doublet,treatment,4
72,junk_doublet,treatment,4
73,junk_noise,treatment,4
74,junk_noise,treatment,4
75,junk_debris,treatment,4
76,junk_dead,treatment,4
77,CD4_T,treatment,4
78,Neutrophil,treatment,4
79,CD4_T,treatment,4
80,junk_debris,treatment,4
81,junk_noise,treatment,4
82,junk_doublet,treatment,4
83,junk_debris,treatment,4
84,junk_noise,treatment,4
85,junk_doublet,treatment,4
86,Myeloid,treatment,4
87,B,treatment,4
88,junk_doublet,treatment,4
89,B,treatment,4
90,junk_debris,treatment,4
91,junk_dead,treatment,4
92,junk_doublet,treatment,4
93,junk_debris,treatment,4
94,junk_dead,treatment,4
95,junk_doublet,treatment,4
96,junk_debris,treatment,4
97,Myeloid,treatment,4
98,junk_debris,treatment,4
99,junk_doublet,treatment,4
100,Myeloid,treatment,4
101,junk_doublet,treatment,4
102,junk_doublet,treatment,4
103,B,treatment,4
104,CD8_T,treatment,4
105,junk_doublet,treatment,4
106,junk_dead,treatment,4
107,junk_debris,treatment,4
108,junk_doublet,treatment,4
109,junk_debris,treatment,4
110,Neutrophil,treatment,4
111,junk_dead,treatment,4
112,DC,treatment,4
113,CD4_T,treatment,4
114,CD4_T,treatment,4
115,junk_dead,treatment,4
116,junk_debris,treatment,4
117,junk_debris,treatment,4
118,B,treatment,4
119,junk_debris,treatment,4
120,junk_noise,treatment,4
121,junk_dead,treatment,4
122,junk_dead,treatment,4
123,junk_debris,treatment,4
124,Neutrophil,treatment,4
125,DC,treatment,4
126,junk_debris,treatment,4
127,B,treatment,4
128,junk_dead,treatment,4
129,junk_dead,treatment,4
130,CD4_T,treatment,4
131,CD8_T,treatment,4
132,junk_debris,treatment,4
133,junk_debris,treatment,4
134,Myeloid,treatment,4
135,CD8_T,treatment,4
136,junk_dead,treatment,4
137,junk_doublet,treatment,4
138,junk_debris,treatment,4
139,junk_noise,treatment,4
140,Myeloid,treatment,4
141,Myeloid,treatment,4
142,junk_noise,treatment,4
143,junk_debris,treatment,4
144,junk_debris,treatment,4
145,junk_dead,treatment,4
146,junk_debris,treatment,4
147,B,treatment,4
148,junk_noise,treatment,4
149,CD4_T,treatment,4
150,junk_debris,treatment,4
151,junk_dead,treatment,4
152,CD8_T,treatment,4
153,junk_debris,treatment,4
154,junk_doublet,treatment,4
155,junk_debris,treatment,4
156,junk_debris,treatment,4
157,junk_doublet,treatment,4
158,junk_dead,treatment,4
159,junk_doublet,treatment,4
160,CD8_T,treatment,4
161,CD4_T,treatment,4
162,B,treatment,4
163,junk_noise,treatment,4
164,junk_dead,treatment,4
165,Myeloid,treatment,4
166,junk_dead,treatment,4
167,CD4_T,treatment,4
168,B,treatment,4
169,junk_noise,treatment,4
170,junk_debris,treatment,4
171,Neutrophil,treatment,4
172,junk_debris,treatment,4
173,junk_debris,treatment,4
174,CD8_T,treatment,4
175,junk_debris,treatment,4
176,junk_doublet,treatment,4
177,junk_doublet,treatment,4
178,junk_noise,treatment,4
179,junk_noise,treatment,4
180,DC,treatment,4
181,Neutrophil,treatment,4
182,junk_debris,treatment,4
183,junk_dead,treatment,4
184,junk_noise,treatment,4
185,junk_dead,treatment,4
186,CD4_T,treatment,4
187,junk_doublet,treatment,4
188,junk_debris,treatment,4
189,junk_doublet,treatment,4
190,junk_noise,treatment,4
191,B,treatment,4
192,Myeloid,treatment,4
193,CD4_T,treatment,4
194,junk_debris,treatment,4
195,junk_doublet,treatment,4
196,junk_dead,treatment,4
197,junk_noise,treatment,4
198,junk_noise,treatment,4
199,junk_dead,treatment,4
200,CD8_T,treatment,4
201,junk_debris,treatment,4
202,Myeloid,treatment,4
203,junk_noise,treatment,4
204,junk_doublet,treatment,4
205,junk_debris,treatment,4
206,CD4_T,treatment,4
207,Myeloid,treatment,4
208,junk_doublet,treatment,4
209,junk_debris,treatment,4
210,CD4_T,treatment,4
211,junk_noise,treatment,4
212,junk_dead,treatment,4
213,Myeloid,treatment,4
214,junk_noise,treatment,4
215,junk_doublet,treatment,4
216,B,treatment,4
217,junk_noise,treatment,4
218,CD4_T,treatment,4
219,Neutrophil,treatment,4
220,junk_dead,treatment,4
221,Neutrophil,treatment,4
222,CD4_T,treatment,4
223,CD8_T,treatment,4
224,CD4_T,treatment,4
225,junk_noise,treatment,4
226,junk_debris,treatment,4
227,junk_debris,treatment,4
228,junk_debris,treatment,4
229,junk_doublet,treatment,4
230,junk_debris,treatment,4
231,junk_doublet,treatment,4
232,junk_doublet,treatment,4
233,junk_dead,treatment,4
234,CD4_T,treatment,4
235,junk_doublet,treatment,4
236,junk_debris,treatment,4
237,junk_doublet,treatment,4
238,junk_debris,treatment,4
239,junk_dead,treatment,4
240,Myeloid,treatment,4
241,junk_noise,treatment,4
242,junk_noise,treatment,4
243,junk_dead,treatment,4
244,junk_debris,treatment,4
245,junk_debris,treatment,4
246,CD4_T,treatment,4
247,junk_dead,treatment,4
248,Myeloid,treatment,4
249,CD4_T,treatment,4
250,B,treatment,4
251,junk_dead,treatment,4
252,junk_noise,treatment,4
253,junk_debris,treatment,4
254,Myeloid,treatment,4
255,junk_doublet,treatment,4
256,B,treatment,4
257,junk_debris,treatment,4
258,junk_debris,treatment,4
259,junk_debris,treatment,4
260,junk_noise,treatment,4
261,CD4_T,treatment,4
262,junk_debris,treatment,4
263,junk_dead,treatment,4
264,junk_doublet,treatment,4
265,junk_debris,treatment,4
266,junk_dead,treatment,4
267,Myeloid,treatment,4
268,B,treatment,4
269,junk_debris,treatment,4
270,junk_doublet,treatment,4
271,Myeloid,treatment,4
272,junk_doublet,treatment,4
273,junk_debris,treatment,4
274,Myeloid,treatment,4
275,junk_debris,treatment,4
276,junk_debris,treatment,4
277,junk_debris,treatment,4
278,CD4_T,treatment,4
279,junk_debris,treatment,4
280,Neutrophil,treatment,4
281,junk_doublet,treatment,4
282,junk_dead,treatment,4
283,junk_dead,treatment,4
284,junk_dead,treatment,4
285,junk_dead,treatment,4
286,junk_doublet,treatment,4
287,CD8_T,treatment,4
288,CD8_T,treatment,4
289,junk_dead,treatment,4
290,B,treatment,4
291,B,treatment,4
292,Neutrophil,treatment,4
293,junk_doublet,treatment,4
294,CD4_T,treatment,4
295,junk_doublet,treatment,4
296,junk_doublet,treatment,4
297,junk_debris,treatment,4
298,junk_debris,treatment,4
299,junk_doublet,treatment,4
300,CD4_T,treatment,4
301,junk_debris,treatment,4
302,junk_debris,treatment,4
303,CD8_T,treatment,4
304,junk_noise,treatment,4
305,junk_debris,treatment,4
306,junk_doublet,treatment,4
307,junk_dead,treatment,4
308,B,treatment,4
309,junk_debris,treatment,4
310,junk_doublet,treatment,4
311,B,treatment,4
312,junk_dead,treatment,4
313,Neutrophil,treatment,4
314,junk_doublet,treatment,4
315,CD8_T,treatment,4
316,junk_debris,treatment,4
317,junk_debris,treatment,4
318,junk_debris,treatment,4
319,Myeloid,treatment,4
320,B,treatment,4
321,CD8_T,treatment,4
322,junk_debris,treatment,4
323,junk_dead,treatment,4
324,Neutrophil,treatment,4
325,CD8_T,treatment,4
326,junk_debris,treatment,4
327,junk_debris,treatment,4
328,Neutrophil,treatment,4
329,junk_doublet,treatment,4
330,junk_debris,treatment,4
331,junk_doublet,treatment,4
332,B,treatment,4
333,junk_noise,treatment,4
334,junk_dead,treatment,4
335,junk_debris,treatment,4
336,junk_doublet,treatment,4
337,junk_debris,treatment,4
338,CD4_T,treatment,4
339,junk_dead,treatment,4
340,junk_doublet,treatment,4
341,CD8_T,treatment,4
342,junk_dead,treatment,4
343,junk_dead,treatment,4
344,junk_dead,treatment,4
345,B,treatment,4
346,DC,treatment,4
347,junk_debris,treatment,4
348,junk_dead,treatment,4
349,junk_debris,treatment,4
350,junk_debris,treatment,4
351,CD8_T,treatment,4
352,NK,treatment,4
353,junk_noise,treatment,4
354,Neutrophil,treatment,4
355,Myeloid,treatment,4
356,junk_debris,treatment,4
357,B,treatment,4
358,B,treatment,4
359,junk_doublet,treatment,4
360,junk_debris,treatment,4
361,junk_debris,treatment,4
362,CD8_T,treatment,4
363,NK,treatment,4
364,junk_doublet,treatment,4
365,CD8_T,treatment,4
366,junk_dead,treatment,4
367,junk_debris,treatment,4
368,Myeloid,treatment,4
369,B,treatment,4
370,junk_doublet,treatment,4
371,B,treatment,4
372,junk_noise,treatment,4
373,junk_doublet,treatment,4
374,CD4_T,treatment,4
375,junk_debris,treatment,4
376,CD8_T,treatment,4
377,junk_doublet,treatment,4
378,junk_dead,treatment,4
379,junk_doublet,treatment,4
380,B,treatment,4
381,Neutrophil,treatment,4
382,B,treatment,4
383,B,treatment,4
384,junk_debris,treatment,4
385,junk_doublet,treatment,4
386,junk_debris,treatment,4
387,junk_dead,treatment,4
388,Myeloid,treatment,4
389,Myeloid,treatment,4
390,Myeloid,treatment,4
391,junk_dead,treatment,4
392,CD4_T,treatment,4
393,junk_dead,treatment,4
394,junk_debris,treatment,4
395,CD4_T,treatment,4
396,junk_dead,treatment,4
397,CD8_T,treatment,4
398,Myeloid,treatment,4
399,CD4_T,treatment,4
400,junk_noise,treatment,4
401,Myeloid,treatment,4
402,Neutrophil,treatment,4
403,junk_debris,treatment,4
404,junk_debris,treatment,4
405,Neutrophil,treatment,4
406,DC,treatment,4
407,B,treatment,4
408,junk_debris,treatment,4
409,junk_doublet,treatment,4
410,junk_debris,treatment,4
411,junk_doublet,treatment,4
412,Myeloid,treatment,4
413,CD8_T,treatment,4
414,B,treatment,4
415,NK,treatment,4
416,Neutrophil,treatment,4
417,junk_debris,treatment,4
418,junk_debris,treatment,4
419,Neutrophil,treatment,4
420,junk_debris,treatment,4
421,B,treatment,4
422,junk_debris,treatment,4
423,junk_dead,treatment,4
424,junk_noise,treatment,4
425,junk_noise,treatment,4
426,junk_debris,treatment,4
427,junk_dead,treatment,4
428,junk_doublet,treatment,4
429,junk_dead,treatment,4
430,junk_debris,treatment,4
431,junk_dead,treatment,4
432,junk_dead,treatment,4
433,junk_dead,treatment,4
434,junk_dead,treatment,4
435,junk_dead,treatment,4
436,B,treatment,4
437,junk_debris,treatment,4
438,junk_debris,treatment,4
439,junk_doublet,treatment,4
440,junk_doublet,treatment,4
441,Myeloid,treatment,4
442,junk_doublet,treatment,4
443,junk_debris,treatment,4
444,junk_dead,treatment,4
445,junk_doublet,treatment,4
446,B,treatment,4
447,B,treatment,4
448,junk_debris,treatment,4
449,CD4_T,treatment,4
450,junk_debris,treatment,4
451,junk_doublet,treatment,4
452,junk_debris,treatment,4
453,junk_noise,treatment,4
454,CD4_T,treatment,4
455,junk_debris,treatment,4
456,junk_dead,treatment,4
457,junk_debris,treatment,4
458,CD8_T,treatment,4
459,junk_debris,treatment,4
460,junk_doublet,treatment,4
461,B,treatment,4
462,junk_dead,treatment,4
463,B,treatment,4
464,CD8_T,treatment,4
465,junk_debris,treatment,4
466,junk_dead,treatment,4
467,junk_doublet,treatment,4
468,CD4_T,treatment,4
469,junk_dead,treatment,4
470,junk_noise,treatment,4
471,Neutrophil,treatment,4
472,junk_doublet,treatment,4
473,junk_doublet,treatment,4
474,CD8_T,treatment,4
475,junk_noise,treatment,4
476,CD8_T,treatment,4
477,Myeloid,treatment,4
478,Neutrophil,treatment,4
479,junk_dead,treatment,4
480,Myeloid,treatment,4
481,junk_debris,treatment,4
482,junk_noise,treatment,4
483,junk_doublet,treatment,4
484,junk_debris,treatment,4
485,junk_debris,treatment,4
486,junk_debris,treatment,4
487,junk_dead,treatment,4
488,B,treatment,4
489,CD8_T,treatment,4
490,CD4_T,treatment,4
491,CD4_T,treatment,4
492,junk_debris,treatment,4
493,CD8_T,treatment,4
494,junk_dead,treatment,4
495,Neutrophil,treatment,4
496,junk_debris,treatment,4
497,junk_noise,treatment,4
498,B,treatment,4
499,B,treatment,4
500,junk_debris,treatment,4
501,Myeloid,treatment,4
502,CD4_T,treatment,4
503,junk_debris,treatment,4
504,DC,treatment,4
505,CD4_T,treatment,4
506,junk_dead,treatment,4
507,junk_noise,treatment,4
508,junk_doublet,treatment,4
509,Myeloid,treatment,4
510,junk_dead,treatment,4
511,DC,treatment,4
512,junk_debris,treatment,4
513,CD8_T,treatment,4
514,junk_noise,treatment,4
515,junk_debris,treatment,4
516,junk_debris,treatment,4
517,B,treatment,4
518,junk_noise,treatment,4
519,junk_noise,treatment,4
520,junk_debris,treatment,4
521,Myeloid,treatment,4
522,Myeloid,treatment,4
523,Myeloid,treatment,4
524,junk_noise,treatment,4
525,junk_noise,treatment,4
526,junk_dead,treatment,4
527,Myeloid,treatment,4
528,junk_doublet,treatment,4
529,junk_dead,treatment,4
530,junk_debris,treatment,4
531,junk_debris,treatment,4
532,junk_debris,treatment,4
533,B,treatment,4
534,junk_debris,treatment,4
535,junk_debris,treatment,4
536,junk_dead,treatment,4
537,B,treatment,4
538,CD8_T,treatment,4
539,Myeloid,treatment,4
540,B,treatment,4
541,Myeloid,treatment,4
542,junk_doublet,treatment,4
543,junk_debris,treatment,4
544,junk_debris,treatment,4
545,junk_debris,treatment,4
546,junk_noise,treatment,4
547,junk_debris,treatment,4
548,Myeloid,treatment,4
549,Myeloid,treatment,4
550,junk_debris,treatment,4
551,junk_dead,treatment,4
552,junk_debris,treatment,4
553,Myeloid,treatment,4
554,junk_noise,treatment,4
555,junk_doublet,treatment,4
556,CD4_T,treatment,4
557,junk_dead,treatment,4
558,Myeloid,treatment,4
559,B,treatment,4
560,junk_debris,treatment,4
561,CD8_T,treatment,4
562,junk_doublet,treatment,4
563,junk_doublet,treatment,4
564,junk_debris,treatment,4
565,junk_debris,treatment,4
566,junk_dead,treatment,4
567,junk_debris,treatment,4
568,junk_doublet,treatment,4
569,B,treatment,4
570,junk_debris,treatment,4
571,junk_debris,treatment,4
572,junk_doublet,treatment,4
573,B,treatment,4
574,CD4_T,treatment,4
575,B,treatment,4
576,Myeloid,treatment,4
577,junk_dead,treatment,4
578,junk_debris,treatment,4
579,junk_dead,treatment,4
580,junk_noise,treatment,4
581,junk_dead,treatment,4
582,junk_debris,treatment,4
583,junk_dead,treatment,4
584,junk_doublet,treatment,4
585,junk_dead,treatment,4
586,junk_dead,treatment,4
587,junk_debris,treatment,4
588,CD4_T,treatment,4
589,junk_debris,treatment,4
590,CD4_T,treatment,4
591,junk_dead,treatment,4
592,junk_noise,treatment,4
593,junk_doublet,treatment,4
594,junk_debris,treatment,4
595,junk_dead,treatment,4
596,junk_dead,treatment,4
597,B,treatment,4
598,CD4_T,treatment,4
599,junk_debris,treatment,4
600,Neutrophil,treatment,4
601,CD4_T,treatment,4
602,junk_noise,treatment,4
603,junk_noise,treatment,4
604,Myeloid,treatment,4
605,junk_debris,treatment,4
606,junk_doublet,treatment,4
607,junk_debris,treatment,4
608,B,treatment,4
609,junk_debris,treatment,4
610,junk_debris,treatment,4
611,junk_debris,treatment,4
612,junk_doublet,treatment,4
613,junk_debris,treatment,4
614,junk_debris,treatment,4
615,junk_dead,treatment,4
616,CD4_T,treatment,4
617,CD4_T,treatment,4
618,junk_noise,treatment,4
619,Neutrophil,treatment,4
620,junk_doublet,treatment,4
621,junk_debris,treatment,4
622,CD4_T,treatment,4
623,CD8_T,treatment,4
624,junk_debris,treatment,4
625,B,treatment,4
626,junk_debris,treatment,4
627,junk_doublet,treatment,4
628,junk_debris,treatment,4
629,CD8_T,treatment,4
630,CD4_T,treatment,4
631,Neutrophil,treatment,4
632,junk_noise,treatment,4
633,B,treatment,4
634,junk_debris,treatment,4
635,CD4_T,treatment,4
636,junk_dead,treatment,4
637,junk_noise,treatment,4
638,junk_noise,treatment,4
639,Myeloid,treatment,4
640,B,treatment,4
641,CD4_T,treatment,4
642,junk_dead,treatment,4
643,junk_doublet,treatment,4
644,junk_noise,treatment,4
645,B,treatment,4
646,junk_noise,treatment,4
647,CD8_T,treatment,4
648,Myeloid,treatment,4
649,junk_dead,treatment,4
650,junk_dead,treatment,4
651,junk_doublet,treatment,4
652,B,treatment,4
653,junk_doublet,treatment,4
654,junk_debris,treatment,4
655,junk_debris,treatment,4
656,junk_debris,treatment,4
657,B,treatment,4
658,junk_noise,treatment,4
659,CD4_T,treatment,4
660,junk_debris,treatment,4
661,DC,treatment,4
662,junk_dead,treatment,4
663,junk_doublet,treatment,4
664,junk_debris,treatment,4
665,junk_doublet,treatment,4
666,junk_doublet,treatment,4
667,junk_noise,treatment,4
668,CD8_T,treatment,4
669,B,treatment,4
670,junk_debris,treatment,4
671,Myeloid,treatment,4
672,Myeloid,treatment,4
673,junk_dead,treatment,4
674,Neutrophil,treatment,4
675,junk_debris,treatment,4
676,CD4_T,treatment,4
677,junk_debris,treatment,4
678,B,treatment,4
679,B,treatment,4
680,Neutrophil,treatment,4
681,junk_debris,treatment,4
682,junk_debris,treatment,4
683,junk_dead,treatment,4
684,junk_debris,treatment,4
685,junk_doublet,treatment,4
686,CD4_T,treatment,4
687,B,treatment,4
688,junk_dead,treatment,4
689,junk_noise,treatment,4
690,Neutrophil,treatment,4
691,junk_noise,treatment,4
692,Myeloid,treatment,4
693,junk_dead,treatment,4
694,junk_noise,treatment,4
695,junk_debris,treatment,4
696,junk_doublet,treatment,4
697,junk_noise,treatment,4
698,junk_noise,treatment,4
699,CD4_T,treatment,4
700,junk_doublet,treatment,4
701,junk_debris,treatment,4
702,junk_dead,treatment,4
703,junk_debris,treatment,4
704,junk_debris,treatment,4
705,junk_debris,treatment,4
706,Myeloid,treatment,4
707,junk_doublet,treatment,4
708,junk_noise,treatment,4
709,junk_debris,treatment,4
710,Neutrophil,treatment,4
711,junk_doublet,treatment,4
712,Myeloid,treatment,4
713,junk_doublet,treatment,4
714,Myeloid,treatment,4
715,junk_dead,treatment,4
716,junk_doublet,treatment,4
717,junk_dead,treatment,4
718,DC,treatment,4
719,junk_doublet,treatment,4
720,junk_doublet,treatment,4
721,CD8_T,treatment,4
722,junk_doublet,treatment,4
723,junk_doublet,treatment,4
724,junk_debris,treatment,4
725,junk_dead,treatment,4
726,CD4_T,treatment,4
727,Myeloid,treatment,4
728,junk_doublet,treatment,4
729,B,treatment,4
730,B,treatment,4
731,CD8_T,treatment,4
732,B,treatment,4
733,CD4_T,treatment,4
734,junk_debris,treatment,4
735,Neutrophil,treatment,4
736,junk_noise,treatment,4
737,junk_noise,treatment,4
738,CD8_T,treatment,4
739,junk_dead,treatment,4
740,junk_debris,treatment,4
741,junk_doublet,treatment,4
742,junk_dead,treatment,4
743,CD8_T,treatment,4
744,Myeloid,treatment,4
745,CD4_T,treatment,4
746,NK,treatment,4
747,B,treatment,4
748,junk_dead,treatment,4
749,CD4_T,treatment,4
750,junk_noise,treatment,4
751,junk_doublet,treatment,4
752,CD4_T,treatment,4
753,CD4_T,treatment,4
754,junk_dead,treatment,4
755,junk_doublet,treatment,4
756,CD4_T,treatment,4
757,junk_dead,treatment,4
758,junk_dead,treatment,4
759,junk_doublet,treatment,4
760,junk_noise,treatment,4
761,junk_doublet,treatment,4
762,CD4_T,treatment,4
763,junk_dead,treatment,4
764,junk_debris,treatment,4
765,junk_dead,treatment,4
766,junk_dead,treatment,4
767,junk_dead,treatment,4
768,B,treatment,4
769,junk_debris,treatment,4
770,B,treatment,4
771,junk_debris,treatment,4
772,B,treatment,4
773,junk_debris,treatment,4
774,junk_debris,treatment,4
775,junk_dead,treatment,4
776,junk_debris,treatment,4
777,junk_debris,treatment,4
778,junk_debris,treatment,4
779,CD8_T,treatment,4
780,Neutrophil,treatment,4
781,junk_debris,treatment,4
782,junk_debris,treatment,4
783,B,treatment,4
784,junk_noise,treatment,4
785,junk_dead,treatment,4
786,junk_noise,treatment,4
787,CD8_T,treatment,4
788,junk_dead,treatment,4
789,junk_debris,treatment,4
790,Neutrophil,treatment,4
791,junk_doublet,treatment,4
792,junk_dead,treatment,4
793,CD8_T,treatment,4
794,junk_dead,treatment,4
795,junk_doublet,treatment,4
796,junk_doublet,treatment,4
797,B,treatment,4
798,B,treatment,4
799,junk_noise,treatment,4
800,junk_doublet,treatment,4
801,junk_debris,treatment,4
802,junk_debris,treatment,4
803,Myeloid,treatment,4
804,junk_debris,treatment,4
805,junk_debris,treatment,4
806,junk_debris,treatment,4
807,junk_doublet,treatment,4
808,junk_debris,treatment,4
809,junk_dead,treatment,4
810,junk_debris,treatment,4
811,junk_dead,treatment,4
812,junk_doublet,treatment,4
813,junk_debris,treatment,4
814,B,treatment,4
815,junk_noise,treatment,4
816,CD4_T,treatment,4
817,junk_doublet,treatment,4
818,CD4_T,treatment,4
819,junk_debris,treatment,4
820,junk_debris,treatment,4
821,junk_debris,treatment,4
822,junk_debris,treatment,4
823,Myeloid,treatment,4
824,junk_noise,treatment,4
825,Myeloid,treatment,4
826,junk_noise,treatment,4
827,junk_noise,treatment,4
828,NK,treatment,4
829,CD4_T,treatment,4
830,Neutrophil,treatment,4
831,Myeloid,treatment,4
832,junk_doublet,treatment,4
833,junk_noise,treatment,4
834,junk_dead,treatment,4
835,junk_dead,treatment,4
836,junk_noise,treatment,4
837,B,treatment,4
838,junk_debris,treatment,4
839,junk_debris,treatment,4
840,B,treatment,4
841,junk_doublet,treatment,4
842,junk_noise,treatment,4
843,B,treatment,4
844,junk_noise,treatment,4
845,junk_debris,treatment,4
846,junk_noise,treatment,4
847,B,treatment,4
848,junk_debris,treatment,4
849,B,treatment,4
850,junk_doublet,treatment,4
851,junk_debris,treatment,4
852,junk_noise,treatment,4
853,junk_dead,treatment,4
854,junk_doublet,treatment,4
855,junk_debris,treatment,4
856,junk_doublet,treatment,4
857,junk_dead,treatment,4
858,junk_dead,treatment,4
859,junk_doublet,treatment,4
860,junk_doublet,treatment,4
861,junk_dead,treatment,4
862,junk_dead,treatment,4
863,junk_noise,treatment,4
864,B,treatment,4
865,junk_doublet,treatment,4
866,junk_debris,treatment,4
867,CD4_T,treatment,4
868,junk_debris,treatment,4
869,Neutrophil,treatment,4
870,Neutrophil,treatment,4
871,junk_doublet,treatment,4
872,junk_dead,treatment,4
873,junk_dead,treatment,4
874,junk_noise,treatment,4
875,junk_doublet,treatment,4
876,Myeloid,treatment,4
877,junk_debris,treatment,4
878,CD8_T,treatment,4
879,CD4_T,treatment,4
880,junk_noise,treatment,4
881,junk_debris,treatment,4
882,Myeloid,treatment,4
883,junk_noise,treatment,4
884,Neutrophil,treatment,4
885,junk_noise,treatment,4
886,junk_noise,treatment,4
887,junk_doublet,treatment,4
888,junk_debris,treatment,4
889,junk_debris,treatment,4
890,NK,treatment,4
891,DC,treatment,4
892,B,treatment,4
893,B,treatment,4
894,junk_doublet,treatment,4
895,junk_doublet,treatment,4
896,junk_dead,treatment,4
897,junk_noise,treatment,4
898,Neutrophil,treatment,4
899,junk_debris,treatment,4
900,junk_doublet,treatment,4
901,junk_noise,treatment,4
902,CD8_T,treatment,4
903,junk_debris,treatment,4
904,CD8_T,treatment,4
905,junk_debris,treatment,4
906,junk_debris,treatment,4
907,junk_noise,treatment,4
908,junk_noise,treatment,4
909,junk_noise,treatment,4
910,junk_doublet,treatment,4
911,junk_debris,treatment,4
912,CD4_T,treatment,4
913,junk_debris,treatment,4
914,junk_debris,treatment,4
915,B,treatment,4
916,Myeloid,treatment,4
917,junk_noise,treatment,4
918,NK,treatment,4
919,CD4_T,treatment,4
920,Myeloid,treatment,4
921,junk_debris,treatment,4
922,junk_debris,treatment,4
923,junk_dead,treatment,4
924,junk_dead,treatment,4
925,junk_debris,treatment,4
926,Neutrophil,treatment,4
927,junk_doublet,treatment,4
928,junk_dead,treatment,4
929,junk_debris,treatment,4
930,junk_debris,treatment,4
931,junk_debris,treatment,4
932,DC,treatment,4
933,junk_debris,treatment,4
934,junk_noise,treatment,4
935,B,treatment,4
936,B,treatment,4
937,junk_doublet,treatment,4
938,Myeloid,treatment,4
939,junk_debris,treatment,4
940,junk_dead,treatment,4
941,junk_debris,treatment,4
942,junk_debris,treatment,4
943,junk_debris,treatment,4
944,junk_doublet,treatment,4
945,junk_dead,treatment,4
946,CD4_T,treatment,4
947,junk_dead,treatment,4
948,CD4_T,treatment,4
949,Myeloid,treatment,4
950,junk_debris,treatment,4
951,CD4_T,treatment,4
952,junk_debris,treatment,4
953,NK,treatment,4
954,B,treatment,4
955,Myeloid,treatment,4
956,junk_debris,treatment,4
957,junk_doublet,treatment,4
958,junk_debris,treatment,4
959,junk_debris,treatment,4
960,junk_debris,treatment,4
961,Myeloid,treatment,4
962,Neutrophil,treatment,4
963,B,treatment,4
964,junk_noise,treatment,4
965,B,treatment,4
966,junk_dead,treatment,4
967,junk_doublet,treatment,4
968,CD4_T,treatment,4
969,CD4_T,treatment,4
970,junk_noise,treatment,4
971,Myeloid,treatment,4
972,junk_noise,treatment,4
973,CD4_T,treatment,4
974,DC,treatment,4
975,junk_dead,treatment,4
976,junk_noise,treatment,4
977,junk_doublet,treatment,4
978,junk_doublet,treatment,4
979,junk_debris,treatment,4
980,junk_doublet,treatment,4
981,B,treatment,4
982,Myeloid,treatment,4
983,junk_doublet,treatment,4
984,Neutrophil,treatment,4
985,junk_debris,treatment,4
986,CD4_T,treatment,4
987,junk_dead,treatment,4
988,junk_noise,treatment,4
989,junk_noise,treatment,4
990,junk_doublet,treatment,4
991,junk_noise,treatment,4
992,junk_dead,treatment,4
993,junk_dead,treatment,4
994,B,treatment,4
995,junk_dead,treatment,4
996,junk_debris,treatment,4
997,junk_debris,treatment,4
998,junk_debris,treatment,4
999,junk_doublet,treatment,4
1000,CD4_T,treatment,4
1001,junk_dead,treatment,4
1002,junk_doublet,treatment,4
1003,junk_noise,treatment,4
1004,CD4_T,treatment,4
1005,junk_debris,treatment,4
1006,B,treatment,4
1007,Neutrophil,treatment,4
1008,junk_debris,treatment,4
1009,junk_dead,treatment,4
1010,junk_debris,treatment,4
1011,junk_doublet,treatment,4
1012,junk_dead,treatment,4
1013,CD4_T,treatment,4
1014,DC,treatment,4
1015,CD8_T,treatment,4
1016,junk_debris,treatment,4
1017,junk_debris,treatment,4
1018,junk_debris,treatment,4
1019,CD8_T,treatment,4
1020,junk_dead,treatment,4
1021,Neutrophil,treatment,4
1022,junk_dead,treatment,4
1023,Neutrophil,treatment,4
1024,CD4_T,treatment,4
1025,junk_debris,treatment,4
1026,junk_debris,treatment,4
1027,junk_noise,treatment,4
1028,B,treatment,4
1029,B,treatment,4
1030,junk_doublet,treatment,4
1031,junk_doublet,treatment,4
1032,Neutrophil,treatment,4
1033,DC,treatment,4
1034,B,treatment,4
1035,junk_dead,treatment,4
1036,junk_debris,treatment,4
1037,junk_noise,treatment,4
1038,B,treatment,4
1039,junk_debris,treatment,4
1040,junk_dead,treatment,4
1041,junk_dead,treatment,4
1042,junk_debris,treatment,4
1043,junk_noise,treatment,4
1044,CD4_T,treatment,4
1045,junk_dead,treatment,4
1046,junk_doublet,treatment,4
1047,junk_doublet,treatment,4
1048,junk_noise,treatment,4
1049,junk_noise,treatment,4
1050,junk_debris,treatment,4
1051,Myeloid,treatment,4
1052,B,treatment,4
1053,junk_noise,treatment,4
1054,B,treatment,4
1055,junk_dead,treatment,4
1056,junk_doublet,treatment,4
1057,B,treatment,4
1058,NK,treatment,4
1059,junk_doublet,treatment,4
1060,Neutrophil,treatment,4
1061,junk_debris,treatment,4
1062,junk_dead,treatment,4
1063,junk_debris,treatment,4
1064,junk_doublet,treatment,4
1065,junk_dead,treatment,4
1066,junk_doublet,treatment,4
1067,junk_doublet,treatment,4
1068,Myeloid,treatment,4
1069,junk_debris,treatment,4
1070,B,treatment,4
1071,Myeloid,treatment,4
1072,junk_dead,treatment,4
1073,junk_dead,treatment,4
1074,Myeloid,treatment,4
1075,junk_debris,treatment,4
1076,CD8_T,treatment,4
1077,junk_dead,treatment,4
1078,junk_debris,treatment,4
1079,junk_doublet,treatment,4
1080,CD8_T,treatment,4
1081,junk_debris,treatment,4
1082,NK,treatment,4
1083,DC,treatment,4
1084,Myeloid,treatment,4
1085,junk_noise,treatment,4
1086,CD4_T,treatment,4
1087,junk_doublet,treatment,4
1088,junk_doublet,treatment,4
1089,B,treatment,4
1090,junk_debris,treatment,4
1091,B,treatment,4
1092,CD8_T,treatment,4
1093,Neutrophil,treatment,4
1094,CD4_T,treatment,4
1095,junk_doublet,treatment,4
1096,junk_noise,treatment,4
1097,CD4_T,treatment,4
1098,CD4_T,treatment,4
1099,B,treatment,4
1100,CD4_T,treatment,4
1101,Neutrophil,treatment,4
1102,junk_noise,treatment,4
1103,junk_noise,treatment,4
1104,junk_doublet,treatment,4
1105,junk_debris,treatment,4
1106,B,treatment,4
1107,junk_doublet,treatment,4
1108,junk_dead,treatment,4
1109,junk_noise,treatment,4
1110,Myeloid,treatment,4
1111,CD8_T,treatment,4
1112,junk_debris,treatment,4
1113,junk_dead,treatment,4
1114,CD4_T,treatment,4
1115,junk_dead,treatment,4
1116,junk_debris,treatment,4
1117,B,treatment,4
1118,Myeloid,treatment,4
1119,junk_noise,treatment,4
1120,junk_noise,treatment,4
1121,junk_doublet,treatment,4
1122,CD8_T,treatment,4
1123,Myeloid,treatment,4
1124,Myeloid,treatment,4
1125,CD8_T,treatment,4
1126,junk_debris,treatment,4
1127,junk_noise,treatment,4
1128,junk_doublet,treatment,4
1129,B,treatment,4
1130,B,treatment,4
1131,junk_debris,treatment,4
1132,junk_dead,treatment,4
1133,junk_noise,treatment,4
1134,CD4_T,treatment,4
1135,CD4_T,treatment,4
1136,junk_doublet,treatment,4
1137,junk_doublet,treatment,4
1138,junk_debris,treatment,4
1139,CD4_T,treatment,4
1140,CD4_T,treatment,4
1141,junk_debris,treatment,4
1142,junk_dead,treatment,4
1143,junk_debris,treatment,4
1144,junk_doublet,treatment,4
1145,junk_debris,treatment,4
1146,junk_doublet,treatment,4
1147,junk_debris,treatment,4
1148,junk_debris,treatment,4
1149,junk_doublet,treatment,4
1150,CD8_T,treatment,4
1151,Neutrophil,treatment,4
1152,junk_dead,treatment,4
1153,junk_noise,treatment,4
1154,junk_dead,treatment,4
1155,junk_noise,treatment,4
1156,junk_noise,treatment,4
1157,junk_debris,treatment,4
1158,junk_doublet,treatment,4
1159,Neutrophil,treatment,4
1160,junk_doublet,treatment,4
1161,junk_debris,treatment,4
1162,junk_noise,treatment,4
1163,B,treatment,4
1164,B,treatment,4
1165,junk_doublet,treatment,4
1166,junk_debris,treatment,4
1167,junk_doublet,treatment,4
1168,junk_debris,treatment,4
1169,junk_debris,treatment,4
1170,Neutrophil,treatment,4
1171,junk_debris,treatment,4
1172,junk_noise,treatment,4
1173,junk_debris,treatment,4
1174,junk_doublet,treatment,4
1175,junk_noise,treatment,4
1176,B,treatment,4
1177,junk_debris,treatment,4
1178,junk_noise,treatment,4
1179,junk_doublet,treatment,4
1180,junk_doublet,treatment,4
1181,junk_doublet,treatment,4
1182,B,treatment,4
1183,junk_doublet,treatment,4
1184,Neutrophil,treatment,4
1185,junk_debris,treatment,4
1186,B,treatment,4
1187,junk_debris,treatment,4
1188,junk_doublet,treatment,4
1189,junk_debris,treatment,4
1190,junk_noise,treatment,4
1191,junk_noise,treatment,4
1192,junk_debris,treatment,4
1193,Myeloid,treatment,4
1194,CD4_T,treatment,4
1195,CD4_T,treatment,4
1196,junk_doublet,treatment,4
1197,junk_debris,treatment,4
1198,junk_debris,treatment,4
1199,Neutrophil,treatment,4
1200,junk_dead,treatment,4
1201,B,treatment,4
1202,junk_debris,treatment,4
1203,junk_debris,treatment,4
1204,junk_dead,treatment,4
1205,junk_doublet,treatment,4
1206,junk_dead,treatment,4
1207,junk_debris,treatment,4
1208,B,treatment,4
1209,B,treatment,4
1210,junk_doublet,treatment,4
1211,CD4_T,treatment,4
1212,junk_debris,treatment,4
1213,junk_dead,treatment,4
1214,junk_noise,treatment,4
1215,Myeloid,treatment,4
1216,Myeloid,treatment,4
1217,junk_dead,treatment,4
1218,junk_debris,treatment,4
1219,junk_noise,treatment,4
1220,junk_debris,treatment,4
1221,junk_doublet,treatment,4
1222,junk_dead,treatment,4
1223,B,treatment,4
1224,junk_doublet,treatment,4
1225,CD4_T,treatment,4
1226,junk_dead,treatment,4
1227,junk_doublet,treatment,4
1228,junk_debris,treatment,4
1229,junk_noise,treatment,4
1230,CD8_T,treatment,4
1231,CD4_T,treatment,4
1232,junk_debris,treatment,4
1233,junk_noise,treatment,4
1234,junk_doublet,treatment,4
1235,Myeloid,treatment,4
1236,B,treatment,4
1237,junk_debris,treatment,4
1238,junk_debris,treatment,4
1239,junk_doublet,treatment,4
1240,Myeloid,treatment,4
1241,junk_doublet,treatment,4
1242,junk_dead,treatment,4
1243,junk_doublet,treatment,4
1244,B,treatment,4
1245,junk_doublet,treatment,4
1246,junk_doublet,treatment,4
1247,junk_doublet,treatment,4
1248,DC,treatment,4
1249,DC,treatment,4
1250,junk_doublet,treatment,4
1251,junk_dead,treatment,4
1252,junk_debris,treatment,4
1253,Neutrophil,treatment,4
1254,CD4_T,treatment,4
1255,junk_doublet,treatment,4
1256,junk_debris,treatment,4
1257,junk_doublet,treatment,4
1258,junk_dead,treatment,4
1259,junk_dead,treatment,4
1260,Myeloid,treatment,4
1261,junk_noise,treatment,4
1262,B,treatment,4
1263,junk_debris,treatment,4
1264,junk_debris,treatment,4
1265,junk_doublet,treatment,4
1266,B,treatment,4
1267,CD4_T,treatment,4
1268,CD4_T,treatment,4
1269,junk_debris,treatment,4
1270,B,treatment,4
1271,junk_dead,treatment,4
1272,junk_debris,treatment,4
1273,junk_noise,treatment,4
1274,junk_doublet,treatment,4
1275,junk_debris,treatment,4
1276,Neutrophil,treatment,4
1277,junk_doublet,treatment,4
1278,junk_debris,treatment,4
1279,CD8_T,treatment,4
1280,junk_debris,treatment,4
1281,Myeloid,treatment,4
1282,junk_doublet,treatment,4
1283,junk_dead,treatment,4
1284,CD4_T,treatment,4
1285,junk_debris,treatment,4
1286,junk_debris,treatment,4
1287,junk_dead,treatment,4
1288,junk_noise,treatment,4
1289,junk_debris,treatment,4
1290,junk_doublet,treatment,4
1291,junk_noise,treatment,4
1292,junk_debris,treatment,4
1293,junk_debris,treatment,4
1294,junk_debris,treatment,4
1295,junk_noise,treatment,4
1296,junk_dead,treatment,4
1297,Myeloid,treatment,4
1298,junk_doublet,treatment,4
1299,junk_debris,treatment,4
1300,NK,treatment,4
1301,Myeloid,treatment,4
1302,junk_debris,treatment,4
1303,junk_debris,treatment,4
1304,junk_doublet,treatment,4
1305,junk_debris,treatment,4
1306,junk_noise,treatment,4
1307,CD8_T,treatment,4
1308,junk_dead,treatment,4
1309,Myeloid,treatment,4
1310,Neutrophil,treatment,4
1311,junk_dead,treatment,4
1312,Myeloid,treatment,4
1313,junk_debris,treatment,4
1314,junk_debris,treatment,4
1315,CD4_T,treatment,4
1316,junk_debris,treatment,4
1317,junk_dead,treatment,4
1318,Neutrophil,treatment,4
1319,junk_debris,treatment,4
1320,junk_dead,treatment,4
1321,CD8_T,treatment,4
1322,junk_debris,treatment,4
1323,junk_debris,treatment,4
1324,Neutrophil,treatment,4
1325,B,treatment,4
1326,junk_debris,treatment,4
1327,Neutrophil,treatment,4
1328,junk_dead,treatment,4
1329,junk_debris,treatment,4
1330,junk_debris,treatment,4
1331,junk_noise,treatment,4
1332,junk_noise,treatment,4
1333,CD4_T,treatment,4
1334,CD4_T,treatment,4
1335,Myeloid,treatment,4
1336,CD8_T,treatment,4
1337,junk_noise,treatment,4
1338,junk_debris,treatment,4
1339,junk_debris,treatment,4
1340,Myeloid,treatment,4
1341,junk_noise,treatment,4
1342,B,treatment,4
1343,junk_doublet,treatment,4
1344,junk_debris,treatment,4
1345,junk_debris,treatment,4
1346,junk_doublet,treatment,4
1347,junk_dead,treatment,4
1348,junk_debris,treatment,4
1349,junk_debris,treatment,4
1350,CD8_T,treatment,4
1351,junk_debris,treatment,4
1352,junk_debris,treatment,4
1353,junk_dead,treatment,4
1354,CD8_T,treatment,4
1355,CD4_T,treatment,4
1356,junk_noise,treatment,4
1357,NK,treatment,4
1358,junk_noise,treatment,4
1359,CD4_T,treatment,4
1360,B,treatment,4
1361,B,treatment,4
1362,junk_debris,treatment,4
1363,junk_debris,treatment,4
1364,CD4_T,treatment,4
1365,junk_debris,treatment,4
1366,junk_debris,treatment,4
1367,CD4_T,treatment,4
1368,junk_dead,treatment,4
1369,CD4_T,treatment,4
1370,junk_doublet,treatment,4
1371,Myeloid,treatment,4
1372,junk_debris,treatment,4
1373,junk_dead,treatment,4
1374,junk_doublet,treatment,4
1375,B,treatment,4
1376,Myeloid,treatment,4
1377,junk_noise,treatment,4
1378,junk_debris,treatment,4
1379,Myeloid,treatment,4
1380,DC,treatment,4
1381,junk_dead,treatment,4
1382,junk_debris,treatment,4
1383,junk_debris,treatment,4
1384,junk_doublet,treatment,4
1385,junk_doublet,treatment,4
1386,junk_doublet,treatment,4
1387,Neutrophil,treatment,4
1388,B,treatment,4
1389,junk_noise,treatment,4
1390,junk_noise,treatment,4
1391,junk_noise,treatment,4
1392,junk_dead,treatment,4
1393,junk_debris,treatment,4
1394,junk_noise,treatment,4
1395,junk_doublet,treatment,4
1396,CD4_T,treatment,4
1397,junk_debris,treatment,4
1398,CD4_T,treatment,4
1399,junk_debris,treatment,4
1400,B,treatment,4
1401,junk_debris,treatment,4
1402,junk_debris,treatment,4
1403,B,treatment,4
1404,junk_debris,treatment,4
1405,Myeloid,treatment,4
1406,junk_debris,treatment,4
1407,CD8_T,treatment,4
1408,junk_dead,treatment,4
1409,Myeloid,treatment,4
1410,junk_dead,treatment,4
1411,junk_debris,treatment,4
1412,junk_debris,treatment,4
1413,junk_debris,treatment,4
1414,junk_doublet,treatment,4
1415,junk_debris,treatment,4
1416,junk_dead,treatment,4
1417,CD8_T,treatment,4
1418,B,treatment,4
1419,Neutrophil,treatment,4
1420,junk_noise,treatment,4
1421,B,treatment,4
1422,junk_dead,treatment,4
1423,junk_dead,treatment,4
1424,junk_dead,treatment,4
1425,junk_debris,treatment,4
1426,junk_noise,treatment,4
1427,CD4_T,treatment,4
1428,B,treatment,4
1429,Myeloid,treatment,4
1430,junk_doublet,treatment,4
1431,junk_debris,treatment,4
1432,junk_noise,treatment,4
1433,B,treatment,4
1434,junk_dead,treatment,4
1435,junk_doublet,treatment,4
1436,junk_debris,treatment,4
1437,junk_doublet,treatment,4
1438,junk_noise,treatment,4
1439,junk_dead,treatment,4
1440,junk_noise,treatment,4
1441,Neutrophil,treatment,4
1442,NK,treatment,4
1443,junk_dead,treatment,4
1444,Myeloid,treatment,4
1445,CD8_T,treatment,4
1446,junk_dead,treatment,4
1447,B,treatment,4
1448,CD8_T,treatment,4
1449,Myeloid,treatment,4
1450,Neutrophil,treatment,4
1451,junk_dead,treatment,4
1452,B,treatment,4
1453,junk_dead,treatment,4
1454,junk_doublet,treatment,4
1455,junk_doublet,treatment,4
1456,CD4_T,treatment,4
1457,junk_debris,treatment,4
1458,junk_debris,treatment,4
1459,Neutrophil,treatment,4
1460,junk_doublet,treatment,4
1461,Neutrophil,treatment,4
1462,junk_doublet,treatment,4
1463,junk_noise,treatment,4
1464,junk_dead,treatment,4
1465,junk_debris,treatment,4
1466,junk_debris,treatment,4
1467,junk_dead,treatment,4
1468,junk_debris,treatment,4
1469,Myeloid,treatment,4
1470,junk_debris,treatment,4
1471,junk_noise,treatment,4
1472,CD4_T,treatment,4
1473,junk_dead,treatment,4
1474,junk_noise,treatment,4
1475,junk_debris,treatment,4
1476,Myeloid,treatment,4
1477,junk_dead,treatment,4
1478,junk_noise,treatment,4
1479,junk_debris,treatment,4
1480,junk_debris,treatment,4
1481,junk_doublet,treatment,4
1482,junk_debris,treatment,4
1483,junk_debris,treatment,4
1484,junk_dead,treatment,4
1485,junk_noise,treatment,4
1486,junk_debris,treatment,4
1487,junk_debris,treatment,4
1488,Myeloid,treatment,4
1489,junk_doublet,treatment,4
1490,CD8_T,treatment,4
1491,junk_noise,treatment,4
1492,CD4_T,treatment,4
1493,junk_dead,treatment,4
1494,B,treatment,4
1495,Myeloid,treatment,4
1496,junk_noise,treatment,4
1497,B,treatment,4
1498,NK,treatment,4
1499,Neutrophil,treatment,4
1500,B,treatment,4
1501,junk_doublet,treatment,4
1502,junk_dead,treatment,4
1503,junk_doublet,treatment,4
1504,junk_debris,treatment,4
1505,B,treatment,4
1506,junk_debris,treatment,4
1507,Neutrophil,treatment,4
1508,CD4_T,treatment,4
1509,junk_debris,treatment,4
1510,junk_doublet,treatment,4
1511,junk_dead,treatment,4
1512,B,treatment,4
1513,Myeloid,treatment,4
1514,junk_dead,treatment,4
1515,junk_doublet,treatment,4
1516,junk_debris,treatment,4
1517,junk_debris,treatment,4
1518,Myeloid,treatment,4
1519,junk_debris,treatment,4
1520,junk_debris,treatment,4
1521,junk_doublet,treatment,4
1522,junk_debris,treatment,4
1523,junk_dead,treatment,4
1524,junk_noise,treatment,4
1525,junk_debris,treatment,4
1526,Myeloid,treatment,4
1527,junk_debris,treatment,4
1528,junk_noise,treatment,4
1529,CD8_T,treatment,4
1530,B,treatment,4
1531,CD4_T,treatment,4
1532,junk_doublet,treatment,4
1533,junk_debris,treatment,4
1534,junk_debris,treatment,4
1535,junk_dead,treatment,4
1536,junk_debris,treatment,4
1537,junk_debris,treatment,4
1538,junk_debris,treatment,4
1539,B,treatment,4
1540,B,treatment,4
1541,B,treatment,4
1542,junk_dead,treatment,4
1543,Myeloid,treatment,4
1544,B,treatment,4
1545,junk_debris,treatment,4
1546,junk_dead,treatment,4
1547,junk_dead,treatment,4
1548,junk_doublet,treatment,4
1549,junk_debris,treatment,4
1550,junk_dead,treatment,4
1551,CD4_T,treatment,4
1552,junk_debris,treatment,4
1553,DC,treatment,4
1554,junk_debris,treatment,4
1555,B,treatment,4
1556,junk_dead,treatment,4
1557,CD8_T,treatment,4
1558,CD4_T,treatment,4
1559,Myeloid,treatment,4
1560,junk_debris,treatment,4
1561,Neutrophil,treatment,4
1562,junk_debris,treatment,4
1563,junk_debris,treatment,4
1564,junk_dead,treatment,4
1565,junk_doublet,treatment,4
1566,junk_debris,treatment,4
1567,Myeloid,treatment,4
1568,Neutrophil,treatment,4
1569,junk_debris,treatment,4
1570,junk_debris,treatment,4
1571,Myeloid,treatment,4
1572,Neutrophil,treatment,4
1573,junk_doublet,treatment,4
1574,junk_noise,treatment,4
1575,junk_dead,treatment,4
1576,Neutrophil,treatment,4
1577,junk_dead,treatment,4
1578,junk_noise,treatment,4
1579,CD4_T,treatment,4
1580,junk_noise,treatment,4
1581,junk_doublet,treatment,4
1582,B,treatment,4
1583,B,treatment,4
1584,Neutrophil,treatment,4
1585,junk_debris,treatment,4
1586,junk_debris,treatment,4
1587,junk_dead,treatment,4
1588,junk_dead,treatment,4
1589,CD4_T,treatment,4
1590,B,treatment,4
1591,CD4_T,treatment,4
1592,junk_dead,treatment,4
1593,junk_debris,treatment,4
1594,junk_dead,treatment,4
1595,CD4_T,treatment,4
1596,junk_debris,treatment,4
1597,junk_dead,treatment,4
1598,B,treatment,4
1599,junk_doublet,treatment,4
1600,junk_debris,treatment,4
1601,junk_debris,treatment,4
1602,junk_debris,treatment,4
1603,NK,treatment,4
1604,CD4_T,treatment,4
1605,junk_debris,treatment,4
1606,junk_noise,treatment,4
1607,junk_noise,treatment,4
1608,junk_doublet,treatment,4
1609,junk_doublet,treatment,4
1610,junk_dead,treatment,4
1611,junk_dead,treatment,4
1612,CD4_T,treatment,4
1613,junk_debris,treatment,4
1614,B,treatment,4
1615,junk_dead,treatment,4
1616,junk_dead,treatment,4
1617,junk_dead,treatment,4
1618,junk_debris,treatment,4
1619,junk_dead,treatment,4
1620,B,treatment,4
1621,junk_doublet,treatment,4
1622,Neutrophil,treatment,4
1623,CD4_T,treatment,4
1624,Myeloid,treatment,4
1625,B,treatment,4
1626,junk_dead,treatment,4
1627,junk_noise,treatment,4
1628,junk_debris,treatment,4
1629,CD4_T,treatment,4
1630,junk_debris,treatment,4
1631,B,treatment,4
1632,junk_debris,treatment,4
1633,junk_debris,treatment,4
1634,Myeloid,treatment,4
1635,junk_noise,treatment,4
1636,junk_dead,treatment,4
1637,junk_debris,treatment,4
1638,junk_debris,treatment,4
1639,junk_noise,treatment,4
1640,junk_noise,treatment,4
1641,junk_doublet,treatment,4
1642,junk_dead,treatment,4
1643,junk_debris,treatment,4
1644,junk_debris,treatment,4
1645,DC,treatment,4
1646,B,treatment,4
1647,junk_debris,treatment,4
1648,B,treatment,4
1649,junk_debris,treatment,4
1650,junk_doublet,treatment,4
1651,junk_dead,treatment,4
1652,junk_dead,treatment,4
1653,Myeloid,treatment,4
1654,Myeloid,treatment,4
1655,junk_debris,treatment,4
1656,junk_debris,treatment,4
1657,junk_dead,treatment,4
1658,junk_debris,treatment,4
1659,CD8_T,treatment,4
1660,DC,treatment,4
1661,junk_dead,treatment,4
1662,junk_doublet,treatment,4
1663,junk_doublet,treatment,4
1664,junk_doublet,treatment,4
1665,junk_dead,treatment,4
1666,junk_debris,treatment,4
1667,junk_debris,treatment,4
1668,Myeloid,treatment,4
1669,CD4_T,treatment,4
1670,Myeloid,treatment,4
1671,junk_dead,treatment,4
1672,junk_noise,treatment,4
1673,junk_dead,treatment,4
1674,CD8_T,treatment,4
1675,junk_dead,treatment,4
1676,Myeloid,treatment,4
1677,junk_doublet,treatment,4
1678,junk_noise,treatment,4
1679,junk_noise,treatment,4
1680,NK,treatment,4
1681,B,treatment,4
1682,junk_dead,treatment,4
1683,B,treatment,4
1684,junk_debris,treatment,4
1685,junk_dead,treatment,4
1686,junk_debris,treatment,4
1687,junk_noise,treatment,4
1688,junk_debris,treatment,4
1689,CD4_T,treatment,4
1690,junk_noise,treatment,4
1691,junk_doublet,treatment,4
1692,junk_noise,treatment,4
1693,junk_dead,treatment,4
1694,junk_noise,treatment,4
1695,Myeloid,treatment,4
1696,junk_debris,treatment,4
1697,junk_doublet,treatment,4
1698,junk_doublet,treatment,4
1699,Myeloid,treatment,4
1700,Neutrophil,treatment,4
1701,junk_dead,treatment,4
1702,junk_debris,treatment,4
1703,NK,treatment,4
1704,junk_debris,treatment,4
1705,Myeloid,treatment,4
1706,junk_dead,treatment,4
1707,junk_dead,treatment,4
1708,junk_doublet,treatment,4
1709,CD4_T,treatment,4
1710,CD4_T,treatment,4
1711,junk_doublet,treatment,4
1712,B,treatment,4
1713,junk_debris,treatment,4
1714,CD4_T,treatment,4
1715,junk_debris,treatment,4
1716,junk_debris,treatment,4
1717,CD4_T,treatment,4
1718,junk_debris,treatment,4
1719,B,treatment,4
1720,junk_doublet,treatment,4
1721,junk_debris,treatment,4
1722,Neutrophil,treatment,4
1723,Myeloid,treatment,4
1724,junk_noise,treatment,4
1725,junk_debris,treatment,4
1726,junk_debris,treatment,4
1727,junk_dead,treatment,4
1728,DC,treatment,4
1729,junk_dead,treatment,4
1730,junk_debris,treatment,4
1731,junk_doublet,treatment,4
1732,CD4_T,treatment,4
1733,junk_dead,treatment,4
1734,B,treatment,4
1735,CD8_T,treatment,4
1736,junk_dead,treatment,4
1737,NK,treatment,4
1738,junk_dead,treatment,4
1739,junk_debris,treatment,4
1740,junk_debris,treatment,4
1741,B,treatment,4
1742,junk_doublet,treatment,4
1743,junk_doublet,treatment,4
1744,CD4_T,treatment,4
1745,junk_debris,treatment,4
1746,junk_debris,treatment,4
1747,Myeloid,treatment,4
1748,junk_debris,treatment,4
1749,CD4_T,treatment,4
1750,junk_dead,treatment,4
1751,junk_debris,treatment,4
1752,junk_debris,treatment,4
1753,DC,treatment,4
1754,junk_debris,treatment,4
1755,junk_doublet,treatment,4
1756,Myeloid,treatment,4
1757,junk_debris,treatment,4
1758,junk_debris,treatment,4
1759,junk_debris,treatment,4
1760,junk_noise,treatment,4
1761,junk_doublet,treatment,4
1762,B,treatment,4
1763,CD4_T,treatment,4
1764,junk_debris,treatment,4
1765,junk_debris,treatment,4
1766,junk_debris,treatment,4
1767,CD8_T,treatment,4
1768,junk_debris,treatment,4
1769,CD4_T,treatment,4
1770,junk_dead,treatment,4
1771,junk_debris,treatment,4
1772,junk_debris,treatment,4
1773,junk_dead,treatment,4
1774,junk_dead,treatment,4
1775,Myeloid,treatment,4
1776,junk_debris,treatment,4
1777,junk_noise,treatment,4
1778,junk_debris,treatment,4
1779,B,treatment,4
1780,junk_dead,treatment,4
1781,CD4_T,treatment,4
1782,junk_dead,treatment,4
1783,junk_debris,treatment,4
1784,CD8_T,treatment,4
1785,CD8_T,treatment,4
1786,junk_doublet,treatment,4
1787,junk_noise,treatment,4
1788,junk_debris,treatment,4
1789,CD4_T,treatment,4
1790,B,treatment,4
1791,junk_noise,treatment,4
1792,junk_dead,treatment,4
1793,junk_noise,treatment,4
1794,B,treatment,4
1795,junk_doublet,treatment,4
1796,junk_debris,treatment,4
1797,B,treatment,4
1798,CD4_T,treatment,4
1799,CD4_T,treatment,4
1800,junk_doublet,treatment,4
1801,junk_dead,treatment,4
1802,NK,treatment,4
1803,junk_doublet,treatment,4
1804,CD8_T,treatment,4
1805,junk_noise,treatment,4
1806,junk_dead,treatment,4
1807,junk_dead,treatment,4
1808,junk_noise,treatment,4
1809,junk_doublet,treatment,4
1810,junk_dead,treatment,4
1811,junk_doublet,treatment,4
1812,DC,treatment,4
1813,CD4_T,treatment,4
1814,junk_noise,treatment,4
1815,Myeloid,treatment,4
1816,junk_debris,treatment,4
1817,junk_dead,treatment,4
1818,junk_doublet,treatment,4
1819,junk_debris,treatment,4
1820,DC,treatment,4
1821,junk_doublet,treatment,4
1822,junk_debris,treatment,4
1823,junk_noise,treatment,4
1824,DC,treatment,4
1825,junk_debris,treatment,4
1826,junk_debris,treatment,4
1827,junk_doublet,treatment,4
1828,junk_doublet,treatment,4
1829,junk_dead,treatment,4
1830,B,treatment,4
1831,junk_dead,treatment,4
1832,junk_debris,treatment,4
1833,junk_debris,treatment,4
1834,DC,treatment,4
1835,NK,treatment,4
1836,junk_dead,treatment,4
1837,B,treatment,4
1838,junk_dead,treatment,4
1839,B,treatment,4
1840,Myeloid,treatment,4
1841,Myeloid,treatment,4
1842,B,treatment,4
1843,Myeloid,treatment,4
1844,Myeloid,treatment,4
1845,junk_debris,treatment,4
1846,DC,treatment,4
1847,junk_debris,treatment,4
1848,junk_doublet,treatment,4
1849,NK,treatment,4
1850,junk_debris,treatment,4
1851,junk_doublet,treatment,4
1852,junk_noise,treatment,4
1853,junk_noise,treatment,4
1854,B,treatment,4
1855,CD8_T,treatment,4
1856,junk_debris,treatment,4
1857,junk_debris,treatment,4
1858,CD4_T,treatment,4
1859,junk_dead,treatment,4
1860,junk_doublet,treatment,4
1861,junk_noise,treatment,4
1862,junk_doublet,treatment,4
1863,CD4_T,treatment,4
1864,CD4_T,treatment,4
1865,DC,treatment,4
1866,Myeloid,treatment,4
1867,junk_doublet,treatment,4
1868,junk_debris,treatment,4
1869,CD8_T,treatment,4
1870,junk_doublet,treatment,4
1871,CD4_T,treatment,4
1872,DC,treatment,4
1873,junk_noise,treatment,4
1874,junk_dead,treatment,4
1875,junk_debris,treatment,4
1876,junk_debris,treatment,4
1877,B,treatment,4
1878,junk_debris,treatment,4
1879,junk_dead,treatment,4
1880,B,treatment,4
1881,DC,treatment,4
1882,junk_debris,treatment,4
1883,NK,treatment,4
1884,junk_debris,treatment,4
1885,CD4_T,treatment,4
1886,Myeloid,treatment,4
1887,junk_doublet,treatment,4
1888,junk_doublet,treatment,4
1889,junk_doublet,treatment,4
1890,junk_doublet,treatment,4
1891,CD4_T,treatment,4
1892,junk_doublet,treatment,4
1893,B,treatment,4
1894,junk_debris,treatment,4
1895,junk_debris,treatment,4
1896,junk_debris,treatment,4
1897,CD4_T,treatment,4
1898,junk_debris,treatment,4
1899,B,treatment,4
1900,junk_dead,treatment,4
1901,Myeloid,treatment,4
1902,junk_dead,treatment,4
1903,Myeloid,treatment,4
1904,Myeloid,treatment,4
1905,junk_debris,treatment,4
1906,Neutrophil,treatment,4
1907,junk_dead,treatment,4
1908,junk_dead,treatment,4
1909,Neutrophil,treatment,4
1910,junk_doublet,treatment,4
1911,junk_debris,treatment,4
1912,junk_debris,treatment,4
1913,junk_noise,treatment,4
1914,junk_debris,treatment,4
1915,B,treatment,4
1916,junk_doublet,treatment,4
1917,Neutrophil,treatment,4
1918,junk_doublet,treatment,4
1919,NK,treatment,4
1920,junk_debris,treatment,4
1921,junk_dead,treatment,4
1922,CD4_T,treatment,4
1923,junk_dead,treatment,4
1924,junk_debris,treatment,4
1925,junk_noise,treatment,4
1926,CD8_T,treatment,4
1927,junk_doublet,treatment,4
1928,junk_dead,treatment,4
1929,junk_debris,treatment,4
1930,junk_debris,treatment,4
1931,B,treatment,4
1932,junk_dead,treatment,4
1933,junk_noise,treatment,4
1934,junk_noise,treatment,4
1935,junk_doublet,treatment,4
1936,B,treatment,4
1937,CD4_T,treatment,4
1938,B,treatment,4
1939,junk_debris,treatment,4
1940,Neutrophil,treatment,4
1941,junk_debris,treatment,4
1942,junk_noise,treatment,4
1943,junk_debris,treatment,4
1944,junk_debris,treatment,4
1945,B,treatment,4
1946,Neutrophil,treatment,4
1947,Neutrophil,treatment,4
1948,junk_noise,treatment,4
1949,junk_doublet,treatment,4
1950,junk_noise,treatment,4
1951,B,treatment,4
1952,junk_debris,treatment,4
1953,B,treatment,4
1954,junk_debris,treatment,4
1955,junk_dead,treatment,4
1956,junk_noise,treatment,4
1957,junk_doublet,treatment,4
1958,junk_debris,treatment,4
1959,junk_debris,treatment,4
1960,junk_debris,treatment,4
1961,junk_debris,treatment,4
1962,junk_doublet,treatment,4
1963,junk_doublet,treatment,4
1964,junk_debris,treatment,4
1965,junk_debris,treatment,4
1966,junk_dead,treatment,4
1967,junk_dead,treatment,4
1968,junk_doublet,treatment,4
1969,CD8_T,treatment,4
1970,junk_noise,treatment,4
1971,CD8_T,treatment,4
1972,NK,treatment,4
1973,B,treatment,4
1974,CD8_T,treatment,4
1975,junk_debris,treatment,4
1976,junk_doublet,treatment,4
1977,junk_dead,treatment,4
1978,Myeloid,treatment,4
1979,B,treatment,4
1980,B,treatment,4
1981,B,treatment,4
1982,junk_doublet,treatment,4
1983,junk_debris,treatment,4
1984,B,treatment,4
1985,B,treatment,4
1986,junk_dead,treatment,4
1987,junk_doublet,treatment,4
1988,junk_doublet,treatment,4
1989,junk_noise,treatment,4
1990,CD4_T,treatment,4
1991,junk_debris,treatment,4
1992,Neutrophil,treatment,4
1993,CD4_T,treatment,4
1994,junk_debris,treatment,4
1995,junk_dead,treatment,4
1996,junk_debris,treatment,4
1997,junk_noise,treatment,4
1998,Neutrophil,treatment,4
1999,Myeloid,treatment,4
2000,junk_dead,treatment,4
2001,junk_debris,treatment,4
2002,junk_debris,treatment,4
2003,junk_doublet,treatment,4
2004,junk_doublet,treatment,4
2005,B,treatment,4
2006,CD8_T,treatment,4
2007,B,treatment,4
2008,B,treatment,4
2009,junk_debris,treatment,4
2010,junk_noise,treatment,4
2011,junk_debris,treatment,4
2012,junk_debris,treatment,4
2013,junk_dead,treatment,4
2014,junk_doublet,treatment,4
2015,junk_dead,treatment,4
2016,junk_debris,treatment,4
2017,junk_debris,treatment,4
2018,junk_dead,treatment,4
2019,CD4_T,treatment,4
2020,CD4_T,treatment,4
2021,junk_noise,treatment,4
2022,B,treatment,4
2023,junk_doublet,treatment,4
2024,DC,treatment,4
2025,Myeloid,treatment,4
2026,junk_doublet,treatment,4
2027,B,treatment,4
2028,junk_noise,treatment,4
2029,junk_doublet,treatment,4
2030,Neutrophil,treatment,4
2031,junk_debris,treatment,4
2032,junk_debris,treatment,4
2033,junk_dead,treatment,4
2034,junk_debris,treatment,4
2035,B,treatment,4
2036,junk_dead,treatment,4
2037,Myeloid,treatment,4
2038,DC,treatment,4
2039,B,treatment,4
2040,junk_dead,treatment,4
2041,DC,treatment,4
2042,junk_debris,treatment,4
2043,CD4_T,treatment,4
2044,junk_noise,treatment,4
2045,junk_dead,treatment,4
2046,CD8_T,treatment,4
2047,junk_debris,treatment,4
2048,B,treatment,4
2049,junk_debris,treatment,4
2050,junk_doublet,treatment,4
2051,Myeloid,treatment,4
2052,B,treatment,4
2053,Myeloid,treatment,4
2054,junk_debris,treatment,4
2055,junk_debris,treatment,4
2056,junk_noise,treatment,4
2057,junk_debris,treatment,4
2058,junk_dead,treatment,4
2059,junk_doublet,treatment,4
2060,Neutrophil,treatment,4
2061,junk_debris,treatment,4
2062,B,treatment,4
2063,CD4_T,treatment,4
2064,Neutrophil,treatment,4
2065,junk_debris,treatment,4
2066,junk_noise,treatment,4
2067,Myeloid,treatment,4
2068,junk_noise,treatment,4
2069,CD4_T,treatment,4
2070,B,treatment,4
2071,junk_noise,treatment,4
2072,junk_doublet,treatment,4
2073,DC,treatment,4
2074,junk_debris,treatment,4
2075,junk_doublet,treatment,4
2076,CD8_T,treatment,4
2077,CD4_T,treatment,4
2078,B,treatment,4
2079,CD4_T,treatment,4
2080,CD4_T,treatment,4
2081,junk_debris,treatment,4
2082,junk_debris,treatment,4
2083,DC,treatment,4
2084,junk_dead,treatment,4
2085,junk_debris,treatment,4
2086,B,treatment,4
2087,junk_debris,treatment,4
2088,CD4_T,treatment,4
2089,B,treatment,4
2090,junk_doublet,treatment,4
2091,Neutrophil,treatment,4
2092,CD4_T,treatment,4
2093,junk_debris,treatment,4
2094,junk_noise,treatment,4
2095,junk_dead,treatment,4
2096,junk_noise,treatment,4
2097,junk_noise,treatment,4
2098,CD4_T,treatment,4
2099,Myeloid,treatment,4
2100,junk_debris,treatment,4
2101,junk_doublet,treatment,4
2102,Myeloid,treatment,4
2103,junk_debris,treatment,4
2104,junk_debris,treatment,4
2105,junk_debris,treatment,4
2106,CD8_T,treatment,4
2107,junk_dead,treatment,4
2108,junk_dead,treatment,4
2109,junk_debris,treatment,4
2110,CD4_T,treatment,4
2111,junk_dead,treatment,4
2112,junk_debris,treatment,4
2113,junk_doublet,treatment,4
2114,junk_doublet,treatment,4
2115,junk_noise,treatment,4
2116,junk_debris,treatment,4
2117,B,treatment,4
2118,junk_doublet,treatment,4
2119,junk_dead,treatment,4
2120,junk_debris,treatment,4
2121,junk_dead,treatment,4
2122,junk_debris,treatment,4
2123,CD4_T,treatment,4
2124,CD8_T,treatment,4
2125,junk_doublet,treatment,4
2126,junk_noise,treatment,4
2127,CD4_T,treatment,4
2128,junk_noise,treatment,4
2129,B,treatment,4
2130,junk_noise,treatment,4
2131,junk_dead,treatment,4
2132,junk_debris,treatment,4
2133,junk_debris,treatment,4
2134,junk_dead,treatment,4
2135,junk_dead,treatment,4
2136,junk_dead,treatment,4
2137,junk_dead,treatment,4
2138,CD8_T,treatment,4
2139,Neutrophil,treatment,4
2140,junk_debris,treatment,4
2141,junk_dead,treatment,4
2142,junk_debris,treatment,4
2143,junk_doublet,treatment,4
2144,junk_dead,treatment,4
2145,CD4_T,treatment,4
2146,junk_noise,treatment,4
2147,junk_doublet,treatment,4
2148,Neutrophil,treatment,4
2149,junk_dead,treatment,4
2150,junk_debris,treatment,4
2151,B,treatment,4
2152,junk_doublet,treatment,4
2153,B,treatment,4
2154,Neutrophil,treatment,4
2155,Neutrophil,treatment,4
2156,junk_doublet,treatment,4
2157,DC,treatment,4
2158,junk_doublet,treatment,4
2159,CD8_T,treatment,4
2160,Myeloid,treatment,4
2161,Myeloid,treatment,4
2162,junk_dead,treatment,4
2163,junk_noise,treatment,4
2164,junk_doublet,treatment,4
2165,Neutrophil,treatment,4
2166,CD4_T,treatment,4
2167,junk_doublet,treatment,4
2168,junk_doublet,treatment,4
2169,junk_doublet,treatment,4
2170,B,treatment,4
2171,junk_debris,treatment,4
2172,junk_dead,treatment,4
2173,DC,treatment,4
2174,junk_debris,treatment,4
2175,junk_debris,treatment,4
2176,CD8_T,treatment,4
2177,junk_debris,treatment,4
2178,B,treatment,4
2179,junk_dead,treatment,4
2180,junk_debris,treatment,4
2181,junk_doublet,treatment,4
2182,B,treatment,4
2183,junk_doublet,treatment,4
2184,CD8_T,treatment,4
2185,junk_debris,treatment,4
2186,junk_doublet,treatment,4
2187,junk_debris,treatment,4
2188,Myeloid,treatment,4
2189,B,treatment,4
2190,B,treatment,4
2191,CD4_T,treatment,4
2192,B,treatment,4
2193,junk_dead,treatment,4
2194,junk_debris,treatment,4
2195,junk_dead,treatment,4
2196,junk_debris,treatment,4
2197,junk_debris,treatment,4
2198,junk_doublet,treatment,4
2199,B,treatment,4
2200,Myeloid,treatment,4
2201,CD4_T,treatment,4
2202,junk_debris,treatment,4
2203,junk_doublet,treatment,4
2204,Myeloid,treatment,4
2205,junk_dead,treatment,4
2206,junk_debris,treatment,4
2207,junk_debris,treatment,4
2208,junk_debris,treatment,4
2209,junk_debris,treatment,4
2210,junk_debris,treatment,4
2211,Myeloid,treatment,4
2212,Myeloid,treatment,4
2213,junk_debris,treatment,4
2214,junk_dead,treatment,4
2215,CD4_T,treatment,4
2216,CD8_T,treatment,4
2217,junk_debris,treatment,4
2218,junk_debris,treatment,4
2219,junk_doublet,treatment,4
2220,CD4_T,treatment,4
2221,CD8_T,treatment,4
2222,junk_doublet,treatment,4
2223,junk_dead,treatment,4
2224,Neutrophil,treatment,4
2225,junk_doublet,treatment,4
2226,junk_dead,treatment,4
2227,junk_doublet,treatment,4
2228,junk_dead,treatment,4
2229,CD4_T,treatment,4
2230,junk_debris,treatment,4
2231,junk_doublet,treatment,4
2232,CD4_T,treatment,4
2233,junk_debris,treatment,4
2234,junk_debris,treatment,4
2235,B,treatment,4
2236,junk_noise,treatment,4
2237,CD4_T,treatment,4
2238,B,treatment,4
2239,junk_noise,treatment,4
2240,junk_doublet,treatment,4
2241,junk_dead,treatment,4
2242,B,treatment,4
2243,CD4_T,treatment,4
2244,junk_noise,treatment,4
2245,junk_doublet,treatment,4
2246,junk_debris,treatment,4
2247,junk_doublet,treatment,4
2248,CD4_T,treatment,4
2249,DC,treatment,4
2250,CD4_T,treatment,4
2251,junk_noise,treatment,4
2252,CD4_T,treatment,4
2253,junk_doublet,treatment,4
2254,junk_noise,treatment,4
2255,B,treatment,4
2256,junk_debris,treatment,4
2257,junk_debris,treatment,4
2258,CD4_T,treatment,4
2259,NK,treatment,4
2260,CD8_T,treatment,4
2261,junk_debris,treatment,4
2262,CD4_T,treatment,4
2263,junk_noise,treatment,4
2264,junk_dead,treatment,4
2265,junk_doublet,treatment,4
2266,junk_debris,treatment,4
2267,DC,treatment,4
2268,junk_debris,treatment,4
2269,junk_dead,treatment,4
2270,junk_dead,treatment,4
2271,junk_noise,treatment,4
2272,CD4_T,treatment,4
2273,junk_debris,treatment,4
2274,junk_doublet,treatment,4
2275,junk_debris,treatment,4
2276,junk_dead,treatment,4
2277,junk_doublet,treatment,4
2278,junk_noise,treatment,4
2279,junk_doublet,treatment,4
2280,CD4_T,treatment,4
2281,junk_debris,treatment,4
2282,junk_dead,treatment,4
2283,junk_debris,treatment,4
2284,junk_doublet,treatment,4
2285,junk_dead,treatment,4
2286,junk_debris,treatment,4
2287,junk_debris,treatment,4
2288,junk_debris,treatment,4
2289,DC,treatment,4
2290,CD4_T,treatment,4
2291,Myeloid,treatment,4
2292,junk_doublet,treatment,4
2293,junk_doublet,treatment,4
2294,B,treatment,4
2295,junk_dead,treatment,4
2296,junk_doublet,treatment,4
2297,junk_debris,treatment,4
2298,NK,treatment,4
2299,junk_dead,treatment,4
2300,junk_dead,treatment,4
2301,junk_debris,treatment,4
2302,junk_doublet,treatment,4
2303,junk_noise,treatment,4
2304,B,treatment,4
2305,junk_dead,treatment,4
2306,junk_doublet,treatment,4
2307,B,treatment,4
2308,junk_doublet,treatment,4
2309,B,treatment,4
2310,Neutrophil,treatment,4
2311,B,treatment,4
2312,junk_debris,treatment,4
2313,junk_doublet,treatment,4
2314,junk_doublet,treatment,4
2315,junk_noise,treatment,4
2316,junk_dead,treatment,4
2317,junk_debris,treatment,4
2318,DC,treatment,4
2319,junk_dead,treatment,4
2320,junk_debris,treatment,4
2321,junk_dead,treatment,4
2322,junk_debris,treatment,4
2323,DC,treatment,4
2324,junk_noise,treatment,4
2325,Myeloid,treatment,4
2326,Neutrophil,treatment,4
2327,B,treatment,4
2328,junk_doublet,treatment,4
2329,CD4_T,treatment,4
2330,junk_doublet,treatment,4
2331,junk_doublet,treatment,4
2332,junk_noise,treatment,4
2333,junk_debris,treatment,4
2334,junk_doublet,treatment,4
2335,junk_debris,treatment,4
2336,NK,treatment,4
2337,junk_doublet,treatment,4
2338,junk_debris,treatment,4
2339,junk_debris,treatment,4
2340,junk_dead,treatment,4
2341,NK,treatment,4
2342,Myeloid,treatment,4
2343,junk_debris,treatment,4
2344,junk_dead,treatment,4
2345,junk_doublet,treatment,4
2346,B,treatment,4
2347,B,treatment,4
2348,junk_debris,treatment,4
2349,junk_noise,treatment,4
2350,junk_debris,treatment,4
2351,B,treatment,4
2352,junk_doublet,treatment,4
2353,junk_dead,treatment,4
2354,junk_doublet,treatment,4
2355,junk_dead,treatment,4
2356,junk_debris,treatment,4
2357,junk_dead,treatment,4
2358,junk_debris,treatment,4
2359,Neutrophil,treatment,4
2360,junk_debris,treatment,4
2361,junk_noise,treatment,4
2362,junk_debris,treatment,4
2363,junk_dead,treatment,4
2364,Neutrophil,treatment,4
2365,Myeloid,treatment,4
2366,B,treatment,4
2367,B,treatment,4
2368,junk_debris,treatment,4
2369,junk_noise,treatment,4
2370,B,treatment,4
2371,B,treatment,4
2372,junk_debris,treatment,4
2373,B,treatment,4
2374,junk_dead,treatment,4
2375,NK,treatment,4
2376,junk_noise,treatment,4
2377,CD4_T,treatment,4
2378,junk_debris,treatment,4
2379,junk_doublet,treatment,4
2380,junk_doublet,treatment,4
2381,Myeloid,treatment,4
2382,junk_debris,treatment,4
2383,junk_noise,treatment,4
2384,junk_debris,treatment,4
2385,CD4_T,treatment,4
2386,junk_noise,treatment,4
2387,CD8_T,treatment,4
2388,CD4_T,treatment,4
2389,junk_doublet,treatment,4
2390,junk_debris,treatment,4
2391,junk_dead,treatment,4
2392,junk_noise,treatment,4
2393,junk_debris,treatment,4
2394,junk_debris,treatment,4
2395,CD4_T,treatment,4
2396,CD4_T,treatment,4
2397,CD8_T,treatment,4
2398,CD8_T,treatment,4
2399,junk_debris,treatment,4
2400,junk_noise,treatment,4
2401,junk_doublet,treatment,4
2402,CD4_T,treatment,4
2403,junk_noise,treatment,4
2404,CD4_T,treatment,4
2405,NK,treatment,4
2406,NK,treatment,4
2407,junk_debris,treatment,4
2408,junk_noise,treatment,4
2409,junk_doublet,treatment,4
2410,junk_dead,treatment,4
2411,junk_doublet,treatment,4
2412,junk_doublet,treatment,4
2413,junk_debris,treatment,4
2414,Myeloid,treatment,4
2415,junk_doublet,treatment,4
2416,junk_debris,treatment,4
2417,junk_debris,treatment,4
2418,DC,treatment,4
2419,junk_noise,treatment,4
2420,junk_dead,treatment,4
2421,junk_dead,treatment,4
2422,Myeloid,treatment,4
2423,junk_noise,treatment,4
2424,junk_noise,treatment,4
2425,junk_debris,treatment,4
2426,junk_debris,treatment,4
2427,junk_dead,treatment,4
2428,CD4_T,treatment,4
2429,B,treatment,4
2430,junk_debris,treatment,4
2431,junk_dead,treatment,4
2432,junk_noise,treatment,4
2433,CD8_T,treatment,4
2434,junk_doublet,treatment,4
2435,junk_dead,treatment,4
2436,junk_debris,treatment,4
2437,junk_debris,treatment,4
2438,CD4_T,treatment,4
2439,junk_doublet,treatment,4
2440,B,treatment,4
2441,junk_doublet,treatment,4
2442,junk_debris,treatment,4
2443,junk_debris,treatment,4
2444,junk_debris,treatment,4
2445,junk_doublet,treatment,4
2446,junk_dead,treatment,4
2447,junk_debris,treatment,4
2448,B,treatment,4
2449,B,treatment,4
2450,junk_noise,treatment,4
2451,junk_dead,treatment,4
2452,junk_doublet,treatment,4
2453,Neutrophil,treatment,4
2454,Myeloid,treatment,4
2455,CD4_T,treatment,4
2456,junk_doublet,treatment,4
2457,junk_debris,treatment,4
2458,B,treatment,4
2459,CD8_T,treatment,4
2460,CD8_T,treatment,4
2461,Myeloid,treatment,4
2462,junk_doublet,treatment,4
2463,B,treatment,4
2464,junk_doublet,treatment,4
2465,B,treatment,4
2466,junk_noise,treatment,4
2467,Myeloid,treatment,4
2468,junk_doublet,treatment,4
2469,junk_debris,treatment,4
2470,CD4_T,treatment,4
2471,junk_doublet,treatment,4
2472,B,treatment,4
2473,CD4_T,treatment,4
2474,junk_debris,treatment,4
2475,DC,treatment,4
2476,DC,treatment,4
2477,B,treatment,4
2478,Myeloid,treatment,4
2479,B,treatment,4
2480,junk_noise,treatment,4
2481,CD8_T,treatment,4
2482,junk_noise,treatment,4
2483,junk_debris,treatment,4
2484,junk_dead,treatment,4
2485,junk_doublet,treatment,4
2486,junk_doublet,treatment,4
2487,junk_debris,treatment,4
2488,junk_debris,treatment,4
2489,junk_debris,treatment,4
2490,CD4_T,treatment,4
2491,junk_noise,treatment,4
2492,junk_doublet,treatment,4
2493,CD8_T,treatment,4
2494,junk_doublet,treatment,4
2495,junk_debris,treatment,4
2496,junk_dead,treatment,4
2497,junk_dead,treatment,4
2498,junk_noise,treatment,4
2499,junk_dead,treatment,4
2500,junk_debris,treatment,4
2501,junk_dead,treatment,4
2502,junk_debris,treatment,4
2503,junk_debris,treatment,4
2504,junk_debris,treatment,4
2505,B,treatment,4
2506,junk_noise,treatment,4
2507,Myeloid,treatment,4
2508,junk_debris,treatment,4
2509,Neutrophil,treatment,4
2510,junk_doublet,treatment,4
2511,junk_doublet,treatment,4
2512,junk_debris,treatment,4
2513,B,treatment,4
2514,junk_dead,treatment,4
2515,junk_doublet,treatment,4
2516,B,treatment,4
2517,junk_debris,treatment,4
2518,junk_doublet,treatment,4
2519,Myeloid,treatment,4
2520,Myeloid,treatment,4
2521,CD8_T,treatment,4
2522,CD8_T,treatment,4
2523,junk_debris,treatment,4
2524,junk_debris,treatment,4
2525,junk_debris,treatment,4
2526,B,treatment,4
2527,junk_debris,treatment,4
2528,Myeloid,treatment,4
2529,junk_debris,treatment,4
2530,junk_debris,treatment,4
2531,junk_doublet,treatment,4
2532,junk_noise,treatment,4
2533,junk_dead,treatment,4
2534,junk_doublet,treatment,4
2535,CD8_T,treatment,4
2536,DC,treatment,4
2537,junk_dead,treatment,4
2538,junk_debris,treatment,4
2539,junk_doublet,treatment,4
2540,junk_dead,treatment,4
2541,junk_doublet,treatment,4
2542,B,treatment,4
2543,B,treatment,4
2544,junk_debris,treatment,4
2545,CD8_T,treatment,4
2546,Neutrophil,treatment,4
2547,junk_dead,treatment,4
2548,junk_doublet,treatment,4
2549,DC,treatment,4
2550,junk_debris,treatment,4
2551,junk_debris,treatment,4
2552,junk_dead,treatment,4
2553,junk_dead,treatment,4
2554,junk_doublet,treatment,4
2555,junk_debris,treatment,4
2556,junk_noise,treatment,4
2557,Myeloid,treatment,4
2558,CD4_T,treatment,4
2559,junk_dead,treatment,4
2560,Neutrophil,treatment,4
2561,junk_debris,treatment,4
2562,CD4_T,treatment,4
2563,junk_noise,treatment,4
2564,junk_noise,treatment,4
2565,junk_dead,treatment,4
2566,junk_dead,treatment,4
2567,B,treatment,4
2568,junk_noise,treatment,4
2569,NK,treatment,4
2570,junk_doublet,treatment,4
2571,CD4_T,treatment,4
2572,junk_debris,treatment,4
2573,junk_dead,treatment,4
2574,junk_debris,treatment,4
2575,NK,treatment,4
2576,CD4_T,treatment,4
2577,junk_dead,treatment,4
2578,junk_noise,treatment,4
2579,junk_debris,treatment,4
2580,junk_debris,treatment,4
2581,Myeloid,treatment,4
2582,junk_debris,treatment,4
2583,B,treatment,4
2584,junk_doublet,treatment,4
2585,Neutrophil,treatment,4
2586,junk_doublet,treatment,4
2587,NK,treatment,4
2588,CD4_T,treatment,4
2589,junk_dead,treatment,4
2590,junk_debris,treatment,4
2591,B,treatment,4
2592,junk_doublet,treatment,4
2593,Myeloid,treatment,4
2594,Myeloid,treatment,4
2595,junk_debris,treatment,4
2596,CD4_T,treatment,4
2597,B,treatment,4
2598,junk_debris,treatment,4
2599,B,treatment,4
2600,junk_dead,treatment,4
2601,junk_dead,treatment,4
2602,CD8_T,treatment,4
2603,junk_doublet,treatment,4
2604,B,treatment,4
2605,junk_doublet,treatment,4
2606,junk_noise,treatment,4
2607,junk_debris,treatment,4
2608,junk_doublet,treatment,4
2609,junk_debris,treatment,4
2610,junk_dead,treatment,4
2611,junk_doublet,treatment,4
2612,CD8_T,treatment,4
2613,junk_noise,treatment,4
2614,junk_debris,treatment,4
2615,junk_doublet,treatment,4
2616,B,treatment,4
2617,junk_noise,treatment,4
2618,B,treatment,4
2619,CD4_T,treatment,4
2620,junk_noise,treatment,4
2621,junk_noise,treatment,4
2622,junk_doublet,treatment,4
2623,junk_noise,treatment,4
2624,junk_debris,treatment,4
2625,junk_dead,treatment,4
2626,CD8_T,treatment,4
2627,junk_noise,treatment,4
2628,B,treatment,4
2629,junk_dead,treatment,4
2630,junk_noise,treatment,4
2631,junk_dead,treatment,4
2632,CD4_T,treatment,4
2633,junk_doublet,treatment,4
2634,B,treatment,4
2635,B,treatment,4
2636,junk_dead,treatment,4
2637,junk_noise,treatment,4
2638,junk_doublet,treatment,4
2639,B,treatment,4
2640,junk_dead,treatment,4
2641,junk_debris,treatment,4
2642,junk_doublet,treatment,4
2643,CD4_T,treatment,4
2644,junk_debris,treatment,4
2645,junk_debris,treatment,4
2646,B,treatment,4
2647,junk_doublet,treatment,4
2648,junk_debris,treatment,4
2649,NK,treatment,4
2650,junk_debris,treatment,4
2651,junk_doublet,treatment,4
2652,CD4_T,treatment,4
2653,junk_debris,treatment,4
2654,B,treatment,4
2655,junk_debris,treatment,4
2656,junk_doublet,treatment,4
2657,CD8_T,treatment,4
2658,NK,treatment,4
2659,CD4_T,treatment,4
2660,junk_dead,treatment,4
2661,CD4_T,treatment,4
2662,junk_debris,treatment,4
2663,junk_dead,treatment,4
2664,junk_doublet,treatment,4
2665,CD8_T,treatment,4
2666,Myeloid,treatment,4
2667,Neutrophil,treatment,4
2668,B,treatment,4
2669,Neutrophil,treatment,4
2670,junk_noise,treatment,4
2671,junk_debris,treatment,4
2672,junk_debris,treatment,4
2673,junk_doublet,treatment,4
2674,junk_dead,treatment,4
2675,junk_debris,treatment,4
2676,CD4_T,treatment,4
2677,junk_debris,treatment,4
2678,junk_debris,treatment,4
2679,junk_doublet,treatment,4
2680,B,treatment,4
2681,junk_debris,treatment,4
2682,Neutrophil,treatment,4
2683,B,treatment,4
2684,junk_debris,treatment,4
2685,Neutrophil,treatment,4
2686,Myeloid,treatment,4
2687,junk_debris,treatment,4
2688,junk_debris,treatment,4
2689,junk_debris,treatment,4
2690,Myeloid,treatment,4
2691,junk_doublet,treatment,4
2692,junk_dead,treatment,4
2693,junk_dead,treatment,4
2694,junk_doublet,treatment,4
2695,junk_noise,treatment,4
2696,B,treatment,4
2697,junk_debris,treatment,4
2698,junk_debris,treatment,4
2699,B,treatment,4
2700,junk_doublet,treatment,4
2701,Neutrophil,treatment,4
2702,junk_debris,treatment,4
2703,CD8_T,treatment,4
2704,junk_dead,treatment,4
2705,junk_dead,treatment,4
2706,CD8_T,treatment,4
2707,junk_noise,treatment,4
2708,junk_debris,treatment,4
2709,B,treatment,4
2710,CD4_T,treatment,4
2711,junk_debris,treatment,4
2712,B,treatment,4
2713,junk_dead,treatment,4
2714,DC,treatment,4
2715,junk_debris,treatment,4
2716,junk_doublet,treatment,4
2717,Myeloid,treatment,4
2718,B,treatment,4
2719,junk_dead,treatment,4
2720,junk_doublet,treatment,4
2721,B,treatment,4
2722,junk_debris,treatment,4
2723,junk_dead,treatment,4
2724,junk_dead,treatment,4
2725,junk_dead,treatment,4
2726,B,treatment,4
2727,CD8_T,treatment,4
2728,junk_doublet,treatment,4
2729,junk_doublet,treatment,4
2730,junk_debris,treatment,4
2731,Neutrophil,treatment,4
2732,B,treatment,4
2733,junk_dead,treatment,4
2734,Myeloid,treatment,4
2735,Myeloid,treatment,4
2736,junk_dead,treatment,4
2737,B,treatment,4
2738,B,treatment,4
2739,junk_noise,treatment,4
2740,Neutrophil,treatment,4
2741,junk_doublet,treatment,4
2742,CD4_T,treatment,4
2743,CD8_T,treatment,4
2744,DC,treatment,4
2745,junk_noise,treatment,4
2746,junk_debris,treatment,4
2747,junk_dead,treatment,4
2748,B,treatment,4
2749,junk_debris,treatment,4
2750,junk_debris,treatment,4
2751,B,treatment,4
2752,junk_dead,treatment,4
2753,junk_dead,treatment,4
2754,Neutrophil,treatment,4
2755,junk_debris,treatment,4
2756,junk_dead,treatment,4
2757,junk_doublet,treatment,4
2758,junk_dead,treatment,4
2759,Neutrophil,treatment,4
2760,junk_doublet,treatment,4
2761,DC,treatment,4
2762,junk_dead,treatment,4
2763,CD4_T,treatment,4
2764,junk_dead,treatment,4
2765,CD8_T,treatment,4
2766,junk_dead,treatment,4
2767,Myeloid,treatment,4
2768,B,treatment,4
2769,junk_dead,treatment,4
2770,junk_debris,treatment,4
2771,Myeloid,treatment,4
2772,junk_doublet,treatment,4
2773,junk_doublet,treatment,4
2774,junk_debris,treatment,4
2775,CD4_T,treatment,4
2776,CD4_T,treatment,4
2777,CD4_T,treatment,4
2778,Myeloid,treatment,4
2779,junk_debris,treatment,4
2780,B,treatment,4
2781,junk_doublet,treatment,4
2782,B,treatment,4
2783,junk_noise,treatment,4
2784,junk_debris,treatment,4
2785,Myeloid,treatment,4
2786,junk_dead,treatment,4
2787,junk_debris,treatment,4
2788,junk_dead,treatment,4
2789,junk_dead,treatment,4
2790,B,treatment,4
2791,junk_noise,treatment,4
2792,junk_debris,treatment,4
2793,junk_noise,treatment,4
2794,Myeloid,treatment,4
2795,junk_debris,treatment,4
2796,junk_debris,treatment,4
2797,junk_dead,treatment,4
2798,CD8_T,treatment,4
2799,junk_dead,treatment,4
2800,junk_debris,treatment,4
2801,junk_debris,treatment,4
2802,junk_debris,treatment,4
2803,Neutrophil,treatment,4
2804,junk_debris,treatment,4
2805,junk_doublet,treatment,4
2806,CD4_T,treatment,4
2807,junk_doublet,treatment,4
2808,junk_debris,treatment,4
2809,junk_doublet,treatment,4
2810,junk_noise,treatment,4
2811,junk_dead,treatment,4
2812,junk_debris,treatment,4
2813,CD8_T,treatment,4
2814,junk_debris,treatment,4
2815,junk_debris,treatment,4
2816,CD8_T,treatment,4
2817,junk_doublet,treatment,4
2818,junk_doublet,treatment,4
2819,junk_doublet,treatment,4
2820,B,treatment,4
2821,junk_noise,treatment,4
2822,B,treatment,4
2823,CD4_T,treatment,4
2824,B,treatment,4
2825,junk_debris,treatment,4
2826,junk_noise,treatment,4
2827,junk_debris,treatment,4
2828,junk_debris,treatment,4
2829,junk_debris,treatment,4
2830,junk_debris,treatment,4
2831,junk_debris,treatment,4
2832,junk_dead,treatment,4
2833,B,treatment,4
2834,junk_debris,treatment,4
2835,junk_debris,treatment,4
2836,CD8_T,treatment,4
2837,CD4_T,treatment,4
2838,Neutrophil,treatment,4
2839,junk_doublet,treatment,4
2840,junk_debris,treatment,4
2841,CD8_T,treatment,4
2842,junk_debris,treatment,4
2843,junk_doublet,treatment,4
2844,NK,treatment,4
2845,NK,treatment,4
2846,junk_doublet,treatment,4
2847,Neutrophil,treatment,4
2848,B,treatment,4
2849,B,treatment,4
2850,junk_dead,treatment,4
2851,CD4_T,treatment,4
2852,junk_doublet,treatment,4
2853,junk_debris,treatment,4
2854,B,treatment,4
2855,junk_debris,treatment,4
2856,junk_debris,treatment,4
2857,junk_debris,treatment,4
2858,junk_doublet,treatment,4
2859,Myeloid,treatment,4
2860,junk_noise,treatment,4
2861,B,treatment,4
2862,Myeloid,treatment,4
2863,junk_noise,treatment,4
2864,CD8_T,treatment,4
2865,junk_doublet,treatment,4
2866,junk_doublet,treatment,4
2867,junk_doublet,treatment,4
2868,junk_debris,treatment,4
2869,CD4_T,treatment,4
2870,Neutrophil,treatment,4
2871,Myeloid,treatment,4
2872,Myeloid,treatment,4
2873,junk_debris,treatment,4
2874,CD8_T,treatment,4
2875,junk_dead,treatment,4
2876,junk_debris,treatment,4
2877,CD4_T,treatment,4
2878,CD4_T,treatment,4
2879,CD4_T,treatment,4
2880,junk_debris,treatment,4
2881,junk_debris,treatment,4
2882,junk_dead,treatment,4
2883,B,treatment,4
2884,CD4_T,treatment,4
2885,junk_debris,treatment,4
2886,B,treatment,4
2887,junk_debris,treatment,4
2888,junk_noise,treatment,4
2889,junk_dead,treatment,4
2890,junk_debris,treatment,4
2891,junk_dead,treatment,4
2892,junk_dead,treatment,4
2893,junk_noise,treatment,4
2894,B,treatment,4
2895,junk_debris,treatment,4
2896,junk_debris,treatment,4
2897,junk_debris,treatment,4
2898,junk_doublet,treatment,4
2899,junk_doublet,treatment,4
2900,CD4_T,treatment,4
2901,junk_dead,treatment,4
2902,DC,treatment,4
2903,B,treatment,4
2904,junk_dead,treatment,4
2905,junk_debris,treatment,4
2906,junk_debris,treatment,4
2907,Myeloid,treatment,4
2908,Neutrophil,treatment,4
2909,junk_doublet,treatment,4
2910,junk_doublet,treatment,4
2911,CD8_T,treatment,4
2912,junk_dead,treatment,4
2913,junk_dead,treatment,4
2914,junk_dead,treatment,4
2915,B,treatment,4
2916,junk_doublet,treatment,4
2917,junk_doublet,treatment,4
2918,Myeloid,treatment,4
2919,junk_noise,treatment,4
2920,junk_dead,treatment,4
2921,Myeloid,treatment,4
2922,B,treatment,4
2923,Neutrophil,treatment,4
2924,Myeloid,treatment,4
2925,junk_debris,treatment,4
2926,junk_doublet,treatment,4
2927,CD4_T,treatment,4
2928,junk_dead,treatment,4
2929,junk_dead,treatment,4
2930,B,treatment,4
2931,junk_noise,treatment,4
2932,junk_doublet,treatment,4
2933,CD4_T,treatment,4
2934,Myeloid,treatment,4
2935,junk_doublet,treatment,4
2936,B,treatment,4
2937,junk_noise,treatment,4
2938,Neutrophil,treatment,4
2939,NK,treatment,4
2940,junk_dead,treatment,4
2941,junk_debris,treatment,4
2942,CD4_T,treatment,4
2943,Neutrophil,treatment,4
2944,junk_doublet,treatment,4
2945,junk_debris,treatment,4
2946,Myeloid,treatment,4
2947,DC,treatment,4
2948,junk_doublet,treatment,4
2949,junk_debris,treatment,4
2950,CD4_T,treatment,4
2951,junk_noise,treatment,4
2952,junk_noise,treatment,4
2953,NK,treatment,4
2954,junk_debris,treatment,4
2955,junk_debris,treatment,4
2956,junk_debris,treatment,4
2957,Myeloid,treatment,4
2958,junk_doublet,treatment,4
2959,junk_doublet,treatment,4
2960,junk_dead,treatment,4
2961,CD4_T,treatment,4
2962,junk_noise,treatment,4
2963,CD8_T,treatment,4
2964,junk_dead,treatment,4
2965,junk_debris,treatment,4
2966,B,treatment,4
2967,junk_debris,treatment,4
2968,junk_noise,treatment,4
2969,junk_debris,treatment,4
2970,DC,treatment,4
2971,junk_debris,treatment,4
2972,CD4_T,treatment,4
2973,junk_dead,treatment,4
2974,junk_debris,treatment,4
2975,junk_debris,treatment,4
2976,junk_debris,treatment,4
2977,junk_debris,treatment,4
2978,junk_dead,treatment,4
2979,junk_debris,treatment,4
2980,junk_dead,treatment,4
2981,B,treatment,4
2982,Myeloid,treatment,4
2983,junk_debris,treatment,4
2984,junk_debris,treatment,4
2985,junk_dead,treatment,4
2986,junk_dead,treatment,4
2987,CD4_T,treatment,4
2988,NK,treatment,4
2989,junk_noise,treatment,4
2990,junk_noise,treatment,4
2991,junk_noise,treatment,4
2992,junk_dead,treatment,4
2993,CD4_T,treatment,4
2994,CD4_T,treatment,4
2995,B,treatment,4
2996,junk_debris,treatment,4
2997,B,treatment,4
2998,Neutrophil,treatment,4
2999,junk_doublet,treatment,4
3000,Neutrophil,treatment,4
3001,junk_debris,treatment,4
3002,B,treatment,4
3003,junk_noise,treatment,4
3004,B,treatment,4
3005,CD8_T,treatment,4
3006,junk_dead,treatment,4
3007,junk_dead,treatment,4
3008,Myeloid,treatment,4
3009,junk_doublet,treatment,4
3010,CD8_T,treatment,4
3011,junk_debris,treatment,4
3012,junk_debris,treatment,4
3013,junk_noise,treatment,4
3014,junk_doublet,treatment,4
3015,junk_noise,treatment,4
3016,B,treatment,4
3017,CD4_T,treatment,4
3018,junk_debris,treatment,4
3019,junk_debris,treatment,4
3020,junk_debris,treatment,4
3021,junk_noise,treatment,4
3022,junk_doublet,treatment,4
3023,junk_noise,treatment,4
3024,junk_doublet,treatment,4
3025,B,treatment,4
3026,B,treatment,4
3027,junk_dead,treatment,4
3028,junk_noise,treatment,4
3029,Myeloid,treatment,4
3030,junk_debris,treatment,4
3031,junk_debris,treatment,4
3032,junk_debris,treatment,4
3033,junk_debris,treatment,4
3034,junk_debris,treatment,4
3035,B,treatment,4
3036,B,treatment,4
3037,junk_doublet,treatment,4
3038,junk_noise,treatment,4
3039,junk_doublet,treatment,4
3040,B,treatment,4
3041,junk_debris,treatment,4
3042,junk_noise,treatment,4
3043,B,treatment,4
3044,Myeloid,treatment,4
3045,junk_debris,treatment,4
3046,junk_noise,treatment,4
3047,Neutrophil,treatment,4
3048,junk_doublet,treatment,4
3049,junk_dead,treatment,4
3050,junk_doublet,treatment,4
3051,junk_debris,treatment,4
3052,junk_debris,treatment,4
3053,junk_dead,treatment,4
3054,junk_doublet,treatment,4
3055,B,treatment,4
3056,junk_dead,treatment,4
3057,CD4_T,treatment,4
3058,junk_debris,treatment,4
3059,junk_noise,treatment,4
3060,junk_noise,treatment,4
3061,junk_dead,treatment,4
3062,junk_debris,treatment,4
3063,junk_doublet,treatment,4
3064,junk_noise,treatment,4
3065,junk_dead,treatment,4
3066,CD4_T,treatment,4
3067,CD4_T,treatment,4
3068,junk_dead,treatment,4
3069,junk_dead,treatment,4
3070,junk_debris,treatment,4
3071,junk_debris,treatment,4
3072,junk_noise,treatment,4
3073,junk_doublet,treatment,4
3074,junk_dead,treatment,4
3075,CD4_T,treatment,4
3076,junk_doublet,treatment,4
3077,junk_debris,treatment,4
3078,CD4_T,treatment,4
3079,junk_doublet,treatment,4
3080,junk_debris,treatment,4
3081,junk_debris,treatment,4
3082,B,treatment,4
3083,junk_noise,treatment,4
3084,Myeloid,treatment,4
3085,junk_dead,treatment,4
3086,junk_doublet,treatment,4
3087,junk_debris,treatment,4
3088,junk_doublet,treatment,4
3089,junk_doublet,treatment,4
3090,junk_doublet,treatment,4
3091,junk_debris,treatment,4
3092,junk_doublet,treatment,4
3093,junk_doublet,treatment,4
3094,junk_doublet,treatment,4
3095,junk_dead,treatment,4
3096,junk_debris,treatment,4
3097,junk_dead,treatment,4
3098,junk_noise,treatment,4
3099,B,treatment,4
3100,junk_dead,treatment,4
3101,junk_dead,treatment,4
3102,CD4_T,treatment,4
3103,CD4_T,treatment,4
3104,junk_debris,treatment,4
3105,Myeloid,treatment,4
3106,NK,treatment,4
3107,junk_debris,treatment,4
3108,junk_dead,treatment,4
3109,Neutrophil,treatment,4
3110,B,treatment,4
3111,junk_noise,treatment,4
3112,junk_debris,treatment,4
3113,junk_doublet,treatment,4
3114,junk_dead,treatment,4
3115,B,treatment,4
3116,junk_debris,treatment,4
3117,junk_debris,treatment,4
3118,junk_dead,treatment,4
3119,junk_doublet,treatment,4
3120,Myeloid,treatment,4
3121,junk_doublet,treatment,4
3122,Neutrophil,treatment,4
3123,junk_debris,treatment,4
3124,junk_noise,treatment,4
3125,Myeloid,treatment,4
3126,junk_debris,treatment,4
3127,B,treatment,4
3128,CD4_T,treatment,4
3129,junk_noise,treatment,4
3130,junk_noise,treatment,4
3131,DC,treatment,4
3132,junk_noise,treatment,4
3133,junk_debris,treatment,4
3134,junk_dead,treatment,4
3135,junk_debris,treatment,4
3136,junk_noise,treatment,4
3137,Myeloid,treatment,4
3138,Neutrophil,treatment,4
3139,junk_noise,treatment,4
3140,junk_debris,treatment,4
3141,junk_doublet,treatment,4
3142,Myeloid,treatment,4
3143,junk_doublet,treatment,4
3144,junk_debris,treatment,4
3145,junk_noise,treatment,4
3146,junk_debris,treatment,4
3147,CD8_T,treatment,4
3148,junk_doublet,treatment,4
3149,junk_debris,treatment,4
3150,junk_dead,treatment,4
3151,junk_debris,treatment,4
3152,Myeloid,treatment,4
3153,NK,treatment,4
3154,Myeloid,treatment,4
3155,junk_debris,treatment,4
3156,CD4_T,treatment,4
3157,junk_doublet,treatment,4
3158,B,treatment,4
3159,junk_dead,treatment,4
3160,CD4_T,treatment,4
3161,junk_dead,treatment,4
3162,junk_dead,treatment,4
3163,junk_doublet,treatment,4
3164,CD8_T,treatment,4
3165,junk_dead,treatment,4
3166,junk_doublet,treatment,4
3167,junk_dead,treatment,4
3168,junk_doublet,treatment,4
3169,CD8_T,treatment,4
3170,junk_debris,treatment,4
3171,junk_noise,treatment,4
3172,junk_noise,treatment,4
3173,CD4_T,treatment,4
3174,B,treatment,4
3175,NK,treatment,4
3176,junk_dead,treatment,4
3177,junk_debris,treatment,4
3178,DC,treatment,4
3179,junk_noise,treatment,4
3180,junk_debris,treatment,4
3181,B,treatment,4
3182,CD8_T,treatment,4
3183,junk_doublet,treatment,4
3184,junk_dead,treatment,4
3185,CD4_T,treatment,4
3186,junk_doublet,treatment,4
3187,junk_debris,treatment,4
3188,CD4_T,treatment,4
3189,Myeloid,treatment,4
3190,B,treatment,4
3191,junk_noise,treatment,4
3192,B,treatment,4
3193,junk_doublet,treatment,4
3194,junk_dead,treatment,4
3195,CD4_T,treatment,4
3196,junk_debris,treatment,4
3197,CD8_T,treatment,4
3198,junk_noise,treatment,4
3199,junk_debris,treatment,4
3200,junk_doublet,treatment,4
3201,junk_doublet,treatment,4
3202,junk_debris,treatment,4
3203,junk_dead,treatment,4
3204,CD8_T,treatment,4
3205,junk_noise,treatment,4
3206,junk_debris,treatment,4
3207,junk_debris,treatment,4
3208,B,treatment,4
3209,NK,treatment,4
3210,Neutrophil,treatment,4
3211,B,treatment,4
3212,junk_debris,treatment,4
3213,junk_debris,treatment,4
3214,Neutrophil,treatment,4
3215,junk_doublet,treatment,4
3216,junk_noise,treatment,4
3217,junk_noise,treatment,4
3218,junk_debris,treatment,4
3219,junk_debris,treatment,4
3220,CD4_T,treatment,4
3221,junk_doublet,treatment,4
3222,DC,treatment,4
3223,junk_dead,treatment,4
3224,junk_debris,treatment,4
3225,junk_noise,treatment,4
3226,CD4_T,treatment,4
3227,B,treatment,4
3228,junk_noise,treatment,4
3229,junk_debris,treatment,4
3230,Neutrophil,treatment,4
3231,junk_debris,treatment,4
3232,junk_doublet,treatment,4
3233,junk_debris,treatment,4
3234,junk_noise,treatment,4
3235,junk_debris,treatment,4
3236,CD8_T,treatment,4
3237,junk_debris,treatment,4
3238,junk_dead,treatment,4
3239,junk_noise,treatment,4
3240,junk_noise,treatment,4
3241,junk_dead,treatment,4
3242,CD4_T,treatment,4
3243,junk_dead,treatment,4
3244,junk_dead,treatment,4
3245,NK,treatment,4
3246,junk_dead,treatment,4
3247,junk_debris,treatment,4
3248,junk_dead,treatment,4
3249,junk_debris,treatment,4
3250,junk_debris,treatment,4
3251,junk_debris,treatment,4
3252,junk_doublet,treatment,4
3253,junk_dead,treatment,4
3254,junk_debris,treatment,4
3255,junk_doublet,treatment,4
3256,junk_doublet,treatment,4
3257,CD4_T,treatment,4
3258,junk_debris,treatment,4
3259,Neutrophil,treatment,4
3260,CD8_T,treatment,4
3261,B,treatment,4
3262,junk_debris,treatment,4
3263,junk_noise,treatment,4
3264,CD8_T,treatment,4
3265,CD8_T,treatment,4
3266,junk_debris,treatment,4
3267,junk_dead,treatment,4
3268,junk_doublet,treatment,4
3269,junk_dead,treatment,4
3270,junk_dead,treatment,4
3271,B,treatment,4
3272,junk_doublet,treatment,4
3273,CD8_T,treatment,4
3274,Neutrophil,treatment,4
3275,junk_dead,treatment,4
3276,junk_debris,treatment,4
3277,junk_debris,treatment,4
3278,junk_debris,treatment,4
3279,junk_dead,treatment,4
3280,junk_dead,treatment,4
3281,junk_doublet,treatment,4
3282,junk_debris,treatment,4
3283,junk_debris,treatment,4
3284,junk_debris,treatment,4
3285,junk_dead,treatment,4
3286,junk_debris,treatment,4
3287,junk_debris,treatment,4
3288,junk_doublet,treatment,4
3289,B,treatment,4
3290,junk_debris,treatment,4
3291,B,treatment,4
3292,junk_doublet,treatment,4
3293,CD4_T,treatment,4
3294,junk_dead,treatment,4
3295,junk_debris,treatment,4
3296,junk_debris,treatment,4
3297,B,treatment,4
3298,junk_dead,treatment,4
3299,junk_doublet,treatment,4
3300,junk_debris,treatment,4
3301,Myeloid,treatment,4
3302,junk_dead,treatment,4
3303,junk_debris,treatment,4
3304,junk_noise,treatment,4
3305,junk_debris,treatment,4
3306,CD8_T,treatment,4
3307,Neutrophil,treatment,4
3308,CD4_T,treatment,4
3309,NK,treatment,4
3310,B,treatment,4
3311,CD4_T,treatment,4
3312,junk_doublet,treatment,4
3313,junk_debris,treatment,4
3314,B,treatment,4
3315,junk_debris,treatment,4
3316,junk_dead,treatment,4
3317,junk_debris,treatment,4
3318,CD4_T,treatment,4
3319,Neutrophil,treatment,4
3320,junk_dead,treatment,4
3321,junk_debris,treatment,4
3322,B,treatment,4
3323,junk_noise,treatment,4
3324,junk_doublet,treatment,4
3325,junk_doublet,treatment,4
3326,junk_debris,treatment,4
3327,B,treatment,4
3328,junk_debris,treatment,4
3329,junk_doublet,treatment,4
3330,junk_doublet,treatment,4
3331,junk_debris,treatment,4
3332,CD4_T,treatment,4
3333,junk_dead,treatment,4
3334,junk_dead,treatment,4
3335,CD4_T,treatment,4
3336,junk_noise,treatment,4
3337,junk_doublet,treatment,4
3338,Myeloid,treatment,4
3339,junk_dead,treatment,4
3340,junk_dead,treatment,4
3341,junk_debris,treatment,4
3342,junk_noise,treatment,4
3343,junk_debris,treatment,4
3344,CD4_T,treatment,4
3345,junk_dead,treatment,4
3346,junk_doublet,treatment,4
3347,junk_debris,treatment,4
3348,CD4_T,treatment,4
3349,CD4_T,treatment,4
3350,Myeloid,treatment,4
3351,DC,treatment,4
3352,junk_debris,treatment,4
3353,junk_debris,treatment,4
3354,junk_doublet,treatment,4
3355,B,treatment,4
3356,junk_debris,treatment,4
3357,B,treatment,4
3358,junk_doublet,treatment,4
3359,B,treatment,4
3360,B,treatment,4
3361,CD8_T,treatment,4
3362,junk_noise,treatment,4
3363,B,treatment,4
3364,junk_debris,treatment,4
3365,junk_noise,treatment,4
3366,CD4_T,treatment,4
3367,junk_dead,treatment,4
3368,junk_debris,treatment,4
3369,junk_debris,treatment,4
3370,B,treatment,4
3371,junk_dead,treatment,4
3372,junk_dead,treatment,4
3373,junk_debris,treatment,4
3374,Myeloid,treatment,4
3375,B,treatment,4
3376,junk_debris,treatment,4
3377,Myeloid,treatment,4
3378,junk_debris,treatment,4
3379,junk_debris,treatment,4
3380,Myeloid,treatment,4
3381,Neutrophil,treatment,4
3382,junk_doublet,treatment,4
3383,CD4_T,treatment,4
3384,junk_dead,treatment,4
3385,junk_debris,treatment,4
3386,CD4_T,treatment,4
3387,B,treatment,4
3388,junk_doublet,treatment,4
3389,junk_dead,treatment,4
3390,junk_debris,treatment,4
3391,B,treatment,4
3392,CD4_T,treatment,4
3393,junk_dead,treatment,4
3394,junk_debris,treatment,4
3395,junk_doublet,treatment,4
3396,B,treatment,4
3397,CD4_T,treatment,4
3398,junk_noise,treatment,4
3399,junk_debris,treatment,4
3400,junk_debris,treatment,4
3401,Myeloid,treatment,4
3402,junk_dead,treatment,4
3403,junk_debris,treatment,4
3404,junk_debris,treatment,4
3405,junk_doublet,treatment,4
3406,junk_debris,treatment,4
3407,CD8_T,treatment,4
3408,Myeloid,treatment,4
3409,DC,treatment,4
3410,junk_noise,treatment,4
3411,Myeloid,treatment,4
3412,junk_noise,treatment,4
3413,junk_debris,treatment,4
3414,junk_dead,treatment,4
3415,junk_debris,treatment,4
3416,junk_doublet,treatment,4
3417,junk_dead,treatment,4
3418,Myeloid,treatment,4
3419,junk_dead,treatment,4
3420,B,treatment,4
3421,junk_dead,treatment,4
3422,junk_doublet,treatment,4
3423,Neutrophil,treatment,4
3424,junk_debris,treatment,4
3425,junk_dead,treatment,4
3426,junk_dead,treatment,4
3427,junk_dead,treatment,4
3428,junk_doublet,treatment,4
3429,junk_noise,treatment,4
3430,junk_debris,treatment,4
3431,CD8_T,treatment,4
3432,DC,treatment,4
3433,junk_debris,treatment,4
3434,junk_debris,treatment,4
3435,junk_doublet,treatment,4
3436,junk_doublet,treatment,4
3437,junk_doublet,treatment,4
3438,B,treatment,4
3439,junk_debris,treatment,4
3440,CD8_T,treatment,4
3441,junk_debris,treatment,4
3442,junk_dead,treatment,4
3443,junk_doublet,treatment,4
3444,junk_debris,treatment,4
3445,CD4_T,treatment,4
3446,junk_doublet,treatment,4
3447,junk_doublet,treatment,4
3448,junk_debris,treatment,4
3449,junk_debris,treatment,4
3450,junk_dead,treatment,4
3451,junk_debris,treatment,4
3452,B,treatment,4
3453,junk_debris,treatment,4
3454,B,treatment,4
3455,junk_dead,treatment,4
3456,junk_noise,treatment,4
3457,CD4_T,treatment,4
3458,junk_debris,treatment,4
3459,junk_debris,treatment,4
3460,Myeloid,treatment,4
3461,junk_debris,treatment,4
3462,junk_noise,treatment,4
3463,junk_noise,treatment,4
3464,junk_debris,treatment,4
3465,junk_debris,treatment,4
3466,junk_noise,treatment,4
3467,B,treatment,4
3468,junk_noise,treatment,4
3469,Myeloid,treatment,4
3470,junk_doublet,treatment,4
3471,junk_debris,treatment,4
3472,B,treatment,4
3473,Neutrophil,treatment,4
3474,junk_dead,treatment,4
3475,junk_dead,treatment,4
3476,junk_dead,treatment,4
3477,B,treatment,4
3478,junk_noise,treatment,4
3479,junk_debris,treatment,4
3480,junk_debris,treatment,4
3481,junk_debris,treatment,4
3482,junk_doublet,treatment,4
3483,Myeloid,treatment,4
3484,junk_noise,treatment,4
3485,junk_debris,treatment,4
3486,junk_debris,treatment,4
3487,junk_debris,treatment,4
3488,CD4_T,treatment,4
3489,junk_noise,treatment,4
3490,CD4_T,treatment,4
3491,junk_doublet,treatment,4
3492,junk_noise,treatment,4
3493,B,treatment,4
3494,junk_doublet,treatment,4
3495,junk_dead,treatment,4
3496,junk_dead,treatment,4
3497,junk_noise,treatment,4
3498,junk_noise,treatment,4
3499,junk_debris,treatment,4
3500,junk_noise,treatment,4
3501,junk_doublet,treatment,4
3502,junk_dead,treatment,4
3503,B,treatment,4
3504,junk_debris,treatment,4
3505,junk_debris,treatment,4
3506,B,treatment,4
3507,B,treatment,4
3508,junk_noise,treatment,4
3509,B,treatment,4
3510,DC,treatment,4
3511,junk_dead,treatment,4
3512,junk_dead,treatment,4
3513,junk_dead,treatment,4
3514,B,treatment,4
3515,junk_doublet,treatment,4
3516,junk_doublet,treatment,4
3517,junk_doublet,treatment,4
3518,junk_debris,treatment,4
3519,B,treatment,4
3520,junk_dead,treatment,4
3521,junk_dead,treatment,4
3522,junk_noise,treatment,4
3523,junk_debris,treatment,4
3524,Myeloid,treatment,4
3525,CD4_T,treatment,4
3526,junk_doublet,treatment,4
3527,junk_doublet,treatment,4
3528,junk_dead,treatment,4
3529,Myeloid,treatment,4
3530,junk_doublet,treatment,4
3531,junk_debris,treatment,4
3532,junk_debris,treatment,4
3533,junk_dead,treatment,4
3534,CD4_T,treatment,4
3535,junk_dead,treatment,4
3536,B,treatment,4
3537,junk_noise,treatment,4
3538,Myeloid,treatment,4
3539,CD4_T,treatment,4
3540,junk_dead,treatment,4
3541,junk_debris,treatment,4
3542,B,treatment,4
3543,junk_doublet,treatment,4
3544,junk_dead,treatment,4
3545,junk_noise,treatment,4
3546,junk_dead,treatment,4
3547,junk_dead,treatment,4
3548,DC,treatment,4
3549,NK,treatment,4
3550,CD8_T,treatment,4
3551,CD4_T,treatment,4
3552,CD4_T,treatment,4
3553,junk_dead,treatment,4
3554,junk_dead,treatment,4
3555,CD8_T,treatment,4
3556,B,treatment,4
3557,junk_dead,treatment,4
3558,junk_dead,treatment,4
3559,junk_noise,treatment,4
3560,junk_doublet,treatment,4
3561,junk_noise,treatment,4
3562,junk_doublet,treatment,4
3563,Neutrophil,treatment,4
3564,B,treatment,4
3565,junk_dead,treatment,4
3566,junk_debris,treatment,4
3567,junk_dead,treatment,4
3568,B,treatment,4
3569,junk_doublet,treatment,4
3570,junk_debris,treatment,4
3571,junk_doublet,treatment,4
3572,B,treatment,4
3573,junk_debris,treatment,4
3574,junk_doublet,treatment,4
3575,CD4_T,treatment,4
3576,Neutrophil,treatment,4
3577,junk_debris,treatment,4
3578,junk_debris,treatment,4
3579,B,treatment,4
3580,junk_doublet,treatment,4
3581,junk_dead,treatment,4
3582,junk_debris,treatment,4
3583,junk_debris,treatment,4
3584,Myeloid,treatment,4
3585,junk_debris,treatment,4
3586,B,treatment,4
3587,junk_doublet,treatment,4
3588,B,treatment,4
3589,junk_noise,treatment,4
3590,CD8_T,treatment,4
3591,junk_noise,treatment,4
3592,B,treatment,4
3593,DC,treatment,4
3594,B,treatment,4
3595,junk_dead,treatment,4
3596,CD4_T,treatment,4
3597,junk_dead,treatment,4
3598,junk_doublet,treatment,4
3599,junk_noise,treatment,4
3600,junk_debris,treatment,4
3601,NK,treatment,4
3602,junk_debris,treatment,4
3603,junk_debris,treatment,4
3604,junk_doublet,treatment,4
3605,junk_doublet,treatment,4
3606,junk_dead,treatment,4
3607,junk_dead,treatment,4
3608,junk_debris,treatment,4
3609,CD8_T,treatment,4
3610,junk_debris,treatment,4
3611,junk_noise,treatment,4
3612,CD4_T,treatment,4
3613,junk_debris,treatment,4
3614,junk_debris,treatment,4
3615,junk_dead,treatment,4
3616,junk_doublet,treatment,4
3617,junk_dead,treatment,4
3618,junk_doublet,treatment,4
3619,junk_debris,treatment,4
3620,junk_debris,treatment,4
3621,B,treatment,4
3622,B,treatment,4
3623,junk_doublet,treatment,4
3624,junk_debris,treatment,4
3625,junk_doublet,treatment,4
3626,junk_noise,treatment,4
3627,junk_dead,treatment,4
3628,junk_dead,treatment,4
3629,NK,treatment,4
3630,junk_debris,treatment,4
3631,Myeloid,treatment,4
3632,junk_dead,treatment,4
3633,B,treatment,4
3634,junk_dead,treatment,4
3635,junk_doublet,treatment,4
3636,B,treatment,4
3637,CD8_T,treatment,4
3638,junk_noise,treatment,4
3639,junk_dead,treatment,4
3640,junk_debris,treatment,4
3641,Neutrophil,treatment,4
3642,junk_debris,treatment,4
3643,CD4_T,treatment,4
3644,junk_noise,treatment,4
3645,Neutrophil,treatment,4
3646,junk_dead,treatment,4
3647,junk_noise,treatment,4
3648,B,treatment,4
3649,junk_dead,treatment,4
3650,junk_dead,treatment,4
3651,CD4_T,treatment,4
3652,junk_doublet,treatment,4
3653,Neutrophil,treatment,4
3654,junk_doublet,treatment,4
3655,junk_noise,treatment,4
3656,CD4_T,treatment,4
3657,junk_dead,treatment,4
3658,junk_debris,treatment,4
3659,DC,treatment,4
3660,junk_dead,treatment,4
3661,junk_dead,treatment,4
3662,CD4_T,treatment,4
3663,junk_debris,treatment,4
3664,B,treatment,4
3665,Myeloid,treatment,4
3666,junk_debris,treatment,4
3667,junk_dead,treatment,4
3668,junk_dead,treatment,4
3669,junk_doublet,treatment,4
3670,CD8_T,treatment,4
3671,junk_dead,treatment,4
3672,junk_doublet,treatment,4
3673,Myeloid,treatment,4
3674,junk_noise,treatment,4
3675,Neutrophil,treatment,4
3676,junk_doublet,treatment,4
3677,B,treatment,4
3678,junk_dead,treatment,4
3679,junk_dead,treatment,4
3680,DC,treatment,4
3681,NK,treatment,4
3682,CD4_T,treatment,4
3683,junk_noise,treatment,4
3684,junk_debris,treatment,4
3685,junk_noise,treatment,4
3686,junk_debris,treatment,4
3687,junk_dead,treatment,4
3688,junk_debris,treatment,4
3689,junk_doublet,treatment,4
3690,Myeloid,treatment,4
3691,Neutrophil,treatment,4
3692,junk_doublet,treatment,4
3693,Myeloid,treatment,4
3694,B,treatment,4
3695,DC,treatment,4
3696,junk_noise,treatment,4
3697,B,treatment,4
3698,Neutrophil,treatment,4
3699,junk_debris,treatment,4
3700,junk_debris,treatment,4
3701,junk_doublet,treatment,4
3702,Myeloid,treatment,4
3703,junk_debris,treatment,4
3704,junk_dead,treatment,4
3705,junk_dead,treatment,4
3706,junk_dead,treatment,4
3707,junk_dead,treatment,4
3708,junk_noise,treatment,4
3709,junk_debris,treatment,4
3710,Myeloid,treatment,4
3711,junk_dead,treatment,4
3712,junk_noise,treatment,4
3713,CD4_T,treatment,4
3714,B,treatment,4
3715,junk_debris,treatment,4
3716,junk_doublet,treatment,4
3717,junk_noise,treatment,4
3718,junk_debris,treatment,4
3719,junk_debris,treatment,4
3720,junk_dead,treatment,4
3721,junk_doublet,treatment,4
3722,junk_debris,treatment,4
3723,junk_dead,treatment,4
3724,B,treatment,4
3725,junk_debris,treatment,4
3726,junk_doublet,treatment,4
3727,junk_debris,treatment,4
3728,junk_dead,treatment,4
3729,B,treatment,4
3730,junk_dead,treatment,4
3731,junk_noise,treatment,4
3732,junk_dead,treatment,4
3733,B,treatment,4
3734,B,treatment,4
3735,junk_noise,treatment,4
3736,B,treatment,4
3737,junk_noise,treatment,4
3738,junk_debris,treatment,4
3739,junk_noise,treatment,4
3740,B,treatment,4
3741,CD4_T,treatment,4
3742,CD8_T,treatment,4
3743,junk_debris,treatment,4
3744,Myeloid,treatment,4
3745,junk_doublet,treatment,4
3746,junk_dead,treatment,4
3747,B,treatment,4
3748,junk_debris,treatment,4
3749,CD4_T,treatment,4
3750,junk_dead,treatment,4
3751,CD4_T,treatment,4
3752,junk_debris,treatment,4
3753,Neutrophil,treatment,4
3754,junk_doublet,treatment,4
3755,junk_doublet,treatment,4
3756,Neutrophil,treatment,4
3757,junk_doublet,treatment,4
3758,junk_debris,treatment,4
3759,CD8_T,treatment,4
3760,junk_noise,treatment,4
3761,junk_debris,treatment,4
3762,CD4_T,treatment,4
3763,Neutrophil,treatment,4
3764,junk_debris,treatment,4
3765,Myeloid,treatment,4
3766,junk_debris,treatment,4
3767,DC,treatment,4
3768,B,treatment,4
3769,junk_debris,treatment,4
3770,junk_debris,treatment,4
3771,CD4_T,treatment,4
3772,junk_doublet,treatment,4
3773,junk_debris,treatment,4
3774,junk_debris,treatment,4
3775,CD4_T,treatment,4
3776,junk_dead,treatment,4
3777,junk_dead,treatment,4
3778,junk_debris,treatment,4
3779,junk_dead,treatment,4
3780,junk_debris,treatment,4
3781,junk_doublet,treatment,4
3782,junk_debris,treatment,4
3783,CD8_T,treatment,4
3784,junk_dead,treatment,4
3785,DC,treatment,4
3786,junk_doublet,treatment,4
3787,junk_doublet,treatment,4
3788,Myeloid,treatment,4
3789,junk_debris,treatment,4
3790,Neutrophil,treatment,4
3791,junk_debris,treatment,4
3792,Myeloid,treatment,4
3793,B,treatment,4
3794,junk_debris,treatment,4
3795,junk_dead,treatment,4
3796,junk_doublet,treatment,4
3797,junk_dead,treatment,4
3798,junk_dead,treatment,4
3799,Myeloid,treatment,4
3800,junk_debris,treatment,4
3801,junk_dead,treatment,4
3802,junk_debris,treatment,4
3803,Neutrophil,treatment,4
3804,Myeloid,treatment,4
3805,junk_debris,treatment,4
3806,junk_debris,treatment,4
3807,junk_dead,treatment,4
3808,junk_debris,treatment,4
3809,junk_debris,treatment,4
3810,junk_doublet,treatment,4
3811,junk_dead,treatment,4
3812,B,treatment,4
3813,junk_debris,treatment,4
3814,CD4_T,treatment,4
3815,junk_doublet,treatment,4
3816,CD4_T,treatment,4
3817,junk_debris,treatment,4
3818,B,treatment,4
3819,junk_dead,treatment,4
3820,Myeloid,treatment,4
3821,junk_noise,treatment,4
3822,junk_noise,treatment,4
3823,junk_debris,treatment,4
3824,junk_debris,treatment,4
3825,junk_doublet,treatment,4
3826,junk_doublet,treatment,4
3827,B,treatment,4
3828,junk_noise,treatment,4
3829,B,treatment,4
3830,junk_dead,treatment,4
3831,B,treatment,4
3832,junk_debris,treatment,4
3833,CD8_T,treatment,4
3834,junk_noise,treatment,4
3835,junk_doublet,treatment,4
3836,junk_debris,treatment,4
3837,CD4_T,treatment,4
3838,junk_doublet,treatment,4
3839,junk_doublet,treatment,4
3840,junk_debris,treatment,4
3841,Myeloid,treatment,4
3842,junk_dead,treatment,4
3843,junk_dead,treatment,4
3844,junk_debris,treatment,4
3845,B,treatment,4
3846,junk_dead,treatment,4
3847,junk_doublet,treatment,4
3848,junk_noise,treatment,4
3849,junk_doublet,treatment,4
3850,junk_doublet,treatment,4
3851,junk_noise,treatment,4
3852,Myeloid,treatment,4
3853,junk_debris,treatment,4
3854,junk_debris,treatment,4
3855,junk_debris,treatment,4
3856,B,treatment,4
3857,CD8_T,treatment,4
3858,junk_doublet,treatment,4
3859,B,treatment,4
3860,B,treatment,4
3861,Myeloid,treatment,4
3862,Myeloid,treatment,4
3863,CD4_T,treatment,4
3864,CD4_T,treatment,4
3865,CD4_T,treatment,4
3866,CD8_T,treatment,4
3867,junk_debris,treatment,4
3868,junk_debris,treatment,4
3869,junk_doublet,treatment,4
3870,junk_dead,treatment,4
3871,junk_noise,treatment,4
3872,junk_debris,treatment,4
3873,junk_doublet,treatment,4
3874,junk_dead,treatment,4
3875,B,treatment,4
3876,junk_doublet,treatment,4
3877,junk_noise,treatment,4
3878,DC,treatment,4
3879,junk_doublet,treatment,4
3880,junk_doublet,treatment,4
3881,B,treatment,4
3882,junk_doublet,treatment,4
3883,junk_doublet,treatment,4
3884,Myeloid,treatment,4
3885,B,treatment,4
3886,Myeloid,treatment,4
3887,junk_debris,treatment,4
3888,CD4_T,treatment,4
3889,junk_dead,treatment,4
3890,junk_dead,treatment,4
3891,junk_dead,treatment,4
3892,junk_doublet,treatment,4
3893,junk_debris,treatment,4
3894,junk_debris,treatment,4
3895,Myeloid,treatment,4
3896,CD4_T,treatment,4
3897,Myeloid,treatment,4
3898,B,treatment,4
3899,junk_doublet,treatment,4
3900,CD8_T,treatment,4
3901,junk_debris,treatment,4
3902,junk_doublet,treatment,4
3903,junk_dead,treatment,4
3904,B,treatment,4
3905,CD8_T,treatment,4
3906,CD4_T,treatment,4
3907,junk_doublet,treatment,4
3908,junk_noise,treatment,4
3909,junk_noise,treatment,4
3910,B,treatment,4
3911,junk_noise,treatment,4
3912,junk_dead,treatment,4
3913,junk_doublet,treatment,4
3914,Myeloid,treatment,4
3915,junk_noise,treatment,4
3916,junk_dead,treatment,4
3917,junk_noise,treatment,4
3918,junk_debris,treatment,4
3919,junk_dead,treatment,4
3920,CD8_T,treatment,4
3921,CD4_T,treatment,4
3922,CD4_T,treatment,4
3923,B,treatment,4
3924,B,treatment,4
3925,junk_debris,treatment,4
3926,junk_dead,treatment,4
3927,junk_debris,treatment,4
3928,junk_debris,treatment,4
3929,CD4_T,treatment,4
3930,junk_dead,treatment,4
3931,Neutrophil,treatment,4
3932,CD8_T,treatment,4
3933,junk_debris,treatment,4
3934,B,treatment,4
3935,junk_dead,treatment,4
3936,junk_dead,treatment,4
3937,junk_debris,treatment,4
3938,junk_debris,treatment,4
3939,CD4_T,treatment,4
3940,junk_dead,treatment,4
3941,NK,treatment,4
3942,junk_dead,treatment,4
3943,junk_doublet,treatment,4
3944,junk_dead,treatment,4
3945,Myeloid,treatment,4
3946,Myeloid,treatment,4
3947,junk_doublet,treatment,4
3948,Myeloid,treatment,4
3949,junk_debris,treatment,4
3950,junk_doublet,treatment,4
3951,junk_dead,treatment,4
3952,junk_noise,treatment,4
3953,junk_debris,treatment,4
3954,junk_doublet,treatment,4
3955,junk_doublet,treatment,4
3956,junk_noise,treatment,4
3957,junk_debris,treatment,4
3958,junk_doublet,treatment,4
3959,junk_debris,treatment,4
3960,junk_debris,treatment,4
3961,junk_dead,treatment,4
3962,CD4_T,treatment,4
3963,B,treatment,4
3964,junk_noise,treatment,4
3965,CD4_T,treatment,4
3966,junk_debris,treatment,4
3967,junk_dead,treatment,4
3968,B,treatment,4
3969,CD4_T,treatment,4
3970,junk_debris,treatment,4
3971,junk_doublet,treatment,4
3972,junk_debris,treatment,4
3973,B,treatment,4
3974,junk_debris,treatment,4
3975,junk_doublet,treatment,4
3976,junk_dead,treatment,4
3977,CD8_T,treatment,4
3978,junk_debris,treatment,4
3979,junk_debris,treatment,4
3980,junk_noise,treatment,4
3981,Myeloid,treatment,4
3982,junk_noise,treatment,4
3983,B,treatment,4
3984,Myeloid,treatment,4
3985,Neutrophil,treatment,4
3986,junk_debris,treatment,4
3987,junk_doublet,treatment,4
3988,CD4_T,treatment,4
3989,junk_debris,treatment,4
3990,Myeloid,treatment,4
3991,junk_debris,treatment,4
3992,Neutrophil,treatment,4
3993,junk_dead,treatment,4
3994,junk_debris,treatment,4
3995,junk_debris,treatment,4
3996,junk_doublet,treatment,4
3997,junk_dead,treatment,4
3998,CD8_T,treatment,4
3999,junk_debris,treatment,4
4000,Neutrophil,treatment,4
4001,CD4_T,treatment,4
4002,Neutrophil,treatment,4
4003,CD4_T,treatment,4
4004,junk_debris,treatment,4
4005,junk_noise,treatment,4
4006,junk_dead,treatment,4
4007,junk_doublet,treatment,4
4008,junk_debris,treatment,4
4009,junk_debris,treatment,4
4010,junk_doublet,treatment,4
4011,junk_doublet,treatment,4
4012,CD4_T,treatment,4
4013,junk_dead,treatment,4
4014,NK,treatment,4
4015,junk_debris,treatment,4
4016,junk_noise,treatment,4
4017,junk_debris,treatment,4
4018,junk_doublet,treatment,4
4019,CD4_T,treatment,4
4020,junk_debris,treatment,4
4021,Neutrophil,treatment,4
4022,CD4_T,treatment,4
4023,junk_debris,treatment,4
4024,junk_dead,treatment,4
4025,B,treatment,4
4026,CD8_T,treatment,4
4027,junk_noise,treatment,4
4028,CD4_T,treatment,4
4029,DC,treatment,4
4030,junk_dead,treatment,4
4031,Myeloid,treatment,4
4032,junk_doublet,treatment,4
4033,junk_noise,treatment,4
4034,CD4_T,treatment,4
4035,CD4_T,treatment,4
4036,junk_dead,treatment,4
4037,junk_dead,treatment,4
4038,Myeloid,treatment,4
4039,junk_debris,treatment,4
4040,B,treatment,4
4041,junk_debris,treatment,4
4042,DC,treatment,4
4043,CD4_T,treatment,4
4044,junk_dead,treatment,4
4045,junk_debris,treatment,4
4046,junk_dead,treatment,4
4047,junk_doublet,treatment,4
4048,Neutrophil,treatment,4
4049,B,treatment,4
4050,junk_doublet,treatment,4
4051,junk_debris,treatment,4
4052,junk_doublet,treatment,4
4053,B,treatment,4
4054,junk_dead,treatment,4
4055,junk_doublet,treatment,4
4056,CD4_T,treatment,4
4057,junk_doublet,treatment,4
4058,B,treatment,4
4059,CD4_T,treatment,4
4060,junk_noise,treatment,4
4061,DC,treatment,4
4062,junk_dead,treatment,4
4063,junk_doublet,treatment,4
4064,junk_dead,treatment,4
4065,junk_noise,treatment,4
4066,junk_debris,treatment,4
4067,junk_debris,treatment,4
4068,junk_doublet,treatment,4
4069,junk_debris,treatment,4
4070,junk_doublet,treatment,4
4071,NK,treatment,4
4072,junk_doublet,treatment,4
4073,junk_debris,treatment,4
4074,Myeloid,treatment,4
4075,CD8_T,treatment,4
4076,junk_dead,treatment,4
4077,junk_dead,treatment,4
4078,CD4_T,treatment,4
4079,junk_debris,treatment,4
4080,CD4_T,treatment,4
4081,junk_dead,treatment,4
4082,junk_dead,treatment,4
4083,junk_dead,treatment,4
4084,junk_debris,treatment,4
4085,junk_debris,treatment,4
4086,CD4_T,treatment,4
4087,junk_dead,treatment,4
4088,CD4_T,treatment,4
4089,junk_doublet,treatment,4
4090,junk_dead,treatment,4
4091,junk_dead,treatment,4
4092,CD4_T,treatment,4
4093,B,treatment,4
4094,junk_noise,treatment,4
4095,junk_noise,treatment,4
4096,junk_debris,treatment,4
4097,junk_debris,treatment,4
4098,Neutrophil,treatment,4
4099,junk_dead,treatment,4
4100,junk_noise,treatment,4
4101,junk_dead,treatment,4
4102,junk_debris,treatment,4
4103,junk_noise,treatment,4
4104,junk_noise,treatment,4
4105,CD4_T,treatment,4
4106,CD4_T,treatment,4
4107,junk_debris,treatment,4
4108,CD4_T,treatment,4
4109,junk_debris,treatment,4
4110,junk_debris,treatment,4
4111,junk_dead,treatment,4
4112,Myeloid,treatment,4
4113,junk_debris,treatment,4
4114,junk_debris,treatment,4
4115,B,treatment,4
4116,Neutrophil,treatment,4
4117,junk_debris,treatment,4
4118,B,treatment,4
4119,junk_doublet,treatment,4
4120,junk_dead,treatment,4
4121,junk_doublet,treatment,4
4122,B,treatment,4
4123,B,treatment,4
4124,junk_doublet,treatment,4
4125,junk_debris,treatment,4
4126,junk_debris,treatment,4
4127,Neutrophil,treatment,4
4128,junk_debris,treatment,4
4129,Neutrophil,treatment,4
4130,junk_noise,treatment,4
4131,B,treatment,4
4132,junk_doublet,treatment,4
4133,B,treatment,4
4134,junk_doublet,treatment,4
4135,junk_debris,treatment,4
4136,junk_noise,treatment,4
4137,junk_doublet,treatment,4
4138,CD4_T,treatment,4
4139,junk_doublet,treatment,4
4140,CD4_T,treatment,4
4141,junk_doublet,treatment,4
4142,junk_dead,treatment,4
4143,B,treatment,4
4144,junk_doublet,treatment,4
4145,junk_debris,treatment,4
4146,junk_doublet,treatment,4
4147,junk_debris,treatment,4
4148,CD4_T,treatment,4
4149,Neutrophil,treatment,4
4150,junk_doublet,treatment,4
4151,junk_noise,treatment,4
4152,junk_dead,treatment,4
4153,Neutrophil,treatment,4
4154,junk_dead,treatment,4
4155,junk_noise,treatment,4
4156,junk_debris,treatment,4
4157,junk_debris,treatment,4
4158,CD4_T,treatment,4
4159,junk_doublet,treatment,4
4160,CD8_T,treatment,4
4161,junk_debris,treatment,4
4162,junk_doublet,treatment,4
4163,NK,treatment,4
4164,junk_debris,treatment,4
4165,junk_debris,treatment,4
4166,CD4_T,treatment,4
4167,junk_dead,treatment,4
4168,junk_debris,treatment,4
4169,Neutrophil,treatment,4
4170,junk_doublet,treatment,4
4171,CD8_T,treatment,4
4172,junk_doublet,treatment,4
4173,junk_doublet,treatment,4
4174,junk_noise,treatment,4
4175,Myeloid,treatment,4
4176,DC,treatment,4
4177,junk_debris,treatment,4
4178,junk_dead,treatment,4
4179,CD4_T,treatment,4
4180,junk_dead,treatment,4
4181,junk_debris,treatment,4
4182,junk_debris,treatment,4
4183,B,treatment,4
4184,junk_noise,treatment,4
4185,junk_debris,treatment,4
4186,junk_dead,treatment,4
4187,B,treatment,4
4188,junk_dead,treatment,4
4189,junk_dead,treatment,4
4190,junk_noise,treatment,4
4191,junk_doublet,treatment,4
4192,junk_debris,treatment,4
4193,junk_debris,treatment,4
4194,Neutrophil,treatment,4
4195,junk_debris,treatment,4
4196,CD8_T,treatment,4
4197,Myeloid,treatment,4
4198,CD4_T,treatment,4
4199,Myeloid,treatment,4
4200,junk_doublet,treatment,4
4201,junk_debris,treatment,4
4202,junk_debris,treatment,4
4203,junk_debris,treatment,4
4204,junk_doublet,treatment,4
4205,junk_dead,treatment,4
4206,junk_debris,treatment,4
4207,NK,treatment,4
4208,B,treatment,4
4209,junk_noise,treatment,4
4210,junk_doublet,treatment,4
4211,junk_doublet,treatment,4
4212,Neutrophil,treatment,4
4213,junk_debris,treatment,4
4214,junk_debris,treatment,4
4215,junk_debris,treatment,4
4216,junk_doublet,treatment,4
4217,junk_debris,treatment,4
4218,B,treatment,4
4219,CD4_T,treatment,4
4220,junk_debris,treatment,4
4221,junk_doublet,treatment,4
4222,junk_noise,treatment,4
4223,CD8_T,treatment,4
4224,junk_doublet,treatment,4
4225,B,treatment,4
4226,junk_doublet,treatment,4
4227,B,treatment,4
4228,junk_debris,treatment,4
4229,junk_debris,treatment,4
4230,junk_doublet,treatment,4
4231,junk_dead,treatment,4
4232,junk_noise,treatment,4
4233,Myeloid,treatment,4
4234,junk_noise,treatment,4
4235,junk_doublet,treatment,4
4236,junk_doublet,treatment,4
4237,junk_dead,treatment,4
4238,junk_debris,treatment,4
4239,junk_dead,treatment,4
4240,junk_dead,treatment,4
4241,CD8_T,treatment,4
4242,B,treatment,4
4243,junk_doublet,treatment,4
4244,junk_debris,treatment,4
4245,junk_dead,treatment,4
4246,junk_debris,treatment,4
4247,junk_doublet,treatment,4
4248,junk_noise,treatment,4
4249,NK,treatment,4
4250,B,treatment,4
4251,junk_noise,treatment,4
4252,junk_doublet,treatment,4
4253,junk_debris,treatment,4
4254,junk_dead,treatment,4
4255,junk_debris,treatment,4
4256,junk_debris,treatment,4
4257,junk_debris,treatment,4
4258,Myeloid,treatment,4
4259,junk_dead,treatment,4
4260,junk_doublet,treatment,4
4261,junk_doublet,treatment,4
4262,junk_noise,treatment,4
4263,junk_dead,treatment,4
4264,junk_debris,treatment,4
4265,B,treatment,4
4266,junk_doublet,treatment,4
4267,junk_debris,treatment,4
4268,junk_dead,treatment,4
4269,junk_doublet,treatment,4
4270,junk_doublet,treatment,4
4271,junk_dead,treatment,4
4272,junk_noise,treatment,4
4273,junk_dead,treatment,4
4274,junk_debris,treatment,4
4275,Myeloid,treatment,4
4276,junk_noise,treatment,4
4277,NK,treatment,4
4278,junk_doublet,treatment,4
4279,junk_noise,treatment,4
4280,Myeloid,treatment,4
4281,B,treatment,4
4282,junk_debris,treatment,4
4283,CD4_T,treatment,4
4284,junk_debris,treatment,4
4285,junk_dead,treatment,4
4286,CD8_T,treatment,4
4287,junk_dead,treatment,4
4288,junk_doublet,treatment,4
4289,CD8_T,treatment,4
4290,junk_debris,treatment,4
4291,junk_debris,treatment,4
4292,junk_noise,treatment,4
4293,junk_debris,treatment,4
4294,junk_debris,treatment,4
4295,junk_debris,treatment,4
4296,Myeloid,treatment,4
4297,junk_debris,treatment,4
4298,Neutrophil,treatment,4
4299,junk_doublet,treatment,4
4300,junk_dead,treatment,4
4301,Neutrophil,treatment,4
4302,Myeloid,treatment,4
4303,Myeloid,treatment,4
4304,junk_doublet,treatment,4
4305,CD4_T,treatment,4
4306,junk_debris,treatment,4
4307,junk_noise,treatment,4
4308,junk_doublet,treatment,4
4309,B,treatment,4
4310,CD4_T,treatment,4
4311,junk_debris,treatment,4
4312,junk_debris,treatment,4
4313,junk_debris,treatment,4
4314,junk_debris,treatment,4
4315,junk_doublet,treatment,4
4316,junk_noise,treatment,4
4317,DC,treatment,4
4318,B,treatment,4
4319,junk_noise,treatment,4
4320,junk_debris,treatment,4
4321,junk_debris,treatment,4
4322,junk_debris,treatment,4
4323,junk_doublet,treatment,4
4324,CD8_T,treatment,4
4325,junk_debris,treatment,4
4326,junk_debris,treatment,4
4327,B,treatment,4
4328,junk_debris,treatment,4
4329,junk_noise,treatment,4
4330,B,treatment,4
4331,CD8_T,treatment,4
4332,junk_debris,treatment,4
4333,junk_debris,treatment,4
4334,Myeloid,treatment,4
4335,junk_debris,treatment,4
4336,B,treatment,4
4337,B,treatment,4
4338,junk_debris,treatment,4
4339,junk_doublet,treatment,4
4340,CD4_T,treatment,4
4341,junk_dead,treatment,4
4342,B,treatment,4
4343,DC,treatment,4
4344,junk_debris,treatment,4
4345,CD4_T,treatment,4
4346,CD4_T,treatment,4
4347,CD4_T,treatment,4
4348,CD8_T,treatment,4
4349,CD8_T,treatment,4
4350,junk_dead,treatment,4
4351,junk_doublet,treatment,4
4352,CD8_T,treatment,4
4353,junk_doublet,treatment,4
4354,junk_debris,treatment,4
4355,junk_doublet,treatment,4
4356,junk_doublet,treatment,4
4357,CD8_T,treatment,4
4358,junk_debris,treatment,4
4359,junk_noise,treatment,4
4360,junk_dead,treatment,4
4361,junk_noise,treatment,4
4362,junk_dead,treatment,4
4363,junk_noise,treatment,4
4364,CD4_T,treatment,4
4365,junk_debris,treatment,4
4366,junk_doublet,treatment,4
4367,CD4_T,treatment,4
4368,junk_doublet,treatment,4
4369,Myeloid,treatment,4
4370,B,treatment,4
4371,junk_noise,treatment,4
4372,CD8_T,treatment,4
4373,Myeloid,treatment,4
4374,junk_debris,treatment,4
4375,junk_debris,treatment,4
4376,junk_noise,treatment,4
4377,B,treatment,4
4378,junk_debris,treatment,4
4379,junk_doublet,treatment,4
4380,junk_debris,treatment,4
4381,junk_dead,treatment,4
4382,B,treatment,4
4383,junk_dead,treatment,4
4384,B,treatment,4
4385,junk_debris,treatment,4
4386,junk_doublet,treatment,4
4387,junk_debris,treatment,4
4388,Myeloid,treatment,4
4389,B,treatment,4
4390,junk_doublet,treatment,4
4391,B,treatment,4
4392,junk_debris,treatment,4
4393,junk_doublet,treatment,4
4394,junk_dead,treatment,4
4395,junk_dead,treatment,4
4396,Myeloid,treatment,4
4397,NK,treatment,4
4398,Neutrophil,treatment,4
4399,Neutrophil,treatment,4
4400,junk_debris,treatment,4
4401,junk_dead,treatment,4
4402,junk_debris,treatment,4
4403,junk_doublet,treatment,4
4404,junk_noise,treatment,4
4405,junk_noise,treatment,4
4406,Myeloid,treatment,4
4407,junk_noise,treatment,4
4408,CD8_T,treatment,4
4409,junk_noise,treatment,4
4410,junk_dead,treatment,4
4411,junk_doublet,treatment,4
4412,junk_debris,treatment,4
4413,junk_debris,treatment,4
4414,junk_doublet,treatment,4
4415,B,treatment,4
4416,CD4_T,treatment,4
4417,junk_debris,treatment,4
4418,junk_debris,treatment,4
4419,CD8_T,treatment,4
4420,junk_debris,treatment,4
4421,junk_noise,treatment,4
4422,junk_debris,treatment,4
4423,junk_dead,treatment,4
4424,junk_dead,treatment,4
4425,junk_dead,treatment,4
4426,junk_debris,treatment,4
4427,junk_debris,treatment,4
4428,Myeloid,treatment,4
4429,CD8_T,treatment,4
4430,junk_dead,treatment,4
4431,junk_dead,treatment,4
4432,junk_debris,treatment,4
4433,junk_noise,treatment,4
4434,junk_debris,treatment,4
4435,B,treatment,4
4436,junk_debris,treatment,4
4437,junk_doublet,treatment,4
4438,junk_dead,treatment,4
4439,Neutrophil,treatment,4
4440,junk_doublet,treatment,4
4441,junk_noise,treatment,4
4442,junk_doublet,treatment,4
4443,Neutrophil,treatment,4
4444,CD4_T,treatment,4
4445,B,treatment,4
4446,junk_doublet,treatment,4
4447,CD8_T,treatment,4
4448,junk_dead,treatment,4
4449,junk_dead,treatment,4
4450,Myeloid,treatment,4
4451,B,treatment,4
4452,CD8_T,treatment,4
4453,Myeloid,treatment,4
4454,junk_debris,treatment,4
4455,B,treatment,4
4456,DC,treatment,4
4457,junk_debris,treatment,4
4458,junk_dead,treatment,4
4459,junk_debris,treatment,4
4460,junk_debris,treatment,4
4461,CD8_T,treatment,4
4462,junk_debris,treatment,4
4463,junk_doublet,treatment,4
4464,junk_noise,treatment,4
4465,junk_debris,treatment,4
4466,B,treatment,4
4467,junk_debris,treatment,4
4468,junk_doublet,treatment,4
4469,junk_debris,treatment,4
4470,junk_debris,treatment,4
4471,junk_dead,treatment,4
4472,junk_debris,treatment,4
4473,junk_dead,treatment,4
4474,junk_debris,treatment,4
4475,CD4_T,treatment,4
4476,junk_dead,treatment,4
4477,junk_debris,treatment,4
4478,junk_dead,treatment,4
4479,junk_noise,treatment,4
4480,junk_doublet,treatment,4
4481,B,treatment,4
4482,DC,treatment,4
4483,CD4_T,treatment,4
4484,junk_noise,treatment,4
4485,B,treatment,4
4486,junk_debris,treatment,4
4487,CD4_T,treatment,4
4488,junk_noise,treatment,4
4489,NK,treatment,4
4490,CD4_T,treatment,4
4491,CD8_T,treatment,4
4492,junk_dead,treatment,4
4493,B,treatment,4
4494,junk_debris,treatment,4
4495,junk_doublet,treatment,4
4496,junk_doublet,treatment,4
4497,junk_debris,treatment,4
4498,junk_debris,treatment,4
4499,junk_doublet,treatment,4
4500,B,treatment,4
4501,junk_debris,treatment,4
4502,junk_debris,treatment,4
4503,junk_debris,treatment,4
4504,junk_dead,treatment,4
4505,junk_debris,treatment,4
4506,B,treatment,4
4507,B,treatment,4
4508,CD8_T,treatment,4
4509,DC,treatment,4
4510,junk_doublet,treatment,4
4511,junk_debris,treatment,4
4512,B,treatment,4
4513,junk_dead,treatment,4
4514,junk_debris,treatment,4
4515,junk_doublet,treatment,4
4516,junk_doublet,treatment,4
4517,B,treatment,4
4518,DC,treatment,4
4519,junk_debris,treatment,4
4520,Myeloid,treatment,4
4521,junk_debris,treatment,4
4522,junk_debris,treatment,4
4523,B,treatment,4
4524,junk_debris,treatment,4
4525,junk_dead,treatment,4
4526,B,treatment,4
4527,junk_debris,treatment,4
4528,junk_debris,treatment,4
4529,B,treatment,4
4530,junk_debris,treatment,4
4531,B,treatment,4
4532,junk_dead,treatment,4
4533,Neutrophil,treatment,4
4534,junk_doublet,treatment,4
4535,junk_debris,treatment,4
4536,B,treatment,4
4537,junk_debris,treatment,4
4538,junk_doublet,treatment,4
4539,junk_debris,treatment,4
4540,junk_noise,treatment,4
4541,junk_doublet,treatment,4
4542,junk_dead,treatment,4
4543,junk_debris,treatment,4
4544,junk_noise,treatment,4
4545,junk_noise,treatment,4
4546,Myeloid,treatment,4
4547,junk_noise,treatment,4
4548,junk_noise,treatment,4
4549,junk_doublet,treatment,4
4550,junk_debris,treatment,4
4551,junk_doublet,treatment,4
4552,junk_dead,treatment,4
4553,junk_debris,treatment,4
4554,CD8_T,treatment,4
4555,junk_dead,treatment,4
4556,junk_doublet,treatment,4
4557,CD4_T,treatment,4
4558,junk_dead,treatment,4
4559,junk_doublet,treatment,4
4560,junk_dead,treatment,4
4561,junk_debris,treatment,4
4562,junk_debris,treatment,4
4563,Myeloid,treatment,4
4564,junk_dead,treatment,4
4565,junk_noise,treatment,4
4566,Myeloid,treatment,4
4567,Neutrophil,treatment,4
4568,junk_doublet,treatment,4
4569,junk_debris,treatment,4
4570,junk_debris,treatment,4
4571,junk_debris,treatment,4
4572,junk_doublet,treatment,4
4573,junk_noise,treatment,4
4574,junk_debris,treatment,4
4575,junk_dead,treatment,4
4576,junk_dead,treatment,4
4577,junk_dead,treatment,4
4578,junk_debris,treatment,4
4579,B,treatment,4
4580,junk_doublet,treatment,4
4581,junk_doublet,treatment,4
4582,junk_doublet,treatment,4
4583,junk_doublet,treatment,4
4584,junk_doublet,treatment,4
4585,B,treatment,4
4586,junk_noise,treatment,4
4587,junk_dead,treatment,4
4588,Neutrophil,treatment,4
4589,junk_dead,treatment,4
4590,junk_debris,treatment,4
4591,junk_doublet,treatment,4
4592,CD8_T,treatment,4
4593,junk_noise,treatment,4
4594,junk_debris,treatment,4
4595,CD4_T,treatment,4
4596,junk_debris,treatment,4
4597,junk_debris,treatment,4
4598,junk_debris,treatment,4
4599,CD4_T,treatment,4
4600,Myeloid,treatment,4
4601,junk_dead,treatment,4
4602,CD4_T,treatment,4
4603,junk_debris,treatment,4
4604,junk_debris,treatment,4
4605,junk_dead,treatment,4
4606,CD4_T,treatment,4
4607,B,treatment,4
4608,junk_doublet,treatment,4
4609,Myeloid,treatment,4
4610,junk_debris,treatment,4
4611,junk_doublet,treatment,4
4612,junk_debris,treatment,4
4613,Neutrophil,treatment,4
4614,DC,treatment,4
4615,CD4_T,treatment,4
4616,junk_debris,treatment,4
4617,junk_dead,treatment,4
4618,B,treatment,4
4619,junk_doublet,treatment,4
4620,junk_debris,treatment,4
4621,junk_dead,treatment,4
4622,junk_debris,treatment,4
4623,junk_debris,treatment,4
4624,junk_debris,treatment,4
4625,junk_debris,treatment,4
4626,CD4_T,treatment,4
4627,Neutrophil,treatment,4
4628,junk_doublet,treatment,4
4629,junk_dead,treatment,4
4630,B,treatment,4
4631,junk_debris,treatment,4
4632,junk_debris,treatment,4
4633,Neutrophil,treatment,4
4634,Neutrophil,treatment,4
4635,junk_debris,treatment,4
4636,junk_debris,treatment,4
4637,junk_dead,treatment,4
4638,junk_debris,treatment,4
4639,Myeloid,treatment,4
4640,CD4_T,treatment,4
4641,junk_doublet,treatment,4
4642,CD8_T,treatment,4
4643,CD4_T,treatment,4
4644,B,treatment,4
4645,junk_dead,treatment,4
4646,junk_doublet,treatment,4
4647,junk_doublet,treatment,4
4648,junk_debris,treatment,4
4649,junk_noise,treatment,4
4650,junk_noise,treatment,4
4651,CD4_T,treatment,4
4652,junk_debris,treatment,4
4653,junk_doublet,treatment,4
4654,junk_noise,treatment,4
4655,junk_dead,treatment,4
4656,junk_dead,treatment,4
4657,junk_dead,treatment,4
4658,junk_dead,treatment,4
4659,junk_doublet,treatment,4
4660,DC,treatment,4
4661,junk_noise,treatment,4
4662,junk_doublet,treatment,4
4663,CD4_T,treatment,4
4664,junk_debris,treatment,4
4665,junk_dead,treatment,4
4666,junk_noise,treatment,4
4667,junk_doublet,treatment,4
4668,junk_noise,treatment,4
4669,junk_dead,treatment,4
4670,CD4_T,treatment,4
4671,junk_dead,treatment,4
4672,junk_debris,treatment,4
4673,junk_noise,treatment,4
4674,junk_dead,treatment,4
4675,junk_debris,treatment,4
4676,junk_debris,treatment,4
4677,CD8_T,treatment,4
4678,junk_debris,treatment,4
4679,junk_dead,treatment,4
4680,CD4_T,treatment,4
4681,junk_noise,treatment,4
4682,CD4_T,treatment,4
4683,CD4_T,treatment,4
4684,junk_dead,treatment,4
4685,CD8_T,treatment,4
4686,junk_debris,treatment,4
4687,junk_doublet,treatment,4
4688,CD4_T,treatment,4
4689,junk_doublet,treatment,4
4690,junk_debris,treatment,4
4691,Neutrophil,treatment,4
4692,junk_debris,treatment,4
4693,junk_dead,treatment,4
4694,B,treatment,4
4695,junk_debris,treatment,4
4696,junk_doublet,treatment,4
4697,junk_doublet,treatment,4
4698,junk_doublet,treatment,4
4699,junk_debris,treatment,4
4700,CD8_T,treatment,4
4701,junk_noise,treatment,4
4702,junk_doublet,treatment,4
4703,junk_doublet,treatment,4
4704,B,treatment,4
4705,CD4_T,treatment,4
4706,junk_dead,treatment,4
4707,junk_noise,treatment,4
4708,junk_dead,treatment,4
4709,junk_debris,treatment,4
4710,junk_debris,treatment,4
4711,junk_debris,treatment,4
4712,junk_noise,treatment,4
4713,Myeloid,treatment,4
4714,junk_debris,treatment,4
4715,CD4_T,treatment,4
4716,junk_debris,treatment,4
4717,junk_noise,treatment,4
4718,junk_debris,treatment,4
4719,junk_dead,treatment,4
4720,junk_doublet,treatment,4
4721,B,treatment,4
4722,junk_dead,treatment,4
4723,DC,treatment,4
4724,junk_dead,treatment,4
4725,DC,treatment,4
4726,junk_debris,treatment,4
4727,DC,treatment,4
4728,junk_debris,treatment,4
4729,junk_debris,treatment,4
4730,B,treatment,4
4731,Neutrophil,treatment,4
4732,CD4_T,treatment,4
4733,CD8_T,treatment,4
4734,junk_noise,treatment,4
4735,CD8_T,treatment,4
4736,junk_dead,treatment,4
4737,junk_dead,treatment,4
4738,junk_noise,treatment,4
4739,junk_debris,treatment,4
4740,Myeloid,treatment,4
4741,junk_debris,treatment,4
4742,junk_doublet,treatment,4
4743,CD4_T,treatment,4
4744,junk_doublet,treatment,4
4745,junk_doublet,treatment,4
4746,CD4_T,treatment,4
4747,junk_debris,treatment,4
4748,B,treatment,4
4749,junk_debris,treatment,4
4750,junk_doublet,treatment,4
4751,Myeloid,treatment,4
4752,junk_debris,treatment,4
4753,B,treatment,4
4754,CD4_T,treatment,4
4755,junk_noise,treatment,4
4756,junk_dead,treatment,4
4757,junk_dead,treatment,4
4758,Neutrophil,treatment,4
4759,B,treatment,4
4760,junk_dead,treatment,4
4761,junk_debris,treatment,4
4762,junk_debris,treatment,4
4763,junk_debris,treatment,4
4764,junk_debris,treatment,4
4765,junk_noise,treatment,4
4766,junk_debris,treatment,4
4767,junk_dead,treatment,4
4768,junk_debris,treatment,4
4769,Myeloid,treatment,4
4770,junk_noise,treatment,4
4771,B,treatment,4
4772,junk_doublet,treatment,4
4773,Myeloid,treatment,4
4774,B,treatment,4
4775,junk_debris,treatment,4
4776,junk_debris,treatment,4
4777,CD4_T,treatment,4
4778,junk_debris,treatment,4
4779,Myeloid,treatment,4
4780,junk_debris,treatment,4
4781,junk_debris,treatment,4
4782,junk_debris,treatment,4
4783,junk_debris,treatment,4
4784,junk_noise,treatment,4
4785,NK,treatment,4
4786,junk_doublet,treatment,4
4787,Myeloid,treatment,4
4788,junk_noise,treatment,4
4789,B,treatment,4
4790,junk_noise,treatment,4
4791,junk_doublet,treatment,4
4792,CD4_T,treatment,4
4793,junk_doublet,treatment,4
4794,junk_debris,treatment,4
4795,junk_debris,treatment,4
4796,B,treatment,4
4797,junk_noise,treatment,4
4798,junk_dead,treatment,4
4799,CD4_T,treatment,4
4800,junk_debris,treatment,4
4801,junk_dead,treatment,4
4802,CD4_T,treatment,4
4803,Myeloid,treatment,4
4804,junk_debris,treatment,4
4805,junk_debris,treatment,4
4806,junk_dead,treatment,4
4807,B,treatment,4
4808,junk_dead,treatment,4
4809,junk_debris,treatment,4
4810,junk_dead,treatment,4
4811,junk_dead,treatment,4
4812,junk_noise,treatment,4
4813,junk_doublet,treatment,4
4814,B,treatment,4
4815,junk_doublet,treatment,4
4816,junk_dead,treatment,4
4817,junk_debris,treatment,4
4818,B,treatment,4
4819,junk_debris,treatment,4
4820,junk_doublet,treatment,4
4821,Myeloid,treatment,4
4822,B,treatment,4
4823,junk_dead,treatment,4
4824,junk_doublet,treatment,4
4825,junk_dead,treatment,4
4826,B,treatment,4
4827,junk_noise,treatment,4
4828,junk_doublet,treatment,4
4829,junk_debris,treatment,4
4830,junk_doublet,treatment,4
4831,junk_dead,treatment,4
4832,B,treatment,4
4833,junk_dead,treatment,4
4834,junk_debris,treatment,4
4835,junk_noise,treatment,4
4836,CD4_T,treatment,4
4837,B,treatment,4
4838,junk_doublet,treatment,4
4839,junk_debris,treatment,4
4840,Myeloid,treatment,4
4841,junk_dead,treatment,4
4842,junk_noise,treatment,4
4843,B,treatment,4
4844,junk_doublet,treatment,4
4845,CD8_T,treatment,4
4846,DC,treatment,4
4847,junk_noise,treatment,4
4848,Myeloid,treatment,4
4849,Myeloid,treatment,4
4850,CD8_T,treatment,4
4851,junk_debris,treatment,4
4852,B,treatment,4
4853,B,treatment,4
4854,junk_debris,treatment,4
4855,junk_dead,treatment,4
4856,junk_noise,treatment,4
4857,Myeloid,treatment,4
4858,CD4_T,treatment,4
4859,junk_debris,treatment,4
4860,B,treatment,4
4861,B,treatment,4
4862,junk_debris,treatment,4
4863,junk_doublet,treatment,4
4864,junk_debris,treatment,4
4865,junk_doublet,treatment,4
4866,B,treatment,4
4867,junk_debris,treatment,4
4868,Neutrophil,treatment,4
4869,junk_dead,treatment,4
4870,junk_doublet,treatment,4
4871,junk_debris,treatment,4
4872,CD4_T,treatment,4
4873,junk_debris,treatment,4
4874,B,treatment,4
4875,junk_debris,treatment,4
4876,junk_debris,treatment,4
4877,B,treatment,4
4878,junk_debris,treatment,4
4879,junk_noise,treatment,4
4880,junk_doublet,treatment,4
4881,junk_debris,treatment,4
4882,junk_doublet,treatment,4
4883,junk_noise,treatment,4
4884,DC,treatment,4
4885,junk_debris,treatment,4
4886,junk_dead,treatment,4
4887,junk_debris,treatment,4
4888,junk_noise,treatment,4
4889,junk_debris,treatment,4
4890,junk_noise,treatment,4
4891,CD4_T,treatment,4
4892,B,treatment,4
4893,Myeloid,treatment,4
4894,Myeloid,treatment,4
4895,junk_doublet,treatment,4
4896,junk_doublet,treatment,4
4897,junk_doublet,treatment,4
4898,B,treatment,4
4899,junk_debris,treatment,4
4900,junk_debris,treatment,4
4901,junk_debris,treatment,4
4902,junk_dead,treatment,4
4903,junk_doublet,treatment,4
4904,Myeloid,treatment,4
4905,NK,treatment,4
4906,junk_noise,treatment,4
4907,junk_doublet,treatment,4
4908,junk_doublet,treatment,4
4909,B,treatment,4
4910,B,treatment,4
4911,CD4_T,treatment,4
4912,junk_noise,treatment,4
4913,junk_debris,treatment,4
4914,CD4_T,treatment,4
4915,junk_debris,treatment,4
4916,B,treatment,4
4917,junk_dead,treatment,4
4918,junk_doublet,treatment,4
4919,junk_noise,treatment,4
4920,CD8_T,treatment,4
4921,junk_doublet,treatment,4
4922,Myeloid,treatment,4
4923,DC,treatment,4
4924,CD4_T,treatment,4
4925,junk_dead,treatment,4
4926,B,treatment,4
4927,junk_debris,treatment,4
4928,junk_debris,treatment,4
4929,junk_noise,treatment,4
4930,junk_dead,treatment,4
4931,junk_noise,treatment,4
4932,junk_dead,treatment,4
4933,Myeloid,treatment,4
4934,junk_doublet,treatment,4
4935,junk_debris,treatment,4
4936,DC,treatment,4
4937,B,treatment,4
4938,Myeloid,treatment,4
4939,CD4_T,treatment,4
4940,junk_dead,treatment,4
4941,CD4_T,treatment,4
4942,Myeloid,treatment,4
4943,junk_debris,treatment,4
4944,junk_doublet,treatment,4
4945,junk_doublet,treatment,4
4946,B,treatment,4
4947,DC,treatment,4
4948,CD4_T,treatment,4
4949,Myeloid,treatment,4
4950,CD4_T,treatment,4
4951,junk_dead,treatment,4
4952,CD8_T,treatment,4
4953,junk_debris,treatment,4
4954,junk_debris,treatment,4
4955,B,treatment,4
4956,junk_dead,treatment,4
4957,junk_noise,treatment,4
4958,junk_doublet,treatment,4
4959,B,treatment,4
4960,CD4_T,treatment,4
4961,junk_dead,treatment,4
4962,CD4_T,treatment,4
4963,B,treatment,4
4964,junk_dead,treatment,4
4965,junk_debris,treatment,4
4966,junk_doublet,treatment,4
4967,NK,treatment,4
4968,junk_dead,treatment,4
4969,B,treatment,4
4970,junk_debris,treatment,4
4971,junk_doublet,treatment,4
4972,junk_noise,treatment,4
4973,junk_doublet,treatment,4
4974,junk_dead,treatment,4
4975,Neutrophil,treatment,4
4976,junk_dead,treatment,4
4977,Myeloid,treatment,4
4978,B,treatment,4
4979,junk_dead,treatment,4
4980,DC,treatment,4
4981,B,treatment,4
4982,CD8_T,treatment,4
4983,junk_noise,treatment,4
4984,junk_noise,treatment,4
4985,junk_doublet,treatment,4
4986,junk_noise,treatment,4
4987,CD4_T,treatment,4
4988,NK,treatment,4
4989,junk_doublet,treatment,4
4990,junk_debris,treatment,4
4991,junk_debris,treatment,4
4992,junk_noise,treatment,4
4993,Neutrophil,treatment,4
4994,junk_debris,treatment,4
4995,CD4_T,treatment,4
4996,junk_dead,treatment,4
4997,junk_noise,treatment,4
4998,junk_debris,treatment,4
4999,DC,treatment,4
