event_index,true_population,condition,replicate
0,junk_debris,control,2
1,junk_debris,control,2
2,CD4_T,control,2
3,Myeloid,control,2
4,junk_doublet,control,2
5,junk_doublet,control,2
6,junk_dead,control,2
7,junk_debris,control,2
8,junk_debris,control,2
9,junk_debris,control,2
10,junk_debris,control,2
11,junk_debris,control,2
12,junk_noise,control,2
13,junk_debris,control,2
14,B,control,2
15,junk_debris,control,2
16,NK,control,2
17,junk_dead,control,2
18,B,control,2
19,junk_debris,control,2
20,B,control,2
21,B,control,2
22,Neutrophil,control,2
23,junk_dead,control,2
24,junk_doublet,control,2
25,Neutrophil,control,2
26,junk_doublet,control,2
27,junk_dead,control,2
28,Neutrophil,control,2
29,junk_debris,control,2
30,junk_dead,control,2
31,junk_debris,control,2
32,CD8_T,control,2
33,Myeloid,control,2
34,junk_doublet,control,2
35,junk_doublet,control,2
36,junk_debris,control,2
37,CD4_T,control,2
38,junk_doublet,control,2
39,junk_doublet,control,2
40,junk_noise,control,2
41,CD4_T,control,2
42,junk_dead,control,2
43,B,control,2
44,B,control,2
45,CD8_T,control,2
46,junk_debris,control,2
47,junk_dead,control,2
48,CD4_T,control,2
49,junk_doublet,control,2
50,junk_debris,control,2
51,junk_debris,control,2
52,Neutrophil,control,2
53,junk_dead,control,2
54,junk_debris,control,2
55,junk_debris,control,2
56,B,control,2
57,junk_doublet,control,2
58,CD4_T,control,2
59,junk_doublet,control,2
60,B,control,2
61,junk_doublet,control,2
62,junk_doublet,control,2
63,junk_dead,control,2
64,Neutrophil,control,2
65,junk_doublet,control,2
66,CD8_T,control,2
67,CD4_T,control,2
68,junk_noise,control,2
69,Neutrophil,control,2
70,junk_debris,control,2
71,junk_debris,control,2
72,junk_debris,control,2
73,B,control,2
74,junk_doublet,control,2
75,junk_dead,control,2
76,CD4_T,control,2
77,junk_debris,control,2
78,junk_dead,control,2
79,junk_dead,control,2
80,CD4_T,control,2
81,junk_dead,control,2
82,junk_debris,control,2
83,junk_doublet,control,2
84,CD8_T,control,2
85,junk_debris,control,2
86,junk_dead,control,2
87,Neutrophil,control,2
88,junk_doublet,control,2
89,B,control,2
90,CD4_T,control,2
91,junk_dead,control,2
92,CD8_T,control,2
93,junk_doublet,control,2
94,junk_debris,control,2
95,junk_doublet,control,2
96,junk_noise,control,2
97,junk_debris,control,2
98,B,control,2
99,junk_noise,control,2
100,Neutrophil,control,2
101,junk_debris,control,2
102,junk_debris,control,2
103,junk_noise,control,2
104,junk_dead,control,2
105,junk_debris,control,2
106,junk_dead,control,2
107,CD4_T,control,2
108,junk_debris,control,2
109,B,control,2
110,junk_debris,control,2
111,junk_doublet,control,2
112,Myeloid,control,2
113,junk_dead,control,2
114,junk_dead,control,2
115,junk_doublet,control,2
116,junk_noise,control,2
117,B,control,2
118,junk_debris,control,2
119,junk_dead,control,2
120,B,control,2
121,junk_debris,control,2
122,Myeloid,control,2
123,Neutrophil,control,2
124,junk_noise,control,2
125,junk_dead,control,2
126,Neutrophil,control,2
127,B,control,2
128,junk_noise,control,2
129,CD4_T,control,2
130,junk_noise,control,2
131,B,control,2
132,Myeloid,control,2
133,junk_dead,control,2
134,CD8_T,control,2
135,junk_doublet,control,2
136,B,control,2
137,junk_doublet,control,2
138,Myeloid,control,2
139,junk_doublet,control,2
140,B,control,2
141,junk_dead,control,2
142,junk_noise,control,2
143,junk_debris,control,2
144,junk_doublet,control,2
145,Neutrophil,control,2
146,junk_dead,control,2
147,junk_debris,control,2
148,junk_debris,control,2
149,junk_dead,control,2
150,junk_noise,control,2
151,CD8_T,control,2
152,junk_noise,control,2
153,junk_noise,control,2
154,junk_noise,control,2
155,junk_debris,control,2
156,B,control,2
157,junk_dead,control,2
158,junk_dead,control,2
159,junk_debris,control,2
160,Myeloid,control,2
161,junk_debris,control,2
162,junk_dead,control,2
163,junk_dead,control,2
164,junk_dead,control,2
165,B,control,2
166,junk_noise,control,2
167,CD4_T,control,2
168,junk_dead,control,2
169,junk_doublet,control,2
170,junk_dead,control,2
171,Myeloid,control,2
172,junk_dead,control,2
173,junk_noise,control,2
174,junk_debris,control,2
175,junk_debris,control,2
176,NK,control,2
177,junk_dead,control,2
178,junk_doublet,control,2
179,junk_dead,control,2
180,CD4_T,control,2
181,CD4_T,control,2
182,Neutrophil,control,2
183,junk_noise,control,2
184,junk_debris,control,2
185,junk_doublet,control,2
186,B,control,2
187,junk_dead,control,2
188,junk_dead,control,2
189,junk_dead,control,2
190,junk_noise,control,2
191,junk_doublet,control,2
192,junk_doublet,control,2
193,junk_doublet,control,2
194,junk_debris,control,2
195,CD4_T,control,2
196,Myeloid,control,2
197,junk_noise,control,2
198,B,control,2
199,junk_debris,control,2
200,CD4_T,control,2
201,junk_doublet,control,2
202,junk_dead,control,2
203,junk_debris,control,2
204,junk_doublet,control,2
205,junk_doublet,control,2
206,junk_debris,control,2
207,Myeloid,control,2
208,junk_dead,control,2
209,junk_debris,control,2
210,junk_dead,control,2
211,DC,control,2
212,junk_noise,control,2
213,junk_noise,control,2
214,CD4_T,control,2
215,junk_dead,control,2
216,junk_debris,control,2
217,junk_dead,control,2
218,junk_dead,control,2
219,junk_noise,control,2
220,junk_debris,control,2
221,junk_dead,control,2
222,junk_debris,control,2
223,junk_noise,control,2
224,junk_dead,control,2
225,junk_doublet,control,2
226,junk_doublet,control,2
227,CD8_T,control,2
228,Neutrophil,control,2
229,junk_doublet,control,2
230,junk_debris,control,2
231,junk_doublet,control,2
232,B,control,2
233,junk_noise,control,2
234,B,control,2
235,junk_debris,control,2
236,junk_debris,control,2
237,junk_doublet,control,2
238,junk_debris,control,2
239,B,control,2
240,B,control,2
241,B,control,2
242,B,control,2
243,Neutrophil,control,2
244,junk_debris,control,2
245,junk_debris,control,2
246,junk_debris,control,2
247,CD4_T,control,2
248,B,control,2
249,CD8_T,control,2
250,junk_debris,control,2
251,junk_dead,control,2
252,junk_debris,control,2
253,CD4_T,control,2
254,B,control,2
255,CD4_T,control,2
256,junk_dead,control,2
257,junk_debris,control,2
258,junk_debris,control,2
259,Myeloid,control,2
260,CD4_T,control,2
261,junk_debris,control,2
262,junk_debris,control,2
263,junk_debris,control,2
264,junk_doublet,control,2
265,junk_debris,control,2
266,B,control,2
267,Myeloid,control,2
268,CD4_T,control,2
269,junk_debris,control,2
270,B,control,2
271,junk_noise,control,2
272,junk_dead,control,2
273,junk_debris,control,2
274,junk_debris,control,2
275,junk_debris,control,2
276,CD8_T,control,2
277,NK,control,2
278,B,control,2
279,junk_noise,control,2
280,B,control,2
281,junk_dead,control,2
282,junk_doublet,control,2
283,junk_dead,control,2
284,junk_doublet,control,2
285,junk_doublet,control,2
286,B,control,2
287,junk_debris,control,2
288,CD8_T,control,2
289,Myeloid,control,2
290,junk_doublet,control,2
291,Myeloid,control,2
292,junk_debris,control,2
293,junk_dead,control,2
294,junk_noise,control,2
295,junk_doublet,control,2
296,junk_noise,control,2
297,junk_debris,control,2
298,junk_doublet,control,2
299,junk_debris,control,2
300,junk_debris,control,2
301,junk_dead,control,2
302,junk_doublet,control,2
303,junk_noise,control,2
304,junk_debris,control,2
305,junk_dead,control,2
306,NK,control,2
307,B,control,2
308,junk_doublet,control,2
309,junk_dead,control,2
310,CD4_T,control,2
311,B,control,2
312,junk_debris,control,2
313,junk_debris,control,2
314,NK,control,2
315,junk_dead,control,2
316,B,control,2
317,junk_dead,control,2
318,junk_debris,control,2
319,junk_debris,control,2
320,junk_debris,control,2
321,junk_doublet,control,2
322,junk_doublet,control,2
323,junk_doublet,control,2
324,junk_doublet,control,2
325,junk_doublet,control,2
326,junk_doublet,control,2
327,junk_noise,control,2
328,CD4_T,control,2
329,junk_noise,control,2
330,junk_debris,control,2
331,junk_noise,control,2
332,junk_noise,control,2
333,Myeloid,control,2
334,junk_doublet,control,2
335,junk_noise,control,2
336,junk_dead,control,2
337,CD8_T,control,2
338,junk_debris,control,2
339,CD4_T,control,2
340,junk_debris,control,2
341,CD4_T,control,2
342,junk_debris,control,2
343,junk_debris,control,2
344,junk_dead,control,2
345,CD4_T,control,2
346,junk_debris,control,2
347,junk_dead,control,2
348,junk_dead,control,2
349,Neutrophil,control,2
350,CD4_T,control,2
351,junk_doublet,control,2
352,junk_dead,control,2
353,junk_noise,control,2
354,Myeloid,control,2
355,junk_debris,control,2
356,junk_debris,control,2
357,junk_dead,control,2
358,CD8_T,control,2
359,Neutrophil,control,2
360,Neutrophil,control,2
361,junk_debris,control,2
362,junk_dead,control,2
363,junk_doublet,control,2
364,junk_dead,control,2
365,junk_doublet,control,2
366,junk_debris,control,2
367,junk_noise,control,2
368,B,control,2
369,CD8_T,control,2
370,B,control,2
371,junk_dead,control,2
372,junk_noise,control,2
373,junk_dead,control,2
374,CD8_T,control,2
375,junk_debris,control,2
376,junk_dead,control,2
377,junk_dead,control,2
378,B,control,2
379,junk_dead,control,2
380,junk_debris,control,2
381,junk_doublet,control,2
382,B,control,2
383,junk_doublet,control,2
384,junk_dead,control,2
385,junk_doublet,control,2
386,junk_debris,control,2
387,junk_doublet,control,2
388,CD4_T,control,2
389,junk_dead,control,2
390,junk_dead,control,2
391,junk_doublet,control,2
392,CD8_T,control,2
393,junk_debris,control,2
394,Myeloid,control,2
395,junk_dead,control,2
396,Myeloid,control,2
397,B,control,2
398,junk_debris,control,2
399,CD4_T,control,2
400,CD8_T,control,2
401,junk_noise,control,2
402,junk_debris,control,2
403,junk_doublet,control,2
404,junk_noise,control,2
405,junk_dead,control,2
406,junk_debris,control,2
407,junk_debris,control,2
408,CD4_T,control,2
409,junk_dead,control,2
410,NK,control,2
411,junk_noise,control,2
412,junk_debris,control,2
413,junk_debris,control,2
414,junk_doublet,control,2
415,B,control,2
416,Myeloid,control,2
417,junk_debris,control,2
418,junk_debris,control,2
419,junk_doublet,control,2
420,Myeloid,control,2
421,junk_dead,control,2
422,NK,control,2
423,B,control,2
424,junk_dead,control,2
425,junk_dead,control,2
426,CD4_T,control,2
427,junk_debris,control,2
428,CD4_T,control,2
429,junk_debris,control,2
430,B,control,2
431,Myeloid,control,2
432,junk_dead,control,2
433,junk_debris,control,2
434,junk_noise,control,2
435,junk_dead,control,2
436,Myeloid,control,2
437,Myeloid,control,2
438,junk_dead,control,2
439,Neutrophil,control,2
440,junk_debris,control,2
441,CD8_T,control,2
442,junk_dead,control,2
443,junk_noise,control,2
444,junk_debris,control,2
445,Neutrophil,control,2
446,Neutrophil,control,2
447,junk_doublet,control,2
448,junk_debris,control,2
449,junk_doublet,control,2
450,junk_debris,control,2
451,CD8_T,control,2
452,Myeloid,control,2
453,junk_debris,control,2
454,junk_debris,control,2
455,Myeloid,control,2
456,junk_dead,control,2
457,junk_debris,control,2
458,junk_debris,control,2
459,junk_debris,control,2
460,junk_debris,control,2
461,junk_debris,control,2
462,Myeloid,control,2
463,junk_dead,control,2
464,junk_doublet,control,2
465,junk_doublet,control,2
466,Neutrophil,control,2
467,Myeloid,control,2
468,junk_debris,control,2
469,junk_doublet,control,2
470,junk_dead,control,2
471,B,control,2
472,Myeloid,control,2
473,junk_debris,control,2
474,B,control,2
475,junk_dead,control,2
476,B,control,2
477,junk_doublet,control,2
478,CD4_T,control,2
479,B,control,2
480,junk_debris,control,2
481,junk_doublet,control,2
482,junk_noise,control,2
483,junk_debris,control,2
484,junk_debris,control,2
485,junk_noise,control,2
486,junk_debris,control,2
487,junk_dead,control,2
488,junk_noise,control,2
489,junk_dead,control,2
490,Neutrophil,control,2
491,junk_doublet,control,2
492,junk_doublet,control,2
493,junk_doublet,control,2
494,junk_doublet,control,2
495,junk_doublet,control,2
496,junk_dead,control,2
497,Myeloid,control,2
498,junk_dead,control,2
499,junk_debris,control,2
500,junk_dead,control,2
501,junk_debris,control,2
502,B,control,2
503,CD8_T,control,2
504,junk_dead,control,2
505,NK,control,2
506,B,control,2
507,CD4_T,control,2
508,B,control,2
509,junk_dead,control,2
510,junk_noise,control,2
511,junk_debris,control,2
512,Neutrophil,control,2
513,junk_dead,control,2
514,junk_noise,control,2
515,junk_doublet,control,2
516,junk_debris,control,2
517,Neutrophil,control,2
518,junk_debris,control,2
519,junk_doublet,control,2
520,B,control,2
521,junk_noise,control,2
522,junk_doublet,control,2
523,junk_debris,control,2
524,junk_debris,control,2
525,CD4_T,control,2
526,junk_dead,control,2
527,junk_debris,control,2
528,junk_debris,control,2
529,junk_debris,control,2
530,junk_dead,control,2
531,B,control,2
532,junk_dead,control,2
533,Myeloid,control,2
534,Myeloid,control,2
535,CD8_T,control,2
536,CD8_T,control,2
537,Myeloid,control,2
538,B,control,2
539,B,control,2
540,B,control,2
541,Myeloid,control,2
542,CD4_T,control,2
543,junk_debris,control,2
544,CD8_T,control,2
545,junk_dead,control,2
546,junk_debris,control,2
547,B,control,2
548,junk_dead,control,2
549,junk_noise,control,2
550,CD8_T,control,2
551,Neutrophil,control,2
552,Myeloid,control,2
553,CD8_T,control,2
554,B,control,2
555,B,control,2
556,junk_doublet,control,2
557,CD8_T,control,2
558,junk_debris,control,2
559,junk_doublet,control,2
560,junk_noise,control,2
561,CD4_T,control,2
562,junk_dead,control,2
563,junk_dead,control,2
564,junk_dead,control,2
565,Myeloid,control,2
566,junk_doublet,control,2
567,Myeloid,control,2
568,Myeloid,control,2
569,junk_noise,control,2
570,junk_debris,control,2
571,junk_noise,control,2
572,CD4_T,control,2
573,junk_dead,control,2
574,junk_doublet,control,2
575,junk_dead,control,2
576,B,control,2
577,junk_debris,control,2
578,B,control,2
579,junk_debris,control,2
580,junk_debris,control,2
581,CD4_T,control,2
582,junk_noise,control,2
583,junk_noise,control,2
584,B,control,2
585,junk_doublet,control,2
586,Myeloid,control,2
587,CD8_T,control,2
588,B,control,2
589,junk_dead,control,2
590,junk_doublet,control,2
591,Myeloid,control,2
592,CD4_T,control,2
593,CD4_T,control,2
594,Neutrophil,control,2
595,junk_debris,control,2
596,junk_debris,control,2
597,Neutrophil,control,2
598,Myeloid,control,2
599,junk_debris,control,2
600,junk_noise,control,2
601,junk_noise,control,2
602,CD4_T,control,2
603,junk_dead,control,2
604,Myeloid,control,2
605,junk_debris,control,2
606,junk_noise,control,2
607,B,control,2
608,Neutrophil,control,2
609,junk_doublet,control,2
610,junk_debris,control,2
611,junk_debris,control,2
612,junk_doublet,control,2
613,junk_doublet,control,2
614,junk_dead,control,2
615,Neutrophil,control,2
616,junk_noise,control,2
617,junk_debris,control,2
618,B,control,2
619,Neutrophil,control,2
620,CD8_T,control,2
621,B,control,2
622,B,control,2
623,junk_noise,control,2
624,junk_noise,control,2
625,junk_dead,control,2
626,CD4_T,control,2
627,junk_debris,control,2
628,Myeloid,control,2
629,junk_dead,control,2
630,junk_noise,control,2
631,junk_dead,control,2
632,B,control,2
633,B,control,2
634,Myeloid,control,2
635,junk_debris,control,2
636,junk_debris,control,2
637,junk_debris,control,2
638,junk_debris,control,2
639,Myeloid,control,2
640,CD4_T,control,2
641,junk_dead,control,2
642,junk_dead,control,2
643,junk_doublet,control,2
644,junk_debris,control,2
645,CD8_T,control,2
646,CD8_T,control,2
647,junk_dead,control,2
648,Myeloid,control,2
649,junk_doublet,control,2
650,CD4_T,control,2
651,CD4_T,control,2
652,CD8_T,control,2
653,Myeloid,control,2
654,CD4_T,control,2
655,junk_doublet,control,2
656,Myeloid,control,2
657,junk_doublet,control,2
658,junk_noise,control,2
659,CD8_T,control,2
660,B,control,2
661,junk_debris,control,2
662,junk_debris,control,2
663,junk_doublet,control,2
664,B,control,2
665,junk_dead,control,2
666,NK,control,2
667,Myeloid,control,2
668,CD8_T,control,2
669,junk_dead,control,2
670,junk_debris,control,2
671,junk_noise,control,2
672,B,control,2
673,junk_debris,control,2
674,junk_doublet,control,2
675,junk_debris,control,2
676,junk_debris,control,2
677,Myeloid,control,2
678,CD4_T,control,2
679,Myeloid,control,2
680,junk_debris,control,2
681,junk_dead,control,2
682,B,control,2
683,Neutrophil,control,2
684,junk_debris,control,2
685,junk_debris,control,2
686,junk_doublet,control,2
687,Myeloid,control,2
688,junk_doublet,control,2
689,junk_dead,control,2
690,junk_debris,control,2
691,B,control,2
692,junk_doublet,control,2
693,junk_debris,control,2
694,junk_doublet,control,2
695,junk_debris,control,2
696,B,control,2
697,junk_debris,control,2
698,junk_debris,control,2
699,CD8_T,control,2
700,B,control,2
701,NK,control,2
702,junk_doublet,control,2
703,junk_noise,control,2
704,Neutrophil,control,2
705,junk_debris,control,2
706,CD8_T,control,2
707,Myeloid,control,2
708,junk_dead,control,2
709,junk_noise,control,2
710,junk_debris,control,2
711,Myeloid,control,2
712,junk_dead,control,2
713,junk_dead,control,2
714,junk_dead,control,2
715,CD4_T,control,2
716,junk_doublet,control,2
717,junk_noise,control,2
718,B,control,2
719,junk_doublet,control,2
720,CD4_T,control,2
721,junk_dead,control,2
722,junk_debris,control,2
723,junk_debris,control,2
724,junk_debris,control,2
725,junk_noise,control,2
726,Myeloid,control,2
727,junk_doublet,control,2
728,junk_dead,control,2
729,junk_noise,control,2
730,CD4_T,control,2
731,junk_debris,control,2
732,Myeloid,control,2
733,junk_debris,control,2
734,junk_debris,control,2
735,junk_debris,control,2
736,B,control,2
737,junk_doublet,control,2
738,junk_debris,control,2
739,B,control,2
740,junk_noise,control,2
741,B,control,2
742,junk_debris,control,2
743,CD4_T,control,2
744,junk_debris,control,2
745,junk_debris,control,2
746,junk_doublet,control,2
747,junk_dead,control,2
748,Myeloid,control,2
749,junk_noise,control,2
750,junk_doublet,control,2
751,junk_noise,control,2
752,junk_debris,control,2
753,B,control,2
754,B,control,2
755,junk_debris,control,2
756,junk_noise,control,2
757,B,control,2
758,CD4_T,control,2
759,CD4_T,control,2
760,junk_dead,control,2
761,junk_debris,control,2
762,junk_noise,control,2
763,B,control,2
764,junk_doublet,control,2
765,junk_noise,control,2
766,CD8_T,control,2
767,junk_doublet,control,2
768,junk_debris,control,2
769,junk_dead,control,2
770,B,control,2
771,junk_debris,control,2
772,junk_debris,control,2
773,junk_dead,control,2
774,junk_debris,control,2
775,junk_doublet,control,2
776,Myeloid,control,2
777,junk_noise,control,2
778,junk_noise,control,2
779,junk_debris,control,2
780,junk_noise,control,2
781,junk_debris,control,2
782,CD8_T,control,2
783,junk_debris,control,2
784,Neutrophil,control,2
785,CD8_T,control,2
786,junk_dead,control,2
787,junk_debris,control,2
788,junk_dead,control,2
789,junk_doublet,control,2
790,CD4_T,control,2
791,CD4_T,control,2
792,Neutrophil,control,2
793,DC,control,2
794,CD4_T,control,2
795,junk_doublet,control,2
796,CD8_T,control,2
797,CD4_T,control,2
798,junk_noise,control,2
799,junk_noise,control,2
800,junk_debris,control,2
801,Neutrophil,control,2
802,B,control,2
803,junk_dead,control,2
804,junk_debris,control,2
805,CD4_T,control,2
806,Myeloid,control,2
807,B,control,2
808,B,control,2
809,Neutrophil,control,2
810,B,control,2
811,junk_debris,control,2
812,junk_dead,control,2
813,junk_dead,control,2
814,B,control,2
815,junk_debris,control,2
816,CD4_T,control,2
817,junk_dead,control,2
818,junk_debris,control,2
819,junk_doublet,control,2
820,junk_debris,control,2
821,junk_doublet,control,2
822,CD4_T,control,2
823,junk_debris,control,2
824,CD4_T,control,2
825,junk_debris,control,2
826,junk_doublet,control,2
827,junk_debris,control,2
828,junk_dead,control,2
829,B,control,2
830,junk_doublet,control,2
831,junk_doublet,control,2
832,junk_noise,control,2
833,junk_doublet,control,2
834,junk_debris,control,2
835,junk_doublet,control,2
836,junk_dead,control,2
837,CD4_T,control,2
838,junk_debris,control,2
839,junk_noise,control,2
840,junk_dead,control,2
841,NK,control,2
842,junk_debris,control,2
843,junk_noise,control,2
844,junk_doublet,control,2
845,junk_debris,control,2
846,junk_doublet,control,2
847,junk_doublet,control,2
848,B,control,2
849,B,control,2
850,junk_noise,control,2
851,junk_doublet,control,2
852,B,control,2
853,Neutrophil,control,2
854,junk_debris,control,2
855,junk_debris,control,2
856,junk_doublet,control,2
857,junk_debris,control,2
858,junk_noise,control,2
859,junk_debris,control,2
860,Myeloid,control,2
861,junk_debris,control,2
862,junk_debris,control,2
863,junk_doublet,control,2
864,NK,control,2
865,junk_doublet,control,2
866,junk_debris,control,2
867,Neutrophil,control,2
868,junk_dead,control,2
869,junk_doublet,control,2
870,B,control,2
871,junk_noise,control,2
872,Myeloid,control,2
873,junk_doublet,control,2
874,junk_debris,control,2
875,junk_noise,control,2
876,junk_dead,control,2
877,junk_doublet,control,2
878,Myeloid,control,2
879,junk_dead,control,2
880,B,control,2
881,junk_debris,control,2
882,junk_doublet,control,2
883,CD4_T,control,2
884,junk_dead,control,2
885,CD4_T,control,2
886,CD8_T,control,2
887,junk_debris,control,2
888,junk_doublet,control,2
889,B,control,2
890,junk_debris,control,2
891,CD4_T,control,2
892,junk_doublet,control,2
893,B,control,2
894,Myeloid,control,2
895,B,control,2
896,junk_doublet,control,2
897,Myeloid,control,2
898,junk_dead,control,2
899,CD4_T,control,2
900,junk_debris,control,2
901,junk_noise,control,2
902,B,control,2
903,junk_dead,control,2
904,junk_noise,control,2
905,junk_dead,control,2
906,Neutrophil,control,2
907,junk_debris,control,2
908,B,control,2
909,B,control,2
910,B,control,2
911,CD4_T,control,2
912,junk_noise,control,2
913,B,control,2
914,junk_debris,control,2
915,CD4_T,control,2
916,junk_doublet,control,2
917,junk_debris,control,2
918,junk_dead,control,2
919,junk_debris,control,2
920,Neutrophil,control,2
921,junk_dead,control,2
922,junk_debris,control,2
923,junk_doublet,control,2
924,junk_debris,control,2
925,junk_dead,control,2
926,Neutrophil,control,2
927,B,control,2
928,junk_debris,control,2
929,Myeloid,control,2
930,junk_noise,control,2
931,junk_dead,control,2
932,junk_debris,control,2
933,junk_noise,control,2
934,CD8_T,control,2
935,NK,control,2
936,junk_doublet,control,2
937,junk_debris,control,2
938,junk_dead,control,2
939,junk_debris,control,2
940,junk_debris,control,2
941,CD4_T,control,2
942,junk_doublet,control,2
943,Myeloid,control,2
944,B,control,2
945,junk_debris,control,2
946,junk_doublet,control,2
947,junk_noise,control,2
948,junk_doublet,control,2
949,junk_dead,control,2
950,junk_doublet,control,2
951,junk_dead,control,2
952,CD4_T,control,2
953,CD4_T,control,2
954,junk_doublet,control,2
955,junk_debris,control,2
956,junk_doublet,control,2
957,junk_doublet,control,2
958,junk_noise,control,2
959,junk_debris,control,2
960,junk_debris,control,2
961,junk_debris,control,2
962,junk_dead,control,2
963,CD8_T,control,2
964,junk_dead,control,2
965,junk_dead,control,2
966,junk_debris,control,2
967,CD4_T,control,2
968,junk_debris,control,2
969,Neutrophil,control,2
970,junk_doublet,control,2
971,Myeloid,control,2
972,junk_debris,control,2
973,B,control,2
974,junk_debris,control,2
975,junk_noise,control,2
976,junk_debris,control,2
977,junk_noise,control,2
978,junk_noise,control,2
979,junk_debris,control,2
980,junk_debris,control,2
981,B,control,2
982,junk_doublet,control,2
983,CD4_T,control,2
984,junk_debris,control,2
985,junk_noise,control,2
986,junk_noise,control,2
987,CD8_T,control,2
988,junk_debris,control,2
989,CD8_T,control,2
990,junk_dead,control,2
991,CD4_T,control,2
992,junk_debris,control,2
993,junk_debris,control,2
994,junk_doublet,control,2
995,junk_debris,control,2
996,CD4_T,control,2
997,Neutrophil,control,2
998,junk_doublet,control,2
999,junk_doublet,control,2
1000,junk_dead,control,2
1001,junk_dead,control,2
1002,junk_dead,control,2
1003,B,control,2
1004,junk_debris,control,2
1005,junk_noise,control,2
1006,junk_debris,control,2
1007,CD4_T,control,2
1008,junk_doublet,control,2
1009,junk_debris,control,2
1010,B,control,2
1011,junk_noise,control,2
1012,CD8_T,control,2
1013,junk_doublet,control,2
1014,CD8_T,control,2
1015,junk_noise,control,2
1016,CD4_T,control,2
1017,CD4_T,control,2
1018,CD4_T,control,2
1019,junk_doublet,control,2
1020,junk_doublet,control,2
1021,junk_noise,control,2
1022,CD4_T,control,2
1023,junk_debris,control,2
1024,B,control,2
1025,junk_dead,control,2
1026,CD4_T,control,2
1027,junk_doublet,control,2
1028,junk_dead,control,2
1029,junk_doublet,control,2
1030,junk_dead,control,2
1031,junk_noise,control,2
1032,junk_noise,control,2
1033,junk_debris,control,2
1034,junk_dead,control,2
1035,junk_noise,control,2
1036,junk_debris,control,2
1037,DC,control,2
1038,junk_dead,control,2
1039,junk_dead,control,2
1040,junk_dead,control,2
1041,junk_debris,control,2
1042,Myeloid,control,2
1043,Myeloid,control,2
1044,junk_doublet,control,2
1045,junk_dead,control,2
1046,B,control,2
1047,junk_debris,control,2
1048,junk_dead,control,2
1049,junk_doublet,control,2
1050,junk_dead,control,2
1051,Myeloid,control,2
1052,junk_dead,control,2
1053,junk_doublet,control,2
1054,NK,control,2
1055,junk_debris,control,2
1056,junk_debris,control,2
1057,CD4_T,control,2
1058,CD4_T,control,2
1059,junk_debris,control,2
1060,CD8_T,control,2
1061,junk_debris,control,2
1062,B,control,2
1063,Myeloid,control,2
1064,B,control,2
1065,junk_debris,control,2
1066,junk_noise,control,2
1067,junk_noise,control,2
1068,junk_debris,control,2
1069,junk_debris,control,2
1070,Myeloid,control,2
1071,junk_dead,control,2
1072,junk_dead,control,2
1073,junk_noise,control,2
1074,junk_debris,control,2
1075,junk_noise,control,2
1076,CD4_T,control,2
1077,B,control,2
1078,CD4_T,control,2
1079,junk_debris,control,2
1080,Neutrophil,control,2
1081,junk_debris,control,2
1082,junk_debris,control,2
1083,junk_debris,control,2
1084,junk_debris,control,2
1085,CD8_T,control,2
1086,junk_doublet,control,2
1087,junk_debris,control,2
1088,junk_noise,control,2
1089,Myeloid,control,2
1090,junk_doublet,control,2
1091,junk_doublet,control,2
1092,Myeloid,control,2
1093,junk_debris,control,2
1094,junk_noise,control,2
1095,junk_debris,control,2
1096,junk_doublet,control,2
1097,Myeloid,control,2
1098,B,control,2
1099,junk_dead,control,2
1100,Myeloid,control,2
1101,junk_doublet,control,2
1102,junk_doublet,control,2
1103,B,control,2
1104,B,control,2
1105,junk_debris,control,2
1106,CD8_T,control,2
1107,B,control,2
1108,B,control,2
1109,junk_doublet,control,2
1110,B,control,2
1111,junk_doublet,control,2
1112,junk_debris,control,2
1113,CD4_T,control,2
1114,Myeloid,control,2
1115,B,control,2
1116,Myeloid,control,2
1117,junk_doublet,control,2
1118,B,control,2
1119,junk_debris,control,2
1120,junk_dead,control,2
1121,junk_dead,control,2
1122,junk_doublet,control,2
1123,junk_debris,control,2
1124,CD8_T,control,2
1125,junk_noise,control,2
1126,junk_debris,control,2
1127,B,control,2
1128,junk_dead,control,2
1129,Myeloid,control,2
1130,junk_noise,control,2
1131,B,control,2
1132,junk_debris,control,2
1133,junk_doublet,control,2
1134,junk_noise,control,2
1135,Myeloid,control,2
1136,junk_debris,control,2
1137,junk_noise,control,2
1138,CD4_T,control,2
1139,B,control,2
1140,junk_noise,control,2
1141,junk_doublet,control,2
1142,junk_dead,control,2
1143,junk_dead,control,2
1144,junk_debris,control,2
1145,junk_doublet,control,2
1146,junk_dead,control,2
1147,junk_debris,control,2
1148,CD8_T,control,2
1149,junk_debris,control,2
1150,junk_debris,control,2
1151,junk_doublet,control,2
1152,junk_dead,control,2
1153,Neutrophil,control,2
1154,B,control,2
1155,junk_dead,control,2
1156,junk_doublet,control,2
1157,NK,control,2
1158,Myeloid,control,2
1159,junk_noise,control,2
1160,Myeloid,control,2
1161,CD4_T,control,2
1162,junk_dead,control,2
1163,junk_debris,control,2
1164,CD8_T,control,2
1165,junk_debris,control,2
1166,junk_dead,control,2
1167,junk_debris,control,2
1168,junk_debris,control,2
1169,Neutrophil,control,2
1170,junk_dead,control,2
1171,B,control,2
1172,junk_dead,control,2
1173,junk_dead,control,2
1174,B,control,2
1175,junk_debris,control,2
1176,junk_noise,control,2
1177,junk_dead,control,2
1178,Myeloid,control,2
1179,junk_dead,control,2
1180,junk_noise,control,2
1181,junk_dead,control,2
1182,junk_doublet,control,2
1183,junk_doublet,control,2
1184,junk_debris,control,2
1185,junk_doublet,control,2
1186,Myeloid,control,2
1187,junk_dead,control,2
1188,junk_noise,control,2
1189,junk_debris,control,2
1190,junk_debris,control,2
1191,junk_noise,control,2
1192,Myeloid,control,2
1193,junk_doublet,control,2
1194,junk_noise,control,2
1195,junk_debris,control,2
1196,junk_doublet,control,2
1197,junk_noise,control,2
1198,junk_debris,control,2
1199,junk_debris,control,2
1200,junk_doublet,control,2
1201,junk_noise,control,2
1202,CD8_T,control,2
1203,DC,control,2
1204,junk_doublet,control,2
1205,junk_debris,control,2
1206,Myeloid,control,2
1207,junk_dead,control,2
1208,junk_doublet,control,2
1209,junk_noise,control,2
1210,Myeloid,control,2
1211,CD4_T,control,2
1212,B,control,2
1213,B,control,2
1214,CD4_T,control,2
1215,junk_dead,control,2
1216,junk_debris,control,2
1217,junk_debris,control,2
1218,junk_dead,control,2
1219,junk_doublet,control,2
1220,Myeloid,control,2
1221,junk_debris,control,2
1222,B,control,2
1223,junk_debris,control,2
1224,Myeloid,control,2
1225,CD4_T,control,2
1226,junk_noise,control,2
1227,Neutrophil,control,2
1228,junk_doublet,control,2
1229,Myeloid,control,2
1230,CD4_T,control,2
1231,junk_debris,control,2
1232,junk_dead,control,2
1233,junk_dead,control,2
1234,junk_dead,control,2
1235,junk_dead,control,2
1236,junk_debris,control,2
1237,junk_doublet,control,2
1238,B,control,2
1239,CD4_T,control,2
1240,junk_noise,control,2
1241,junk_debris,control,2
1242,junk_doublet,control,2
1243,junk_dead,control,2
1244,Neutrophil,control,2
1245,CD4_T,control,2
1246,Myeloid,control,2
1247,CD4_T,control,2
1248,junk_doublet,control,2
1249,junk_noise,control,2
1250,junk_doublet,control,2
1251,CD4_T,control,2
1252,junk_noise,control,2
1253,Myeloid,control,2
1254,B,control,2
1255,junk_doublet,control,2
1256,CD4_T,control,2
1257,junk_debris,control,2
1258,junk_debris,control,2
1259,junk_debris,control,2
1260,junk_debris,control,2
1261,junk_debris,control,2
1262,junk_debris,control,2
1263,junk_doublet,control,2
1264,Myeloid,control,2
1265,junk_dead,control,2
1266,junk_debris,control,2
1267,CD4_T,control,2
1268,junk_noise,control,2
1269,junk_debris,control,2
1270,junk_debris,control,2
1271,junk_dead,control,2
1272,junk_noise,control,2
1273,CD8_T,control,2
1274,junk_noise,control,2
1275,junk_noise,control,2
1276,junk_dead,control,2
1277,B,control,2
1278,B,control,2
1279,junk_debris,control,2
1280,CD4_T,control,2
1281,B,control,2
1282,junk_dead,control,2
1283,CD4_T,control,2
1284,CD8_T,control,2
1285,junk_debris,control,2
1286,junk_debris,control,2
1287,junk_dead,control,2
1288,NK,control,2
1289,junk_debris,control,2
1290,junk_dead,control,2
1291,CD4_T,control,2
1292,junk_doublet,control,2
1293,CD8_T,control,2
1294,junk_dead,control,2
1295,junk_debris,control,2
1296,junk_debris,control,2
1297,junk_debris,control,2
1298,CD8_T,control,2
1299,junk_doublet,control,2
1300,junk_dead,control,2
1301,junk_noise,control,2
1302,junk_dead,control,2
1303,junk_doublet,control,2
1304,junk_dead,control,2
1305,B,control,2
1306,junk_debris,control,2
1307,junk_doublet,control,2
1308,Neutrophil,control,2
1309,junk_debris,control,2
1310,junk_noise,control,2
1311,junk_debris,control,2
1312,junk_dead,control,2
1313,Neutrophil,control,2
1314,DC,control,2
1315,junk_debris,control,2
1316,junk_noise,control,2
1317,CD4_T,control,2
1318,CD8_T,control,2
1319,B,control,2
1320,CD8_T,control,2
1321,junk_debris,control,2
1322,Neutrophil,control,2
1323,junk_doublet,control,2
1324,CD4_T,control,2
1325,Myeloid,control,2
1326,Myeloid,control,2
1327,junk_debris,control,2
1328,junk_noise,control,2
1329,junk_doublet,control,2
1330,junk_dead,control,2
1331,junk_debris,control,2
1332,junk_debris,control,2
1333,junk_dead,control,2
1334,B,control,2
1335,Myeloid,control,2
1336,junk_debris,control,2
1337,Neutrophil,control,2
1338,junk_doublet,control,2
1339,junk_debris,control,2
1340,junk_debris,control,2
1341,junk_dead,control,2
1342,junk_doublet,control,2
1343,Myeloid,control,2
1344,NK,control,2
1345,junk_doublet,control,2
1346,junk_doublet,control,2
1347,junk_debris,control,2
1348,junk_debris,control,2
1349,junk_dead,control,2
1350,Neutrophil,control,2
1351,B,control,2
1352,junk_doublet,control,2
1353,junk_debris,control,2
1354,junk_doublet,control,2
1355,Myeloid,control,2
1356,Myeloid,control,2
1357,CD4_T,control,2
1358,junk_doublet,control,2
1359,junk_dead,control,2
1360,junk_noise,control,2
1361,B,control,2
1362,junk_debris,control,2
1363,junk_debris,control,2
1364,junk_debris,control,2
1365,junk_debris,control,2
1366,junk_dead,control,2
1367,junk_dead,control,2
1368,junk_doublet,control,2
1369,Myeloid,control,2
1370,junk_debris,control,2
1371,junk_debris,control,2
1372,junk_debris,control,2
1373,CD4_T,control,2
1374,junk_debris,control,2
1375,B,control,2
1376,Neutrophil,control,2
1377,junk_debris,control,2
1378,junk_debris,control,2
1379,junk_dead,control,2
1380,junk_debris,control,2
1381,junk_doublet,control,2
1382,CD8_T,control,2
1383,junk_debris,control,2
1384,junk_debris,control,2
1385,junk_noise,control,2
1386,junk_debris,control,2
1387,junk_doublet,control,2
1388,junk_doublet,control,2
1389,NK,control,2
1390,junk_noise,control,2
1391,Neutrophil,control,2
1392,CD8_T,control,2
1393,CD4_T,control,2
1394,junk_doublet,control,2
1395,Myeloid,control,2
1396,junk_debris,control,2
1397,junk_debris,control,2
1398,B,control,2
1399,junk_debris,control,2
1400,CD4_T,control,2
1401,CD4_T,control,2
1402,junk_debris,control,2
1403,Neutrophil,control,2
1404,junk_doublet,control,2
1405,junk_noise,control,2
1406,junk_debris,control,2
1407,junk_dead,control,2
1408,junk_dead,control,2
1409,junk_debris,control,2
1410,junk_noise,control,2
1411,junk_debris,control,2
1412,junk_debris,control,2
1413,junk_noise,control,2
1414,junk_debris,control,2
1415,junk_debris,control,2
1416,junk_debris,control,2
1417,junk_doublet,control,2
1418,B,control,2
1419,junk_noise,control,2
1420,B,control,2
1421,Myeloid,control,2
1422,junk_dead,control,2
1423,junk_doublet,control,2
1424,junk_noise,control,2
1425,B,control,2
1426,NK,control,2
1427,B,control,2
1428,CD8_T,control,2
1429,junk_dead,control,2
1430,junk_doublet,control,2
1431,junk_doublet,control,2
1432,junk_dead,control,2
1433,DC,control,2
1434,junk_dead,control,2
1435,junk_debris,control,2
1436,junk_debris,control,2
1437,junk_doublet,control,2
1438,CD4_T,control,2
1439,CD4_T,control,2
1440,junk_dead,control,2
1441,CD4_T,control,2
1442,CD4_T,control,2
1443,junk_debris,control,2
1444,junk_noise,control,2
1445,junk_dead,control,2
1446,junk_debris,control,2
1447,Myeloid,control,2
1448,CD8_T,control,2
1449,junk_dead,control,2
1450,B,control,2
1451,junk_dead,control,2
1452,B,control,2
1453,junk_doublet,control,2
1454,CD8_T,control,2
1455,Myeloid,control,2
1456,Myeloid,control,2
1457,junk_debris,control,2
1458,junk_doublet,control,2
1459,CD4_T,control,2
1460,junk_debris,control,2
1461,Myeloid,control,2
1462,junk_doublet,control,2
1463,B,control,2
1464,junk_debris,control,2
1465,junk_debris,control,2
1466,junk_debris,control,2
1467,junk_debris,control,2
1468,junk_noise,control,2
1469,B,control,2
1470,junk_debris,control,2
1471,junk_dead,control,2
1472,junk_doublet,control,2
1473,Neutrophil,control,2
1474,Neutrophil,control,2
1475,CD8_T,control,2
1476,junk_dead,control,2
1477,junk_debris,control,2
1478,junk_dead,control,2
1479,junk_noise,control,2
1480,junk_noise,control,2
1481,B,control,2
1482,B,control,2
1483,junk_debris,control,2
1484,junk_noise,control,2
1485,junk_debris,control,2
1486,junk_doublet,control,2
1487,CD4_T,control,2
1488,junk_dead,control,2
1489,junk_noise,control,2
1490,Neutrophil,control,2
1491,junk_doublet,control,2
1492,Myeloid,control,2
1493,junk_dead,control,2
1494,junk_doublet,control,2
1495,junk_debris,control,2
1496,Myeloid,control,2
1497,junk_debris,control,2
1498,junk_debris,control,2
1499,junk_doublet,control,2
1500,CD4_T,control,2
1501,junk_debris,control,2
1502,junk_dead,control,2
1503,junk_dead,control,2
1504,junk_dead,control,2
1505,junk_debris,control,2
1506,junk_dead,control,2
1507,junk_debris,control,2
1508,junk_debris,control,2
1509,junk_debris,control,2
1510,CD4_T,control,2
1511,B,control,2
1512,junk_dead,control,2
1513,Myeloid,control,2
1514,junk_dead,control,2
1515,B,control,2
1516,junk_doublet,control,2
1517,junk_dead,control,2
1518,junk_dead,control,2
1519,CD8_T,control,2
1520,junk_doublet,control,2
1521,junk_dead,control,2
1522,junk_noise,control,2
1523,B,control,2
1524,NK,control,2
1525,CD8_T,control,2
1526,CD4_T,control,2
1527,junk_doublet,control,2
1528,junk_doublet,control,2
1529,junk_debris,control,2
1530,B,control,2
1531,junk_debris,control,2
1532,junk_noise,control,2
1533,junk_dead,control,2
1534,CD8_T,control,2
1535,junk_doublet,control,2
1536,NK,control,2
1537,junk_noise,control,2
1538,junk_dead,control,2
1539,junk_dead,control,2
1540,junk_doublet,control,2
1541,B,control,2
1542,junk_debris,control,2
1543,junk_dead,control,2
1544,junk_doublet,control,2
1545,junk_dead,control,2
1546,B,control,2
1547,junk_debris,control,2
1548,junk_noise,control,2
1549,CD4_T,control,2
1550,junk_dead,control,2
1551,junk_dead,control,2
1552,CD4_T,control,2
1553,B,control,2
1554,Myeloid,control,2
1555,Neutrophil,control,2
1556,CD4_T,control,2
1557,B,control,2
1558,CD8_T,control,2
1559,junk_doublet,control,2
1560,Myeloid,control,2
1561,junk_noise,control,2
1562,junk_doublet,control,2
1563,junk_doublet,control,2
1564,junk_doublet,control,2
1565,junk_debris,control,2
1566,junk_dead,control,2
1567,NK,control,2
1568,junk_dead,control,2
1569,CD4_T,control,2
1570,junk_dead,control,2
1571,junk_debris,control,2
1572,Myeloid,control,2
1573,junk_doublet,control,2
1574,junk_dead,control,2
1575,CD4_T,control,2
1576,CD8_T,control,2
1577,junk_dead,control,2
1578,Neutrophil,control,2
1579,junk_debris,control,2
1580,junk_debris,control,2
1581,junk_doublet,control,2
1582,junk_dead,control,2
1583,junk_dead,control,2
1584,NK,control,2
1585,junk_dead,control,2
1586,junk_dead,control,2
1587,CD8_T,control,2
1588,junk_debris,control,2
1589,junk_debris,control,2
1590,junk_debris,control,2
1591,junk_debris,control,2
1592,junk_doublet,control,2
1593,B,control,2
1594,junk_debris,control,2
1595,Neutrophil,control,2
1596,CD8_T,control,2
1597,junk_doublet,control,2
1598,junk_doublet,control,2
1599,B,control,2
1600,Neutrophil,control,2
1601,CD4_T,control,2
1602,junk_debris,control,2
1603,junk_debris,control,2
1604,junk_doublet,control,2
1605,junk_debris,control,2
1606,CD4_T,control,2
1607,Myeloid,control,2
1608,Myeloid,control,2
1609,junk_debris,control,2
1610,junk_noise,control,2
1611,Myeloid,control,2
1612,junk_debris,control,2
1613,junk_debris,control,2
1614,Myeloid,control,2
1615,CD8_T,control,2
1616,Neutrophil,control,2
1617,CD8_T,control,2
1618,junk_debris,control,2
1619,junk_debris,control,2
1620,junk_noise,control,2
1621,B,control,2
1622,junk_noise,control,2
1623,junk_debris,control,2
1624,junk_dead,control,2
1625,junk_doublet,control,2
1626,junk_debris,control,2
1627,junk_noise,control,2
1628,junk_doublet,control,2
1629,junk_debris,control,2
1630,junk_debris,control,2
1631,junk_doublet,control,2
1632,junk_doublet,control,2
1633,Myeloid,control,2
1634,junk_debris,control,2
1635,CD8_T,control,2
1636,junk_doublet,control,2
1637,junk_noise,control,2
1638,junk_doublet,control,2
1639,junk_debris,control,2
1640,junk_doublet,control,2
1641,CD4_T,control,2
1642,CD8_T,control,2
1643,junk_doublet,control,2
1644,B,control,2
1645,junk_doublet,control,2
1646,CD4_T,control,2
1647,NK,control,2
1648,Neutrophil,control,2
1649,junk_noise,control,2
1650,junk_noise,control,2
1651,Myeloid,control,2
1652,junk_noise,control,2
1653,junk_debris,control,2
1654,Myeloid,control,2
1655,junk_doublet,control,2
1656,junk_doublet,control,2
1657,CD4_T,control,2
1658,B,control,2
1659,Neutrophil,control,2
1660,junk_debris,control,2
1661,B,control,2
1662,Myeloid,control,2
1663,junk_dead,control,2
1664,B,control,2
1665,junk_debris,control,2
1666,NK,control,2
1667,junk_debris,control,2
1668,Neutrophil,control,2
1669,junk_doublet,control,2
1670,Myeloid,control,2
1671,junk_debris,control,2
1672,Neutrophil,control,2
1673,junk_dead,control,2
1674,junk_debris,control,2
1675,Myeloid,control,2
1676,Myeloid,control,2
1677,junk_dead,control,2
1678,junk_debris,control,2
1679,B,control,2
1680,junk_dead,control,2
1681,junk_doublet,control,2
1682,junk_dead,control,2
1683,junk_debris,control,2
1684,junk_debris,control,2
1685,Neutrophil,control,2
1686,junk_debris,control,2
1687,B,control,2
1688,Neutrophil,control,2
1689,junk_debris,control,2
1690,CD4_T,control,2
1691,junk_debris,control,2
1692,CD4_T,control,2
1693,B,control,2
1694,B,control,2
1695,junk_debris,control,2
1696,CD4_T,control,2
1697,junk_dead,control,2
1698,Myeloid,control,2
1699,B,control,2
1700,junk_noise,control,2
1701,junk_debris,control,2
1702,junk_debris,control,2
1703,junk_dead,control,2
1704,junk_doublet,control,2
1705,junk_noise,control,2
1706,CD4_T,control,2
1707,junk_doublet,control,2
1708,B,control,2
1709,junk_debris,control,2
1710,junk_dead,control,2
1711,junk_dead,control,2
1712,B,control,2
1713,CD8_T,control,2
1714,junk_debris,control,2
1715,junk_doublet,control,2
1716,junk_debris,control,2
1717,CD4_T,control,2
1718,B,control,2
1719,junk_debris,control,2
1720,B,control,2
1721,junk_dead,control,2
1722,CD8_T,control,2
1723,junk_dead,control,2
1724,junk_doublet,control,2
1725,junk_noise,control,2
1726,junk_debris,control,2
1727,DC,control,2
1728,junk_debris,control,2
1729,CD4_T,control,2
1730,junk_debris,control,2
1731,B,control,2
1732,junk_debris,control,2
1733,junk_dead,control,2
1734,junk_debris,control,2
1735,DC,control,2
1736,junk_dead,control,2
1737,junk_debris,control,2
1738,junk_debris,control,2
1739,junk_doublet,control,2
1740,B,control,2
1741,junk_debris,control,2
1742,B,control,2
1743,junk_debris,control,2
1744,junk_dead,control,2
1745,B,control,2
1746,junk_debris,control,2
1747,CD8_T,control,2
1748,junk_debris,control,2
1749,CD4_T,control,2
1750,junk_noise,control,2
1751,junk_debris,control,2
1752,Myeloid,control,2
1753,junk_noise,control,2
1754,CD4_T,control,2
1755,B,control,2
1756,junk_dead,control,2
1757,junk_doublet,control,2
1758,junk_dead,control,2
1759,junk_noise,control,2
1760,junk_dead,control,2
1761,junk_noise,control,2
1762,junk_doublet,control,2
1763,junk_noise,control,2
1764,junk_debris,control,2
1765,junk_dead,control,2
1766,B,control,2
1767,junk_dead,control,2
1768,junk_debris,control,2
1769,B,control,2
1770,junk_doublet,control,2
1771,CD4_T,control,2
1772,junk_debris,control,2
1773,junk_noise,control,2
1774,junk_dead,control,2
1775,CD4_T,control,2
1776,junk_debris,control,2
1777,CD8_T,control,2
1778,junk_dead,control,2
1779,NK,control,2
1780,junk_doublet,control,2
1781,junk_noise,control,2
1782,CD4_T,control,2
1783,junk_dead,control,2
1784,junk_noise,control,2
1785,junk_debris,control,2
1786,junk_dead,control,2
1787,B,control,2
1788,junk_noise,control,2
1789,junk_doublet,control,2
1790,Neutrophil,control,2
1791,NK,control,2
1792,B,control,2
1793,B,control,2
1794,Myeloid,control,2
1795,junk_dead,control,2
1796,junk_doublet,control,2
1797,B,control,2
1798,junk_noise,control,2
1799,junk_doublet,control,2
1800,junk_dead,control,2
1801,junk_doublet,control,2
1802,Myeloid,control,2
1803,NK,control,2
1804,junk_noise,control,2
1805,junk_dead,control,2
1806,junk_debris,control,2
1807,junk_noise,control,2
1808,junk_doublet,control,2
1809,junk_debris,control,2
1810,junk_doublet,control,2
1811,junk_noise,control,2
1812,junk_dead,control,2
1813,junk_debris,control,2
1814,junk_noise,control,2
1815,junk_dead,control,2
1816,junk_noise,control,2
1817,junk_debris,control,2
1818,junk_debris,control,2
1819,junk_debris,control,2
1820,junk_debris,control,2
1821,junk_dead,control,2
1822,B,control,2
1823,B,control,2
1824,junk_debris,control,2
1825,Neutrophil,control,2
1826,junk_doublet,control,2
1827,junk_debris,control,2
1828,B,control,2
1829,B,control,2
1830,junk_noise,control,2
1831,junk_debris,control,2
1832,junk_noise,control,2
1833,junk_debris,control,2
1834,junk_debris,control,2
1835,CD8_T,control,2
1836,junk_doublet,control,2
1837,junk_debris,control,2
1838,junk_dead,control,2
1839,junk_debris,control,2
1840,Neutrophil,control,2
1841,junk_dead,control,2
1842,junk_debris,control,2
1843,junk_dead,control,2
1844,Myeloid,control,2
1845,junk_debris,control,2
1846,junk_noise,control,2
1847,junk_dead,control,2
1848,NK,control,2
1849,B,control,2
1850,junk_debris,control,2
1851,CD8_T,control,2
1852,junk_doublet,control,2
1853,junk_debris,control,2
1854,Neutrophil,control,2
1855,junk_doublet,control,2
1856,junk_doublet,control,2
1857,junk_noise,control,2
1858,NK,control,2
1859,Neutrophil,control,2
1860,junk_debris,control,2
1861,Myeloid,control,2
1862,junk_dead,control,2
1863,junk_debris,control,2
1864,CD4_T,control,2
1865,junk_doublet,control,2
1866,junk_noise,control,2
1867,junk_dead,control,2
1868,junk_debris,control,2
1869,DC,control,2
1870,NK,control,2
1871,junk_dead,control,2
1872,junk_doublet,control,2
1873,Myeloid,control,2
1874,Neutrophil,control,2
1875,CD8_T,control,2
1876,Neutrophil,control,2
1877,Myeloid,control,2
1878,NK,control,2
1879,junk_debris,control,2
1880,junk_noise,control,2
1881,junk_doublet,control,2
1882,B,control,2
1883,junk_debris,control,2
1884,junk_doublet,control,2
1885,junk_debris,control,2
1886,junk_debris,control,2
1887,NK,control,2
1888,B,control,2
1889,junk_dead,control,2
1890,junk_doublet,control,2
1891,junk_debris,control,2
1892,Myeloid,control,2
1893,B,control,2
1894,junk_debris,control,2
1895,Myeloid,control,2
1896,B,control,2
1897,junk_debris,control,2
1898,CD8_T,control,2
1899,junk_dead,control,2
1900,Myeloid,control,2
1901,Neutrophil,control,2
1902,junk_debris,control,2
1903,junk_noise,control,2
1904,junk_debris,control,2
1905,Myeloid,control,2
1906,B,control,2
1907,junk_noise,control,2
1908,junk_debris,control,2
1909,junk_doublet,control,2
1910,junk_doublet,control,2
1911,junk_doublet,control,2
1912,junk_doublet,control,2
1913,B,control,2
1914,junk_doublet,control,2
1915,junk_debris,control,2
1916,junk_noise,control,2
1917,junk_debris,control,2
1918,B,control,2
1919,junk_debris,control,2
1920,junk_debris,control,2
1921,junk_debris,control,2
1922,NK,control,2
1923,junk_dead,control,2
1924,junk_doublet,control,2
1925,junk_doublet,control,2
1926,CD8_T,control,2
1927,B,control,2
1928,Myeloid,control,2
1929,junk_debris,control,2
1930,junk_debris,control,2
1931,junk_debris,control,2
1932,junk_debris,control,2
1933,Myeloid,control,2
1934,CD4_T,control,2
1935,CD8_T,control,2
1936,B,control,2
1937,junk_debris,control,2
1938,B,control,2
1939,DC,control,2
1940,junk_doublet,control,2
1941,junk_doublet,control,2
1942,junk_debris,control,2
1943,B,control,2
1944,CD8_T,control,2
1945,junk_noise,control,2
1946,junk_noise,control,2
1947,B,control,2
1948,junk_debris,control,2
1949,junk_dead,control,2
1950,junk_doublet,control,2
1951,junk_doublet,control,2
1952,B,control,2
1953,junk_dead,control,2
1954,B,control,2
1955,junk_doublet,control,2
1956,junk_doublet,control,2
1957,CD4_T,control,2
1958,junk_debris,control,2
1959,junk_debris,control,2
1960,DC,control,2
1961,junk_debris,control,2
1962,junk_dead,control,2
1963,junk_doublet,control,2
1964,junk_noise,control,2
1965,junk_doublet,control,2
1966,junk_debris,control,2
1967,B,control,2
1968,B,control,2
1969,junk_debris,control,2
1970,junk_debris,control,2
1971,Myeloid,control,2
1972,junk_debris,control,2
1973,junk_debris,control,2
1974,Neutrophil,control,2
1975,junk_noise,control,2
1976,junk_debris,control,2
1977,junk_noise,control,2
1978,NK,control,2
1979,Neutrophil,control,2
1980,CD4_T,control,2
1981,CD4_T,control,2
1982,junk_debris,control,2
1983,Neutrophil,control,2
1984,junk_debris,control,2
1985,junk_noise,control,2
1986,junk_debris,control,2
1987,CD8_T,control,2
1988,Myeloid,control,2
1989,junk_doublet,control,2
1990,junk_doublet,control,2
1991,junk_debris,control,2
1992,Myeloid,control,2
1993,junk_debris,control,2
1994,junk_doublet,control,2
1995,CD8_T,control,2
1996,CD8_T,control,2
1997,junk_dead,control,2
1998,B,control,2
1999,junk_debris,control,2
2000,B,control,2
2001,junk_dead,control,2
2002,B,control,2
2003,CD8_T,control,2
2004,junk_doublet,control,2
2005,CD4_T,control,2
2006,junk_doublet,control,2
2007,CD4_T,control,2
2008,CD4_T,control,2
2009,junk_noise,control,2
2010,junk_debris,control,2
2011,B,control,2
2012,junk_dead,control,2
2013,junk_dead,control,2
2014,Myeloid,control,2
2015,Myeloid,control,2
2016,B,control,2
2017,junk_debris,control,2
2018,junk_doublet,control,2
2019,junk_dead,control,2
2020,CD8_T,control,2
2021,CD4_T,control,2
2022,junk_doublet,control,2
2023,junk_debris,control,2
2024,Myeloid,control,2
2025,junk_dead,control,2
2026,Neutrophil,control,2
2027,junk_dead,control,2
2028,B,control,2
2029,junk_dead,control,2
2030,B,control,2
2031,junk_doublet,control,2
2032,junk_debris,control,2
2033,junk_doublet,control,2
2034,Neutrophil,control,2
2035,CD4_T,control,2
2036,CD8_T,control,2
2037,Neutrophil,control,2
2038,B,control,2
2039,Myeloid,control,2
2040,CD8_T,control,2
2041,junk_doublet,control,2
2042,Myeloid,control,2
2043,junk_noise,control,2
2044,junk_doublet,control,2
2045,junk_debris,control,2
2046,CD8_T,control,2
2047,junk_debris,control,2
2048,junk_doublet,control,2
2049,junk_debris,control,2
2050,B,control,2
2051,junk_doublet,control,2
2052,junk_dead,control,2
2053,junk_dead,control,2
2054,B,control,2
2055,CD8_T,control,2
2056,junk_dead,control,2
2057,CD8_T,control,2
2058,junk_dead,control,2
2059,junk_debris,control,2
2060,junk_debris,control,2
2061,CD8_T,control,2
2062,junk_dead,control,2
2063,junk_dead,control,2
2064,junk_debris,control,2
2065,Myeloid,control,2
2066,junk_debris,control,2
2067,junk_doublet,control,2
2068,junk_doublet,control,2
2069,junk_noise,control,2
2070,junk_noise,control,2
2071,junk_dead,control,2
2072,junk_noise,control,2
2073,CD8_T,control,2
2074,junk_debris,control,2
2075,junk_noise,control,2
2076,junk_dead,control,2
2077,CD4_T,control,2
2078,junk_debris,control,2
2079,junk_debris,control,2
2080,CD4_T,control,2
2081,junk_debris,control,2
2082,junk_debris,control,2
2083,junk_debris,control,2
2084,junk_noise,control,2
2085,junk_debris,control,2
2086,junk_dead,control,2
2087,junk_debris,control,2
2088,junk_doublet,control,2
2089,Neutrophil,control,2
2090,Myeloid,control,2
2091,junk_dead,control,2
2092,junk_debris,control,2
2093,junk_debris,control,2
2094,Myeloid,control,2
2095,CD4_T,control,2
2096,junk_debris,control,2
2097,junk_dead,control,2
2098,CD4_T,control,2
2099,B,control,2
2100,CD4_T,control,2
2101,CD4_T,control,2
2102,junk_doublet,control,2
2103,junk_dead,control,2
2104,DC,control,2
2105,junk_dead,control,2
2106,junk_dead,control,2
2107,junk_debris,control,2
2108,junk_noise,control,2
2109,junk_dead,control,2
2110,junk_noise,control,2
2111,junk_debris,control,2
2112,junk_dead,control,2
2113,junk_debris,control,2
2114,junk_noise,control,2
2115,junk_doublet,control,2
2116,Myeloid,control,2
2117,junk_doublet,control,2
2118,junk_debris,control,2
2119,junk_doublet,control,2
2120,B,control,2
2121,CD4_T,control,2
2122,Myeloid,control,2
2123,junk_debris,control,2
2124,junk_debris,control,2
2125,CD4_T,control,2
2126,junk_noise,control,2
2127,junk_debris,control,2
2128,junk_debris,control,2
2129,junk_doublet,control,2
2130,junk_noise,control,2
2131,junk_dead,control,2
2132,NK,control,2
2133,junk_noise,control,2
2134,junk_debris,control,2
2135,junk_debris,control,2
2136,B,control,2
2137,junk_doublet,control,2
2138,Neutrophil,control,2
2139,junk_debris,control,2
2140,CD4_T,control,2
2141,junk_debris,control,2
2142,Neutrophil,control,2
2143,junk_noise,control,2
2144,junk_debris,control,2
2145,junk_dead,control,2
2146,junk_debris,control,2
2147,junk_debris,control,2
2148,junk_noise,control,2
2149,B,control,2
2150,junk_dead,control,2
2151,junk_doublet,control,2
2152,junk_debris,control,2
2153,junk_doublet,control,2
2154,Myeloid,control,2
2155,junk_doublet,control,2
2156,junk_debris,control,2
2157,NK,control,2
2158,Neutrophil,control,2
2159,junk_doublet,control,2
2160,CD4_T,control,2
2161,junk_doublet,control,2
2162,junk_debris,control,2
2163,junk_debris,control,2
2164,junk_dead,control,2
2165,CD8_T,control,2
2166,junk_dead,control,2
2167,CD4_T,control,2
2168,B,control,2
2169,CD8_T,control,2
2170,junk_doublet,control,2
2171,junk_debris,control,2
2172,B,control,2
2173,junk_debris,control,2
2174,junk_doublet,control,2
2175,junk_dead,control,2
2176,junk_debris,control,2
2177,junk_debris,control,2
2178,junk_debris,control,2
2179,Neutrophil,control,2
2180,B,control,2
2181,B,control,2
2182,junk_noise,control,2
2183,Neutrophil,control,2
2184,junk_debris,control,2
2185,junk_doublet,control,2
2186,junk_dead,control,2
2187,junk_dead,control,2
2188,junk_debris,control,2
2189,junk_debris,control,2
2190,junk_debris,control,2
2191,junk_doublet,control,2
2192,B,control,2
2193,CD4_T,control,2
2194,junk_dead,control,2
2195,junk_doublet,control,2
2196,CD4_T,control,2
2197,B,control,2
2198,junk_doublet,control,2
2199,junk_noise,control,2
2200,B,control,2
2201,CD4_T,control,2
2202,CD4_T,control,2
2203,Myeloid,control,2
2204,junk_dead,control,2
2205,junk_debris,control,2
2206,junk_debris,control,2
2207,CD8_T,control,2
2208,junk_dead,control,2
2209,junk_debris,control,2
2210,junk_debris,control,2
2211,CD8_T,control,2
2212,junk_debris,control,2
2213,junk_debris,control,2
2214,junk_debris,control,2
2215,junk_doublet,control,2
2216,CD8_T,control,2
2217,Neutrophil,control,2
2218,junk_doublet,control,2
2219,Neutrophil,control,2
2220,Myeloid,control,2
2221,junk_debris,control,2
2222,junk_debris,control,2
2223,Myeloid,control,2
2224,junk_doublet,control,2
2225,junk_debris,control,2
2226,NK,control,2
2227,junk_dead,control,2
2228,junk_debris,control,2
2229,Myeloid,control,2
2230,junk_doublet,control,2
2231,CD4_T,control,2
2232,junk_debris,control,2
2233,Myeloid,control,2
2234,junk_debris,control,2
2235,junk_debris,control,2
2236,junk_doublet,control,2
2237,junk_noise,control,2
2238,junk_dead,control,2
2239,junk_doublet,control,2
2240,B,control,2
2241,Myeloid,control,2
2242,junk_dead,control,2
2243,CD8_T,control,2
2244,junk_debris,control,2
2245,junk_doublet,control,2
2246,Neutrophil,control,2
2247,NK,control,2
2248,B,control,2
2249,junk_debris,control,2
2250,junk_noise,control,2
2251,junk_noise,control,2
2252,CD8_T,control,2
2253,Myeloid,control,2
2254,junk_doublet,control,2
2255,junk_dead,control,2
2256,junk_dead,control,2
2257,junk_doublet,control,2
2258,CD4_T,control,2
2259,Myeloid,control,2
2260,B,control,2
2261,junk_doublet,control,2
2262,junk_doublet,control,2
2263,junk_doublet,control,2
2264,junk_debris,control,2
2265,B,control,2
2266,junk_debris,control,2
2267,junk_noise,control,2
2268,junk_dead,control,2
2269,B,control,2
2270,Neutrophil,control,2
2271,junk_noise,control,2
2272,junk_noise,control,2
2273,junk_doublet,control,2
2274,CD4_T,control,2
2275,Myeloid,control,2
2276,junk_debris,control,2
2277,junk_doublet,control,2
2278,B,control,2
2279,junk_debris,control,2
2280,B,control,2
2281,junk_debris,control,2
2282,junk_dead,control,2
2283,Myeloid,control,2
2284,junk_dead,control,2
2285,B,control,2
2286,junk_dead,control,2
2287,DC,control,2
2288,Myeloid,control,2
2289,junk_doublet,control,2
2290,junk_noise,control,2
2291,junk_dead,control,2
2292,junk_debris,control,2
2293,junk_noise,control,2
2294,junk_debris,control,2
2295,junk_debris,control,2
2296,junk_dead,control,2
2297,NK,control,2
2298,CD4_T,control,2
2299,junk_noise,control,2
2300,junk_debris,control,2
2301,junk_dead,control,2
2302,junk_debris,control,2
2303,Myeloid,control,2
2304,junk_noise,control,2
2305,junk_dead,control,2
2306,junk_debris,control,2
2307,B,control,2
2308,CD8_T,control,2
2309,Myeloid,control,2
2310,junk_dead,control,2
2311,junk_dead,control,2
2312,B,control,2
2313,junk_doublet,control,2
2314,junk_debris,control,2
2315,NK,control,2
2316,B,control,2
2317,junk_noise,control,2
2318,junk_debris,control,2
2319,junk_debris,control,2
2320,junk_dead,control,2
2321,B,control,2
2322,junk_doublet,control,2
2323,junk_doublet,control,2
2324,junk_noise,control,2
2325,B,control,2
2326,B,control,2
2327,junk_doublet,control,2
2328,junk_debris,control,2
2329,B,control,2
2330,junk_debris,control,2
2331,junk_doublet,control,2
2332,junk_doublet,control,2
2333,junk_dead,control,2
2334,Myeloid,control,2
2335,junk_noise,control,2
2336,junk_doublet,control,2
2337,junk_noise,control,2
2338,Myeloid,control,2
2339,junk_doublet,control,2
2340,junk_noise,control,2
2341,junk_debris,control,2
2342,junk_noise,control,2
2343,B,control,2
2344,junk_debris,control,2
2345,junk_dead,control,2
2346,junk_debris,control,2
2347,B,control,2
2348,junk_debris,control,2
2349,junk_debris,control,2
2350,B,control,2
2351,junk_doublet,control,2
2352,junk_noise,control,2
2353,junk_doublet,control,2
2354,CD8_T,control,2
2355,junk_debris,control,2
2356,CD4_T,control,2
2357,B,control,2
2358,B,control,2
2359,junk_dead,control,2
2360,Neutrophil,control,2
2361,junk_noise,control,2
2362,Myeloid,control,2
2363,Myeloid,control,2
2364,junk_noise,control,2
2365,CD4_T,control,2
2366,junk_dead,control,2
2367,junk_dead,control,2
2368,junk_doublet,control,2
2369,junk_debris,control,2
2370,Myeloid,control,2
2371,junk_debris,control,2
2372,junk_dead,control,2
2373,B,control,2
2374,Myeloid,control,2
2375,CD4_T,control,2
2376,junk_doublet,control,2
2377,junk_debris,control,2
2378,junk_debris,control,2
2379,junk_doublet,control,2
2380,junk_debris,control,2
2381,junk_dead,control,2
2382,junk_debris,control,2
2383,B,control,2
2384,junk_doublet,control,2
2385,NK,control,2
2386,junk_debris,control,2
2387,junk_dead,control,2
2388,junk_noise,control,2
2389,junk_noise,control,2
2390,junk_doublet,control,2
2391,junk_debris,control,2
2392,junk_debris,control,2
2393,junk_debris,control,2
2394,junk_doublet,control,2
2395,junk_debris,control,2
2396,junk_debris,control,2
2397,junk_noise,control,2
2398,junk_debris,control,2
2399,junk_doublet,control,2
2400,Myeloid,control,2
2401,junk_doublet,control,2
2402,junk_dead,control,2
2403,B,control,2
2404,junk_debris,control,2
2405,junk_debris,control,2
2406,junk_debris,control,2
2407,CD8_T,control,2
2408,B,control,2
2409,junk_debris,control,2
2410,junk_debris,control,2
2411,junk_debris,control,2
2412,CD4_T,control,2
2413,junk_debris,control,2
2414,Myeloid,control,2
2415,junk_debris,control,2
2416,junk_dead,control,2
2417,DC,control,2
2418,junk_debris,control,2
2419,junk_doublet,control,2
2420,junk_dead,control,2
2421,junk_noise,control,2
2422,DC,control,2
2423,Neutrophil,control,2
2424,junk_debris,control,2
2425,CD4_T,control,2
2426,B,control,2
2427,junk_doublet,control,2
2428,DC,control,2
2429,NK,control,2
2430,Myeloid,control,2
2431,CD4_T,control,2
2432,junk_doublet,control,2
2433,junk_noise,control,2
2434,Myeloid,control,2
2435,junk_doublet,control,2
2436,junk_debris,control,2
2437,junk_doublet,control,2
2438,junk_dead,control,2
2439,junk_debris,control,2
2440,Myeloid,control,2
2441,junk_dead,control,2
2442,junk_debris,control,2
2443,Myeloid,control,2
2444,B,control,2
2445,junk_debris,control,2
2446,B,control,2
2447,junk_doublet,control,2
2448,junk_dead,control,2
2449,junk_debris,control,2
2450,junk_doublet,control,2
2451,CD8_T,control,2
2452,Myeloid,control,2
2453,junk_doublet,control,2
2454,junk_debris,control,2
2455,junk_noise,control,2
2456,junk_debris,control,2
2457,junk_debris,control,2
2458,junk_dead,control,2
2459,junk_debris,control,2
2460,B,control,2
2461,junk_debris,control,2
2462,junk_dead,control,2
2463,junk_debris,control,2
2464,junk_debris,control,2
2465,junk_noise,control,2
2466,Myeloid,control,2
2467,junk_dead,control,2
2468,B,control,2
2469,junk_doublet,control,2
2470,junk_doublet,control,2
2471,junk_debris,control,2
2472,B,control,2
2473,junk_dead,control,2
2474,Myeloid,control,2
2475,B,control,2
2476,B,control,2
2477,CD4_T,control,2
2478,junk_debris,control,2
2479,junk_doublet,control,2
2480,junk_debris,control,2
2481,junk_debris,control,2
2482,junk_debris,control,2
2483,Myeloid,control,2
2484,junk_debris,control,2
2485,NK,control,2
2486,junk_doublet,control,2
2487,junk_debris,control,2
2488,junk_dead,control,2
2489,junk_debris,control,2
2490,junk_doublet,control,2
2491,junk_noise,control,2
2492,junk_dead,control,2
2493,junk_doublet,control,2
2494,CD4_T,control,2
2495,junk_dead,control,2
2496,junk_doublet,control,2
2497,junk_debris,control,2
2498,Myeloid,control,2
2499,B,control,2
2500,junk_doublet,control,2
2501,junk_dead,control,2
2502,junk_noise,control,2
2503,CD8_T,control,2
2504,Myeloid,control,2
2505,junk_debris,control,2
2506,CD8_T,control,2
2507,junk_dead,control,2
2508,junk_doublet,control,2
2509,junk_debris,control,2
2510,junk_debris,control,2
2511,junk_noise,control,2
2512,B,control,2
2513,B,control,2
2514,junk_debris,control,2
2515,junk_dead,control,2
2516,junk_debris,control,2
2517,junk_doublet,control,2
2518,junk_doublet,control,2
2519,CD4_T,control,2
2520,junk_debris,control,2
2521,Neutrophil,control,2
2522,junk_noise,control,2
2523,junk_debris,control,2
2524,NK,control,2
2525,B,control,2
2526,CD4_T,control,2
2527,junk_debris,control,2
2528,junk_debris,control,2
2529,Neutrophil,control,2
2530,junk_noise,control,2
2531,CD4_T,control,2
2532,junk_dead,control,2
2533,junk_noise,control,2
2534,junk_debris,control,2
2535,CD4_T,control,2
2536,junk_dead,control,2
2537,junk_debris,control,2
2538,CD4_T,control,2
2539,junk_doublet,control,2
2540,B,control,2
2541,junk_doublet,control,2
2542,Myeloid,control,2
2543,Myeloid,control,2
2544,Neutrophil,control,2
2545,CD4_T,control,2
2546,junk_debris,control,2
2547,junk_dead,control,2
2548,junk_noise,control,2
2549,junk_doublet,control,2
2550,Neutrophil,control,2
2551,junk_doublet,control,2
2552,junk_dead,control,2
2553,junk_debris,control,2
2554,junk_doublet,control,2
2555,junk_dead,control,2
2556,junk_debris,control,2
2557,junk_debris,control,2
2558,junk_dead,control,2
2559,junk_doublet,control,2
2560,junk_dead,control,2
2561,junk_doublet,control,2
2562,CD8_T,control,2
2563,junk_noise,control,2
2564,junk_noise,control,2
2565,Neutrophil,control,2
2566,junk_doublet,control,2
2567,B,control,2
2568,junk_doublet,control,2
2569,junk_debris,control,2
2570,CD8_T,control,2
2571,junk_dead,control,2
2572,junk_doublet,control,2
2573,B,control,2
2574,Neutrophil,control,2
2575,junk_dead,control,2
2576,junk_dead,control,2
2577,junk_doublet,control,2
2578,junk_noise,control,2
2579,junk_dead,control,2
2580,junk_noise,control,2
2581,junk_debris,control,2
2582,junk_dead,control,2
2583,junk_dead,control,2
2584,junk_debris,control,2
2585,junk_debris,control,2
2586,CD4_T,control,2
2587,junk_debris,control,2
2588,junk_noise,control,2
2589,junk_noise,control,2
2590,junk_debris,control,2
2591,junk_debris,control,2
2592,junk_dead,control,2
2593,junk_debris,control,2
2594,junk_doublet,control,2
2595,CD4_T,control,2
2596,CD8_T,control,2
2597,CD4_T,control,2
2598,junk_dead,control,2
2599,NK,control,2
2600,junk_debris,control,2
2601,junk_noise,control,2
2602,DC,control,2
2603,junk_doublet,control,2
2604,junk_debris,control,2
2605,junk_doublet,control,2
2606,CD4_T,control,2
2607,CD8_T,control,2
2608,B,control,2
2609,junk_debris,control,2
2610,CD4_T,control,2
2611,CD4_T,control,2
2612,junk_doublet,control,2
2613,junk_dead,control,2
2614,junk_debris,control,2
2615,junk_debris,control,2
2616,Myeloid,control,2
2617,junk_debris,control,2
2618,junk_doublet,control,2
2619,Myeloid,control,2
2620,CD8_T,control,2
2621,junk_debris,control,2
2622,CD4_T,control,2
2623,junk_dead,control,2
2624,B,control,2
2625,junk_doublet,control,2
2626,CD8_T,control,2
2627,junk_noise,control,2
2628,junk_noise,control,2
2629,CD4_T,control,2
2630,Myeloid,control,2
2631,Myeloid,control,2
2632,CD8_T,control,2
2633,junk_noise,control,2
2634,junk_debris,control,2
2635,junk_debris,control,2
2636,B,control,2
2637,junk_doublet,control,2
2638,B,control,2
2639,B,control,2
2640,junk_dead,control,2
2641,junk_debris,control,2
2642,junk_doublet,control,2
2643,CD8_T,control,2
2644,junk_dead,control,2
2645,junk_debris,control,2
2646,Myeloid,control,2
2647,junk_doublet,control,2
2648,junk_debris,control,2
2649,junk_debris,control,2
2650,junk_noise,control,2
2651,B,control,2
2652,junk_debris,control,2
2653,junk_doublet,control,2
2654,CD8_T,control,2
2655,junk_doublet,control,2
2656,junk_dead,control,2
2657,junk_doublet,control,2
2658,junk_dead,control,2
2659,junk_debris,control,2
2660,junk_debris,control,2
2661,junk_doublet,control,2
2662,junk_doublet,control,2
2663,junk_debris,control,2
2664,junk_debris,control,2
2665,Neutrophil,control,2
2666,junk_noise,control,2
2667,junk_dead,control,2
2668,junk_noise,control,2
2669,junk_debris,control,2
2670,junk_doublet,control,2
2671,junk_debris,control,2
2672,junk_debris,control,2
2673,CD4_T,control,2
2674,junk_debris,control,2
2675,junk_dead,control,2
2676,junk_debris,control,2
2677,Myeloid,control,2
2678,CD4_T,control,2
2679,Myeloid,control,2
2680,Myeloid,control,2
2681,B,control,2
2682,junk_noise,control,2
2683,junk_debris,control,2
2684,junk_debris,control,2
2685,junk_doublet,control,2
2686,junk_dead,control,2
2687,CD4_T,control,2
2688,NK,control,2
2689,junk_dead,control,2
2690,junk_dead,control,2
2691,junk_debris,control,2
2692,CD8_T,control,2
2693,junk_debris,control,2
2694,junk_doublet,control,2
2695,NK,control,2
2696,CD8_T,control,2
2697,CD4_T,control,2
2698,CD4_T,control,2
2699,junk_debris,control,2
2700,junk_debris,control,2
2701,junk_dead,control,2
2702,junk_debris,control,2
2703,junk_debris,control,2
2704,DC,control,2
2705,junk_debris,control,2
2706,NK,control,2
2707,junk_debris,control,2
2708,junk_noise,control,2
2709,junk_doublet,control,2
2710,junk_doublet,control,2
2711,junk_debris,control,2
2712,junk_debris,control,2
2713,junk_debris,control,2
2714,CD8_T,control,2
2715,junk_doublet,control,2
2716,CD4_T,control,2
2717,CD8_T,control,2
2718,Myeloid,control,2
2719,B,control,2
2720,B,control,2
2721,junk_debris,control,2
2722,Myeloid,control,2
2723,CD4_T,control,2
2724,junk_doublet,control,2
2725,junk_debris,control,2
2726,junk_dead,control,2
2727,CD8_T,control,2
2728,CD4_T,control,2
2729,Myeloid,control,2
2730,junk_doublet,control,2
2731,B,control,2
2732,junk_dead,control,2
2733,NK,control,2
2734,junk_noise,control,2
2735,junk_doublet,control,2
2736,junk_dead,control,2
2737,B,control,2
2738,junk_dead,control,2
2739,Myeloid,control,2
2740,junk_dead,control,2
2741,junk_debris,control,2
2742,Myeloid,control,2
2743,junk_debris,control,2
2744,junk_doublet,control,2
2745,junk_debris,control,2
2746,junk_debris,control,2
2747,Myeloid,control,2
2748,junk_doublet,control,2
2749,junk_doublet,control,2
2750,CD8_T,control,2
2751,B,control,2
2752,Myeloid,control,2
2753,CD4_T,control,2
2754,CD4_T,control,2
2755,CD4_T,control,2
2756,Neutrophil,control,2
2757,junk_debris,control,2
2758,junk_dead,control,2
2759,junk_noise,control,2
2760,junk_debris,control,2
2761,junk_doublet,control,2
2762,junk_doublet,control,2
2763,junk_doublet,control,2
2764,CD8_T,control,2
2765,junk_debris,control,2
2766,B,control,2
2767,junk_noise,control,2
2768,junk_doublet,control,2
2769,CD8_T,control,2
2770,junk_doublet,control,2
2771,junk_debris,control,2
2772,junk_doublet,control,2
2773,junk_debris,control,2
2774,junk_doublet,control,2
2775,junk_dead,control,2
2776,CD4_T,control,2
2777,junk_doublet,control,2
2778,junk_debris,control,2
2779,Myeloid,control,2
2780,junk_debris,control,2
2781,Myeloid,control,2
2782,junk_debris,control,2
2783,CD4_T,control,2
2784,junk_doublet,control,2
2785,junk_debris,control,2
2786,junk_debris,control,2
2787,Neutrophil,control,2
2788,CD4_T,control,2
2789,B,control,2
2790,junk_dead,control,2
2791,junk_debris,control,2
2792,junk_doublet,control,2
2793,junk_dead,control,2
2794,B,control,2
2795,CD8_T,control,2
2796,junk_dead,control,2
2797,junk_dead,control,2
2798,junk_doublet,control,2
2799,junk_dead,control,2
2800,junk_dead,control,2
2801,CD8_T,control,2
2802,B,control,2
2803,B,control,2
2804,junk_doublet,control,2
2805,junk_debris,control,2
2806,junk_debris,control,2
2807,junk_noise,control,2
2808,junk_noise,control,2
2809,junk_debris,control,2
2810,CD8_T,control,2
2811,junk_doublet,control,2
2812,junk_doublet,control,2
2813,Myeloid,control,2
2814,Myeloid,control,2
2815,junk_doublet,control,2
2816,Neutrophil,control,2
2817,B,control,2
2818,junk_doublet,control,2
2819,B,control,2
2820,Neutrophil,control,2
2821,junk_noise,control,2
2822,junk_dead,control,2
2823,junk_debris,control,2
2824,B,control,2
2825,B,control,2
2826,junk_doublet,control,2
2827,junk_doublet,control,2
2828,DC,control,2
2829,B,control,2
2830,junk_dead,control,2
2831,NK,control,2
2832,CD8_T,control,2
2833,CD4_T,control,2
2834,CD8_T,control,2
2835,junk_noise,control,2
2836,junk_debris,control,2
2837,junk_dead,control,2
2838,Neutrophil,control,2
2839,junk_debris,control,2
2840,B,control,2
2841,junk_debris,control,2
2842,junk_debris,control,2
2843,Neutrophil,control,2
2844,junk_debris,control,2
2845,junk_noise,control,2
2846,B,control,2
2847,junk_dead,control,2
2848,Myeloid,control,2
2849,junk_dead,control,2
2850,B,control,2
2851,B,control,2
2852,B,control,2
2853,junk_debris,control,2
2854,junk_debris,control,2
2855,CD4_T,control,2
2856,junk_noise,control,2
2857,Neutrophil,control,2
2858,junk_noise,control,2
2859,junk_dead,control,2
2860,B,control,2
2861,junk_doublet,control,2
2862,junk_noise,control,2
2863,junk_debris,control,2
2864,junk_debris,control,2
2865,junk_debris,control,2
2866,CD8_T,control,2
2867,junk_dead,control,2
2868,junk_noise,control,2
2869,junk_doublet,control,2
2870,CD4_T,control,2
2871,junk_noise,control,2
2872,junk_debris,control,2
2873,NK,control,2
2874,junk_debris,control,2
2875,junk_debris,control,2
2876,junk_dead,control,2
2877,junk_dead,control,2
2878,junk_doublet,control,2
2879,Myeloid,control,2
2880,Myeloid,control,2
2881,junk_noise,control,2
2882,junk_debris,control,2
2883,B,control,2
2884,junk_debris,control,2
2885,junk_doublet,control,2
2886,junk_doublet,control,2
2887,B,control,2
2888,B,control,2
2889,Myeloid,control,2
2890,junk_noise,control,2
2891,junk_doublet,control,2
2892,B,control,2
2893,junk_dead,control,2
2894,B,control,2
2895,junk_doublet,control,2
2896,B,control,2
2897,Neutrophil,control,2
2898,B,control,2
2899,Myeloid,control,2
2900,junk_debris,control,2
2901,Neutrophil,control,2
2902,junk_debris,control,2
2903,junk_debris,control,2
2904,CD4_T,control,2
2905,CD4_T,control,2
2906,junk_debris,control,2
2907,B,control,2
2908,junk_dead,control,2
2909,junk_debris,control,2
2910,junk_doublet,control,2
2911,junk_debris,control,2
2912,junk_doublet,control,2
2913,junk_dead,control,2
2914,junk_debris,control,2
2915,junk_debris,control,2
2916,junk_noise,control,2
2917,junk_dead,control,2
2918,junk_doublet,control,2
2919,junk_dead,control,2
2920,B,control,2
2921,CD4_T,control,2
2922,Myeloid,control,2
2923,junk_dead,control,2
2924,Myeloid,control,2
2925,CD4_T,control,2
2926,junk_debris,control,2
2927,CD4_T,control,2
2928,junk_doublet,control,2
2929,junk_debris,control,2
2930,junk_doublet,control,2
2931,junk_dead,control,2
2932,B,control,2
2933,junk_noise,control,2
2934,junk_debris,control,2
2935,CD8_T,control,2
2936,junk_dead,control,2
2937,CD4_T,control,2
2938,junk_debris,control,2
2939,junk_debris,control,2
2940,Neutrophil,control,2
2941,junk_noise,control,2
2942,junk_noise,control,2
2943,junk_dead,control,2
2944,junk_noise,control,2
2945,Myeloid,control,2
2946,junk_debris,control,2
2947,junk_debris,control,2
2948,CD4_T,control,2
2949,CD4_T,control,2
2950,junk_noise,control,2
2951,Myeloid,control,2
2952,junk_dead,control,2
2953,junk_noise,control,2
2954,Neutrophil,control,2
2955,B,control,2
2956,junk_dead,control,2
2957,Neutrophil,control,2
2958,junk_debris,control,2
2959,junk_doublet,control,2
2960,junk_doublet,control,2
2961,B,control,2
2962,junk_doublet,control,2
2963,DC,control,2
2964,junk_debris,control,2
2965,junk_debris,control,2
2966,B,control,2
2967,CD4_T,control,2
2968,junk_noise,control,2
2969,junk_dead,control,2
2970,junk_debris,control,2
2971,junk_debris,control,2
2972,Neutrophil,control,2
2973,junk_debris,control,2
2974,CD4_T,control,2
2975,Myeloid,control,2
2976,junk_dead,control,2
2977,NK,control,2
2978,junk_dead,control,2
2979,CD8_T,control,2
2980,junk_debris,control,2
2981,junk_debris,control,2
2982,junk_doublet,control,2
2983,B,control,2
2984,junk_dead,control,2
2985,junk_debris,control,2
2986,junk_debris,control,2
2987,junk_dead,control,2
2988,junk_noise,control,2
2989,junk_debris,control,2
2990,junk_debris,control,2
2991,Neutrophil,control,2
2992,junk_noise,control,2
2993,CD8_T,control,2
2994,junk_dead,control,2
2995,junk_debris,control,2
2996,Myeloid,control,2
2997,B,control,2
2998,B,control,2
2999,junk_doublet,control,2
3000,junk_debris,control,2
3001,junk_dead,control,2
3002,junk_debris,control,2
3003,junk_dead,control,2
3004,junk_dead,control,2
3005,Neutrophil,control,2
3006,junk_doublet,control,2
3007,junk_debris,control,2
3008,junk_noise,control,2
3009,junk_dead,control,2
3010,B,control,2
3011,junk_doublet,control,2
3012,junk_noise,control,2
3013,junk_debris,control,2
3014,junk_debris,control,2
3015,junk_debris,control,2
3016,Myeloid,control,2
3017,junk_debris,control,2
3018,junk_noise,control,2
3019,CD4_T,control,2
3020,CD8_T,control,2
3021,junk_debris,control,2
3022,junk_doublet,control,2
3023,junk_noise,control,2
3024,junk_dead,control,2
3025,junk_dead,control,2
3026,junk_debris,control,2
3027,junk_doublet,control,2
3028,junk_debris,control,2
3029,Myeloid,control,2
3030,junk_debris,control,2
3031,junk_debris,control,2
3032,junk_dead,control,2
3033,junk_debris,control,2
3034,CD8_T,control,2
3035,junk_debris,control,2
3036,junk_noise,control,2
3037,junk_debris,control,2
3038,junk_debris,control,2
3039,junk_noise,control,2
3040,junk_dead,control,2
3041,junk_doublet,control,2
3042,junk_dead,control,2
3043,junk_debris,control,2
3044,junk_doublet,control,2
3045,CD8_T,control,2
3046,B,control,2
3047,junk_noise,control,2
3048,junk_doublet,control,2
3049,junk_debris,control,2
3050,CD4_T,control,2
3051,junk_debris,control,2
3052,junk_debris,control,2
3053,junk_noise,control,2
3054,NK,control,2
3055,junk_doublet,control,2
3056,junk_doublet,control,2
3057,junk_noise,control,2
3058,CD8_T,control,2
3059,junk_dead,control,2
3060,junk_dead,control,2
3061,junk_dead,control,2
3062,junk_noise,control,2
3063,junk_debris,control,2
3064,CD8_T,control,2
3065,junk_dead,control,2
3066,junk_doublet,control,2
3067,junk_dead,control,2
3068,B,control,2
3069,junk_debris,control,2
3070,junk_debris,control,2
3071,junk_noise,control,2
3072,junk_dead,control,2
3073,junk_doublet,control,2
3074,junk_doublet,control,2
3075,junk_dead,control,2
3076,junk_dead,control,2
3077,Myeloid,control,2
3078,junk_dead,control,2
3079,B,control,2
3080,junk_debris,control,2
3081,junk_debris,control,2
3082,CD8_T,control,2
3083,junk_doublet,control,2
3084,junk_debris,control,2
3085,junk_noise,control,2
3086,junk_dead,control,2
3087,junk_debris,control,2
3088,junk_dead,control,2
3089,junk_dead,control,2
3090,Neutrophil,control,2
3091,junk_noise,control,2
3092,Myeloid,control,2
3093,Myeloid,control,2
3094,Neutrophil,control,2
3095,junk_doublet,control,2
3096,B,control,2
3097,junk_debris,control,2
3098,junk_doublet,control,2
3099,junk_debris,control,2
3100,junk_debris,control,2
3101,NK,control,2
3102,junk_debris,control,2
3103,junk_doublet,control,2
3104,junk_doublet,control,2
3105,B,control,2
3106,CD4_T,control,2
3107,junk_debris,control,2
3108,junk_debris,control,2
3109,B,control,2
3110,junk_debris,control,2
3111,junk_noise,control,2
3112,CD4_T,control,2
3113,junk_doublet,control,2
3114,junk_dead,control,2
3115,junk_noise,control,2
3116,junk_debris,control,2
3117,Neutrophil,control,2
3118,Neutrophil,control,2
3119,junk_debris,control,2
3120,Myeloid,control,2
3121,junk_doublet,control,2
3122,CD8_T,control,2
3123,junk_dead,control,2
3124,junk_dead,control,2
3125,junk_debris,control,2
3126,junk_debris,control,2
3127,CD4_T,control,2
3128,B,control,2
3129,junk_debris,control,2
3130,junk_debris,control,2
3131,junk_debris,control,2
3132,junk_debris,control,2
3133,junk_noise,control,2
3134,Myeloid,control,2
3135,B,control,2
3136,Neutrophil,control,2
3137,junk_dead,control,2
3138,junk_doublet,control,2
3139,junk_debris,control,2
3140,B,control,2
3141,junk_doublet,control,2
3142,B,control,2
3143,Neutrophil,control,2
3144,junk_dead,control,2
3145,junk_doublet,control,2
3146,B,control,2
3147,junk_dead,control,2
3148,NK,control,2
3149,junk_doublet,control,2
3150,junk_doublet,control,2
3151,junk_doublet,control,2
3152,junk_dead,control,2
3153,Neutrophil,control,2
3154,CD8_T,control,2
3155,junk_noise,control,2
3156,CD8_T,control,2
3157,junk_noise,control,2
3158,junk_noise,control,2
3159,junk_doublet,control,2
3160,Neutrophil,control,2
3161,junk_doublet,control,2
3162,CD8_T,control,2
3163,B,control,2
3164,junk_debris,control,2
3165,CD4_T,control,2
3166,junk_noise,control,2
3167,B,control,2
3168,Myeloid,control,2
3169,junk_doublet,control,2
3170,junk_doublet,control,2
3171,junk_debris,control,2
3172,B,control,2
3173,junk_dead,control,2
3174,junk_doublet,control,2
3175,Neutrophil,control,2
3176,Myeloid,control,2
3177,junk_noise,control,2
3178,junk_debris,control,2
3179,CD4_T,control,2
3180,B,control,2
3181,junk_debris,control,2
3182,CD8_T,control,2
3183,junk_debris,control,2
3184,junk_dead,control,2
3185,junk_debris,control,2
3186,B,control,2
3187,junk_dead,control,2
3188,junk_dead,control,2
3189,B,control,2
3190,junk_doublet,control,2
3191,junk_debris,control,2
3192,junk_debris,control,2
3193,junk_doublet,control,2
3194,junk_noise,control,2
3195,Neutrophil,control,2
3196,junk_noise,control,2
3197,junk_noise,control,2
3198,junk_debris,control,2
3199,junk_dead,control,2
3200,B,control,2
3201,junk_doublet,control,2
3202,NK,control,2
3203,junk_noise,control,2
3204,B,control,2
3205,Neutrophil,control,2
3206,junk_doublet,control,2
3207,DC,control,2
3208,junk_doublet,control,2
3209,junk_debris,control,2
3210,junk_doublet,control,2
3211,junk_dead,control,2
3212,junk_doublet,control,2
3213,junk_doublet,control,2
3214,B,control,2
3215,Myeloid,control,2
3216,junk_doublet,control,2
3217,Neutrophil,control,2
3218,NK,control,2
3219,junk_dead,control,2
3220,B,control,2
3221,CD4_T,control,2
3222,junk_dead,control,2
3223,junk_dead,control,2
3224,junk_dead,control,2
3225,junk_debris,control,2
3226,junk_noise,control,2
3227,Neutrophil,control,2
3228,NK,control,2
3229,B,control,2
3230,junk_dead,control,2
3231,junk_noise,control,2
3232,junk_debris,control,2
3233,junk_debris,control,2
3234,Neutrophil,control,2
3235,junk_doublet,control,2
3236,junk_debris,control,2
3237,B,control,2
3238,Neutrophil,control,2
3239,junk_debris,control,2
3240,junk_dead,control,2
3241,CD8_T,control,2
3242,junk_dead,control,2
3243,junk_debris,control,2
3244,junk_debris,control,2
3245,junk_doublet,control,2
3246,junk_debris,control,2
3247,junk_doublet,control,2
3248,junk_noise,control,2
3249,junk_dead,control,2
3250,junk_noise,control,2
3251,Neutrophil,control,2
3252,junk_debris,control,2
3253,junk_dead,control,2
3254,junk_debris,control,2
3255,junk_doublet,control,2
3256,CD4_T,control,2
3257,junk_debris,control,2
3258,junk_debris,control,2
3259,B,control,2
3260,B,control,2
3261,CD4_T,control,2
3262,CD4_T,control,2
3263,junk_noise,control,2
3264,CD4_T,control,2
3265,junk_noise,control,2
3266,junk_debris,control,2
3267,B,control,2
3268,junk_debris,control,2
3269,junk_dead,control,2
3270,Myeloid,control,2
3271,junk_dead,control,2
3272,junk_debris,control,2
3273,junk_debris,control,2
3274,CD8_T,control,2
3275,junk_debris,control,2
3276,junk_debris,control,2
3277,junk_doublet,control,2
3278,junk_debris,control,2
3279,junk_dead,control,2
3280,Myeloid,control,2
3281,B,control,2
3282,junk_debris,control,2
3283,junk_debris,control,2
3284,junk_debris,control,2
3285,CD8_T,control,2
3286,junk_debris,control,2
3287,Neutrophil,control,2
3288,B,control,2
3289,junk_doublet,control,2
3290,junk_dead,control,2
3291,junk_doublet,control,2
3292,CD8_T,control,2
3293,junk_dead,control,2
3294,CD8_T,control,2
3295,junk_debris,control,2
3296,junk_dead,control,2
3297,junk_doublet,control,2
3298,junk_doublet,control,2
3299,junk_debris,control,2
3300,junk_doublet,control,2
3301,Myeloid,control,2
3302,junk_noise,control,2
3303,junk_debris,control,2
3304,junk_debris,control,2
3305,junk_noise,control,2
3306,junk_noise,control,2
3307,Myeloid,control,2
3308,Myeloid,control,2
3309,junk_doublet,control,2
3310,junk_dead,control,2
3311,junk_doublet,control,2
3312,junk_dead,control,2
3313,junk_debris,control,2
3314,junk_debris,control,2
3315,B,control,2
3316,junk_debris,control,2
3317,junk_noise,control,2
3318,junk_dead,control,2
3319,B,control,2
3320,Myeloid,control,2
3321,junk_noise,control,2
3322,CD8_T,control,2
3323,Myeloid,control,2
3324,junk_dead,control,2
3325,junk_dead,control,2
3326,junk_doublet,control,2
3327,junk_debris,control,2
3328,junk_debris,control,2
3329,Neutrophil,control,2
3330,junk_dead,control,2
3331,CD4_T,control,2
3332,junk_noise,control,2
3333,junk_doublet,control,2
3334,junk_debris,control,2
3335,junk_debris,control,2
3336,Myeloid,control,2
3337,CD4_T,control,2
3338,B,control,2
3339,junk_noise,control,2
3340,junk_doublet,control,2
3341,junk_noise,control,2
3342,Neutrophil,control,2
3343,junk_dead,control,2
3344,junk_doublet,control,2
3345,junk_debris,control,2
3346,CD4_T,control,2
3347,junk_doublet,control,2
3348,junk_dead,control,2
3349,junk_debris,control,2
3350,junk_doublet,control,2
3351,NK,control,2
3352,junk_doublet,control,2
3353,Myeloid,control,2
3354,junk_debris,control,2
3355,junk_debris,control,2
3356,junk_noise,control,2
3357,B,control,2
3358,junk_doublet,control,2
3359,junk_dead,control,2
3360,junk_dead,control,2
3361,junk_debris,control,2
3362,junk_dead,control,2
3363,junk_dead,control,2
3364,junk_noise,control,2
3365,junk_doublet,control,2
3366,junk_doublet,control,2
3367,junk_debris,control,2
3368,junk_debris,control,2
3369,B,control,2
3370,junk_dead,control,2
3371,junk_noise,control,2
3372,Myeloid,control,2
3373,junk_dead,control,2
3374,junk_debris,control,2
3375,junk_dead,control,2
3376,junk_dead,control,2
3377,Neutrophil,control,2
3378,CD8_T,control,2
3379,B,control,2
3380,junk_debris,control,2
3381,Myeloid,control,2
3382,junk_noise,control,2
3383,junk_dead,control,2
3384,junk_debris,control,2
3385,junk_doublet,control,2
3386,junk_dead,control,2
3387,B,control,2
3388,junk_noise,control,2
3389,CD4_T,control,2
3390,junk_debris,control,2
3391,B,control,2
3392,junk_noise,control,2
3393,junk_noise,control,2
3394,junk_dead,control,2
3395,junk_noise,control,2
3396,junk_debris,control,2
3397,junk_dead,control,2
3398,Myeloid,control,2
3399,junk_dead,control,2
3400,B,control,2
3401,junk_noise,control,2
3402,junk_debris,control,2
3403,CD8_T,control,2
3404,junk_doublet,control,2
3405,CD8_T,control,2
3406,B,control,2
3407,junk_doublet,control,2
3408,CD8_T,control,2
3409,junk_debris,control,2
3410,junk_debris,control,2
3411,junk_dead,control,2
3412,junk_dead,control,2
3413,B,control,2
3414,Myeloid,control,2
3415,junk_doublet,control,2
3416,junk_debris,control,2
3417,Myeloid,control,2
3418,CD4_T,control,2
3419,Myeloid,control,2
3420,NK,control,2
3421,CD4_T,control,2
3422,junk_dead,control,2
3423,Neutrophil,control,2
3424,junk_debris,control,2
3425,CD4_T,control,2
3426,Neutrophil,control,2
3427,junk_debris,control,2
3428,junk_noise,control,2
3429,CD4_T,control,2
3430,B,control,2
3431,junk_dead,control,2
3432,CD4_T,control,2
3433,junk_debris,control,2
3434,junk_doublet,control,2
3435,junk_dead,control,2
3436,CD4_T,control,2
3437,junk_doublet,control,2
3438,junk_debris,control,2
3439,junk_dead,control,2
3440,B,control,2
3441,Myeloid,control,2
3442,junk_debris,control,2
3443,junk_doublet,control,2
3444,B,control,2
3445,B,control,2
3446,junk_doublet,control,2
3447,B,control,2
3448,Neutrophil,control,2
3449,junk_noise,control,2
3450,junk_debris,control,2
3451,junk_dead,control,2
3452,B,control,2
3453,junk_debris,control,2
3454,CD8_T,control,2
3455,junk_doublet,control,2
3456,DC,control,2
3457,junk_debris,control,2
3458,junk_debris,control,2
3459,junk_debris,control,2
3460,CD8_T,control,2
3461,junk_doublet,control,2
3462,Myeloid,control,2
3463,junk_dead,control,2
3464,Neutrophil,control,2
3465,junk_debris,control,2
3466,CD4_T,control,2
3467,junk_doublet,control,2
3468,junk_doublet,control,2
3469,junk_dead,control,2
3470,junk_debris,control,2
3471,CD8_T,control,2
3472,junk_noise,control,2
3473,junk_noise,control,2
3474,Myeloid,control,2
3475,junk_doublet,control,2
3476,junk_doublet,control,2
3477,junk_doublet,control,2
3478,CD8_T,control,2
3479,junk_noise,control,2
3480,junk_debris,control,2
3481,junk_dead,control,2
3482,junk_debris,control,2
3483,junk_debris,control,2
3484,junk_noise,control,2
3485,NK,control,2
3486,junk_dead,control,2
3487,junk_noise,control,2
3488,junk_noise,control,2
3489,junk_dead,control,2
3490,B,control,2
3491,junk_debris,control,2
3492,junk_debris,control,2
3493,CD4_T,control,2
3494,junk_doublet,control,2
3495,junk_debris,control,2
3496,junk_doublet,control,2
3497,junk_doublet,control,2
3498,junk_dead,control,2
3499,NK,control,2
3500,junk_doublet,control,2
3501,junk_noise,control,2
3502,B,control,2
3503,junk_debris,control,2
3504,junk_debris,control,2
3505,junk_dead,control,2
3506,CD8_T,control,2
3507,Myeloid,control,2
3508,junk_debris,control,2
3509,B,control,2
3510,NK,control,2
3511,junk_debris,control,2
3512,junk_dead,control,2
3513,junk_debris,control,2
3514,junk_debris,control,2
3515,junk_debris,control,2
3516,junk_dead,control,2
3517,junk_doublet,control,2
3518,junk_debris,control,2
3519,junk_doublet,control,2
3520,NK,control,2
3521,junk_dead,control,2
3522,Myeloid,control,2
3523,CD4_T,control,2
3524,CD4_T,control,2
3525,junk_noise,control,2
3526,CD8_T,control,2
3527,CD4_T,control,2
3528,junk_noise,control,2
3529,CD4_T,control,2
3530,B,control,2
3531,junk_dead,control,2
3532,junk_noise,control,2
3533,B,control,2
3534,junk_debris,control,2
3535,junk_dead,control,2
3536,junk_doublet,control,2
3537,junk_debris,control,2
3538,B,control,2
3539,CD4_T,control,2
3540,B,control,2
3541,CD8_T,control,2
3542,CD4_T,control,2
3543,NK,control,2
3544,CD8_T,control,2
3545,junk_debris,control,2
3546,junk_dead,control,2
3547,CD8_T,control,2
3548,junk_debris,control,2
3549,junk_dead,control,2
3550,junk_doublet,control,2
3551,junk_dead,control,2
3552,junk_dead,control,2
3553,CD8_T,control,2
3554,junk_noise,control,2
3555,CD8_T,control,2
3556,junk_debris,control,2
3557,CD4_T,control,2
3558,junk_doublet,control,2
3559,junk_debris,control,2
3560,CD8_T,control,2
3561,junk_doublet,control,2
3562,junk_doublet,control,2
3563,B,control,2
3564,junk_doublet,control,2
3565,junk_noise,control,2
3566,junk_debris,control,2
3567,junk_noise,control,2
3568,junk_noise,control,2
3569,junk_doublet,control,2
3570,junk_debris,control,2
3571,junk_debris,control,2
3572,junk_doublet,control,2
3573,junk_doublet,control,2
3574,junk_doublet,control,2
3575,junk_debris,control,2
3576,junk_doublet,control,2
3577,CD4_T,control,2
3578,junk_debris,control,2
3579,CD4_T,control,2
3580,junk_doublet,control,2
3581,junk_noise,control,2
3582,DC,control,2
3583,junk_debris,control,2
3584,junk_debris,control,2
3585,junk_dead,control,2
3586,junk_debris,control,2
3587,junk_debris,control,2
3588,junk_noise,control,2
3589,junk_debris,control,2
3590,junk_doublet,control,2
3591,junk_dead,control,2
3592,B,control,2
3593,junk_debris,control,2
3594,CD4_T,control,2
3595,junk_debris,control,2
3596,Neutrophil,control,2
3597,NK,control,2
3598,DC,control,2
3599,junk_dead,control,2
3600,junk_dead,control,2
3601,B,control,2
3602,junk_dead,control,2
3603,Neutrophil,control,2
3604,junk_noise,control,2
3605,B,control,2
3606,junk_debris,control,2
3607,junk_debris,control,2
3608,junk_debris,control,2
3609,B,control,2
3610,Neutrophil,control,2
3611,junk_dead,control,2
3612,junk_dead,control,2
3613,DC,control,2
3614,junk_debris,control,2
3615,junk_debris,control,2
3616,junk_dead,control,2
3617,junk_dead,control,2
3618,junk_doublet,control,2
3619,CD4_T,control,2
3620,CD4_T,control,2
3621,junk_doublet,control,2
3622,junk_doublet,control,2
3623,junk_debris,control,2
3624,junk_debris,control,2
3625,Neutrophil,control,2
3626,junk_debris,control,2
3627,junk_doublet,control,2
3628,Myeloid,control,2
3629,junk_debris,control,2
3630,junk_doublet,control,2
3631,junk_dead,control,2
3632,CD8_T,control,2
3633,junk_doublet,control,2
3634,junk_dead,control,2
3635,junk_debris,control,2
3636,CD8_T,control,2
3637,junk_doublet,control,2
3638,CD8_T,control,2
3639,Myeloid,control,2
3640,CD4_T,control,2
3641,junk_debris,control,2
3642,junk_dead,control,2
3643,CD4_T,control,2
3644,NK,control,2
3645,junk_debris,control,2
3646,junk_debris,control,2
3647,junk_debris,control,2
3648,junk_noise,control,2
3649,junk_debris,control,2
3650,junk_dead,control,2
3651,junk_dead,control,2
3652,B,control,2
3653,B,control,2
3654,junk_debris,control,2
3655,junk_noise,control,2
3656,junk_dead,control,2
3657,junk_doublet,control,2
3658,junk_debris,control,2
3659,junk_doublet,control,2
3660,B,control,2
3661,Neutrophil,control,2
3662,CD4_T,control,2
3663,junk_dead,control,2
3664,Myeloid,control,2
3665,junk_debris,control,2
3666,junk_doublet,control,2
3667,Myeloid,control,2
3668,CD4_T,control,2
3669,junk_doublet,control,2
3670,junk_noise,control,2
3671,junk_doublet,control,2
3672,CD8_T,control,2
3673,junk_doublet,control,2
3674,junk_noise,control,2
3675,junk_doublet,control,2
3676,junk_doublet,control,2
3677,junk_doublet,control,2
3678,Neutrophil,control,2
3679,junk_doublet,control,2
3680,CD4_T,control,2
3681,Myeloid,control,2
3682,NK,control,2
3683,junk_doublet,control,2
3684,junk_dead,control,2
3685,junk_debris,control,2
3686,Myeloid,control,2
3687,junk_dead,control,2
3688,junk_dead,control,2
3689,Myeloid,control,2
3690,junk_doublet,control,2
3691,junk_debris,control,2
3692,B,control,2
3693,Neutrophil,control,2
3694,junk_doublet,control,2
3695,B,control,2
3696,Myeloid,control,2
3697,junk_dead,control,2
3698,junk_dead,control,2
3699,Myeloid,control,2
3700,junk_noise,control,2
3701,B,control,2
3702,junk_debris,control,2
3703,NK,control,2
3704,CD4_T,control,2
3705,junk_doublet,control,2
3706,B,control,2
3707,junk_noise,control,2
3708,junk_debris,control,2
3709,junk_debris,control,2
3710,Myeloid,control,2
3711,junk_debris,control,2
3712,DC,control,2
3713,junk_dead,control,2
3714,junk_doublet,control,2
3715,junk_doublet,control,2
3716,B,control,2
3717,junk_debris,control,2
3718,junk_doublet,control,2
3719,Neutrophil,control,2
3720,junk_noise,control,2
3721,junk_debris,control,2
3722,Myeloid,control,2
3723,junk_dead,control,2
3724,junk_dead,control,2
3725,Myeloid,control,2
3726,junk_dead,control,2
3727,junk_debris,control,2
3728,CD4_T,control,2
3729,Myeloid,control,2
3730,CD4_T,control,2
3731,junk_doublet,control,2
3732,CD8_T,control,2
3733,junk_doublet,control,2
3734,junk_debris,control,2
3735,junk_doublet,control,2
3736,junk_doublet,control,2
3737,junk_debris,control,2
3738,CD8_T,control,2
3739,junk_debris,control,2
3740,B,control,2
3741,Neutrophil,control,2
3742,junk_dead,control,2
3743,junk_dead,control,2
3744,junk_noise,control,2
3745,CD4_T,control,2
3746,CD8_T,control,2
3747,junk_dead,control,2
3748,junk_debris,control,2
3749,CD8_T,control,2
3750,junk_dead,control,2
3751,junk_debris,control,2
3752,CD4_T,control,2
3753,junk_dead,control,2
3754,junk_doublet,control,2
3755,junk_dead,control,2
3756,junk_doublet,control,2
3757,junk_debris,control,2
3758,junk_noise,control,2
3759,junk_debris,control,2
3760,junk_noise,control,2
3761,junk_debris,control,2
3762,junk_debris,control,2
3763,junk_noise,control,2
3764,junk_debris,control,2
3765,junk_dead,control,2
3766,junk_doublet,control,2
3767,junk_debris,control,2
3768,B,control,2
3769,junk_debris,control,2
3770,junk_debris,control,2
3771,junk_noise,control,2
3772,junk_doublet,control,2
3773,junk_noise,control,2
3774,junk_dead,control,2
3775,B,control,2
3776,Neutrophil,control,2
3777,Myeloid,control,2
3778,junk_debris,control,2
3779,junk_noise,control,2
3780,CD4_T,control,2
3781,B,control,2
3782,junk_doublet,control,2
3783,junk_noise,control,2
3784,junk_noise,control,2
3785,junk_debris,control,2
3786,junk_debris,control,2
3787,Myeloid,control,2
3788,junk_debris,control,2
3789,B,control,2
3790,CD8_T,control,2
3791,junk_noise,control,2
3792,Myeloid,control,2
3793,junk_debris,control,2
3794,junk_doublet,control,2
3795,CD4_T,control,2
3796,junk_debris,control,2
3797,CD4_T,control,2
3798,junk_dead,control,2
3799,junk_debris,control,2
3800,CD4_T,control,2
3801,Myeloid,control,2
3802,CD8_T,control,2
3803,junk_debris,control,2
3804,junk_doublet,control,2
3805,CD4_T,control,2
3806,CD4_T,control,2
3807,junk_debris,control,2
3808,junk_noise,control,2
3809,Neutrophil,control,2
3810,NK,control,2
3811,CD4_T,control,2
3812,junk_noise,control,2
3813,Neutrophil,control,2
3814,junk_debris,control,2
3815,junk_dead,control,2
3816,junk_dead,control,2
3817,CD4_T,control,2
3818,junk_doublet,control,2
3819,B,control,2
3820,junk_debris,control,2
3821,CD4_T,control,2
3822,junk_debris,control,2
3823,junk_debris,control,2
3824,Neutrophil,control,2
3825,junk_noise,control,2
3826,junk_dead,control,2
3827,Neutrophil,control,2
3828,Neutrophil,control,2
3829,junk_doublet,control,2
3830,junk_dead,control,2
3831,junk_dead,control,2
3832,junk_dead,control,2
3833,junk_noise,control,2
3834,junk_doublet,control,2
3835,junk_doublet,control,2
3836,CD8_T,control,2
3837,Myeloid,control,2
3838,junk_noise,control,2
3839,junk_dead,control,2
3840,junk_dead,control,2
3841,B,control,2
3842,CD4_T,control,2
3843,junk_dead,control,2
3844,junk_debris,control,2
3845,B,control,2
3846,Myeloid,control,2
3847,B,control,2
3848,Neutrophil,control,2
3849,CD4_T,control,2
3850,junk_dead,control,2
3851,junk_debris,control,2
3852,junk_debris,control,2
3853,NK,control,2
3854,junk_noise,control,2
3855,Myeloid,control,2
3856,junk_dead,control,2
3857,junk_debris,control,2
3858,junk_dead,control,2
3859,junk_debris,control,2
3860,junk_doublet,control,2
3861,B,control,2
3862,CD8_T,control,2
3863,CD4_T,control,2
3864,junk_debris,control,2
3865,B,control,2
3866,junk_debris,control,2
3867,junk_dead,control,2
3868,Myeloid,control,2
3869,junk_debris,control,2
3870,junk_dead,control,2
3871,junk_dead,control,2
3872,junk_debris,control,2
3873,junk_noise,control,2
3874,CD4_T,control,2
3875,junk_debris,control,2
3876,junk_dead,control,2
3877,junk_noise,control,2
3878,junk_debris,control,2
3879,junk_debris,control,2
3880,Myeloid,control,2
3881,junk_noise,control,2
3882,junk_noise,control,2
3883,junk_noise,control,2
3884,junk_doublet,control,2
3885,junk_noise,control,2
3886,junk_debris,control,2
3887,B,control,2
3888,B,control,2
3889,junk_debris,control,2
3890,junk_debris,control,2
3891,B,control,2
3892,junk_noise,control,2
3893,junk_doublet,control,2
3894,junk_debris,control,2
3895,B,control,2
3896,B,control,2
3897,junk_debris,control,2
3898,junk_noise,control,2
3899,B,control,2
3900,junk_debris,control,2
3901,junk_doublet,control,2
3902,junk_debris,control,2
3903,junk_dead,control,2
3904,DC,control,2
3905,junk_debris,control,2
3906,junk_debris,control,2
3907,B,control,2
3908,junk_debris,control,2
3909,CD4_T,control,2
3910,Neutrophil,control,2
3911,junk_doublet,control,2
3912,B,control,2
3913,CD4_T,control,2
3914,junk_dead,control,2
3915,junk_doublet,control,2
3916,CD4_T,control,2
3917,junk_doublet,control,2
3918,junk_noise,control,2
3919,junk_debris,control,2
3920,junk_dead,control,2
3921,junk_doublet,control,2
3922,junk_doublet,control,2
3923,junk_debris,control,2
3924,Myeloid,control,2
3925,junk_debris,control,2
3926,junk_debris,control,2
3927,CD4_T,control,2
3928,junk_debris,control,2
3929,B,control,2
3930,junk_debris,control,2
3931,junk_dead,control,2
3932,B,control,2
3933,NK,control,2
3934,junk_dead,control,2
3935,junk_debris,control,2
3936,junk_noise,control,2
3937,CD4_T,control,2
3938,junk_dead,control,2
3939,junk_doublet,control,2
3940,junk_doublet,control,2
3941,junk_debris,control,2
3942,B,control,2
3943,junk_debris,control,2
3944,Neutrophil,control,2
3945,CD8_T,control,2
3946,B,control,2
3947,junk_doublet,control,2
3948,CD4_T,control,2
3949,B,control,2
3950,junk_debris,control,2
3951,junk_doublet,control,2
3952,junk_debris,control,2
3953,junk_debris,control,2
3954,junk_debris,control,2
3955,Neutrophil,control,2
3956,junk_noise,control,2
3957,CD4_T,control,2
3958,B,control,2
3959,B,control,2
3960,B,control,2
3961,junk_dead,control,2
3962,junk_doublet,control,2
3963,Myeloid,control,2
3964,junk_doublet,control,2
3965,junk_noise,control,2
3966,junk_debris,control,2
3967,B,control,2
3968,junk_doublet,control,2
3969,junk_dead,control,2
3970,junk_dead,control,2
3971,junk_doublet,control,2
3972,junk_debris,control,2
3973,junk_dead,control,2
3974,junk_debris,control,2
3975,junk_dead,control,2
3976,junk_noise,control,2
3977,CD8_T,control,2
3978,junk_debris,control,2
3979,junk_dead,control,2
3980,junk_noise,control,2
3981,CD8_T,control,2
3982,junk_debris,control,2
3983,junk_debris,control,2
3984,junk_debris,control,2
3985,junk_debris,control,2
3986,junk_debris,control,2
3987,B,control,2
3988,CD4_T,control,2
3989,junk_doublet,control,2
3990,CD4_T,control,2
3991,junk_debris,control,2
3992,junk_dead,control,2
3993,junk_dead,control,2
3994,junk_debris,control,2
3995,junk_debris,control,2
3996,junk_noise,control,2
3997,Myeloid,control,2
3998,Myeloid,control,2
3999,NK,control,2
4000,junk_dead,control,2
4001,junk_debris,control,2
4002,junk_doublet,control,2
4003,junk_doublet,control,2
4004,junk_debris,control,2
4005,junk_noise,control,2
4006,junk_debris,control,2
4007,junk_debris,control,2
4008,junk_debris,control,2
4009,junk_dead,control,2
4010,junk_noise,control,2
4011,B,control,2
4012,junk_dead,control,2
4013,junk_doublet,control,2
4014,Myeloid,control,2
4015,CD8_T,control,2
4016,CD4_T,control,2
4017,B,control,2
4018,junk_noise,control,2
4019,junk_debris,control,2
4020,junk_doublet,control,2
4021,junk_dead,control,2
4022,junk_noise,control,2
4023,CD4_T,control,2
4024,CD4_T,control,2
4025,junk_noise,control,2
4026,Myeloid,control,2
4027,junk_doublet,control,2
4028,junk_doublet,control,2
4029,junk_debris,control,2
4030,Myeloid,control,2
4031,junk_doublet,control,2
4032,junk_doublet,control,2
4033,junk_dead,control,2
4034,junk_doublet,control,2
4035,junk_debris,control,2
4036,junk_dead,control,2
4037,CD8_T,control,2
4038,B,control,2
4039,junk_dead,control,2
4040,B,control,2
4041,CD8_T,control,2
4042,B,control,2
4043,junk_debris,control,2
4044,junk_doublet,control,2
4045,CD8_T,control,2
4046,junk_debris,control,2
4047,junk_debris,control,2
4048,junk_dead,control,2
4049,junk_dead,control,2
4050,junk_debris,control,2
4051,Myeloid,control,2
4052,Myeloid,control,2
4053,Neutrophil,control,2
4054,junk_dead,control,2
4055,junk_debris,control,2
4056,B,control,2
4057,B,control,2
4058,CD8_T,control,2
4059,junk_debris,control,2
4060,B,control,2
4061,Neutrophil,control,2
4062,B,control,2
4063,B,control,2
4064,junk_debris,control,2
4065,junk_doublet,control,2
4066,junk_doublet,control,2
4067,junk_dead,control,2
4068,junk_doublet,control,2
4069,junk_doublet,control,2
4070,junk_doublet,control,2
4071,B,control,2
4072,CD4_T,control,2
4073,junk_dead,control,2
4074,junk_doublet,control,2
4075,junk_debris,control,2
4076,Myeloid,control,2
4077,junk_dead,control,2
4078,junk_noise,control,2
4079,junk_debris,control,2
4080,B,control,2
4081,Neutrophil,control,2
4082,junk_noise,control,2
4083,junk_dead,control,2
4084,junk_debris,control,2
4085,junk_doublet,control,2
4086,junk_debris,control,2
4087,junk_debris,control,2
4088,junk_doublet,control,2
4089,junk_noise,control,2
4090,junk_doublet,control,2
4091,junk_dead,control,2
4092,junk_dead,control,2
4093,Myeloid,control,2
4094,CD4_T,control,2
4095,junk_debris,control,2
4096,CD4_T,control,2
4097,NK,control,2
4098,junk_debris,control,2
4099,Myeloid,control,2
4100,Neutrophil,control,2
4101,junk_dead,control,2
4102,junk_debris,control,2
4103,junk_doublet,control,2
4104,junk_dead,control,2
4105,junk_debris,control,2
4106,Neutrophil,control,2
4107,junk_doublet,control,2
4108,junk_noise,control,2
4109,junk_doublet,control,2
4110,junk_debris,control,2
4111,junk_noise,control,2
4112,B,control,2
4113,junk_noise,control,2
4114,junk_noise,control,2
4115,junk_debris,control,2
4116,junk_dead,control,2
4117,CD8_T,control,2
4118,junk_doublet,control,2
4119,B,control,2
4120,Neutrophil,control,2
4121,CD8_T,control,2
4122,CD4_T,control,2
4123,junk_doublet,control,2
4124,junk_doublet,control,2
4125,junk_doublet,control,2
4126,B,control,2
4127,B,control,2
4128,junk_noise,control,2
4129,B,control,2
4130,Neutrophil,control,2
4131,DC,control,2
4132,CD8_T,control,2
4133,junk_doublet,control,2
4134,junk_dead,control,2
4135,NK,control,2
4136,junk_debris,control,2
4137,CD8_T,control,2
4138,B,control,2
4139,junk_noise,control,2
4140,Myeloid,control,2
4141,junk_doublet,control,2
4142,junk_noise,control,2
4143,CD4_T,control,2
4144,junk_debris,control,2
4145,Myeloid,control,2
4146,junk_doublet,control,2
4147,junk_doublet,control,2
4148,CD4_T,control,2
4149,Neutrophil,control,2
4150,Myeloid,control,2
4151,junk_doublet,control,2
4152,junk_debris,control,2
4153,junk_dead,control,2
4154,junk_doublet,control,2
4155,junk_doublet,control,2
4156,junk_doublet,control,2
4157,B,control,2
4158,junk_debris,control,2
4159,B,control,2
4160,Myeloid,control,2
4161,junk_noise,control,2
4162,CD4_T,control,2
4163,CD4_T,control,2
4164,junk_dead,control,2
4165,CD8_T,control,2
4166,Myeloid,control,2
4167,junk_dead,control,2
4168,junk_debris,control,2
4169,junk_dead,control,2
4170,junk_noise,control,2
4171,junk_noise,control,2
4172,B,control,2
4173,CD8_T,control,2
4174,B,control,2
4175,B,control,2
4176,junk_doublet,control,2
4177,junk_doublet,control,2
4178,Myeloid,control,2
4179,junk_debris,control,2
4180,junk_debris,control,2
4181,CD4_T,control,2
4182,junk_dead,control,2
4183,junk_dead,control,2
4184,junk_debris,control,2
4185,B,control,2
4186,Myeloid,control,2
4187,junk_debris,control,2
4188,junk_debris,control,2
4189,Myeloid,control,2
4190,junk_doublet,control,2
4191,B,control,2
4192,junk_dead,control,2
4193,Neutrophil,control,2
4194,junk_doublet,control,2
4195,junk_debris,control,2
4196,junk_dead,control,2
4197,junk_debris,control,2
4198,junk_debris,control,2
4199,junk_noise,control,2
4200,Myeloid,control,2
4201,CD4_T,control,2
4202,junk_debris,control,2
4203,B,control,2
4204,CD8_T,control,2
4205,Myeloid,control,2
4206,junk_debris,control,2
4207,CD4_T,control,2
4208,junk_debris,control,2
4209,Neutrophil,control,2
4210,junk_dead,control,2
4211,junk_doublet,control,2
4212,junk_debris,control,2
4213,junk_noise,control,2
4214,B,control,2
4215,junk_doublet,control,2
4216,CD4_T,control,2
4217,Myeloid,control,2
4218,junk_debris,control,2
4219,junk_debris,control,2
4220,junk_dead,control,2
4221,junk_debris,control,2
4222,B,control,2
4223,junk_debris,control,2
4224,junk_noise,control,2
4225,junk_noise,control,2
4226,junk_doublet,control,2
4227,B,control,2
4228,junk_debris,control,2
4229,junk_debris,control,2
4230,Myeloid,control,2
4231,junk_debris,control,2
4232,junk_doublet,control,2
4233,junk_dead,control,2
4234,junk_dead,control,2
4235,junk_dead,control,2
4236,junk_doublet,control,2
4237,junk_debris,control,2
4238,junk_noise,control,2
4239,junk_doublet,control,2
4240,junk_debris,control,2
4241,B,control,2
4242,CD8_T,control,2
4243,junk_dead,control,2
4244,junk_debris,control,2
4245,DC,control,2
4246,Myeloid,control,2
4247,junk_debris,control,2
4248,B,control,2
4249,junk_doublet,control,2
4250,junk_debris,control,2
4251,CD4_T,control,2
4252,junk_noise,control,2
4253,CD8_T,control,2
4254,junk_debris,control,2
4255,junk_noise,control,2
4256,junk_debris,control,2
4257,CD4_T,control,2
4258,Myeloid,control,2
4259,junk_dead,control,2
4260,junk_debris,control,2
4261,B,control,2
4262,Myeloid,control,2
4263,junk_debris,control,2
4264,junk_noise,control,2
4265,junk_dead,control,2
4266,junk_noise,control,2
4267,junk_dead,control,2
4268,junk_debris,control,2
4269,junk_debris,control,2
4270,junk_debris,control,2
4271,junk_debris,control,2
4272,Myeloid,control,2
4273,junk_dead,control,2
4274,junk_debris,control,2
4275,junk_debris,control,2
4276,junk_dead,control,2
4277,junk_noise,control,2
4278,CD4_T,control,2
4279,junk_doublet,control,2
4280,junk_debris,control,2
4281,junk_noise,control,2
4282,junk_debris,control,2
4283,junk_dead,control,2
4284,junk_noise,control,2
4285,B,control,2
4286,B,control,2
4287,B,control,2
4288,junk_debris,control,2
4289,junk_doublet,control,2
4290,junk_debris,control,2
4291,CD8_T,control,2
4292,junk_noise,control,2
4293,Myeloid,control,2
4294,junk_doublet,control,2
4295,junk_noise,control,2
4296,junk_debris,control,2
4297,CD4_T,control,2
4298,Myeloid,control,2
4299,junk_debris,control,2
4300,junk_noise,control,2
4301,junk_doublet,control,2
4302,junk_doublet,control,2
4303,B,control,2
4304,junk_debris,control,2
4305,junk_debris,control,2
4306,junk_debris,control,2
4307,junk_debris,control,2
4308,Myeloid,control,2
4309,junk_doublet,control,2
4310,B,control,2
4311,CD8_T,control,2
4312,junk_dead,control,2
4313,junk_dead,control,2
4314,CD8_T,control,2
4315,junk_doublet,control,2
4316,junk_dead,control,2
4317,CD8_T,control,2
4318,junk_debris,control,2
4319,junk_debris,control,2
4320,junk_debris,control,2
4321,junk_noise,control,2
4322,CD8_T,control,2
4323,junk_debris,control,2
4324,junk_doublet,control,2
4325,junk_noise,control,2
4326,B,control,2
4327,junk_dead,control,2
4328,B,control,2
4329,Myeloid,control,2
4330,junk_debris,control,2
4331,junk_debris,control,2
4332,junk_debris,control,2
4333,CD8_T,control,2
4334,junk_debris,control,2
4335,junk_doublet,control,2
4336,junk_dead,control,2
4337,Myeloid,control,2
4338,Myeloid,control,2
4339,CD4_T,control,2
4340,B,control,2
4341,junk_noise,control,2
4342,B,control,2
4343,junk_dead,control,2
4344,junk_debris,control,2
4345,Neutrophil,control,2
4346,Myeloid,control,2
4347,junk_debris,control,2
4348,DC,control,2
4349,junk_debris,control,2
4350,B,control,2
4351,junk_debris,control,2
4352,junk_dead,control,2
4353,junk_debris,control,2
4354,junk_noise,control,2
4355,CD8_T,control,2
4356,junk_debris,control,2
4357,junk_debris,control,2
4358,junk_dead,control,2
4359,junk_doublet,control,2
4360,junk_debris,control,2
4361,junk_debris,control,2
4362,junk_doublet,control,2
4363,junk_debris,control,2
4364,CD4_T,control,2
4365,Neutrophil,control,2
4366,CD8_T,control,2
4367,junk_dead,control,2
4368,junk_debris,control,2
4369,CD4_T,control,2
4370,B,control,2
4371,junk_doublet,control,2
4372,DC,control,2
4373,junk_dead,control,2
4374,Neutrophil,control,2
4375,junk_debris,control,2
4376,junk_dead,control,2
4377,junk_noise,control,2
4378,junk_debris,control,2
4379,junk_debris,control,2
4380,junk_dead,control,2
4381,junk_noise,control,2
4382,CD4_T,control,2
4383,junk_dead,control,2
4384,junk_dead,control,2
4385,junk_doublet,control,2
4386,Myeloid,control,2
4387,junk_debris,control,2
4388,junk_noise,control,2
4389,junk_doublet,control,2
4390,junk_dead,control,2
4391,Myeloid,control,2
4392,CD4_T,control,2
4393,junk_dead,control,2
4394,junk_noise,control,2
4395,junk_debris,control,2
4396,junk_debris,control,2
4397,junk_dead,control,2
4398,junk_debris,control,2
4399,junk_dead,control,2
4400,junk_doublet,control,2
4401,junk_doublet,control,2
4402,junk_debris,control,2
4403,junk_noise,control,2
4404,CD8_T,control,2
4405,junk_debris,control,2
4406,CD4_T,control,2
4407,junk_debris,control,2
4408,junk_debris,control,2
4409,B,control,2
4410,junk_noise,control,2
4411,junk_dead,control,2
4412,junk_debris,control,2
4413,junk_debris,control,2
4414,junk_debris,control,2
4415,junk_debris,control,2
4416,junk_doublet,control,2
4417,CD8_T,control,2
4418,junk_dead,control,2
4419,Myeloid,control,2
4420,junk_noise,control,2
4421,junk_dead,control,2
4422,junk_noise,control,2
4423,junk_dead,control,2
4424,junk_doublet,control,2
4425,junk_doublet,control,2
4426,junk_doublet,control,2
4427,junk_debris,control,2
4428,junk_doublet,control,2
4429,junk_doublet,control,2
4430,B,control,2
4431,Myeloid,control,2
4432,junk_debris,control,2
4433,junk_debris,control,2
4434,B,control,2
4435,Myeloid,control,2
4436,NK,control,2
4437,junk_debris,control,2
4438,Myeloid,control,2
4439,Neutrophil,control,2
4440,Myeloid,control,2
4441,CD8_T,control,2
4442,junk_dead,control,2
4443,junk_dead,control,2
4444,junk_debris,control,2
4445,NK,control,2
4446,junk_dead,control,2
4447,junk_dead,control,2
4448,CD8_T,control,2
4449,junk_debris,control,2
4450,Neutrophil,control,2
4451,Myeloid,control,2
4452,B,control,2
4453,junk_debris,control,2
4454,junk_debris,control,2
4455,junk_noise,control,2
4456,junk_dead,control,2
4457,junk_dead,control,2
4458,junk_doublet,control,2
4459,junk_dead,control,2
4460,junk_debris,control,2
4461,junk_dead,control,2
4462,junk_noise,control,2
4463,junk_dead,control,2
4464,junk_dead,control,2
4465,B,control,2
4466,junk_debris,control,2
4467,CD8_T,control,2
4468,junk_dead,control,2
4469,CD4_T,control,2
4470,junk_noise,control,2
4471,junk_noise,control,2
4472,junk_debris,control,2
4473,CD4_T,control,2
4474,CD8_T,control,2
4475,junk_debris,control,2
4476,B,control,2
4477,CD8_T,control,2
4478,junk_doublet,control,2
4479,junk_dead,control,2
4480,junk_doublet,control,2
4481,junk_dead,control,2
4482,junk_doublet,control,2
4483,B,control,2
4484,junk_debris,control,2
4485,junk_debris,control,2
4486,junk_doublet,control,2
4487,junk_dead,control,2
4488,junk_dead,control,2
4489,B,control,2
4490,junk_noise,control,2
4491,junk_doublet,control,2
4492,B,control,2
4493,Neutrophil,control,2
4494,junk_debris,control,2
4495,junk_dead,control,2
4496,junk_dead,control,2
4497,CD8_T,control,2
4498,NK,control,2
4499,Myeloid,control,2
4500,junk_dead,control,2
4501,junk_doublet,control,2
4502,Myeloid,control,2
4503,junk_noise,control,2
4504,junk_doublet,control,2
4505,junk_debris,control,2
4506,CD4_T,control,2
4507,junk_debris,control,2
4508,junk_dead,control,2
4509,junk_debris,control,2
4510,B,control,2
4511,CD4_T,control,2
4512,junk_doublet,control,2
4513,B,control,2
4514,junk_noise,control,2
4515,NK,control,2
4516,junk_doublet,control,2
4517,CD4_T,control,2
4518,B,control,2
4519,B,control,2
4520,Myeloid,control,2
4521,Neutrophil,control,2
4522,CD4_T,control,2
4523,junk_doublet,control,2
4524,CD4_T,control,2
4525,B,control,2
4526,junk_doublet,control,2
4527,junk_noise,control,2
4528,CD8_T,control,2
4529,junk_doublet,control,2
4530,junk_noise,control,2
4531,junk_doublet,control,2
4532,NK,control,2
4533,CD4_T,control,2
4534,junk_debris,control,2
4535,junk_debris,control,2
4536,B,control,2
4537,junk_doublet,control,2
4538,junk_debris,control,2
4539,CD4_T,control,2
4540,junk_noise,control,2
4541,junk_dead,control,2
4542,Myeloid,control,2
4543,junk_dead,control,2
4544,CD8_T,control,2
4545,junk_noise,control,2
4546,junk_debris,control,2
4547,junk_debris,control,2
4548,junk_debris,control,2
4549,junk_dead,control,2
4550,junk_debris,control,2
4551,B,control,2
4552,junk_dead,control,2
4553,junk_dead,control,2
4554,junk_dead,control,2
4555,B,control,2
4556,junk_debris,control,2
4557,junk_debris,control,2
4558,junk_debris,control,2
4559,junk_dead,control,2
4560,junk_noise,control,2
4561,junk_doublet,control,2
4562,junk_debris,control,2
4563,B,control,2
4564,CD8_T,control,2
4565,junk_dead,control,2
4566,junk_debris,control,2
4567,CD8_T,control,2
4568,junk_doublet,control,2
4569,junk_debris,control,2
4570,CD4_T,control,2
4571,CD4_T,control,2
4572,Myeloid,control,2
4573,B,control,2
4574,junk_debris,control,2
4575,NK,control,2
4576,CD8_T,control,2
4577,junk_debris,control,2
4578,junk_noise,control,2
4579,junk_debris,control,2
4580,Myeloid,control,2
4581,junk_noise,control,2
4582,junk_dead,control,2
4583,junk_dead,control,2
4584,CD8_T,control,2
4585,Myeloid,control,2
4586,Neutrophil,control,2
4587,junk_debris,control,2
4588,junk_debris,control,2
4589,junk_doublet,control,2
4590,junk_debris,control,2
4591,junk_noise,control,2
4592,junk_doublet,control,2
4593,junk_noise,control,2
4594,CD4_T,control,2
4595,junk_doublet,control,2
4596,junk_dead,control,2
4597,junk_noise,control,2
4598,junk_doublet,control,2
4599,junk_debris,control,2
4600,CD8_T,control,2
4601,Myeloid,control,2
4602,junk_doublet,control,2
4603,junk_dead,control,2
4604,junk_debris,control,2
4605,junk_debris,control,2
4606,junk_dead,control,2
4607,Myeloid,control,2
4608,B,control,2
4609,junk_doublet,control,2
4610,junk_debris,control,2
4611,CD4_T,control,2
4612,junk_debris,control,2
4613,junk_dead,control,2
4614,junk_doublet,control,2
4615,junk_dead,control,2
4616,Myeloid,control,2
4617,Neutrophil,control,2
4618,Myeloid,control,2
4619,junk_debris,control,2
4620,junk_noise,control,2
4621,NK,control,2
4622,B,control,2
4623,NK,control,2
4624,CD4_T,control,2
4625,junk_doublet,control,2
4626,junk_debris,control,2
4627,junk_debris,control,2
4628,junk_noise,control,2
4629,B,control,2
4630,junk_debris,control,2
4631,Neutrophil,control,2
4632,Neutrophil,control,2
4633,junk_debris,control,2
4634,junk_debris,control,2
4635,junk_dead,control,2
4636,junk_debris,control,2
4637,junk_debris,control,2
4638,junk_dead,control,2
4639,junk_noise,control,2
4640,junk_dead,control,2
4641,Myeloid,control,2
4642,junk_dead,control,2
4643,junk_noise,control,2
4644,junk_noise,control,2
4645,Neutrophil,control,2
4646,junk_debris,control,2
4647,junk_noise,control,2
4648,junk_debris,control,2
4649,Myeloid,control,2
4650,junk_noise,control,2
4651,B,control,2
4652,junk_dead,control,2
4653,junk_debris,control,2
4654,junk_dead,control,2
4655,junk_doublet,control,2
4656,junk_doublet,control,2
4657,Myeloid,control,2
4658,junk_dead,control,2
4659,junk_dead,control,2
4660,junk_debris,control,2
4661,B,control,2
4662,B,control,2
4663,B,control,2
4664,junk_doublet,control,2
4665,junk_noise,control,2
4666,Neutrophil,control,2
4667,junk_doublet,control,2
4668,junk_noise,control,2
4669,Neutrophil,control,2
4670,junk_debris,control,2
4671,B,control,2
4672,junk_debris,control,2
4673,junk_debris,control,2
4674,Neutrophil,control,2
4675,junk_debris,control,2
4676,junk_debris,control,2
4677,junk_doublet,control,2
4678,junk_debris,control,2
4679,junk_doublet,control,2
4680,junk_dead,control,2
4681,junk_debris,control,2
4682,B,control,2
4683,B,control,2
4684,CD4_T,control,2
4685,CD4_T,control,2
4686,junk_doublet,control,2
4687,Myeloid,control,2
4688,NK,control,2
4689,CD4_T,control,2
4690,junk_doublet,control,2
4691,junk_debris,control,2
4692,CD8_T,control,2
4693,junk_dead,control,2
4694,Myeloid,control,2
4695,junk_doublet,control,2
4696,junk_dead,control,2
4697,B,control,2
4698,junk_debris,control,2
4699,junk_debris,control,2
4700,CD8_T,control,2
4701,Neutrophil,control,2
4702,B,control,2
4703,junk_debris,control,2
4704,junk_doublet,control,2
4705,junk_debris,control,2
4706,junk_noise,control,2
4707,junk_noise,control,2
4708,junk_dead,control,2
4709,B,control,2
4710,junk_noise,control,2
4711,junk_dead,control,2
4712,B,control,2
4713,Myeloid,control,2
4714,junk_debris,control,2
4715,junk_dead,control,2
4716,junk_dead,control,2
4717,Myeloid,control,2
4718,junk_debris,control,2
4719,Myeloid,control,2
4720,junk_noise,control,2
4721,junk_dead,control,2
4722,NK,control,2
4723,NK,control,2
4724,junk_debris,control,2
4725,junk_debris,control,2
4726,junk_debris,control,2
4727,junk_dead,control,2
4728,junk_doublet,control,2
4729,junk_noise,control,2
4730,junk_noise,control,2
4731,junk_debris,control,2
4732,junk_debris,control,2
4733,B,control,2
4734,junk_noise,control,2
4735,CD4_T,control,2
4736,junk_noise,control,2
4737,junk_doublet,control,2
4738,junk_doublet,control,2
4739,junk_debris,control,2
4740,junk_debris,control,2
4741,junk_noise,control,2
4742,DC,control,2
4743,CD8_T,control,2
4744,junk_debris,control,2
4745,Neutrophil,control,2
4746,junk_noise,control,2
4747,CD4_T,control,2
4748,junk_doublet,control,2
4749,junk_debris,control,2
4750,CD4_T,control,2
4751,junk_debris,control,2
4752,junk_doublet,control,2
4753,junk_noise,control,2
4754,junk_dead,control,2
4755,CD8_T,control,2
4756,junk_dead,control,2
4757,junk_noise,control,2
4758,junk_dead,control,2
4759,junk_dead,control,2
4760,junk_dead,control,2
4761,B,control,2
4762,B,control,2
4763,CD8_T,control,2
4764,junk_dead,control,2
4765,Myeloid,control,2
4766,junk_dead,control,2
4767,junk_doublet,control,2
4768,junk_doublet,control,2
4769,junk_doublet,control,2
4770,junk_noise,control,2
4771,junk_noise,control,2
4772,junk_debris,control,2
4773,B,control,2
4774,junk_noise,control,2
4775,junk_dead,control,2
4776,CD8_T,control,2
4777,Neutrophil,control,2
4778,junk_doublet,control,2
4779,junk_dead,control,2
4780,junk_debris,control,2
4781,CD4_T,control,2
4782,CD4_T,control,2
4783,B,control,2
4784,CD8_T,control,2
4785,junk_debris,control,2
4786,junk_debris,control,2
4787,junk_dead,control,2
4788,junk_noise,control,2
4789,junk_debris,control,2
4790,junk_debris,control,2
4791,junk_debris,control,2
4792,NK,control,2
4793,junk_doublet,control,2
4794,junk_debris,control,2
4795,junk_debris,control,2
4796,junk_noise,control,2
4797,CD4_T,control,2
4798,junk_doublet,control,2
4799,B,control,2
4800,Myeloid,control,2
4801,junk_debris,control,2
4802,junk_doublet,control,2
4803,junk_noise,control,2
4804,CD4_T,control,2
4805,junk_debris,control,2
4806,junk_debris,control,2
4807,junk_dead,control,2
4808,junk_dead,control,2
4809,Neutrophil,control,2
4810,junk_doublet,control,2
4811,Neutrophil,control,2
4812,junk_debris,control,2
4813,junk_noise,control,2
4814,junk_doublet,control,2
4815,junk_debris,control,2
4816,CD8_T,control,2
4817,junk_noise,control,2
4818,CD4_T,control,2
4819,junk_dead,control,2
4820,junk_debris,control,2
4821,junk_debris,control,2
4822,junk_dead,control,2
4823,junk_noise,control,2
4824,Myeloid,control,2
4825,junk_doublet,control,2
4826,junk_doublet,control,2
4827,junk_noise,control,2
4828,Myeloid,control,2
4829,B,control,2
4830,Neutrophil,control,2
4831,junk_dead,control,2
4832,junk_debris,control,2
4833,junk_debris,control,2
4834,junk_doublet,control,2
4835,CD4_T,control,2
4836,Myeloid,control,2
4837,junk_debris,control,2
4838,junk_debris,control,2
4839,B,control,2
4840,junk_debris,control,2
4841,junk_debris,control,2
4842,junk_noise,control,2
4843,junk_doublet,control,2
4844,junk_dead,control,2
4845,junk_doublet,control,2
4846,junk_noise,control,2
4847,Neutrophil,control,2
4848,junk_debris,control,2
4849,junk_doublet,control,2
4850,junk_debris,control,2
4851,DC,control,2
4852,junk_doublet,control,2
4853,junk_debris,control,2
4854,CD8_T,control,2
4855,junk_doublet,control,2
4856,junk_doublet,control,2
4857,B,control,2
4858,junk_debris,control,2
4859,junk_debris,control,2
4860,junk_debris,control,2
4861,Neutrophil,control,2
4862,CD8_T,control,2
4863,junk_debris,control,2
4864,junk_dead,control,2
4865,junk_debris,control,2
4866,junk_debris,control,2
4867,junk_debris,control,2
4868,junk_debris,control,2
4869,junk_dead,control,2
4870,Neutrophil,control,2
4871,junk_dead,control,2
4872,junk_noise,control,2
4873,Myeloid,control,2
4874,junk_debris,control,2
4875,CD4_T,control,2
4876,junk_noise,control,2
4877,B,control,2
4878,Myeloid,control,2
4879,junk_dead,control,2
4880,junk_doublet,control,2
4881,junk_doublet,control,2
4882,junk_debris,control,2
4883,junk_noise,control,2
4884,junk_dead,control,2
4885,junk_debris,control,2
4886,B,control,2
4887,junk_noise,control,2
4888,junk_doublet,control,2
4889,junk_doublet,control,2
4890,B,control,2
4891,junk_noise,control,2
4892,junk_dead,control,2
4893,junk_doublet,control,2
4894,junk_doublet,control,2
4895,junk_dead,control,2
4896,CD4_T,control,2
4897,junk_debris,control,2
4898,junk_debris,control,2
4899,junk_doublet,control,2
4900,junk_debris,control,2
4901,junk_debris,control,2
4902,junk_debris,control,2
4903,junk_debris,control,2
4904,junk_noise,control,2
4905,CD8_T,control,2
4906,NK,control,2
4907,junk_debris,control,2
4908,junk_dead,control,2
4909,Neutrophil,control,2
4910,junk_doublet,control,2
4911,junk_debris,control,2
4912,junk_debris,control,2
4913,junk_doublet,control,2
4914,junk_debris,control,2
4915,B,control,2
4916,junk_debris,control,2
4917,junk_debris,control,2
4918,CD4_T,control,2
4919,CD4_T,control,2
4920,Myeloid,control,2
4921,junk_debris,control,2
4922,junk_noise,control,2
4923,CD4_T,control,2
4924,junk_doublet,control,2
4925,B,control,2
4926,junk_debris,control,2
4927,junk_doublet,control,2
4928,junk_doublet,control,2
4929,junk_debris,control,2
4930,CD4_T,control,2
4931,junk_doublet,control,2
4932,junk_noise,control,2
4933,CD8_T,control,2
4934,junk_debris,control,2
4935,junk_doublet,control,2
4936,B,control,2
4937,junk_debris,control,2
4938,Neutrophil,control,2
4939,junk_dead,control,2
4940,CD8_T,control,2
4941,CD4_T,control,2
4942,junk_dead,control,2
4943,junk_dead,control,2
4944,junk_dead,control,2
4945,junk_doublet,control,2
4946,Myeloid,control,2
4947,junk_dead,control,2
4948,junk_doublet,control,2
4949,junk_debris,control,2
4950,junk_dead,control,2
4951,junk_debris,control,2
4952,junk_noise,control,2
4953,junk_debris,control,2
4954,junk_debris,control,2
4955,junk_debris,control,2
4956,B,control,2
4957,junk_dead,control,2
4958,junk_dead,control,2
4959,junk_debris,control,2
4960,CD4_T,control,2
4961,junk_doublet,control,2
4962,Myeloid,control,2
4963,CD4_T,control,2
4964,Myeloid,control,2
4965,Neutrophil,control,2
4966,junk_doublet,control,2
4967,junk_debris,control,2
4968,Myeloid,control,2
4969,CD8_T,control,2
4970,junk_doublet,control,2
4971,junk_dead,control,2
4972,junk_doublet,control,2
4973,CD4_T,control,2
4974,junk_noise,control,2
4975,junk_dead,control,2
4976,junk_noise,control,2
4977,CD4_T,control,2
4978,junk_doublet,control,2
4979,junk_debris,control,2
4980,junk_dead,control,2
4981,junk_debris,control,2
4982,junk_debris,control,2
4983,NK,control,2
4984,junk_doublet,control,2
4985,junk_doublet,control,2
4986,junk_dead,control,2
4987,junk_debris,control,2
4988,junk_dead,control,2
4989,junk_doublet,control,2
4990,junk_noise,control,2
4991,junk_doublet,control,2
4992,junk_doublet,control,2
4993,junk_dead,control,2
4994,junk_dead,control,2
4995,DC,control,2
4996,junk_dead,control,2
4997,junk_debris,control,2
4998,junk_debris,control,2
4999,DC,control,2
