event_index,true_population,condition,replicate
0,junk_noise,treatment,5
1,junk_doublet,treatment,5
2,Neutrophil,treatment,5
3,NK,treatment,5
4,junk_noise,treatment,5
5,junk_dead,treatment,5
6,junk_doublet,treatment,5
7,junk_debris,treatment,5
8,CD8_T,treatment,5
9,CD4_T,treatment,5
10,junk_dead,treatment,5
11,junk_debris,treatment,5
12,junk_doublet,treatment,5
13,junk_dead,treatment,5
14,junk_dead,treatment,5
15,junk_doublet,treatment,5
16,junk_debris,treatment,5
17,junk_debris,treatment,5
18,B,treatment,5
19,Neutrophil,treatment,5
20,junk_doublet,treatment,5
21,B,treatment,5
22,junk_noise,treatment,5
23,junk_debris,treatment,5
24,DC,treatment,5
25,junk_doublet,treatment,5
26,junk_debris,treatment,5
27,junk_debris,treatment,5
28,junk_doublet,treatment,5
29,junk_debris,treatment,5
30,Myeloid,treatment,5
31,junk_debris,treatment,5
32,B,treatment,5
33,junk_debris,treatment,5
34,junk_debris,treatment,5
35,junk_doublet,treatment,5
36,junk_dead,treatment,5
37,Myeloid,treatment,5
38,CD8_T,treatment,5
39,junk_doublet,treatment,5
40,junk_debris,treatment,5
41,CD8_T,treatment,5
42,CD4_T,treatment,5
43,junk_doublet,treatment,5
44,Myeloid,treatment,5
45,CD8_T,treatment,5
46,junk_dead,treatment,5
47,junk_debris,treatment,5
48,B,treatment,5
49,junk_debris,treatment,5
50,junk_doublet,treatment,5
51,Neutrophil,treatment,5
52,B,treatment,5
53,junk_doublet,treatment,5
54,NK,treatment,5
55,junk_noise,treatment,5
56,junk_debris,treatment,5
57,B,treatment,5
58,CD4_T,treatment,5
59,CD4_T,treatment,5
60,junk_debris,treatment,5
61,junk_debris,treatment,5
62,junk_dead,treatment,5
63,Myeloid,treatment,5
64,CD8_T,treatment,5
65,junk_doublet,treatment,5
66,junk_noise,treatment,5
67,junk_debris,treatment,5
68,junk_debris,treatment,5
69,junk_dead,treatment,5
70,junk_debris,treatment,5
71,B,treatment,5
72,junk_debris,treatment,5
73,CD4_T,treatment,5
74,junk_debris,treatment,5
75,junk_debris,treatment,5
76,junk_noise,treatment,5
77,B,treatment,5
78,junk_dead,treatment,5
79,junk_doublet,treatment,5
80,junk_debris,treatment,5
81,junk_debris,treatment,5
82,CD8_T,treatment,5
83,B,treatment,5
84,junk_noise,treatment,5
85,Neutrophil,treatment,5
86,junk_doublet,treatment,5
87,Neutrophil,treatment,5
88,junk_doublet,treatment,5
89,Neutrophil,treatment,5
90,Myeloid,treatment,5
91,junk_debris,treatment,5
92,B,treatment,5
93,junk_dead,treatment,5
94,NK,treatment,5
95,B,treatment,5
96,junk_doublet,treatment,5
97,Myeloid,treatment,5
98,B,treatment,5
99,junk_debris,treatment,5
100,CD4_T,treatment,5
101,junk_doublet,treatment,5
102,Neutrophil,treatment,5
103,NK,treatment,5
104,junk_debris,treatment,5
105,junk_debris,treatment,5
106,junk_dead,treatment,5
107,Neutrophil,treatment,5
108,junk_debris,treatment,5
109,Neutrophil,treatment,5
110,junk_dead,treatment,5
111,junk_dead,treatment,5
112,junk_debris,treatment,5
113,B,treatment,5
114,Myeloid,treatment,5
115,junk_dead,treatment,5
116,junk_noise,treatment,5
117,junk_noise,treatment,5
118,Myeloid,treatment,5
119,junk_doublet,treatment,5
120,junk_debris,treatment,5
121,Neutrophil,treatment,5
122,junk_dead,treatment,5
123,NK,treatment,5
124,B,treatment,5
125,junk_debris,treatment,5
126,Myeloid,treatment,5
127,junk_doublet,treatment,5
128,junk_debris,treatment,5
129,junk_doublet,treatment,5
130,junk_debris,treatment,5
131,junk_noise,treatment,5
132,junk_debris,treatment,5
133,Neutrophil,treatment,5
134,Neutrophil,treatment,5
135,junk_debris,treatment,5
136,junk_dead,treatment,5
137,junk_dead,treatment,5
138,junk_debris,treatment,5
139,junk_debris,treatment,5
140,B,treatment,5
141,B,treatment,5
142,B,treatment,5
143,junk_debris,treatment,5
144,junk_debris,treatment,5
145,junk_debris,treatment,5
146,junk_debris,treatment,5
147,junk_debris,treatment,5
148,junk_dead,treatment,5
149,junk_debris,treatment,5
150,junk_debris,treatment,5
151,junk_dead,treatment,5
152,junk_debris,treatment,5
153,B,treatment,5
154,CD8_T,treatment,5
155,junk_debris,treatment,5
156,junk_debris,treatment,5
157,Myeloid,treatment,5
158,junk_debris,treatment,5
159,junk_debris,treatment,5
160,junk_debris,treatment,5
161,Myeloid,treatment,5
162,junk_doublet,treatment,5
163,Myeloid,treatment,5
164,B,treatment,5
165,junk_debris,treatment,5
166,junk_debris,treatment,5
167,junk_debris,treatment,5
168,DC,treatment,5
169,junk_noise,treatment,5
170,junk_dead,treatment,5
171,CD4_T,treatment,5
172,junk_debris,treatment,5
173,junk_doublet,treatment,5
174,junk_dead,treatment,5
175,Neutrophil,treatment,5
176,junk_debris,treatment,5
177,junk_dead,treatment,5
178,junk_debris,treatment,5
179,junk_debris,treatment,5
180,junk_doublet,treatment,5
181,CD4_T,treatment,5
182,junk_doublet,treatment,5
183,junk_doublet,treatment,5
184,B,treatment,5
185,Neutrophil,treatment,5
186,junk_dead,treatment,5
187,CD8_T,treatment,5
188,junk_debris,treatment,5
189,junk_debris,treatment,5
190,junk_dead,treatment,5
191,junk_doublet,treatment,5
192,junk_debris,treatment,5
193,junk_doublet,treatment,5
194,junk_doublet,treatment,5
195,CD4_T,treatment,5
196,junk_doublet,treatment,5
197,Myeloid,treatment,5
198,junk_doublet,treatment,5
199,junk_doublet,treatment,5
200,junk_debris,treatment,5
201,junk_debris,treatment,5
202,junk_debris,treatment,5
203,junk_dead,treatment,5
204,junk_dead,treatment,5
205,B,treatment,5
206,junk_doublet,treatment,5
207,junk_noise,treatment,5
208,junk_debris,treatment,5
209,junk_doublet,treatment,5
210,Neutrophil,treatment,5
211,CD8_T,treatment,5
212,junk_doublet,treatment,5
213,junk_noise,treatment,5
214,B,treatment,5
215,junk_debris,treatment,5
216,junk_noise,treatment,5
217,junk_doublet,treatment,5
218,junk_noise,treatment,5
219,junk_noise,treatment,5
220,junk_debris,treatment,5
221,DC,treatment,5
222,junk_doublet,treatment,5
223,B,treatment,5
224,B,treatment,5
225,junk_debris,treatment,5
226,junk_doublet,treatment,5
227,junk_doublet,treatment,5
228,junk_debris,treatment,5
229,junk_debris,treatment,5
230,junk_doublet,treatment,5
231,junk_noise,treatment,5
232,junk_debris,treatment,5
233,B,treatment,5
234,B,treatment,5
235,junk_dead,treatment,5
236,junk_debris,treatment,5
237,Neutrophil,treatment,5
238,junk_debris,treatment,5
239,NK,treatment,5
240,junk_doublet,treatment,5
241,CD4_T,treatment,5
242,CD8_T,treatment,5
243,CD8_T,treatment,5
244,junk_noise,treatment,5
245,junk_debris,treatment,5
246,junk_doublet,treatment,5
247,junk_dead,treatment,5
248,CD8_T,treatment,5
249,CD4_T,treatment,5
250,Myeloid,treatment,5
251,junk_debris,treatment,5
252,CD4_T,treatment,5
253,junk_dead,treatment,5
254,junk_doublet,treatment,5
255,junk_doublet,treatment,5
256,CD8_T,treatment,5
257,junk_debris,treatment,5
258,junk_noise,treatment,5
259,junk_debris,treatment,5
260,junk_noise,treatment,5
261,junk_debris,treatment,5
262,junk_noise,treatment,5
263,junk_doublet,treatment,5
264,CD8_T,treatment,5
265,junk_noise,treatment,5
266,junk_doublet,treatment,5
267,CD4_T,treatment,5
268,junk_debris,treatment,5
269,Neutrophil,treatment,5
270,junk_debris,treatment,5
271,junk_debris,treatment,5
272,junk_dead,treatment,5
273,junk_debris,treatment,5
274,junk_debris,treatment,5
275,junk_debris,treatment,5
276,junk_dead,treatment,5
277,junk_doublet,treatment,5
278,junk_noise,treatment,5
279,CD8_T,treatment,5
280,B,treatment,5
281,junk_noise,treatment,5
282,DC,treatment,5
283,junk_dead,treatment,5
284,junk_debris,treatment,5
285,B,treatment,5
286,junk_noise,treatment,5
287,Neutrophil,treatment,5
288,junk_doublet,treatment,5
289,B,treatment,5
290,Neutrophil,treatment,5
291,junk_debris,treatment,5
292,CD4_T,treatment,5
293,junk_doublet,treatment,5
294,junk_dead,treatment,5
295,junk_noise,treatment,5
296,junk_dead,treatment,5
297,CD4_T,treatment,5
298,CD4_T,treatment,5
299,Neutrophil,treatment,5
300,CD8_T,treatment,5
301,junk_noise,treatment,5
302,junk_debris,treatment,5
303,junk_doublet,treatment,5
304,junk_noise,treatment,5
305,CD8_T,treatment,5
306,CD8_T,treatment,5
307,junk_dead,treatment,5
308,junk_doublet,treatment,5
309,junk_debris,treatment,5
310,junk_dead,treatment,5
311,junk_dead,treatment,5
312,Myeloid,treatment,5
313,junk_debris,treatment,5
314,Myeloid,treatment,5
315,junk_doublet,treatment,5
316,Myeloid,treatment,5
317,junk_debris,treatment,5
318,junk_noise,treatment,5
319,CD4_T,treatment,5
320,CD8_T,treatment,5
321,junk_noise,treatment,5
322,junk_debris,treatment,5
323,CD4_T,treatment,5
324,B,treatment,5
325,Neutrophil,treatment,5
326,CD4_T,treatment,5
327,junk_doublet,treatment,5
328,B,treatment,5
329,junk_debris,treatment,5
330,junk_noise,treatment,5
331,junk_dead,treatment,5
332,junk_noise,treatment,5
333,CD8_T,treatment,5
334,junk_noise,treatment,5
335,junk_dead,treatment,5
336,junk_debris,treatment,5
337,junk_doublet,treatment,5
338,B,treatment,5
339,junk_debris,treatment,5
340,junk_dead,treatment,5
341,CD4_T,treatment,5
342,junk_dead,treatment,5
343,junk_dead,treatment,5
344,junk_debris,treatment,5
345,junk_dead,treatment,5
346,junk_dead,treatment,5
347,Myeloid,treatment,5
348,CD8_T,treatment,5
349,junk_debris,treatment,5
350,junk_doublet,treatment,5
351,junk_dead,treatment,5
352,B,treatment,5
353,junk_debris,treatment,5
354,junk_doublet,treatment,5
355,junk_debris,treatment,5
356,junk_dead,treatment,5
357,junk_debris,treatment,5
358,junk_doublet,treatment,5
359,junk_doublet,treatment,5
360,junk_doublet,treatment,5
361,junk_debris,treatment,5
362,junk_debris,treatment,5
363,junk_doublet,treatment,5
364,NK,treatment,5
365,Myeloid,treatment,5
366,junk_doublet,treatment,5
367,Neutrophil,treatment,5
368,CD8_T,treatment,5
369,Neutrophil,treatment,5
370,DC,treatment,5
371,Neutrophil,treatment,5
372,junk_noise,treatment,5
373,junk_doublet,treatment,5
374,CD4_T,treatment,5
375,junk_debris,treatment,5
376,Myeloid,treatment,5
377,junk_noise,treatment,5
378,junk_noise,treatment,5
379,junk_doublet,treatment,5
380,Myeloid,treatment,5
381,CD8_T,treatment,5
382,CD8_T,treatment,5
383,junk_noise,treatment,5
384,B,treatment,5
385,junk_debris,treatment,5
386,junk_noise,treatment,5
387,junk_debris,treatment,5
388,junk_dead,treatment,5
389,junk_debris,treatment,5
390,CD8_T,treatment,5
391,Neutrophil,treatment,5
392,junk_debris,treatment,5
393,junk_noise,treatment,5
394,junk_debris,treatment,5
395,B,treatment,5
396,NK,treatment,5
397,junk_noise,treatment,5
398,junk_doublet,treatment,5
399,B,treatment,5
400,junk_doublet,treatment,5
401,junk_debris,treatment,5
402,junk_debris,treatment,5
403,Neutrophil,treatment,5
404,junk_dead,treatment,5
405,junk_debris,treatment,5
406,B,treatment,5
407,junk_doublet,treatment,5
408,junk_debris,treatment,5
409,Myeloid,treatment,5
410,Myeloid,treatment,5
411,junk_debris,treatment,5
412,junk_dead,treatment,5
413,CD8_T,treatment,5
414,Myeloid,treatment,5
415,junk_debris,treatment,5
416,junk_debris,treatment,5
417,junk_doublet,treatment,5
418,junk_dead,treatment,5
419,junk_debris,treatment,5
420,DC,treatment,5
421,CD8_T,treatment,5
422,B,treatment,5
423,junk_dead,treatment,5
424,junk_noise,treatment,5
425,junk_doublet,treatment,5
426,Neutrophil,treatment,5
427,junk_dead,treatment,5
428,junk_doublet,treatment,5
429,B,treatment,5
430,CD4_T,treatment,5
431,junk_dead,treatment,5
432,CD8_T,treatment,5
433,B,treatment,5
434,junk_debris,treatment,5
435,junk_noise,treatment,5
436,B,treatment,5
437,junk_debris,treatment,5
438,junk_debris,treatment,5
439,junk_dead,treatment,5
440,junk_noise,treatment,5
441,B,treatment,5
442,junk_debris,treatment,5
443,junk_dead,treatment,5
444,Neutrophil,treatment,5
445,junk_debris,treatment,5
446,junk_doublet,treatment,5
447,Neutrophil,treatment,5
448,junk_debris,treatment,5
449,junk_debris,treatment,5
450,junk_doublet,treatment,5
451,junk_dead,treatment,5
452,junk_debris,treatment,5
453,CD4_T,treatment,5
454,junk_debris,treatment,5
455,junk_debris,treatment,5
456,NK,treatment,5
457,junk_debris,treatment,5
458,junk_debris,treatment,5
459,junk_debris,treatment,5
460,junk_debris,treatment,5
461,NK,treatment,5
462,CD4_T,treatment,5
463,junk_doublet,treatment,5
464,Neutrophil,treatment,5
465,junk_debris,treatment,5
466,B,treatment,5
467,junk_dead,treatment,5
468,junk_doublet,treatment,5
469,NK,treatment,5
470,junk_debris,treatment,5
471,Myeloid,treatment,5
472,junk_debris,treatment,5
473,junk_noise,treatment,5
474,junk_debris,treatment,5
475,Neutrophil,treatment,5
476,junk_doublet,treatment,5
477,junk_dead,treatment,5
478,junk_doublet,treatment,5
479,junk_doublet,treatment,5
480,junk_noise,treatment,5
481,junk_debris,treatment,5
482,B,treatment,5
483,junk_debris,treatment,5
484,junk_debris,treatment,5
485,junk_doublet,treatment,5
486,junk_noise,treatment,5
487,junk_debris,treatment,5
488,Neutrophil,treatment,5
489,junk_doublet,treatment,5
490,CD8_T,treatment,5
491,Myeloid,treatment,5
492,junk_debris,treatment,5
493,junk_doublet,treatment,5
494,B,treatment,5
495,junk_debris,treatment,5
496,junk_dead,treatment,5
497,junk_debris,treatment,5
498,CD8_T,treatment,5
499,CD8_T,treatment,5
500,CD4_T,treatment,5
501,B,treatment,5
502,junk_noise,treatment,5
503,B,treatment,5
504,B,treatment,5
505,junk_debris,treatment,5
506,junk_noise,treatment,5
507,junk_dead,treatment,5
508,junk_debris,treatment,5
509,Myeloid,treatment,5
510,junk_debris,treatment,5
511,B,treatment,5
512,B,treatment,5
513,junk_debris,treatment,5
514,junk_debris,treatment,5
515,B,treatment,5
516,junk_debris,treatment,5
517,junk_doublet,treatment,5
518,junk_dead,treatment,5
519,Myeloid,treatment,5
520,junk_doublet,treatment,5
521,junk_debris,treatment,5
522,junk_debris,treatment,5
523,junk_debris,treatment,5
524,junk_noise,treatment,5
525,NK,treatment,5
526,junk_debris,treatment,5
527,Neutrophil,treatment,5
528,junk_debris,treatment,5
529,junk_debris,treatment,5
530,B,treatment,5
531,junk_dead,treatment,5
532,junk_noise,treatment,5
533,junk_debris,treatment,5
534,Neutrophil,treatment,5
535,junk_debris,treatment,5
536,Neutrophil,treatment,5
537,B,treatment,5
538,CD4_T,treatment,5
539,CD8_T,treatment,5
540,junk_doublet,treatment,5
541,junk_dead,treatment,5
542,NK,treatment,5
543,junk_debris,treatment,5
544,NK,treatment,5
545,junk_debris,treatment,5
546,junk_doublet,treatment,5
547,junk_dead,treatment,5
548,junk_doublet,treatment,5
549,B,treatment,5
550,junk_debris,treatment,5
551,junk_dead,treatment,5
552,junk_dead,treatment,5
553,junk_debris,treatment,5
554,CD4_T,treatment,5
555,junk_debris,treatment,5
556,CD8_T,treatment,5
557,B,treatment,5
558,junk_dead,treatment,5
559,junk_debris,treatment,5
560,junk_noise,treatment,5
561,junk_dead,treatment,5
562,B,treatment,5
563,junk_dead,treatment,5
564,junk_debris,treatment,5
565,junk_debris,treatment,5
566,junk_noise,treatment,5
567,B,treatment,5
568,Neutrophil,treatment,5
569,B,treatment,5
570,NK,treatment,5
571,CD4_T,treatment,5
572,CD8_T,treatment,5
573,junk_doublet,treatment,5
574,junk_debris,treatment,5
575,junk_debris,treatment,5
576,junk_debris,treatment,5
577,junk_debris,treatment,5
578,B,treatment,5
579,junk_doublet,treatment,5
580,junk_dead,treatment,5
581,junk_noise,treatment,5
582,junk_debris,treatment,5
583,junk_noise,treatment,5
584,Myeloid,treatment,5
585,junk_doublet,treatment,5
586,CD4_T,treatment,5
587,junk_noise,treatment,5
588,junk_dead,treatment,5
589,Myeloid,treatment,5
590,junk_debris,treatment,5
591,junk_noise,treatment,5
592,Myeloid,treatment,5
593,junk_noise,treatment,5
594,junk_debris,treatment,5
595,junk_dead,treatment,5
596,CD4_T,treatment,5
597,B,treatment,5
598,Myeloid,treatment,5
599,CD4_T,treatment,5
600,junk_doublet,treatment,5
601,CD4_T,treatment,5
602,B,treatment,5
603,Myeloid,treatment,5
604,junk_doublet,treatment,5
605,CD8_T,treatment,5
606,junk_dead,treatment,5
607,junk_debris,treatment,5
608,junk_noise,treatment,5
609,junk_doublet,treatment,5
610,CD8_T,treatment,5
611,NK,treatment,5
612,B,treatment,5
613,junk_debris,treatment,5
614,junk_debris,treatment,5
615,junk_dead,treatment,5
616,junk_dead,treatment,5
617,junk_dead,treatment,5
618,junk_debris,treatment,5
619,junk_noise,treatment,5
620,junk_noise,treatment,5
621,junk_debris,treatment,5
622,junk_debris,treatment,5
623,junk_dead,treatment,5
624,junk_debris,treatment,5
625,Myeloid,treatment,5
626,Neutrophil,treatment,5
627,junk_debris,treatment,5
628,junk_debris,treatment,5
629,B,treatment,5
630,B,treatment,5
631,junk_debris,treatment,5
632,junk_doublet,treatment,5
633,junk_debris,treatment,5
634,junk_debris,treatment,5
635,junk_noise,treatment,5
636,junk_doublet,treatment,5
637,junk_debris,treatment,5
638,junk_debris,treatment,5
639,junk_doublet,treatment,5
640,CD8_T,treatment,5
641,B,treatment,5
642,junk_dead,treatment,5
643,Neutrophil,treatment,5
644,junk_noise,treatment,5
645,junk_debris,treatment,5
646,Neutrophil,treatment,5
647,CD4_T,treatment,5
648,junk_debris,treatment,5
649,junk_noise,treatment,5
650,CD4_T,treatment,5
651,CD4_T,treatment,5
652,B,treatment,5
653,junk_dead,treatment,5
654,B,treatment,5
655,junk_debris,treatment,5
656,junk_dead,treatment,5
657,junk_debris,treatment,5
658,Myeloid,treatment,5
659,junk_noise,treatment,5
660,CD8_T,treatment,5
661,CD4_T,treatment,5
662,CD8_T,treatment,5
663,CD4_T,treatment,5
664,junk_dead,treatment,5
665,junk_dead,treatment,5
666,junk_doublet,treatment,5
667,B,treatment,5
668,junk_doublet,treatment,5
669,junk_debris,treatment,5
670,junk_noise,treatment,5
671,junk_doublet,treatment,5
672,B,treatment,5
673,junk_debris,treatment,5
674,junk_debris,treatment,5
675,junk_dead,treatment,5
676,junk_doublet,treatment,5
677,junk_debris,treatment,5
678,Myeloid,treatment,5
679,junk_dead,treatment,5
680,junk_debris,treatment,5
681,junk_dead,treatment,5
682,junk_dead,treatment,5
683,junk_debris,treatment,5
684,junk_doublet,treatment,5
685,junk_noise,treatment,5
686,junk_dead,treatment,5
687,B,treatment,5
688,junk_debris,treatment,5
689,Neutrophil,treatment,5
690,CD4_T,treatment,5
691,B,treatment,5
692,Neutrophil,treatment,5
693,junk_doublet,treatment,5
694,B,treatment,5
695,CD8_T,treatment,5
696,junk_dead,treatment,5
697,junk_debris,treatment,5
698,junk_doublet,treatment,5
699,junk_doublet,treatment,5
700,Myeloid,treatment,5
701,junk_noise,treatment,5
702,junk_debris,treatment,5
703,junk_noise,treatment,5
704,junk_noise,treatment,5
705,junk_noise,treatment,5
706,junk_noise,treatment,5
707,junk_debris,treatment,5
708,B,treatment,5
709,junk_dead,treatment,5
710,NK,treatment,5
711,Myeloid,treatment,5
712,junk_dead,treatment,5
713,junk_noise,treatment,5
714,junk_noise,treatment,5
715,junk_debris,treatment,5
716,CD4_T,treatment,5
717,Myeloid,treatment,5
718,CD4_T,treatment,5
719,NK,treatment,5
720,junk_doublet,treatment,5
721,NK,treatment,5
722,junk_doublet,treatment,5
723,B,treatment,5
724,NK,treatment,5
725,junk_noise,treatment,5
726,CD8_T,treatment,5
727,junk_debris,treatment,5
728,B,treatment,5
729,junk_doublet,treatment,5
730,junk_debris,treatment,5
731,CD4_T,treatment,5
732,junk_noise,treatment,5
733,B,treatment,5
734,junk_doublet,treatment,5
735,junk_doublet,treatment,5
736,CD4_T,treatment,5
737,junk_dead,treatment,5
738,junk_dead,treatment,5
739,CD4_T,treatment,5
740,junk_doublet,treatment,5
741,junk_doublet,treatment,5
742,junk_noise,treatment,5
743,Neutrophil,treatment,5
744,junk_debris,treatment,5
745,junk_noise,treatment,5
746,junk_noise,treatment,5
747,CD8_T,treatment,5
748,junk_debris,treatment,5
749,junk_debris,treatment,5
750,junk_doublet,treatment,5
751,NK,treatment,5
752,junk_doublet,treatment,5
753,CD4_T,treatment,5
754,junk_dead,treatment,5
755,junk_doublet,treatment,5
756,junk_debris,treatment,5
757,B,treatment,5
758,junk_debris,treatment,5
759,Myeloid,treatment,5
760,junk_debris,treatment,5
761,junk_dead,treatment,5
762,junk_debris,treatment,5
763,junk_debris,treatment,5
764,junk_noise,treatment,5
765,junk_debris,treatment,5
766,CD4_T,treatment,5
767,junk_debris,treatment,5
768,junk_noise,treatment,5
769,CD4_T,treatment,5
770,junk_dead,treatment,5
771,junk_debris,treatment,5
772,CD8_T,treatment,5
773,CD8_T,treatment,5
774,junk_debris,treatment,5
775,junk_doublet,treatment,5
776,junk_debris,treatment,5
777,Myeloid,treatment,5
778,junk_debris,treatment,5
779,junk_dead,treatment,5
780,junk_debris,treatment,5
781,junk_noise,treatment,5
782,junk_noise,treatment,5
783,junk_doublet,treatment,5
784,junk_noise,treatment,5
785,junk_debris,treatment,5
786,junk_noise,treatment,5
787,junk_dead,treatment,5
788,junk_debris,treatment,5
789,CD4_T,treatment,5
790,junk_noise,treatment,5
791,CD8_T,treatment,5
792,junk_noise,treatment,5
793,junk_doublet,treatment,5
794,junk_noise,treatment,5
795,NK,treatment,5
796,junk_noise,treatment,5
797,junk_debris,treatment,5
798,Neutrophil,treatment,5
799,junk_doublet,treatment,5
800,B,treatment,5
801,CD4_T,treatment,5
802,CD4_T,treatment,5
803,junk_doublet,treatment,5
804,junk_doublet,treatment,5
805,junk_noise,treatment,5
806,junk_doublet,treatment,5
807,junk_dead,treatment,5
808,DC,treatment,5
809,junk_debris,treatment,5
810,junk_debris,treatment,5
811,junk_debris,treatment,5
812,NK,treatment,5
813,Myeloid,treatment,5
814,junk_dead,treatment,5
815,DC,treatment,5
816,NK,treatment,5
817,junk_dead,treatment,5
818,junk_noise,treatment,5
819,CD4_T,treatment,5
820,junk_debris,treatment,5
821,junk_dead,treatment,5
822,CD4_T,treatment,5
823,junk_doublet,treatment,5
824,junk_noise,treatment,5
825,junk_debris,treatment,5
826,junk_debris,treatment,5
827,junk_dead,treatment,5
828,Myeloid,treatment,5
829,junk_dead,treatment,5
830,junk_dead,treatment,5
831,CD4_T,treatment,5
832,junk_doublet,treatment,5
833,junk_doublet,treatment,5
834,junk_noise,treatment,5
835,junk_noise,treatment,5
836,CD4_T,treatment,5
837,CD4_T,treatment,5
838,junk_noise,treatment,5
839,junk_doublet,treatment,5
840,B,treatment,5
841,junk_doublet,treatment,5
842,junk_debris,treatment,5
843,junk_debris,treatment,5
844,B,treatment,5
845,junk_debris,treatment,5
846,B,treatment,5
847,junk_doublet,treatment,5
848,junk_dead,treatment,5
849,B,treatment,5
850,Neutrophil,treatment,5
851,junk_debris,treatment,5
852,Myeloid,treatment,5
853,junk_doublet,treatment,5
854,junk_doublet,treatment,5
855,B,treatment,5
856,junk_debris,treatment,5
857,Myeloid,treatment,5
858,junk_doublet,treatment,5
859,junk_dead,treatment,5
860,junk_dead,treatment,5
861,CD8_T,treatment,5
862,junk_debris,treatment,5
863,junk_dead,treatment,5
864,junk_debris,treatment,5
865,NK,treatment,5
866,junk_debris,treatment,5
867,CD4_T,treatment,5
868,Myeloid,treatment,5
869,junk_noise,treatment,5
870,CD4_T,treatment,5
871,junk_noise,treatment,5
872,CD4_T,treatment,5
873,junk_debris,treatment,5
874,junk_debris,treatment,5
875,junk_debris,treatment,5
876,junk_dead,treatment,5
877,junk_debris,treatment,5
878,junk_dead,treatment,5
879,junk_dead,treatment,5
880,DC,treatment,5
881,junk_dead,treatment,5
882,junk_debris,treatment,5
883,NK,treatment,5
884,junk_debris,treatment,5
885,CD8_T,treatment,5
886,junk_noise,treatment,5
887,CD4_T,treatment,5
888,junk_doublet,treatment,5
889,junk_dead,treatment,5
890,CD4_T,treatment,5
891,junk_debris,treatment,5
892,NK,treatment,5
893,B,treatment,5
894,B,treatment,5
895,junk_dead,treatment,5
896,junk_debris,treatment,5
897,NK,treatment,5
898,B,treatment,5
899,junk_debris,treatment,5
900,junk_noise,treatment,5
901,junk_debris,treatment,5
902,junk_dead,treatment,5
903,junk_dead,treatment,5
904,Neutrophil,treatment,5
905,junk_dead,treatment,5
906,junk_dead,treatment,5
907,junk_doublet,treatment,5
908,junk_doublet,treatment,5
909,junk_debris,treatment,5
910,Neutrophil,treatment,5
911,junk_doublet,treatment,5
912,junk_doublet,treatment,5
913,junk_dead,treatment,5
914,Neutrophil,treatment,5
915,B,treatment,5
916,junk_debris,treatment,5
917,junk_debris,treatment,5
918,junk_debris,treatment,5
919,junk_debris,treatment,5
920,CD8_T,treatment,5
921,Myeloid,treatment,5
922,Myeloid,treatment,5
923,NK,treatment,5
924,junk_debris,treatment,5
925,junk_debris,treatment,5
926,Myeloid,treatment,5
927,B,treatment,5
928,junk_noise,treatment,5
929,junk_dead,treatment,5
930,junk_doublet,treatment,5
931,Neutrophil,treatment,5
932,Neutrophil,treatment,5
933,junk_dead,treatment,5
934,Neutrophil,treatment,5
935,B,treatment,5
936,junk_debris,treatment,5
937,junk_noise,treatment,5
938,junk_debris,treatment,5
939,junk_doublet,treatment,5
940,B,treatment,5
941,junk_doublet,treatment,5
942,junk_doublet,treatment,5
943,Myeloid,treatment,5
944,junk_noise,treatment,5
945,Neutrophil,treatment,5
946,NK,treatment,5
947,CD8_T,treatment,5
948,junk_doublet,treatment,5
949,junk_debris,treatment,5
950,junk_noise,treatment,5
951,junk_dead,treatment,5
952,junk_dead,treatment,5
953,junk_debris,treatment,5
954,junk_debris,treatment,5
955,B,treatment,5
956,Myeloid,treatment,5
957,Neutrophil,treatment,5
958,junk_debris,treatment,5
959,junk_dead,treatment,5
960,junk_debris,treatment,5
961,junk_doublet,treatment,5
962,junk_dead,treatment,5
963,Neutrophil,treatment,5
964,CD4_T,treatment,5
965,B,treatment,5
966,junk_noise,treatment,5
967,junk_debris,treatment,5
968,B,treatment,5
969,Myeloid,treatment,5
970,junk_debris,treatment,5
971,junk_dead,treatment,5
972,CD8_T,treatment,5
973,Myeloid,treatment,5
974,junk_dead,treatment,5
975,junk_noise,treatment,5
976,junk_noise,treatment,5
977,junk_dead,treatment,5
978,junk_debris,treatment,5
979,junk_debris,treatment,5
980,Myeloid,treatment,5
981,B,treatment,5
982,junk_debris,treatment,5
983,junk_dead,treatment,5
984,junk_doublet,treatment,5
985,junk_doublet,treatment,5
986,junk_doublet,treatment,5
987,junk_debris,treatment,5
988,junk_doublet,treatment,5
989,junk_debris,treatment,5
990,junk_dead,treatment,5
991,junk_debris,treatment,5
992,B,treatment,5
993,junk_debris,treatment,5
994,junk_debris,treatment,5
995,CD8_T,treatment,5
996,junk_dead,treatment,5
997,Myeloid,treatment,5
998,CD8_T,treatment,5
999,CD4_T,treatment,5
1000,B,treatment,5
1001,junk_debris,treatment,5
1002,junk_debris,treatment,5
1003,junk_doublet,treatment,5
1004,junk_dead,treatment,5
1005,CD4_T,treatment,5
1006,junk_doublet,treatment,5
1007,Myeloid,treatment,5
1008,junk_noise,treatment,5
1009,B,treatment,5
1010,B,treatment,5
1011,junk_doublet,treatment,5
1012,junk_debris,treatment,5
1013,junk_dead,treatment,5
1014,Myeloid,treatment,5
1015,junk_noise,treatment,5
1016,junk_dead,treatment,5
1017,junk_doublet,treatment,5
1018,junk_debris,treatment,5
1019,DC,treatment,5
1020,junk_dead,treatment,5
1021,junk_debris,treatment,5
1022,junk_noise,treatment,5
1023,junk_doublet,treatment,5
1024,B,treatment,5
1025,junk_doublet,treatment,5
1026,CD4_T,treatment,5
1027,junk_doublet,treatment,5
1028,junk_debris,treatment,5
1029,CD8_T,treatment,5
1030,junk_debris,treatment,5
1031,junk_debris,treatment,5
1032,junk_noise,treatment,5
1033,junk_doublet,treatment,5
1034,junk_debris,treatment,5
1035,junk_debris,treatment,5
1036,junk_debris,treatment,5
1037,junk_dead,treatment,5
1038,B,treatment,5
1039,junk_debris,treatment,5
1040,CD4_T,treatment,5
1041,junk_debris,treatment,5
1042,junk_noise,treatment,5
1043,B,treatment,5
1044,CD4_T,treatment,5
1045,junk_doublet,treatment,5
1046,B,treatment,5
1047,CD4_T,treatment,5
1048,CD4_T,treatment,5
1049,junk_doublet,treatment,5
1050,Myeloid,treatment,5
1051,junk_debris,treatment,5
1052,B,treatment,5
1053,B,treatment,5
1054,CD4_T,treatment,5
1055,junk_dead,treatment,5
1056,CD8_T,treatment,5
1057,junk_debris,treatment,5
1058,B,treatment,5
1059,junk_noise,treatment,5
1060,Neutrophil,treatment,5
1061,junk_doublet,treatment,5
1062,junk_debris,treatment,5
1063,junk_doublet,treatment,5
1064,junk_debris,treatment,5
1065,CD8_T,treatment,5
1066,junk_dead,treatment,5
1067,Myeloid,treatment,5
1068,CD4_T,treatment,5
1069,junk_doublet,treatment,5
1070,junk_doublet,treatment,5
1071,junk_dead,treatment,5
1072,Myeloid,treatment,5
1073,Neutrophil,treatment,5
1074,Neutrophil,treatment,5
1075,junk_debris,treatment,5
1076,junk_dead,treatment,5
1077,CD8_T,treatment,5
1078,junk_debris,treatment,5
1079,junk_dead,treatment,5
1080,junk_debris,treatment,5
1081,junk_dead,treatment,5
1082,Myeloid,treatment,5
1083,junk_noise,treatment,5
1084,CD4_T,treatment,5
1085,junk_doublet,treatment,5
1086,B,treatment,5
1087,junk_dead,treatment,5
1088,Neutrophil,treatment,5
1089,CD4_T,treatment,5
1090,junk_dead,treatment,5
1091,Myeloid,treatment,5
1092,CD4_T,treatment,5
1093,NK,treatment,5
1094,junk_doublet,treatment,5
1095,junk_doublet,treatment,5
1096,junk_dead,treatment,5
1097,CD4_T,treatment,5
1098,junk_noise,treatment,5
1099,DC,treatment,5
1100,NK,treatment,5
1101,B,treatment,5
1102,B,treatment,5
1103,junk_debris,treatment,5
1104,junk_doublet,treatment,5
1105,CD4_T,treatment,5
1106,CD8_T,treatment,5
1107,junk_doublet,treatment,5
1108,junk_noise,treatment,5
1109,junk_doublet,treatment,5
1110,CD8_T,treatment,5
1111,junk_debris,treatment,5
1112,junk_doublet,treatment,5
1113,junk_dead,treatment,5
1114,junk_dead,treatment,5
1115,junk_doublet,treatment,5
1116,CD4_T,treatment,5
1117,Myeloid,treatment,5
1118,Neutrophil,treatment,5
1119,CD4_T,treatment,5
1120,junk_dead,treatment,5
1121,CD8_T,treatment,5
1122,junk_debris,treatment,5
1123,B,treatment,5
1124,B,treatment,5
1125,junk_doublet,treatment,5
1126,junk_dead,treatment,5
1127,Myeloid,treatment,5
1128,junk_doublet,treatment,5
1129,CD8_T,treatment,5
1130,junk_noise,treatment,5
1131,junk_debris,treatment,5
1132,Neutrophil,treatment,5
1133,junk_noise,treatment,5
1134,junk_dead,treatment,5
1135,Myeloid,treatment,5
1136,CD4_T,treatment,5
1137,Myeloid,treatment,5
1138,B,treatment,5
1139,CD8_T,treatment,5
1140,junk_dead,treatment,5
1141,CD8_T,treatment,5
1142,junk_dead,treatment,5
1143,junk_debris,treatment,5
1144,junk_dead,treatment,5
1145,junk_doublet,treatment,5
1146,junk_dead,treatment,5
1147,junk_debris,treatment,5
1148,junk_debris,treatment,5
1149,B,treatment,5
1150,CD4_T,treatment,5
1151,junk_noise,treatment,5
1152,junk_dead,treatment,5
1153,Myeloid,treatment,5
1154,junk_debris,treatment,5
1155,DC,treatment,5
1156,B,treatment,5
1157,junk_doublet,treatment,5
1158,junk_doublet,treatment,5
1159,junk_doublet,treatment,5
1160,Neutrophil,treatment,5
1161,Myeloid,treatment,5
1162,junk_debris,treatment,5
1163,Neutrophil,treatment,5
1164,junk_noise,treatment,5
1165,Neutrophil,treatment,5
1166,junk_dead,treatment,5
1167,junk_debris,treatment,5
1168,junk_noise,treatment,5
1169,junk_dead,treatment,5
1170,junk_doublet,treatment,5
1171,junk_debris,treatment,5
1172,junk_debris,treatment,5
1173,junk_debris,treatment,5
1174,junk_debris,treatment,5
1175,junk_doublet,treatment,5
1176,Neutrophil,treatment,5
1177,junk_noise,treatment,5
1178,CD4_T,treatment,5
1179,junk_debris,treatment,5
1180,junk_debris,treatment,5
1181,junk_debris,treatment,5
1182,junk_noise,treatment,5
1183,Myeloid,treatment,5
1184,junk_noise,treatment,5
1185,CD8_T,treatment,5
1186,junk_dead,treatment,5
1187,junk_noise,treatment,5
1188,junk_doublet,treatment,5
1189,junk_debris,treatment,5
1190,junk_debris,treatment,5
1191,NK,treatment,5
1192,junk_debris,treatment,5
1193,junk_noise,treatment,5
1194,junk_dead,treatment,5
1195,CD8_T,treatment,5
1196,B,treatment,5
1197,Neutrophil,treatment,5
1198,junk_dead,treatment,5
1199,Myeloid,treatment,5
1200,junk_dead,treatment,5
1201,junk_noise,treatment,5
1202,junk_noise,treatment,5
1203,junk_dead,treatment,5
1204,junk_noise,treatment,5
1205,Neutrophil,treatment,5
1206,CD8_T,treatment,5
1207,B,treatment,5
1208,junk_debris,treatment,5
1209,NK,treatment,5
1210,junk_debris,treatment,5
1211,B,treatment,5
1212,junk_debris,treatment,5
1213,CD8_T,treatment,5
1214,junk_debris,treatment,5
1215,B,treatment,5
1216,Neutrophil,treatment,5
1217,B,treatment,5
1218,junk_debris,treatment,5
1219,junk_dead,treatment,5
1220,CD8_T,treatment,5
1221,B,treatment,5
1222,CD4_T,treatment,5
1223,Neutrophil,treatment,5
1224,CD4_T,treatment,5
1225,junk_doublet,treatment,5
1226,B,treatment,5
1227,junk_dead,treatment,5
1228,junk_noise,treatment,5
1229,junk_debris,treatment,5
1230,Myeloid,treatment,5
1231,Neutrophil,treatment,5
1232,junk_noise,treatment,5
1233,junk_doublet,treatment,5
1234,junk_debris,treatment,5
1235,junk_debris,treatment,5
1236,junk_doublet,treatment,5
1237,NK,treatment,5
1238,Myeloid,treatment,5
1239,junk_doublet,treatment,5
1240,Neutrophil,treatment,5
1241,junk_debris,treatment,5
1242,junk_dead,treatment,5
1243,junk_debris,treatment,5
1244,DC,treatment,5
1245,junk_doublet,treatment,5
1246,CD4_T,treatment,5
1247,CD4_T,treatment,5
1248,Myeloid,treatment,5
1249,junk_noise,treatment,5
1250,junk_doublet,treatment,5
1251,Myeloid,treatment,5
1252,junk_dead,treatment,5
1253,Neutrophil,treatment,5
1254,CD4_T,treatment,5
1255,junk_noise,treatment,5
1256,junk_dead,treatment,5
1257,junk_dead,treatment,5
1258,junk_doublet,treatment,5
1259,B,treatment,5
1260,Neutrophil,treatment,5
1261,junk_doublet,treatment,5
1262,B,treatment,5
1263,NK,treatment,5
1264,CD4_T,treatment,5
1265,junk_dead,treatment,5
1266,junk_dead,treatment,5
1267,junk_dead,treatment,5
1268,junk_debris,treatment,5
1269,junk_dead,treatment,5
1270,junk_noise,treatment,5
1271,junk_doublet,treatment,5
1272,junk_noise,treatment,5
1273,junk_doublet,treatment,5
1274,junk_debris,treatment,5
1275,junk_dead,treatment,5
1276,junk_debris,treatment,5
1277,junk_debris,treatment,5
1278,junk_dead,treatment,5
1279,Myeloid,treatment,5
1280,junk_dead,treatment,5
1281,junk_noise,treatment,5
1282,junk_debris,treatment,5
1283,junk_dead,treatment,5
1284,junk_doublet,treatment,5
1285,junk_noise,treatment,5
1286,junk_dead,treatment,5
1287,junk_doublet,treatment,5
1288,junk_noise,treatment,5
1289,junk_noise,treatment,5
1290,junk_dead,treatment,5
1291,junk_noise,treatment,5
1292,Myeloid,treatment,5
1293,junk_debris,treatment,5
1294,Neutrophil,treatment,5
1295,junk_noise,treatment,5
1296,junk_debris,treatment,5
1297,junk_dead,treatment,5
1298,junk_dead,treatment,5
1299,junk_dead,treatment,5
1300,CD4_T,treatment,5
1301,junk_dead,treatment,5
1302,junk_noise,treatment,5
1303,junk_debris,treatment,5
1304,junk_noise,treatment,5
1305,CD8_T,treatment,5
1306,junk_noise,treatment,5
1307,junk_dead,treatment,5
1308,junk_noise,treatment,5
1309,junk_dead,treatment,5
1310,junk_doublet,treatment,5
1311,junk_noise,treatment,5
1312,DC,treatment,5
1313,junk_dead,treatment,5
1314,junk_debris,treatment,5
1315,junk_dead,treatment,5
1316,junk_dead,treatment,5
1317,junk_dead,treatment,5
1318,CD8_T,treatment,5
1319,junk_doublet,treatment,5
1320,junk_doublet,treatment,5
1321,Neutrophil,treatment,5
1322,junk_noise,treatment,5
1323,junk_noise,treatment,5
1324,B,treatment,5
1325,junk_dead,treatment,5
1326,junk_debris,treatment,5
1327,B,treatment,5
1328,junk_debris,treatment,5
1329,junk_dead,treatment,5
1330,junk_debris,treatment,5
1331,junk_doublet,treatment,5
1332,junk_debris,treatment,5
1333,junk_dead,treatment,5
1334,B,treatment,5
1335,junk_debris,treatment,5
1336,CD4_T,treatment,5
1337,B,treatment,5
1338,junk_debris,treatment,5
1339,B,treatment,5
1340,junk_dead,treatment,5
1341,junk_debris,treatment,5
1342,Neutrophil,treatment,5
1343,junk_noise,treatment,5
1344,junk_doublet,treatment,5
1345,junk_debris,treatment,5
1346,junk_debris,treatment,5
1347,junk_debris,treatment,5
1348,junk_debris,treatment,5
1349,junk_noise,treatment,5
1350,CD4_T,treatment,5
1351,junk_debris,treatment,5
1352,junk_doublet,treatment,5
1353,junk_debris,treatment,5
1354,B,treatment,5
1355,junk_debris,treatment,5
1356,junk_noise,treatment,5
1357,junk_debris,treatment,5
1358,CD4_T,treatment,5
1359,junk_dead,treatment,5
1360,junk_noise,treatment,5
1361,junk_debris,treatment,5
1362,junk_debris,treatment,5
1363,Myeloid,treatment,5
1364,junk_debris,treatment,5
1365,junk_doublet,treatment,5
1366,CD4_T,treatment,5
1367,junk_dead,treatment,5
1368,junk_debris,treatment,5
1369,junk_debris,treatment,5
1370,junk_noise,treatment,5
1371,CD4_T,treatment,5
1372,junk_doublet,treatment,5
1373,junk_noise,treatment,5
1374,B,treatment,5
1375,junk_debris,treatment,5
1376,junk_dead,treatment,5
1377,junk_dead,treatment,5
1378,junk_doublet,treatment,5
1379,junk_noise,treatment,5
1380,CD8_T,treatment,5
1381,junk_debris,treatment,5
1382,junk_dead,treatment,5
1383,Myeloid,treatment,5
1384,junk_dead,treatment,5
1385,CD4_T,treatment,5
1386,junk_debris,treatment,5
1387,junk_noise,treatment,5
1388,junk_dead,treatment,5
1389,CD4_T,treatment,5
1390,junk_debris,treatment,5
1391,junk_noise,treatment,5
1392,Neutrophil,treatment,5
1393,Myeloid,treatment,5
1394,junk_dead,treatment,5
1395,B,treatment,5
1396,junk_debris,treatment,5
1397,junk_debris,treatment,5
1398,junk_doublet,treatment,5
1399,junk_noise,treatment,5
1400,junk_dead,treatment,5
1401,junk_noise,treatment,5
1402,Myeloid,treatment,5
1403,junk_debris,treatment,5
1404,junk_dead,treatment,5
1405,junk_dead,treatment,5
1406,junk_dead,treatment,5
1407,junk_debris,treatment,5
1408,B,treatment,5
1409,junk_debris,treatment,5
1410,junk_doublet,treatment,5
1411,junk_noise,treatment,5
1412,Myeloid,treatment,5
1413,junk_debris,treatment,5
1414,CD4_T,treatment,5
1415,CD4_T,treatment,5
1416,Neutrophil,treatment,5
1417,junk_doublet,treatment,5
1418,junk_noise,treatment,5
1419,junk_debris,treatment,5
1420,junk_doublet,treatment,5
1421,junk_doublet,treatment,5
1422,B,treatment,5
1423,CD8_T,treatment,5
1424,junk_doublet,treatment,5
1425,CD4_T,treatment,5
1426,B,treatment,5
1427,junk_dead,treatment,5
1428,B,treatment,5
1429,junk_dead,treatment,5
1430,B,treatment,5
1431,junk_doublet,treatment,5
1432,CD4_T,treatment,5
1433,junk_debris,treatment,5
1434,junk_noise,treatment,5
1435,Neutrophil,treatment,5
1436,junk_debris,treatment,5
1437,junk_dead,treatment,5
1438,junk_doublet,treatment,5
1439,junk_debris,treatment,5
1440,B,treatment,5
1441,junk_debris,treatment,5
1442,junk_debris,treatment,5
1443,junk_doublet,treatment,5
1444,CD8_T,treatment,5
1445,junk_noise,treatment,5
1446,CD8_T,treatment,5
1447,Myeloid,treatment,5
1448,junk_debris,treatment,5
1449,junk_dead,treatment,5
1450,junk_debris,treatment,5
1451,CD8_T,treatment,5
1452,B,treatment,5
1453,junk_noise,treatment,5
1454,junk_debris,treatment,5
1455,junk_debris,treatment,5
1456,junk_doublet,treatment,5
1457,NK,treatment,5
1458,NK,treatment,5
1459,junk_dead,treatment,5
1460,junk_doublet,treatment,5
1461,Myeloid,treatment,5
1462,junk_dead,treatment,5
1463,junk_doublet,treatment,5
1464,junk_debris,treatment,5
1465,junk_debris,treatment,5
1466,junk_debris,treatment,5
1467,Myeloid,treatment,5
1468,junk_doublet,treatment,5
1469,B,treatment,5
1470,junk_noise,treatment,5
1471,B,treatment,5
1472,junk_dead,treatment,5
1473,junk_noise,treatment,5
1474,Neutrophil,treatment,5
1475,junk_dead,treatment,5
1476,Myeloid,treatment,5
1477,Myeloid,treatment,5
1478,junk_debris,treatment,5
1479,junk_dead,treatment,5
1480,junk_debris,treatment,5
1481,CD4_T,treatment,5
1482,junk_doublet,treatment,5
1483,junk_debris,treatment,5
1484,junk_dead,treatment,5
1485,junk_doublet,treatment,5
1486,B,treatment,5
1487,B,treatment,5
1488,junk_doublet,treatment,5
1489,junk_debris,treatment,5
1490,junk_doublet,treatment,5
1491,junk_debris,treatment,5
1492,junk_dead,treatment,5
1493,junk_debris,treatment,5
1494,Neutrophil,treatment,5
1495,junk_debris,treatment,5
1496,junk_doublet,treatment,5
1497,junk_debris,treatment,5
1498,junk_debris,treatment,5
1499,junk_debris,treatment,5
1500,junk_debris,treatment,5
1501,junk_doublet,treatment,5
1502,junk_noise,treatment,5
1503,junk_dead,treatment,5
1504,NK,treatment,5
1505,junk_dead,treatment,5
1506,junk_debris,treatment,5
1507,junk_doublet,treatment,5
1508,junk_doublet,treatment,5
1509,Myeloid,treatment,5
1510,junk_doublet,treatment,5
1511,junk_debris,treatment,5
1512,junk_doublet,treatment,5
1513,junk_doublet,treatment,5
1514,CD8_T,treatment,5
1515,Myeloid,treatment,5
1516,junk_dead,treatment,5
1517,junk_doublet,treatment,5
1518,junk_debris,treatment,5
1519,junk_dead,treatment,5
1520,Neutrophil,treatment,5
1521,junk_dead,treatment,5
1522,junk_debris,treatment,5
1523,Neutrophil,treatment,5
1524,junk_doublet,treatment,5
1525,junk_doublet,treatment,5
1526,junk_dead,treatment,5
1527,junk_doublet,treatment,5
1528,junk_debris,treatment,5
1529,junk_debris,treatment,5
1530,junk_debris,treatment,5
1531,CD4_T,treatment,5
1532,junk_debris,treatment,5
1533,DC,treatment,5
1534,junk_dead,treatment,5
1535,junk_debris,treatment,5
1536,B,treatment,5
1537,junk_dead,treatment,5
1538,junk_dead,treatment,5
1539,junk_noise,treatment,5
1540,junk_debris,treatment,5
1541,Myeloid,treatment,5
1542,junk_debris,treatment,5
1543,junk_doublet,treatment,5
1544,junk_debris,treatment,5
1545,junk_dead,treatment,5
1546,junk_debris,treatment,5
1547,junk_dead,treatment,5
1548,CD4_T,treatment,5
1549,junk_debris,treatment,5
1550,B,treatment,5
1551,junk_doublet,treatment,5
1552,DC,treatment,5
1553,junk_noise,treatment,5
1554,junk_doublet,treatment,5
1555,junk_dead,treatment,5
1556,junk_noise,treatment,5
1557,junk_noise,treatment,5
1558,junk_doublet,treatment,5
1559,junk_doublet,treatment,5
1560,junk_debris,treatment,5
1561,junk_doublet,treatment,5
1562,junk_dead,treatment,5
1563,junk_doublet,treatment,5
1564,junk_debris,treatment,5
1565,junk_debris,treatment,5
1566,junk_noise,treatment,5
1567,junk_noise,treatment,5
1568,junk_debris,treatment,5
1569,B,treatment,5
1570,Myeloid,treatment,5
1571,B,treatment,5
1572,junk_noise,treatment,5
1573,junk_dead,treatment,5
1574,CD4_T,treatment,5
1575,junk_dead,treatment,5
1576,junk_debris,treatment,5
1577,junk_debris,treatment,5
1578,CD4_T,treatment,5
1579,junk_noise,treatment,5
1580,junk_debris,treatment,5
1581,CD4_T,treatment,5
1582,Myeloid,treatment,5
1583,junk_doublet,treatment,5
1584,junk_dead,treatment,5
1585,junk_debris,treatment,5
1586,junk_debris,treatment,5
1587,junk_dead,treatment,5
1588,DC,treatment,5
1589,CD4_T,treatment,5
1590,junk_doublet,treatment,5
1591,junk_debris,treatment,5
1592,junk_debris,treatment,5
1593,B,treatment,5
1594,junk_debris,treatment,5
1595,junk_debris,treatment,5
1596,junk_debris,treatment,5
1597,DC,treatment,5
1598,junk_noise,treatment,5
1599,Myeloid,treatment,5
1600,NK,treatment,5
1601,junk_noise,treatment,5
1602,junk_noise,treatment,5
1603,CD8_T,treatment,5
1604,junk_dead,treatment,5
1605,NK,treatment,5
1606,junk_doublet,treatment,5
1607,NK,treatment,5
1608,junk_dead,treatment,5
1609,junk_noise,treatment,5
1610,junk_debris,treatment,5
1611,junk_debris,treatment,5
1612,junk_doublet,treatment,5
1613,junk_dead,treatment,5
1614,junk_doublet,treatment,5
1615,B,treatment,5
1616,junk_doublet,treatment,5
1617,B,treatment,5
1618,Neutrophil,treatment,5
1619,CD8_T,treatment,5
1620,junk_doublet,treatment,5
1621,junk_doublet,treatment,5
1622,B,treatment,5
1623,junk_debris,treatment,5
1624,junk_debris,treatment,5
1625,junk_dead,treatment,5
1626,junk_doublet,treatment,5
1627,CD8_T,treatment,5
1628,CD8_T,treatment,5
1629,junk_debris,treatment,5
1630,NK,treatment,5
1631,junk_debris,treatment,5
1632,junk_debris,treatment,5
1633,B,treatment,5
1634,junk_doublet,treatment,5
1635,junk_doublet,treatment,5
1636,DC,treatment,5
1637,junk_noise,treatment,5
1638,junk_doublet,treatment,5
1639,Myeloid,treatment,5
1640,junk_doublet,treatment,5
1641,junk_doublet,treatment,5
1642,junk_debris,treatment,5
1643,junk_noise,treatment,5
1644,junk_doublet,treatment,5
1645,Myeloid,treatment,5
1646,DC,treatment,5
1647,junk_debris,treatment,5
1648,junk_noise,treatment,5
1649,junk_dead,treatment,5
1650,CD4_T,treatment,5
1651,junk_dead,treatment,5
1652,junk_debris,treatment,5
1653,CD4_T,treatment,5
1654,junk_noise,treatment,5
1655,CD8_T,treatment,5
1656,junk_debris,treatment,5
1657,Neutrophil,treatment,5
1658,B,treatment,5
1659,CD4_T,treatment,5
1660,junk_debris,treatment,5
1661,junk_noise,treatment,5
1662,B,treatment,5
1663,Myeloid,treatment,5
1664,junk_doublet,treatment,5
1665,junk_dead,treatment,5
1666,junk_noise,treatment,5
1667,junk_dead,treatment,5
1668,B,treatment,5
1669,junk_doublet,treatment,5
1670,junk_debris,treatment,5
1671,junk_doublet,treatment,5
1672,Myeloid,treatment,5
1673,junk_dead,treatment,5
1674,junk_doublet,treatment,5
1675,junk_dead,treatment,5
1676,junk_noise,treatment,5
1677,CD8_T,treatment,5
1678,junk_doublet,treatment,5
1679,junk_dead,treatment,5
1680,junk_doublet,treatment,5
1681,junk_dead,treatment,5
1682,CD4_T,treatment,5
1683,junk_dead,treatment,5
1684,NK,treatment,5
1685,junk_debris,treatment,5
1686,junk_doublet,treatment,5
1687,junk_debris,treatment,5
1688,junk_noise,treatment,5
1689,junk_dead,treatment,5
1690,Myeloid,treatment,5
1691,CD4_T,treatment,5
1692,junk_dead,treatment,5
1693,junk_dead,treatment,5
1694,junk_dead,treatment,5
1695,CD8_T,treatment,5
1696,junk_dead,treatment,5
1697,junk_debris,treatment,5
1698,Neutrophil,treatment,5
1699,junk_noise,treatment,5
1700,CD4_T,treatment,5
1701,junk_debris,treatment,5
1702,junk_doublet,treatment,5
1703,CD8_T,treatment,5
1704,junk_dead,treatment,5
1705,junk_debris,treatment,5
1706,B,treatment,5
1707,Neutrophil,treatment,5
1708,junk_debris,treatment,5
1709,junk_debris,treatment,5
1710,Myeloid,treatment,5
1711,junk_noise,treatment,5
1712,junk_debris,treatment,5
1713,junk_dead,treatment,5
1714,junk_dead,treatment,5
1715,DC,treatment,5
1716,CD8_T,treatment,5
1717,junk_debris,treatment,5
1718,B,treatment,5
1719,junk_noise,treatment,5
1720,Myeloid,treatment,5
1721,Myeloid,treatment,5
1722,CD8_T,treatment,5
1723,B,treatment,5
1724,Myeloid,treatment,5
1725,junk_noise,treatment,5
1726,junk_doublet,treatment,5
1727,B,treatment,5
1728,junk_dead,treatment,5
1729,junk_doublet,treatment,5
1730,junk_doublet,treatment,5
1731,NK,treatment,5
1732,junk_debris,treatment,5
1733,junk_noise,treatment,5
1734,junk_debris,treatment,5
1735,CD4_T,treatment,5
1736,B,treatment,5
1737,Neutrophil,treatment,5
1738,Myeloid,treatment,5
1739,junk_debris,treatment,5
1740,CD4_T,treatment,5
1741,junk_dead,treatment,5
1742,junk_debris,treatment,5
1743,junk_debris,treatment,5
1744,junk_debris,treatment,5
1745,junk_doublet,treatment,5
1746,junk_debris,treatment,5
1747,junk_dead,treatment,5
1748,Neutrophil,treatment,5
1749,junk_dead,treatment,5
1750,junk_debris,treatment,5
1751,junk_debris,treatment,5
1752,Myeloid,treatment,5
1753,CD8_T,treatment,5
1754,junk_dead,treatment,5
1755,CD8_T,treatment,5
1756,junk_debris,treatment,5
1757,junk_doublet,treatment,5
1758,junk_debris,treatment,5
1759,junk_debris,treatment,5
1760,CD8_T,treatment,5
1761,Myeloid,treatment,5
1762,Myeloid,treatment,5
1763,junk_dead,treatment,5
1764,junk_debris,treatment,5
1765,junk_debris,treatment,5
1766,junk_debris,treatment,5
1767,Neutrophil,treatment,5
1768,CD4_T,treatment,5
1769,junk_doublet,treatment,5
1770,Neutrophil,treatment,5
1771,junk_noise,treatment,5
1772,CD4_T,treatment,5
1773,junk_dead,treatment,5
1774,NK,treatment,5
1775,CD8_T,treatment,5
1776,Myeloid,treatment,5
1777,NK,treatment,5
1778,junk_dead,treatment,5
1779,junk_doublet,treatment,5
1780,B,treatment,5
1781,junk_noise,treatment,5
1782,DC,treatment,5
1783,B,treatment,5
1784,junk_debris,treatment,5
1785,junk_dead,treatment,5
1786,junk_debris,treatment,5
1787,junk_debris,treatment,5
1788,B,treatment,5
1789,Myeloid,treatment,5
1790,Neutrophil,treatment,5
1791,junk_noise,treatment,5
1792,B,treatment,5
1793,CD8_T,treatment,5
1794,junk_doublet,treatment,5
1795,CD4_T,treatment,5
1796,junk_doublet,treatment,5
1797,junk_debris,treatment,5
1798,junk_noise,treatment,5
1799,CD4_T,treatment,5
1800,junk_dead,treatment,5
1801,CD8_T,treatment,5
1802,junk_debris,treatment,5
1803,junk_doublet,treatment,5
1804,Myeloid,treatment,5
1805,junk_debris,treatment,5
1806,junk_noise,treatment,5
1807,junk_noise,treatment,5
1808,junk_debris,treatment,5
1809,Myeloid,treatment,5
1810,CD4_T,treatment,5
1811,junk_noise,treatment,5
1812,junk_debris,treatment,5
1813,Myeloid,treatment,5
1814,junk_doublet,treatment,5
1815,CD4_T,treatment,5
1816,junk_debris,treatment,5
1817,junk_doublet,treatment,5
1818,junk_debris,treatment,5
1819,junk_doublet,treatment,5
1820,junk_debris,treatment,5
1821,junk_doublet,treatment,5
1822,junk_dead,treatment,5
1823,junk_doublet,treatment,5
1824,junk_dead,treatment,5
1825,Myeloid,treatment,5
1826,CD4_T,treatment,5
1827,B,treatment,5
1828,B,treatment,5
1829,junk_dead,treatment,5
1830,junk_doublet,treatment,5
1831,CD8_T,treatment,5
1832,junk_noise,treatment,5
1833,junk_debris,treatment,5
1834,CD4_T,treatment,5
1835,junk_dead,treatment,5
1836,CD4_T,treatment,5
1837,junk_doublet,treatment,5
1838,junk_debris,treatment,5
1839,junk_debris,treatment,5
1840,CD4_T,treatment,5
1841,junk_debris,treatment,5
1842,junk_noise,treatment,5
1843,Myeloid,treatment,5
1844,Neutrophil,treatment,5
1845,CD4_T,treatment,5
1846,Neutrophil,treatment,5
1847,junk_dead,treatment,5
1848,junk_doublet,treatment,5
1849,junk_doublet,treatment,5
1850,B,treatment,5
1851,B,treatment,5
1852,junk_debris,treatment,5
1853,junk_doublet,treatment,5
1854,Myeloid,treatment,5
1855,junk_noise,treatment,5
1856,junk_dead,treatment,5
1857,junk_debris,treatment,5
1858,junk_dead,treatment,5
1859,junk_dead,treatment,5
1860,junk_debris,treatment,5
1861,junk_doublet,treatment,5
1862,junk_doublet,treatment,5
1863,junk_debris,treatment,5
1864,junk_debris,treatment,5
1865,junk_debris,treatment,5
1866,NK,treatment,5
1867,junk_doublet,treatment,5
1868,junk_debris,treatment,5
1869,B,treatment,5
1870,junk_debris,treatment,5
1871,junk_dead,treatment,5
1872,junk_dead,treatment,5
1873,junk_doublet,treatment,5
1874,junk_doublet,treatment,5
1875,junk_debris,treatment,5
1876,CD8_T,treatment,5
1877,junk_debris,treatment,5
1878,junk_dead,treatment,5
1879,junk_debris,treatment,5
1880,B,treatment,5
1881,junk_doublet,treatment,5
1882,CD8_T,treatment,5
1883,Myeloid,treatment,5
1884,B,treatment,5
1885,B,treatment,5
1886,CD4_T,treatment,5
1887,junk_noise,treatment,5
1888,junk_debris,treatment,5
1889,junk_doublet,treatment,5
1890,CD4_T,treatment,5
1891,junk_noise,treatment,5
1892,junk_debris,treatment,5
1893,CD8_T,treatment,5
1894,CD4_T,treatment,5
1895,junk_debris,treatment,5
1896,junk_dead,treatment,5
1897,junk_doublet,treatment,5
1898,B,treatment,5
1899,Myeloid,treatment,5
1900,junk_noise,treatment,5
1901,junk_debris,treatment,5
1902,junk_debris,treatment,5
1903,junk_dead,treatment,5
1904,junk_debris,treatment,5
1905,Myeloid,treatment,5
1906,junk_doublet,treatment,5
1907,junk_doublet,treatment,5
1908,B,treatment,5
1909,junk_dead,treatment,5
1910,Myeloid,treatment,5
1911,CD8_T,treatment,5
1912,junk_debris,treatment,5
1913,junk_doublet,treatment,5
1914,junk_dead,treatment,5
1915,junk_debris,treatment,5
1916,Neutrophil,treatment,5
1917,junk_dead,treatment,5
1918,junk_dead,treatment,5
1919,junk_noise,treatment,5
1920,junk_dead,treatment,5
1921,CD4_T,treatment,5
1922,junk_debris,treatment,5
1923,B,treatment,5
1924,junk_doublet,treatment,5
1925,junk_debris,treatment,5
1926,junk_debris,treatment,5
1927,B,treatment,5
1928,CD4_T,treatment,5
1929,B,treatment,5
1930,junk_noise,treatment,5
1931,junk_noise,treatment,5
1932,B,treatment,5
1933,junk_debris,treatment,5
1934,B,treatment,5
1935,NK,treatment,5
1936,junk_doublet,treatment,5
1937,junk_doublet,treatment,5
1938,B,treatment,5
1939,junk_dead,treatment,5
1940,B,treatment,5
1941,junk_debris,treatment,5
1942,Myeloid,treatment,5
1943,junk_dead,treatment,5
1944,junk_debris,treatment,5
1945,junk_noise,treatment,5
1946,junk_doublet,treatment,5
1947,Myeloid,treatment,5
1948,B,treatment,5
1949,junk_noise,treatment,5
1950,B,treatment,5
1951,junk_dead,treatment,5
1952,CD4_T,treatment,5
1953,junk_dead,treatment,5
1954,NK,treatment,5
1955,NK,treatment,5
1956,junk_dead,treatment,5
1957,junk_doublet,treatment,5
1958,junk_debris,treatment,5
1959,junk_debris,treatment,5
1960,junk_debris,treatment,5
1961,B,treatment,5
1962,CD8_T,treatment,5
1963,junk_doublet,treatment,5
1964,junk_debris,treatment,5
1965,junk_debris,treatment,5
1966,CD4_T,treatment,5
1967,Neutrophil,treatment,5
1968,junk_debris,treatment,5
1969,junk_doublet,treatment,5
1970,Neutrophil,treatment,5
1971,CD4_T,treatment,5
1972,junk_debris,treatment,5
1973,junk_doublet,treatment,5
1974,Myeloid,treatment,5
1975,junk_doublet,treatment,5
1976,DC,treatment,5
1977,Neutrophil,treatment,5
1978,CD8_T,treatment,5
1979,Myeloid,treatment,5
1980,CD4_T,treatment,5
1981,NK,treatment,5
1982,junk_debris,treatment,5
1983,junk_noise,treatment,5
1984,CD8_T,treatment,5
1985,Neutrophil,treatment,5
1986,junk_dead,treatment,5
1987,Neutrophil,treatment,5
1988,junk_doublet,treatment,5
1989,junk_debris,treatment,5
1990,junk_noise,treatment,5
1991,Neutrophil,treatment,5
1992,junk_debris,treatment,5
1993,CD8_T,treatment,5
1994,junk_doublet,treatment,5
1995,B,treatment,5
1996,junk_noise,treatment,5
1997,junk_dead,treatment,5
1998,CD8_T,treatment,5
1999,junk_debris,treatment,5
2000,B,treatment,5
2001,B,treatment,5
2002,junk_debris,treatment,5
2003,junk_debris,treatment,5
2004,Neutrophil,treatment,5
2005,junk_doublet,treatment,5
2006,Myeloid,treatment,5
2007,NK,treatment,5
2008,junk_dead,treatment,5
2009,CD4_T,treatment,5
2010,junk_debris,treatment,5
2011,CD4_T,treatment,5
2012,junk_debris,treatment,5
2013,junk_debris,treatment,5
2014,junk_doublet,treatment,5
2015,junk_doublet,treatment,5
2016,DC,treatment,5
2017,B,treatment,5
2018,Neutrophil,treatment,5
2019,junk_noise,treatment,5
2020,Neutrophil,treatment,5
2021,junk_debris,treatment,5
2022,junk_debris,treatment,5
2023,junk_debris,treatment,5
2024,junk_doublet,treatment,5
2025,B,treatment,5
2026,junk_debris,treatment,5
2027,junk_debris,treatment,5
2028,junk_dead,treatment,5
2029,B,treatment,5
2030,junk_doublet,treatment,5
2031,Myeloid,treatment,5
2032,CD8_T,treatment,5
2033,DC,treatment,5
2034,junk_debris,treatment,5
2035,junk_debris,treatment,5
2036,NK,treatment,5
2037,B,treatment,5
2038,junk_debris,treatment,5
2039,junk_dead,treatment,5
2040,junk_dead,treatment,5
2041,junk_noise,treatment,5
2042,CD4_T,treatment,5
2043,junk_noise,treatment,5
2044,junk_doublet,treatment,5
2045,CD4_T,treatment,5
2046,junk_debris,treatment,5
2047,CD4_T,treatment,5
2048,junk_debris,treatment,5
2049,CD4_T,treatment,5
2050,junk_dead,treatment,5
2051,junk_doublet,treatment,5
2052,CD8_T,treatment,5
2053,junk_noise,treatment,5
2054,junk_dead,treatment,5
2055,B,treatment,5
2056,junk_dead,treatment,5
2057,CD8_T,treatment,5
2058,junk_debris,treatment,5
2059,CD4_T,treatment,5
2060,junk_dead,treatment,5
2061,B,treatment,5
2062,CD8_T,treatment,5
2063,junk_noise,treatment,5
2064,CD4_T,treatment,5
2065,junk_doublet,treatment,5
2066,junk_doublet,treatment,5
2067,junk_debris,treatment,5
2068,junk_doublet,treatment,5
2069,junk_noise,treatment,5
2070,B,treatment,5
2071,CD4_T,treatment,5
2072,junk_doublet,treatment,5
2073,junk_dead,treatment,5
2074,junk_dead,treatment,5
2075,Myeloid,treatment,5
2076,junk_dead,treatment,5
2077,Myeloid,treatment,5
2078,junk_debris,treatment,5
2079,junk_doublet,treatment,5
2080,junk_noise,treatment,5
2081,B,treatment,5
2082,junk_doublet,treatment,5
2083,CD8_T,treatment,5
2084,junk_dead,treatment,5
2085,junk_dead,treatment,5
2086,junk_doublet,treatment,5
2087,junk_dead,treatment,5
2088,junk_noise,treatment,5
2089,junk_debris,treatment,5
2090,junk_dead,treatment,5
2091,CD4_T,treatment,5
2092,NK,treatment,5
2093,CD4_T,treatment,5
2094,junk_dead,treatment,5
2095,CD4_T,treatment,5
2096,junk_dead,treatment,5
2097,CD4_T,treatment,5
2098,B,treatment,5
2099,junk_noise,treatment,5
2100,B,treatment,5
2101,junk_doublet,treatment,5
2102,junk_dead,treatment,5
2103,junk_doublet,treatment,5
2104,junk_doublet,treatment,5
2105,B,treatment,5
2106,junk_debris,treatment,5
2107,CD4_T,treatment,5
2108,junk_doublet,treatment,5
2109,junk_dead,treatment,5
2110,junk_debris,treatment,5
2111,junk_dead,treatment,5
2112,junk_dead,treatment,5
2113,Myeloid,treatment,5
2114,junk_dead,treatment,5
2115,junk_debris,treatment,5
2116,junk_noise,treatment,5
2117,Myeloid,treatment,5
2118,junk_doublet,treatment,5
2119,junk_noise,treatment,5
2120,junk_dead,treatment,5
2121,junk_doublet,treatment,5
2122,junk_debris,treatment,5
2123,junk_dead,treatment,5
2124,B,treatment,5
2125,NK,treatment,5
2126,junk_debris,treatment,5
2127,B,treatment,5
2128,junk_debris,treatment,5
2129,B,treatment,5
2130,junk_doublet,treatment,5
2131,Neutrophil,treatment,5
2132,junk_doublet,treatment,5
2133,junk_debris,treatment,5
2134,junk_debris,treatment,5
2135,junk_noise,treatment,5
2136,junk_debris,treatment,5
2137,Neutrophil,treatment,5
2138,CD4_T,treatment,5
2139,junk_debris,treatment,5
2140,B,treatment,5
2141,B,treatment,5
2142,junk_doublet,treatment,5
2143,CD4_T,treatment,5
2144,junk_dead,treatment,5
2145,CD4_T,treatment,5
2146,Neutrophil,treatment,5
2147,junk_noise,treatment,5
2148,junk_doublet,treatment,5
2149,junk_debris,treatment,5
2150,junk_doublet,treatment,5
2151,junk_debris,treatment,5
2152,junk_debris,treatment,5
2153,Myeloid,treatment,5
2154,junk_debris,treatment,5
2155,junk_debris,treatment,5
2156,B,treatment,5
2157,junk_debris,treatment,5
2158,Neutrophil,treatment,5
2159,junk_debris,treatment,5
2160,Myeloid,treatment,5
2161,B,treatment,5
2162,Myeloid,treatment,5
2163,B,treatment,5
2164,CD4_T,treatment,5
2165,NK,treatment,5
2166,junk_noise,treatment,5
2167,junk_debris,treatment,5
2168,Neutrophil,treatment,5
2169,junk_noise,treatment,5
2170,CD8_T,treatment,5
2171,Myeloid,treatment,5
2172,junk_dead,treatment,5
2173,junk_noise,treatment,5
2174,CD4_T,treatment,5
2175,B,treatment,5
2176,junk_doublet,treatment,5
2177,junk_dead,treatment,5
2178,junk_debris,treatment,5
2179,junk_dead,treatment,5
2180,junk_doublet,treatment,5
2181,Myeloid,treatment,5
2182,junk_dead,treatment,5
2183,junk_debris,treatment,5
2184,CD4_T,treatment,5
2185,junk_debris,treatment,5
2186,junk_dead,treatment,5
2187,junk_doublet,treatment,5
2188,junk_debris,treatment,5
2189,Myeloid,treatment,5
2190,junk_doublet,treatment,5
2191,junk_noise,treatment,5
2192,junk_doublet,treatment,5
2193,junk_doublet,treatment,5
2194,CD4_T,treatment,5
2195,junk_dead,treatment,5
2196,B,treatment,5
2197,Neutrophil,treatment,5
2198,junk_noise,treatment,5
2199,Neutrophil,treatment,5
2200,Neutrophil,treatment,5
2201,Myeloid,treatment,5
2202,junk_noise,treatment,5
2203,junk_doublet,treatment,5
2204,junk_debris,treatment,5
2205,CD4_T,treatment,5
2206,junk_doublet,treatment,5
2207,junk_dead,treatment,5
2208,CD4_T,treatment,5
2209,Myeloid,treatment,5
2210,junk_doublet,treatment,5
2211,junk_debris,treatment,5
2212,junk_debris,treatment,5
2213,junk_noise,treatment,5
2214,CD4_T,treatment,5
2215,Myeloid,treatment,5
2216,junk_dead,treatment,5
2217,junk_doublet,treatment,5
2218,junk_debris,treatment,5
2219,junk_doublet,treatment,5
2220,junk_debris,treatment,5
2221,CD8_T,treatment,5
2222,junk_debris,treatment,5
2223,junk_dead,treatment,5
2224,junk_debris,treatment,5
2225,junk_debris,treatment,5
2226,junk_dead,treatment,5
2227,junk_dead,treatment,5
2228,NK,treatment,5
2229,B,treatment,5
2230,junk_debris,treatment,5
2231,junk_debris,treatment,5
2232,CD4_T,treatment,5
2233,junk_doublet,treatment,5
2234,CD8_T,treatment,5
2235,junk_doublet,treatment,5
2236,junk_dead,treatment,5
2237,Neutrophil,treatment,5
2238,junk_doublet,treatment,5
2239,B,treatment,5
2240,Neutrophil,treatment,5
2241,junk_doublet,treatment,5
2242,junk_noise,treatment,5
2243,junk_debris,treatment,5
2244,junk_debris,treatment,5
2245,junk_debris,treatment,5
2246,junk_debris,treatment,5
2247,CD8_T,treatment,5
2248,junk_debris,treatment,5
2249,junk_debris,treatment,5
2250,junk_dead,treatment,5
2251,B,treatment,5
2252,Neutrophil,treatment,5
2253,junk_debris,treatment,5
2254,junk_dead,treatment,5
2255,junk_debris,treatment,5
2256,CD4_T,treatment,5
2257,CD4_T,treatment,5
2258,junk_debris,treatment,5
2259,junk_dead,treatment,5
2260,Myeloid,treatment,5
2261,junk_debris,treatment,5
2262,CD4_T,treatment,5
2263,junk_debris,treatment,5
2264,junk_doublet,treatment,5
2265,junk_doublet,treatment,5
2266,junk_noise,treatment,5
2267,Myeloid,treatment,5
2268,Neutrophil,treatment,5
2269,junk_dead,treatment,5
2270,CD8_T,treatment,5
2271,junk_debris,treatment,5
2272,B,treatment,5
2273,CD8_T,treatment,5
2274,junk_debris,treatment,5
2275,junk_noise,treatment,5
2276,Myeloid,treatment,5
2277,NK,treatment,5
2278,junk_debris,treatment,5
2279,junk_debris,treatment,5
2280,junk_debris,treatment,5
2281,junk_dead,treatment,5
2282,junk_dead,treatment,5
2283,junk_debris,treatment,5
2284,CD8_T,treatment,5
2285,CD8_T,treatment,5
2286,junk_dead,treatment,5
2287,junk_debris,treatment,5
2288,junk_doublet,treatment,5
2289,junk_doublet,treatment,5
2290,Neutrophil,treatment,5
2291,junk_debris,treatment,5
2292,Neutrophil,treatment,5
2293,junk_debris,treatment,5
2294,junk_doublet,treatment,5
2295,Neutrophil,treatment,5
2296,NK,treatment,5
2297,junk_noise,treatment,5
2298,Neutrophil,treatment,5
2299,Myeloid,treatment,5
2300,NK,treatment,5
2301,Neutrophil,treatment,5
2302,NK,treatment,5
2303,junk_debris,treatment,5
2304,junk_doublet,treatment,5
2305,junk_debris,treatment,5
2306,junk_noise,treatment,5
2307,junk_dead,treatment,5
2308,junk_noise,treatment,5
2309,junk_debris,treatment,5
2310,CD4_T,treatment,5
2311,Neutrophil,treatment,5
2312,Neutrophil,treatment,5
2313,junk_dead,treatment,5
2314,DC,treatment,5
2315,junk_doublet,treatment,5
2316,junk_debris,treatment,5
2317,junk_debris,treatment,5
2318,NK,treatment,5
2319,CD8_T,treatment,5
2320,Myeloid,treatment,5
2321,Neutrophil,treatment,5
2322,CD8_T,treatment,5
2323,junk_noise,treatment,5
2324,junk_dead,treatment,5
2325,CD4_T,treatment,5
2326,junk_noise,treatment,5
2327,B,treatment,5
2328,junk_debris,treatment,5
2329,junk_doublet,treatment,5
2330,junk_debris,treatment,5
2331,Myeloid,treatment,5
2332,junk_debris,treatment,5
2333,CD4_T,treatment,5
2334,junk_debris,treatment,5
2335,junk_dead,treatment,5
2336,junk_noise,treatment,5
2337,junk_dead,treatment,5
2338,junk_debris,treatment,5
2339,junk_dead,treatment,5
2340,junk_doublet,treatment,5
2341,Neutrophil,treatment,5
2342,junk_debris,treatment,5
2343,B,treatment,5
2344,B,treatment,5
2345,junk_debris,treatment,5
2346,junk_noise,treatment,5
2347,B,treatment,5
2348,B,treatment,5
2349,junk_dead,treatment,5
2350,Myeloid,treatment,5
2351,junk_dead,treatment,5
2352,NK,treatment,5
2353,junk_dead,treatment,5
2354,junk_doublet,treatment,5
2355,junk_dead,treatment,5
2356,junk_dead,treatment,5
2357,junk_doublet,treatment,5
2358,Myeloid,treatment,5
2359,Myeloid,treatment,5
2360,junk_debris,treatment,5
2361,Myeloid,treatment,5
2362,junk_noise,treatment,5
2363,junk_doublet,treatment,5
2364,junk_doublet,treatment,5
2365,junk_debris,treatment,5
2366,junk_debris,treatment,5
2367,junk_dead,treatment,5
2368,junk_dead,treatment,5
2369,Neutrophil,treatment,5
2370,junk_debris,treatment,5
2371,junk_debris,treatment,5
2372,junk_debris,treatment,5
2373,junk_dead,treatment,5
2374,junk_dead,treatment,5
2375,junk_dead,treatment,5
2376,CD8_T,treatment,5
2377,CD8_T,treatment,5
2378,B,treatment,5
2379,Myeloid,treatment,5
2380,NK,treatment,5
2381,Myeloid,treatment,5
2382,junk_noise,treatment,5
2383,junk_doublet,treatment,5
2384,junk_noise,treatment,5
2385,junk_debris,treatment,5
2386,B,treatment,5
2387,junk_noise,treatment,5
2388,junk_debris,treatment,5
2389,junk_doublet,treatment,5
2390,B,treatment,5
2391,junk_dead,treatment,5
2392,junk_noise,treatment,5
2393,B,treatment,5
2394,B,treatment,5
2395,junk_noise,treatment,5
2396,junk_dead,treatment,5
2397,junk_dead,treatment,5
2398,junk_dead,treatment,5
2399,junk_debris,treatment,5
2400,junk_doublet,treatment,5
2401,junk_doublet,treatment,5
2402,junk_dead,treatment,5
2403,DC,treatment,5
2404,junk_debris,treatment,5
2405,junk_debris,treatment,5
2406,Neutrophil,treatment,5
2407,Myeloid,treatment,5
2408,junk_debris,treatment,5
2409,junk_doublet,treatment,5
2410,NK,treatment,5
2411,junk_debris,treatment,5
2412,junk_dead,treatment,5
2413,Myeloid,treatment,5
2414,DC,treatment,5
2415,B,treatment,5
2416,CD4_T,treatment,5
2417,junk_noise,treatment,5
2418,Neutrophil,treatment,5
2419,junk_doublet,treatment,5
2420,junk_debris,treatment,5
2421,junk_doublet,treatment,5
2422,CD4_T,treatment,5
2423,Neutrophil,treatment,5
2424,junk_dead,treatment,5
2425,CD4_T,treatment,5
2426,B,treatment,5
2427,Myeloid,treatment,5
2428,junk_dead,treatment,5
2429,CD4_T,treatment,5
2430,Neutrophil,treatment,5
2431,CD4_T,treatment,5
2432,junk_noise,treatment,5
2433,junk_debris,treatment,5
2434,junk_doublet,treatment,5
2435,junk_doublet,treatment,5
2436,junk_doublet,treatment,5
2437,junk_noise,treatment,5
2438,Myeloid,treatment,5
2439,junk_debris,treatment,5
2440,junk_dead,treatment,5
2441,B,treatment,5
2442,junk_debris,treatment,5
2443,junk_doublet,treatment,5
2444,CD4_T,treatment,5
2445,junk_debris,treatment,5
2446,junk_debris,treatment,5
2447,junk_dead,treatment,5
2448,junk_doublet,treatment,5
2449,junk_debris,treatment,5
2450,Myeloid,treatment,5
2451,junk_debris,treatment,5
2452,Myeloid,treatment,5
2453,CD4_T,treatment,5
2454,junk_dead,treatment,5
2455,junk_doublet,treatment,5
2456,junk_dead,treatment,5
2457,junk_noise,treatment,5
2458,junk_noise,treatment,5
2459,junk_noise,treatment,5
2460,junk_doublet,treatment,5
2461,B,treatment,5
2462,junk_dead,treatment,5
2463,Myeloid,treatment,5
2464,B,treatment,5
2465,junk_debris,treatment,5
2466,junk_debris,treatment,5
2467,junk_dead,treatment,5
2468,junk_dead,treatment,5
2469,junk_noise,treatment,5
2470,junk_debris,treatment,5
2471,junk_noise,treatment,5
2472,CD8_T,treatment,5
2473,junk_dead,treatment,5
2474,junk_dead,treatment,5
2475,junk_debris,treatment,5
2476,junk_noise,treatment,5
2477,junk_dead,treatment,5
2478,junk_debris,treatment,5
2479,B,treatment,5
2480,junk_doublet,treatment,5
2481,junk_noise,treatment,5
2482,junk_doublet,treatment,5
2483,junk_debris,treatment,5
2484,B,treatment,5
2485,junk_debris,treatment,5
2486,junk_dead,treatment,5
2487,junk_debris,treatment,5
2488,junk_doublet,treatment,5
2489,junk_noise,treatment,5
2490,junk_debris,treatment,5
2491,junk_debris,treatment,5
2492,junk_debris,treatment,5
2493,junk_debris,treatment,5
2494,junk_debris,treatment,5
2495,junk_debris,treatment,5
2496,CD4_T,treatment,5
2497,junk_debris,treatment,5
2498,NK,treatment,5
2499,B,treatment,5
2500,junk_doublet,treatment,5
2501,junk_doublet,treatment,5
2502,junk_dead,treatment,5
2503,junk_dead,treatment,5
2504,B,treatment,5
2505,Myeloid,treatment,5
2506,junk_debris,treatment,5
2507,B,treatment,5
2508,Neutrophil,treatment,5
2509,B,treatment,5
2510,junk_dead,treatment,5
2511,junk_doublet,treatment,5
2512,junk_noise,treatment,5
2513,junk_doublet,treatment,5
2514,junk_doublet,treatment,5
2515,junk_debris,treatment,5
2516,junk_noise,treatment,5
2517,junk_debris,treatment,5
2518,junk_noise,treatment,5
2519,junk_doublet,treatment,5
2520,junk_dead,treatment,5
2521,junk_noise,treatment,5
2522,junk_doublet,treatment,5
2523,B,treatment,5
2524,junk_debris,treatment,5
2525,junk_dead,treatment,5
2526,NK,treatment,5
2527,junk_doublet,treatment,5
2528,junk_dead,treatment,5
2529,junk_doublet,treatment,5
2530,junk_dead,treatment,5
2531,B,treatment,5
2532,junk_doublet,treatment,5
2533,junk_noise,treatment,5
2534,junk_noise,treatment,5
2535,junk_debris,treatment,5
2536,CD8_T,treatment,5
2537,CD4_T,treatment,5
2538,CD4_T,treatment,5
2539,NK,treatment,5
2540,NK,treatment,5
2541,junk_debris,treatment,5
2542,junk_debris,treatment,5
2543,B,treatment,5
2544,junk_dead,treatment,5
2545,junk_doublet,treatment,5
2546,junk_debris,treatment,5
2547,junk_debris,treatment,5
2548,junk_noise,treatment,5
2549,CD4_T,treatment,5
2550,junk_noise,treatment,5
2551,junk_dead,treatment,5
2552,junk_debris,treatment,5
2553,CD4_T,treatment,5
2554,junk_dead,treatment,5
2555,junk_dead,treatment,5
2556,junk_doublet,treatment,5
2557,B,treatment,5
2558,junk_noise,treatment,5
2559,junk_noise,treatment,5
2560,junk_debris,treatment,5
2561,B,treatment,5
2562,Neutrophil,treatment,5
2563,junk_debris,treatment,5
2564,junk_dead,treatment,5
2565,junk_doublet,treatment,5
2566,junk_debris,treatment,5
2567,junk_debris,treatment,5
2568,Myeloid,treatment,5
2569,junk_dead,treatment,5
2570,junk_noise,treatment,5
2571,junk_dead,treatment,5
2572,B,treatment,5
2573,junk_debris,treatment,5
2574,NK,treatment,5
2575,B,treatment,5
2576,junk_noise,treatment,5
2577,DC,treatment,5
2578,CD4_T,treatment,5
2579,junk_debris,treatment,5
2580,junk_dead,treatment,5
2581,junk_debris,treatment,5
2582,junk_noise,treatment,5
2583,junk_doublet,treatment,5
2584,junk_doublet,treatment,5
2585,junk_noise,treatment,5
2586,junk_doublet,treatment,5
2587,junk_doublet,treatment,5
2588,junk_doublet,treatment,5
2589,junk_debris,treatment,5
2590,Myeloid,treatment,5
2591,junk_noise,treatment,5
2592,B,treatment,5
2593,junk_debris,treatment,5
2594,Myeloid,treatment,5
2595,junk_doublet,treatment,5
2596,junk_dead,treatment,5
2597,B,treatment,5
2598,junk_dead,treatment,5
2599,junk_debris,treatment,5
2600,B,treatment,5
2601,junk_doublet,treatment,5
2602,CD8_T,treatment,5
2603,Neutrophil,treatment,5
2604,junk_doublet,treatment,5
2605,junk_noise,treatment,5
2606,Myeloid,treatment,5
2607,junk_debris,treatment,5
2608,junk_dead,treatment,5
2609,junk_debris,treatment,5
2610,Myeloid,treatment,5
2611,junk_debris,treatment,5
2612,junk_debris,treatment,5
2613,junk_dead,treatment,5
2614,CD4_T,treatment,5
2615,junk_doublet,treatment,5
2616,B,treatment,5
2617,B,treatment,5
2618,Neutrophil,treatment,5
2619,junk_dead,treatment,5
2620,junk_doublet,treatment,5
2621,B,treatment,5
2622,junk_doublet,treatment,5
2623,junk_debris,treatment,5
2624,B,treatment,5
2625,junk_debris,treatment,5
2626,CD8_T,treatment,5
2627,Neutrophil,treatment,5
2628,NK,treatment,5
2629,B,treatment,5
2630,junk_doublet,treatment,5
2631,Myeloid,treatment,5
2632,junk_doublet,treatment,5
2633,Myeloid,treatment,5
2634,junk_debris,treatment,5
2635,B,treatment,5
2636,B,treatment,5
2637,B,treatment,5
2638,junk_debris,treatment,5
2639,Neutrophil,treatment,5
2640,B,treatment,5
2641,junk_debris,treatment,5
2642,junk_debris,treatment,5
2643,junk_debris,treatment,5
2644,junk_noise,treatment,5
2645,junk_debris,treatment,5
2646,B,treatment,5
2647,B,treatment,5
2648,CD4_T,treatment,5
2649,junk_doublet,treatment,5
2650,CD4_T,treatment,5
2651,CD4_T,treatment,5
2652,junk_debris,treatment,5
2653,B,treatment,5
2654,junk_dead,treatment,5
2655,junk_doublet,treatment,5
2656,Neutrophil,treatment,5
2657,junk_debris,treatment,5
2658,Neutrophil,treatment,5
2659,junk_noise,treatment,5
2660,junk_dead,treatment,5
2661,Neutrophil,treatment,5
2662,B,treatment,5
2663,junk_debris,treatment,5
2664,junk_doublet,treatment,5
2665,junk_debris,treatment,5
2666,Neutrophil,treatment,5
2667,junk_doublet,treatment,5
2668,Myeloid,treatment,5
2669,NK,treatment,5
2670,junk_doublet,treatment,5
2671,junk_doublet,treatment,5
2672,junk_debris,treatment,5
2673,junk_dead,treatment,5
2674,NK,treatment,5
2675,junk_doublet,treatment,5
2676,junk_doublet,treatment,5
2677,junk_dead,treatment,5
2678,junk_debris,treatment,5
2679,junk_dead,treatment,5
2680,CD4_T,treatment,5
2681,junk_dead,treatment,5
2682,Myeloid,treatment,5
2683,junk_doublet,treatment,5
2684,junk_noise,treatment,5
2685,junk_doublet,treatment,5
2686,junk_dead,treatment,5
2687,Myeloid,treatment,5
2688,junk_dead,treatment,5
2689,CD8_T,treatment,5
2690,junk_debris,treatment,5
2691,junk_doublet,treatment,5
2692,junk_doublet,treatment,5
2693,junk_dead,treatment,5
2694,junk_doublet,treatment,5
2695,junk_doublet,treatment,5
2696,junk_debris,treatment,5
2697,junk_dead,treatment,5
2698,junk_debris,treatment,5
2699,junk_debris,treatment,5
2700,Myeloid,treatment,5
2701,junk_noise,treatment,5
2702,junk_noise,treatment,5
2703,junk_doublet,treatment,5
2704,junk_dead,treatment,5
2705,junk_noise,treatment,5
2706,NK,treatment,5
2707,junk_doublet,treatment,5
2708,junk_dead,treatment,5
2709,junk_doublet,treatment,5
2710,junk_dead,treatment,5
2711,junk_doublet,treatment,5
2712,Myeloid,treatment,5
2713,CD8_T,treatment,5
2714,junk_doublet,treatment,5
2715,junk_doublet,treatment,5
2716,junk_debris,treatment,5
2717,junk_doublet,treatment,5
2718,junk_debris,treatment,5
2719,junk_dead,treatment,5
2720,junk_dead,treatment,5
2721,junk_debris,treatment,5
2722,junk_debris,treatment,5
2723,CD8_T,treatment,5
2724,CD4_T,treatment,5
2725,NK,treatment,5
2726,junk_noise,treatment,5
2727,junk_doublet,treatment,5
2728,Neutrophil,treatment,5
2729,junk_dead,treatment,5
2730,junk_doublet,treatment,5
2731,NK,treatment,5
2732,junk_debris,treatment,5
2733,B,treatment,5
2734,junk_doublet,treatment,5
2735,junk_dead,treatment,5
2736,junk_noise,treatment,5
2737,junk_noise,treatment,5
2738,junk_doublet,treatment,5
2739,Neutrophil,treatment,5
2740,CD4_T,treatment,5
2741,junk_debris,treatment,5
2742,junk_debris,treatment,5
2743,junk_doublet,treatment,5
2744,B,treatment,5
2745,junk_debris,treatment,5
2746,junk_dead,treatment,5
2747,junk_dead,treatment,5
2748,Myeloid,treatment,5
2749,NK,treatment,5
2750,junk_doublet,treatment,5
2751,junk_dead,treatment,5
2752,junk_dead,treatment,5
2753,B,treatment,5
2754,Myeloid,treatment,5
2755,Myeloid,treatment,5
2756,junk_doublet,treatment,5
2757,B,treatment,5
2758,junk_dead,treatment,5
2759,B,treatment,5
2760,B,treatment,5
2761,Myeloid,treatment,5
2762,junk_debris,treatment,5
2763,junk_debris,treatment,5
2764,junk_noise,treatment,5
2765,junk_debris,treatment,5
2766,junk_debris,treatment,5
2767,junk_debris,treatment,5
2768,B,treatment,5
2769,Neutrophil,treatment,5
2770,junk_debris,treatment,5
2771,junk_dead,treatment,5
2772,junk_dead,treatment,5
2773,junk_doublet,treatment,5
2774,junk_debris,treatment,5
2775,CD8_T,treatment,5
2776,junk_doublet,treatment,5
2777,Myeloid,treatment,5
2778,junk_dead,treatment,5
2779,junk_noise,treatment,5
2780,junk_debris,treatment,5
2781,junk_dead,treatment,5
2782,Neutrophil,treatment,5
2783,junk_doublet,treatment,5
2784,Neutrophil,treatment,5
2785,junk_dead,treatment,5
2786,CD8_T,treatment,5
2787,junk_dead,treatment,5
2788,junk_doublet,treatment,5
2789,junk_dead,treatment,5
2790,junk_noise,treatment,5
2791,junk_doublet,treatment,5
2792,CD4_T,treatment,5
2793,junk_noise,treatment,5
2794,NK,treatment,5
2795,Neutrophil,treatment,5
2796,junk_debris,treatment,5
2797,junk_debris,treatment,5
2798,junk_dead,treatment,5
2799,junk_doublet,treatment,5
2800,Myeloid,treatment,5
2801,Myeloid,treatment,5
2802,junk_doublet,treatment,5
2803,junk_doublet,treatment,5
2804,junk_noise,treatment,5
2805,junk_debris,treatment,5
2806,junk_debris,treatment,5
2807,junk_debris,treatment,5
2808,Neutrophil,treatment,5
2809,junk_debris,treatment,5
2810,junk_debris,treatment,5
2811,junk_debris,treatment,5
2812,junk_doublet,treatment,5
2813,junk_dead,treatment,5
2814,junk_noise,treatment,5
2815,junk_debris,treatment,5
2816,NK,treatment,5
2817,junk_noise,treatment,5
2818,junk_noise,treatment,5
2819,junk_debris,treatment,5
2820,junk_doublet,treatment,5
2821,junk_doublet,treatment,5
2822,junk_noise,treatment,5
2823,B,treatment,5
2824,junk_debris,treatment,5
2825,CD4_T,treatment,5
2826,B,treatment,5
2827,Myeloid,treatment,5
2828,Neutrophil,treatment,5
2829,NK,treatment,5
2830,junk_dead,treatment,5
2831,junk_doublet,treatment,5
2832,junk_dead,treatment,5
2833,Myeloid,treatment,5
2834,B,treatment,5
2835,junk_debris,treatment,5
2836,DC,treatment,5
2837,CD8_T,treatment,5
2838,DC,treatment,5
2839,junk_dead,treatment,5
2840,junk_doublet,treatment,5
2841,CD8_T,treatment,5
2842,junk_debris,treatment,5
2843,junk_dead,treatment,5
2844,DC,treatment,5
2845,junk_doublet,treatment,5
2846,B,treatment,5
2847,CD8_T,treatment,5
2848,junk_debris,treatment,5
2849,junk_doublet,treatment,5
2850,junk_debris,treatment,5
2851,Neutrophil,treatment,5
2852,B,treatment,5
2853,junk_dead,treatment,5
2854,CD4_T,treatment,5
2855,junk_dead,treatment,5
2856,Myeloid,treatment,5
2857,junk_debris,treatment,5
2858,Neutrophil,treatment,5
2859,junk_doublet,treatment,5
2860,CD4_T,treatment,5
2861,junk_doublet,treatment,5
2862,junk_debris,treatment,5
2863,CD8_T,treatment,5
2864,junk_dead,treatment,5
2865,junk_noise,treatment,5
2866,Neutrophil,treatment,5
2867,CD8_T,treatment,5
2868,junk_debris,treatment,5
2869,B,treatment,5
2870,junk_dead,treatment,5
2871,Myeloid,treatment,5
2872,junk_debris,treatment,5
2873,junk_noise,treatment,5
2874,junk_debris,treatment,5
2875,junk_noise,treatment,5
2876,junk_noise,treatment,5
2877,junk_debris,treatment,5
2878,junk_debris,treatment,5
2879,B,treatment,5
2880,junk_doublet,treatment,5
2881,junk_debris,treatment,5
2882,junk_doublet,treatment,5
2883,junk_debris,treatment,5
2884,junk_debris,treatment,5
2885,junk_dead,treatment,5
2886,junk_doublet,treatment,5
2887,junk_debris,treatment,5
2888,junk_doublet,treatment,5
2889,junk_doublet,treatment,5
2890,junk_dead,treatment,5
2891,Neutrophil,treatment,5
2892,junk_dead,treatment,5
2893,Neutrophil,treatment,5
2894,junk_debris,treatment,5
2895,junk_debris,treatment,5
2896,Neutrophil,treatment,5
2897,CD4_T,treatment,5
2898,junk_debris,treatment,5
2899,junk_doublet,treatment,5
2900,junk_dead,treatment,5
2901,junk_dead,treatment,5
2902,B,treatment,5
2903,Neutrophil,treatment,5
2904,junk_dead,treatment,5
2905,junk_debris,treatment,5
2906,junk_doublet,treatment,5
2907,B,treatment,5
2908,junk_noise,treatment,5
2909,CD4_T,treatment,5
2910,junk_dead,treatment,5
2911,junk_dead,treatment,5
2912,junk_doublet,treatment,5
2913,Neutrophil,treatment,5
2914,CD4_T,treatment,5
2915,junk_debris,treatment,5
2916,CD4_T,treatment,5
2917,junk_debris,treatment,5
2918,junk_dead,treatment,5
2919,junk_dead,treatment,5
2920,junk_debris,treatment,5
2921,B,treatment,5
2922,junk_noise,treatment,5
2923,junk_dead,treatment,5
2924,B,treatment,5
2925,junk_debris,treatment,5
2926,junk_debris,treatment,5
2927,junk_debris,treatment,5
2928,junk_debris,treatment,5
2929,CD4_T,treatment,5
2930,junk_dead,treatment,5
2931,CD8_T,treatment,5
2932,junk_doublet,treatment,5
2933,junk_dead,treatment,5
2934,Myeloid,treatment,5
2935,B,treatment,5
2936,junk_noise,treatment,5
2937,CD8_T,treatment,5
2938,junk_doublet,treatment,5
2939,junk_dead,treatment,5
2940,junk_dead,treatment,5
2941,NK,treatment,5
2942,Neutrophil,treatment,5
2943,B,treatment,5
2944,Myeloid,treatment,5
2945,junk_doublet,treatment,5
2946,junk_dead,treatment,5
2947,junk_doublet,treatment,5
2948,B,treatment,5
2949,junk_noise,treatment,5
2950,junk_doublet,treatment,5
2951,junk_doublet,treatment,5
2952,junk_debris,treatment,5
2953,B,treatment,5
2954,junk_noise,treatment,5
2955,B,treatment,5
2956,B,treatment,5
2957,junk_noise,treatment,5
2958,junk_debris,treatment,5
2959,junk_dead,treatment,5
2960,CD8_T,treatment,5
2961,junk_dead,treatment,5
2962,junk_dead,treatment,5
2963,B,treatment,5
2964,junk_noise,treatment,5
2965,junk_debris,treatment,5
2966,junk_noise,treatment,5
2967,CD4_T,treatment,5
2968,CD4_T,treatment,5
2969,junk_noise,treatment,5
2970,junk_debris,treatment,5
2971,CD4_T,treatment,5
2972,junk_debris,treatment,5
2973,junk_debris,treatment,5
2974,junk_doublet,treatment,5
2975,CD8_T,treatment,5
2976,Neutrophil,treatment,5
2977,B,treatment,5
2978,CD4_T,treatment,5
2979,junk_doublet,treatment,5
2980,junk_noise,treatment,5
2981,DC,treatment,5
2982,junk_doublet,treatment,5
2983,B,treatment,5
2984,junk_doublet,treatment,5
2985,junk_debris,treatment,5
2986,junk_debris,treatment,5
2987,junk_doublet,treatment,5
2988,junk_dead,treatment,5
2989,junk_dead,treatment,5
2990,CD4_T,treatment,5
2991,CD4_T,treatment,5
2992,junk_dead,treatment,5
2993,junk_doublet,treatment,5
2994,junk_debris,treatment,5
2995,junk_debris,treatment,5
2996,junk_debris,treatment,5
2997,NK,treatment,5
2998,junk_debris,treatment,5
2999,B,treatment,5
3000,junk_dead,treatment,5
3001,junk_doublet,treatment,5
3002,junk_doublet,treatment,5
3003,B,treatment,5
3004,B,treatment,5
3005,junk_dead,treatment,5
3006,B,treatment,5
3007,junk_doublet,treatment,5
3008,junk_noise,treatment,5
3009,junk_debris,treatment,5
3010,junk_dead,treatment,5
3011,junk_debris,treatment,5
3012,junk_debris,treatment,5
3013,B,treatment,5
3014,CD8_T,treatment,5
3015,junk_noise,treatment,5
3016,NK,treatment,5
3017,junk_debris,treatment,5
3018,junk_doublet,treatment,5
3019,junk_doublet,treatment,5
3020,Neutrophil,treatment,5
3021,Myeloid,treatment,5
3022,junk_debris,treatment,5
3023,NK,treatment,5
3024,B,treatment,5
3025,junk_doublet,treatment,5
3026,junk_doublet,treatment,5
3027,CD4_T,treatment,5
3028,junk_debris,treatment,5
3029,junk_debris,treatment,5
3030,NK,treatment,5
3031,junk_debris,treatment,5
3032,junk_debris,treatment,5
3033,junk_debris,treatment,5
3034,B,treatment,5
3035,junk_dead,treatment,5
3036,Neutrophil,treatment,5
3037,junk_dead,treatment,5
3038,junk_dead,treatment,5
3039,junk_debris,treatment,5
3040,junk_doublet,treatment,5
3041,junk_debris,treatment,5
3042,junk_doublet,treatment,5
3043,junk_debris,treatment,5
3044,junk_debris,treatment,5
3045,junk_doublet,treatment,5
3046,junk_debris,treatment,5
3047,junk_debris,treatment,5
3048,B,treatment,5
3049,junk_debris,treatment,5
3050,junk_debris,treatment,5
3051,B,treatment,5
3052,CD4_T,treatment,5
3053,junk_debris,treatment,5
3054,junk_doublet,treatment,5
3055,junk_doublet,treatment,5
3056,junk_debris,treatment,5
3057,CD4_T,treatment,5
3058,B,treatment,5
3059,junk_dead,treatment,5
3060,junk_doublet,treatment,5
3061,Myeloid,treatment,5
3062,junk_debris,treatment,5
3063,junk_doublet,treatment,5
3064,NK,treatment,5
3065,Neutrophil,treatment,5
3066,junk_debris,treatment,5
3067,Myeloid,treatment,5
3068,junk_noise,treatment,5
3069,junk_doublet,treatment,5
3070,junk_debris,treatment,5
3071,junk_debris,treatment,5
3072,B,treatment,5
3073,junk_debris,treatment,5
3074,DC,treatment,5
3075,junk_debris,treatment,5
3076,junk_debris,treatment,5
3077,CD8_T,treatment,5
3078,B,treatment,5
3079,junk_doublet,treatment,5
3080,CD4_T,treatment,5
3081,junk_noise,treatment,5
3082,CD8_T,treatment,5
3083,Myeloid,treatment,5
3084,junk_doublet,treatment,5
3085,junk_debris,treatment,5
3086,junk_debris,treatment,5
3087,junk_dead,treatment,5
3088,Myeloid,treatment,5
3089,junk_dead,treatment,5
3090,junk_debris,treatment,5
3091,junk_debris,treatment,5
3092,junk_dead,treatment,5
3093,junk_dead,treatment,5
3094,junk_doublet,treatment,5
3095,CD4_T,treatment,5
3096,DC,treatment,5
3097,junk_doublet,treatment,5
3098,junk_dead,treatment,5
3099,junk_doublet,treatment,5
3100,Neutrophil,treatment,5
3101,NK,treatment,5
3102,B,treatment,5
3103,junk_doublet,treatment,5
3104,junk_dead,treatment,5
3105,junk_debris,treatment,5
3106,junk_doublet,treatment,5
3107,junk_debris,treatment,5
3108,junk_dead,treatment,5
3109,Myeloid,treatment,5
3110,junk_dead,treatment,5
3111,CD4_T,treatment,5
3112,CD4_T,treatment,5
3113,junk_doublet,treatment,5
3114,Neutrophil,treatment,5
3115,Myeloid,treatment,5
3116,junk_doublet,treatment,5
3117,CD4_T,treatment,5
3118,junk_dead,treatment,5
3119,junk_doublet,treatment,5
3120,junk_debris,treatment,5
3121,CD8_T,treatment,5
3122,junk_debris,treatment,5
3123,CD4_T,treatment,5
3124,junk_debris,treatment,5
3125,B,treatment,5
3126,CD4_T,treatment,5
3127,Myeloid,treatment,5
3128,B,treatment,5
3129,junk_debris,treatment,5
3130,junk_debris,treatment,5
3131,junk_debris,treatment,5
3132,junk_noise,treatment,5
3133,junk_debris,treatment,5
3134,B,treatment,5
3135,junk_debris,treatment,5
3136,junk_debris,treatment,5
3137,CD4_T,treatment,5
3138,NK,treatment,5
3139,junk_dead,treatment,5
3140,B,treatment,5
3141,B,treatment,5
3142,junk_doublet,treatment,5
3143,B,treatment,5
3144,junk_dead,treatment,5
3145,junk_doublet,treatment,5
3146,junk_dead,treatment,5
3147,junk_doublet,treatment,5
3148,CD8_T,treatment,5
3149,junk_dead,treatment,5
3150,junk_debris,treatment,5
3151,junk_dead,treatment,5
3152,junk_debris,treatment,5
3153,junk_noise,treatment,5
3154,junk_doublet,treatment,5
3155,Myeloid,treatment,5
3156,junk_debris,treatment,5
3157,CD4_T,treatment,5
3158,junk_dead,treatment,5
3159,Neutrophil,treatment,5
3160,junk_dead,treatment,5
3161,CD4_T,treatment,5
3162,junk_doublet,treatment,5
3163,junk_doublet,treatment,5
3164,B,treatment,5
3165,junk_noise,treatment,5
3166,B,treatment,5
3167,B,treatment,5
3168,junk_noise,treatment,5
3169,junk_doublet,treatment,5
3170,junk_noise,treatment,5
3171,junk_doublet,treatment,5
3172,junk_noise,treatment,5
3173,junk_debris,treatment,5
3174,junk_debris,treatment,5
3175,CD4_T,treatment,5
3176,Neutrophil,treatment,5
3177,junk_noise,treatment,5
3178,B,treatment,5
3179,CD4_T,treatment,5
3180,CD4_T,treatment,5
3181,CD4_T,treatment,5
3182,NK,treatment,5
3183,junk_debris,treatment,5
3184,CD8_T,treatment,5
3185,junk_debris,treatment,5
3186,Neutrophil,treatment,5
3187,junk_debris,treatment,5
3188,NK,treatment,5
3189,junk_dead,treatment,5
3190,junk_debris,treatment,5
3191,junk_doublet,treatment,5
3192,B,treatment,5
3193,junk_doublet,treatment,5
3194,junk_dead,treatment,5
3195,junk_dead,treatment,5
3196,junk_noise,treatment,5
3197,CD4_T,treatment,5
3198,junk_dead,treatment,5
3199,B,treatment,5
3200,junk_doublet,treatment,5
3201,junk_debris,treatment,5
3202,junk_debris,treatment,5
3203,junk_debris,treatment,5
3204,junk_noise,treatment,5
3205,B,treatment,5
3206,CD8_T,treatment,5
3207,junk_doublet,treatment,5
3208,junk_dead,treatment,5
3209,CD4_T,treatment,5
3210,junk_debris,treatment,5
3211,B,treatment,5
3212,junk_noise,treatment,5
3213,Neutrophil,treatment,5
3214,junk_debris,treatment,5
3215,junk_debris,treatment,5
3216,CD8_T,treatment,5
3217,junk_noise,treatment,5
3218,junk_debris,treatment,5
3219,Myeloid,treatment,5
3220,junk_debris,treatment,5
3221,B,treatment,5
3222,B,treatment,5
3223,junk_noise,treatment,5
3224,junk_noise,treatment,5
3225,junk_debris,treatment,5
3226,B,treatment,5
3227,junk_doublet,treatment,5
3228,junk_dead,treatment,5
3229,junk_noise,treatment,5
3230,junk_debris,treatment,5
3231,CD8_T,treatment,5
3232,B,treatment,5
3233,junk_doublet,treatment,5
3234,B,treatment,5
3235,Myeloid,treatment,5
3236,junk_debris,treatment,5
3237,junk_doublet,treatment,5
3238,B,treatment,5
3239,junk_dead,treatment,5
3240,junk_dead,treatment,5
3241,Neutrophil,treatment,5
3242,junk_noise,treatment,5
3243,junk_dead,treatment,5
3244,junk_debris,treatment,5
3245,Myeloid,treatment,5
3246,junk_debris,treatment,5
3247,junk_noise,treatment,5
3248,B,treatment,5
3249,junk_doublet,treatment,5
3250,junk_debris,treatment,5
3251,junk_debris,treatment,5
3252,junk_dead,treatment,5
3253,junk_dead,treatment,5
3254,junk_doublet,treatment,5
3255,junk_debris,treatment,5
3256,junk_debris,treatment,5
3257,junk_noise,treatment,5
3258,junk_dead,treatment,5
3259,junk_dead,treatment,5
3260,junk_debris,treatment,5
3261,B,treatment,5
3262,B,treatment,5
3263,CD8_T,treatment,5
3264,junk_dead,treatment,5
3265,junk_dead,treatment,5
3266,junk_noise,treatment,5
3267,CD4_T,treatment,5
3268,CD4_T,treatment,5
3269,B,treatment,5
3270,junk_debris,treatment,5
3271,junk_dead,treatment,5
3272,junk_debris,treatment,5
3273,Neutrophil,treatment,5
3274,B,treatment,5
3275,junk_debris,treatment,5
3276,B,treatment,5
3277,junk_noise,treatment,5
3278,junk_noise,treatment,5
3279,junk_debris,treatment,5
3280,junk_debris,treatment,5
3281,CD4_T,treatment,5
3282,junk_dead,treatment,5
3283,junk_debris,treatment,5
3284,B,treatment,5
3285,B,treatment,5
3286,junk_dead,treatment,5
3287,junk_doublet,treatment,5
3288,junk_debris,treatment,5
3289,junk_debris,treatment,5
3290,junk_dead,treatment,5
3291,junk_debris,treatment,5
3292,junk_doublet,treatment,5
3293,junk_dead,treatment,5
3294,junk_debris,treatment,5
3295,junk_doublet,treatment,5
3296,junk_debris,treatment,5
3297,CD8_T,treatment,5
3298,CD4_T,treatment,5
3299,junk_doublet,treatment,5
3300,junk_doublet,treatment,5
3301,junk_debris,treatment,5
3302,junk_debris,treatment,5
3303,junk_doublet,treatment,5
3304,junk_noise,treatment,5
3305,B,treatment,5
3306,junk_noise,treatment,5
3307,junk_debris,treatment,5
3308,Neutrophil,treatment,5
3309,junk_debris,treatment,5
3310,junk_dead,treatment,5
3311,B,treatment,5
3312,junk_debris,treatment,5
3313,junk_dead,treatment,5
3314,Myeloid,treatment,5
3315,CD8_T,treatment,5
3316,Myeloid,treatment,5
3317,Neutrophil,treatment,5
3318,B,treatment,5
3319,B,treatment,5
3320,junk_doublet,treatment,5
3321,junk_debris,treatment,5
3322,Neutrophil,treatment,5
3323,junk_debris,treatment,5
3324,B,treatment,5
3325,junk_noise,treatment,5
3326,junk_noise,treatment,5
3327,junk_debris,treatment,5
3328,junk_noise,treatment,5
3329,junk_doublet,treatment,5
3330,Myeloid,treatment,5
3331,junk_dead,treatment,5
3332,junk_dead,treatment,5
3333,junk_debris,treatment,5
3334,CD8_T,treatment,5
3335,B,treatment,5
3336,junk_dead,treatment,5
3337,junk_dead,treatment,5
3338,junk_debris,treatment,5
3339,junk_doublet,treatment,5
3340,CD4_T,treatment,5
3341,junk_dead,treatment,5
3342,junk_dead,treatment,5
3343,junk_doublet,treatment,5
3344,B,treatment,5
3345,junk_dead,treatment,5
3346,junk_debris,treatment,5
3347,junk_doublet,treatment,5
3348,junk_debris,treatment,5
3349,junk_debris,treatment,5
3350,junk_debris,treatment,5
3351,junk_debris,treatment,5
3352,junk_doublet,treatment,5
3353,junk_debris,treatment,5
3354,junk_doublet,treatment,5
3355,junk_noise,treatment,5
3356,CD4_T,treatment,5
3357,junk_doublet,treatment,5
3358,junk_debris,treatment,5
3359,Myeloid,treatment,5
3360,CD4_T,treatment,5
3361,junk_doublet,treatment,5
3362,junk_debris,treatment,5
3363,junk_noise,treatment,5
3364,junk_debris,treatment,5
3365,junk_noise,treatment,5
3366,junk_dead,treatment,5
3367,junk_dead,treatment,5
3368,Neutrophil,treatment,5
3369,junk_doublet,treatment,5
3370,Myeloid,treatment,5
3371,junk_noise,treatment,5
3372,junk_doublet,treatment,5
3373,junk_debris,treatment,5
3374,Neutrophil,treatment,5
3375,junk_debris,treatment,5
3376,junk_debris,treatment,5
3377,junk_debris,treatment,5
3378,junk_doublet,treatment,5
3379,junk_debris,treatment,5
3380,DC,treatment,5
3381,junk_debris,treatment,5
3382,junk_debris,treatment,5
3383,CD4_T,treatment,5
3384,junk_debris,treatment,5
3385,junk_debris,treatment,5
3386,Neutrophil,treatment,5
3387,junk_doublet,treatment,5
3388,junk_debris,treatment,5
3389,junk_noise,treatment,5
3390,junk_dead,treatment,5
3391,junk_doublet,treatment,5
3392,junk_dead,treatment,5
3393,junk_debris,treatment,5
3394,junk_noise,treatment,5
3395,junk_debris,treatment,5
3396,junk_debris,treatment,5
3397,junk_dead,treatment,5
3398,CD8_T,treatment,5
3399,B,treatment,5
3400,CD4_T,treatment,5
3401,junk_doublet,treatment,5
3402,junk_dead,treatment,5
3403,junk_noise,treatment,5
3404,B,treatment,5
3405,CD8_T,treatment,5
3406,CD8_T,treatment,5
3407,junk_doublet,treatment,5
3408,B,treatment,5
3409,Neutrophil,treatment,5
3410,junk_debris,treatment,5
3411,junk_doublet,treatment,5
3412,CD4_T,treatment,5
3413,junk_noise,treatment,5
3414,junk_doublet,treatment,5
3415,junk_debris,treatment,5
3416,junk_dead,treatment,5
3417,junk_debris,treatment,5
3418,junk_doublet,treatment,5
3419,junk_noise,treatment,5
3420,junk_doublet,treatment,5
3421,junk_doublet,treatment,5
3422,junk_dead,treatment,5
3423,junk_doublet,treatment,5
3424,junk_debris,treatment,5
3425,junk_debris,treatment,5
3426,junk_noise,treatment,5
3427,junk_debris,treatment,5
3428,junk_doublet,treatment,5
3429,junk_debris,treatment,5
3430,junk_doublet,treatment,5
3431,junk_dead,treatment,5
3432,junk_noise,treatment,5
3433,junk_dead,treatment,5
3434,junk_debris,treatment,5
3435,junk_dead,treatment,5
3436,CD8_T,treatment,5
3437,junk_debris,treatment,5
3438,junk_dead,treatment,5
3439,junk_noise,treatment,5
3440,junk_noise,treatment,5
3441,junk_doublet,treatment,5
3442,CD8_T,treatment,5
3443,junk_doublet,treatment,5
3444,junk_noise,treatment,5
3445,Neutrophil,treatment,5
3446,CD8_T,treatment,5
3447,CD4_T,treatment,5
3448,junk_doublet,treatment,5
3449,junk_debris,treatment,5
3450,junk_noise,treatment,5
3451,CD4_T,treatment,5
3452,junk_debris,treatment,5
3453,CD4_T,treatment,5
3454,Neutrophil,treatment,5
3455,Neutrophil,treatment,5
3456,junk_debris,treatment,5
3457,CD4_T,treatment,5
3458,Myeloid,treatment,5
3459,junk_debris,treatment,5
3460,junk_debris,treatment,5
3461,junk_doublet,treatment,5
3462,CD8_T,treatment,5
3463,junk_debris,treatment,5
3464,CD8_T,treatment,5
3465,junk_doublet,treatment,5
3466,junk_noise,treatment,5
3467,B,treatment,5
3468,Neutrophil,treatment,5
3469,junk_noise,treatment,5
3470,Neutrophil,treatment,5
3471,junk_noise,treatment,5
3472,CD4_T,treatment,5
3473,junk_debris,treatment,5
3474,junk_noise,treatment,5
3475,junk_dead,treatment,5
3476,junk_noise,treatment,5
3477,junk_debris,treatment,5
3478,junk_debris,treatment,5
3479,CD4_T,treatment,5
3480,B,treatment,5
3481,junk_debris,treatment,5
3482,Neutrophil,treatment,5
3483,junk_dead,treatment,5
3484,junk_doublet,treatment,5
3485,Myeloid,treatment,5
3486,junk_doublet,treatment,5
3487,junk_debris,treatment,5
3488,junk_noise,treatment,5
3489,junk_debris,treatment,5
3490,junk_doublet,treatment,5
3491,Myeloid,treatment,5
3492,Myeloid,treatment,5
3493,junk_dead,treatment,5
3494,B,treatment,5
3495,junk_noise,treatment,5
3496,junk_debris,treatment,5
3497,B,treatment,5
3498,junk_debris,treatment,5
3499,B,treatment,5
3500,CD4_T,treatment,5
3501,junk_debris,treatment,5
3502,junk_doublet,treatment,5
3503,junk_debris,treatment,5
3504,Myeloid,treatment,5
3505,junk_doublet,treatment,5
3506,junk_debris,treatment,5
3507,Neutrophil,treatment,5
3508,junk_dead,treatment,5
3509,junk_debris,treatment,5
3510,Neutrophil,treatment,5
3511,junk_dead,treatment,5
3512,CD4_T,treatment,5
3513,junk_debris,treatment,5
3514,junk_doublet,treatment,5
3515,junk_doublet,treatment,5
3516,CD4_T,treatment,5
3517,junk_doublet,treatment,5
3518,Myeloid,treatment,5
3519,junk_doublet,treatment,5
3520,junk_noise,treatment,5
3521,CD8_T,treatment,5
3522,junk_debris,treatment,5
3523,B,treatment,5
3524,CD8_T,treatment,5
3525,junk_doublet,treatment,5
3526,junk_dead,treatment,5
3527,junk_debris,treatment,5
3528,junk_dead,treatment,5
3529,B,treatment,5
3530,junk_debris,treatment,5
3531,junk_debris,treatment,5
3532,junk_debris,treatment,5
3533,junk_debris,treatment,5
3534,junk_doublet,treatment,5
3535,Neutrophil,treatment,5
3536,CD4_T,treatment,5
3537,junk_debris,treatment,5
3538,NK,treatment,5
3539,junk_dead,treatment,5
3540,junk_dead,treatment,5
3541,junk_doublet,treatment,5
3542,junk_dead,treatment,5
3543,junk_dead,treatment,5
3544,CD4_T,treatment,5
3545,junk_debris,treatment,5
3546,junk_doublet,treatment,5
3547,Myeloid,treatment,5
3548,junk_debris,treatment,5
3549,junk_doublet,treatment,5
3550,junk_debris,treatment,5
3551,junk_dead,treatment,5
3552,junk_dead,treatment,5
3553,junk_doublet,treatment,5
3554,junk_noise,treatment,5
3555,junk_dead,treatment,5
3556,junk_noise,treatment,5
3557,junk_dead,treatment,5
3558,junk_noise,treatment,5
3559,junk_dead,treatment,5
3560,junk_doublet,treatment,5
3561,CD4_T,treatment,5
3562,junk_doublet,treatment,5
3563,Myeloid,treatment,5
3564,junk_debris,treatment,5
3565,junk_doublet,treatment,5
3566,junk_noise,treatment,5
3567,junk_debris,treatment,5
3568,junk_noise,treatment,5
3569,junk_dead,treatment,5
3570,junk_noise,treatment,5
3571,Neutrophil,treatment,5
3572,NK,treatment,5
3573,junk_doublet,treatment,5
3574,junk_dead,treatment,5
3575,junk_dead,treatment,5
3576,CD4_T,treatment,5
3577,junk_debris,treatment,5
3578,junk_doublet,treatment,5
3579,junk_noise,treatment,5
3580,junk_noise,treatment,5
3581,Myeloid,treatment,5
3582,junk_doublet,treatment,5
3583,junk_debris,treatment,5
3584,junk_doublet,treatment,5
3585,junk_debris,treatment,5
3586,DC,treatment,5
3587,B,treatment,5
3588,B,treatment,5
3589,junk_doublet,treatment,5
3590,B,treatment,5
3591,junk_debris,treatment,5
3592,junk_noise,treatment,5
3593,junk_doublet,treatment,5
3594,junk_dead,treatment,5
3595,junk_debris,treatment,5
3596,B,treatment,5
3597,junk_debris,treatment,5
3598,junk_doublet,treatment,5
3599,junk_debris,treatment,5
3600,junk_doublet,treatment,5
3601,junk_dead,treatment,5
3602,junk_noise,treatment,5
3603,junk_debris,treatment,5
3604,junk_dead,treatment,5
3605,junk_debris,treatment,5
3606,junk_debris,treatment,5
3607,junk_noise,treatment,5
3608,NK,treatment,5
3609,B,treatment,5
3610,junk_debris,treatment,5
3611,junk_doublet,treatment,5
3612,junk_doublet,treatment,5
3613,junk_dead,treatment,5
3614,junk_noise,treatment,5
3615,junk_debris,treatment,5
3616,B,treatment,5
3617,junk_doublet,treatment,5
3618,junk_dead,treatment,5
3619,CD8_T,treatment,5
3620,Myeloid,treatment,5
3621,junk_doublet,treatment,5
3622,junk_debris,treatment,5
3623,junk_doublet,treatment,5
3624,junk_noise,treatment,5
3625,junk_noise,treatment,5
3626,CD4_T,treatment,5
3627,junk_debris,treatment,5
3628,junk_noise,treatment,5
3629,junk_noise,treatment,5
3630,CD8_T,treatment,5
3631,junk_doublet,treatment,5
3632,junk_doublet,treatment,5
3633,junk_dead,treatment,5
3634,junk_noise,treatment,5
3635,junk_dead,treatment,5
3636,B,treatment,5
3637,junk_noise,treatment,5
3638,CD8_T,treatment,5
3639,junk_debris,treatment,5
3640,junk_doublet,treatment,5
3641,junk_dead,treatment,5
3642,junk_noise,treatment,5
3643,B,treatment,5
3644,junk_dead,treatment,5
3645,junk_doublet,treatment,5
3646,junk_debris,treatment,5
3647,Myeloid,treatment,5
3648,junk_noise,treatment,5
3649,junk_noise,treatment,5
3650,Myeloid,treatment,5
3651,junk_debris,treatment,5
3652,junk_dead,treatment,5
3653,junk_noise,treatment,5
3654,junk_dead,treatment,5
3655,Neutrophil,treatment,5
3656,junk_dead,treatment,5
3657,junk_debris,treatment,5
3658,CD4_T,treatment,5
3659,junk_debris,treatment,5
3660,junk_doublet,treatment,5
3661,Myeloid,treatment,5
3662,junk_dead,treatment,5
3663,NK,treatment,5
3664,junk_noise,treatment,5
3665,junk_debris,treatment,5
3666,B,treatment,5
3667,junk_debris,treatment,5
3668,junk_doublet,treatment,5
3669,junk_doublet,treatment,5
3670,junk_dead,treatment,5
3671,Myeloid,treatment,5
3672,junk_dead,treatment,5
3673,CD4_T,treatment,5
3674,B,treatment,5
3675,junk_debris,treatment,5
3676,junk_doublet,treatment,5
3677,Neutrophil,treatment,5
3678,junk_debris,treatment,5
3679,junk_debris,treatment,5
3680,junk_debris,treatment,5
3681,Myeloid,treatment,5
3682,junk_debris,treatment,5
3683,Neutrophil,treatment,5
3684,junk_doublet,treatment,5
3685,junk_debris,treatment,5
3686,B,treatment,5
3687,junk_noise,treatment,5
3688,junk_noise,treatment,5
3689,junk_dead,treatment,5
3690,junk_debris,treatment,5
3691,junk_debris,treatment,5
3692,junk_dead,treatment,5
3693,CD8_T,treatment,5
3694,B,treatment,5
3695,junk_debris,treatment,5
3696,CD4_T,treatment,5
3697,junk_dead,treatment,5
3698,NK,treatment,5
3699,junk_debris,treatment,5
3700,CD4_T,treatment,5
3701,junk_debris,treatment,5
3702,junk_noise,treatment,5
3703,junk_doublet,treatment,5
3704,junk_doublet,treatment,5
3705,B,treatment,5
3706,junk_dead,treatment,5
3707,junk_dead,treatment,5
3708,junk_debris,treatment,5
3709,junk_dead,treatment,5
3710,NK,treatment,5
3711,junk_debris,treatment,5
3712,junk_noise,treatment,5
3713,NK,treatment,5
3714,Neutrophil,treatment,5
3715,junk_doublet,treatment,5
3716,junk_dead,treatment,5
3717,junk_dead,treatment,5
3718,CD4_T,treatment,5
3719,junk_noise,treatment,5
3720,junk_doublet,treatment,5
3721,junk_dead,treatment,5
3722,B,treatment,5
3723,B,treatment,5
3724,CD8_T,treatment,5
3725,Myeloid,treatment,5
3726,junk_noise,treatment,5
3727,junk_debris,treatment,5
3728,Myeloid,treatment,5
3729,CD4_T,treatment,5
3730,junk_debris,treatment,5
3731,junk_doublet,treatment,5
3732,junk_debris,treatment,5
3733,junk_noise,treatment,5
3734,junk_debris,treatment,5
3735,junk_debris,treatment,5
3736,CD4_T,treatment,5
3737,junk_dead,treatment,5
3738,junk_dead,treatment,5
3739,junk_doublet,treatment,5
3740,junk_dead,treatment,5
3741,junk_debris,treatment,5
3742,junk_debris,treatment,5
3743,junk_doublet,treatment,5
3744,junk_debris,treatment,5
3745,junk_noise,treatment,5
3746,CD4_T,treatment,5
3747,Myeloid,treatment,5
3748,junk_debris,treatment,5
3749,junk_debris,treatment,5
3750,junk_dead,treatment,5
3751,junk_debris,treatment,5
3752,junk_debris,treatment,5
3753,junk_debris,treatment,5
3754,Neutrophil,treatment,5
3755,junk_doublet,treatment,5
3756,junk_doublet,treatment,5
3757,junk_debris,treatment,5
3758,junk_debris,treatment,5
3759,junk_noise,treatment,5
3760,CD4_T,treatment,5
3761,junk_noise,treatment,5
3762,junk_debris,treatment,5
3763,NK,treatment,5
3764,junk_debris,treatment,5
3765,junk_noise,treatment,5
3766,junk_noise,treatment,5
3767,junk_noise,treatment,5
3768,CD8_T,treatment,5
3769,junk_debris,treatment,5
3770,Myeloid,treatment,5
3771,junk_debris,treatment,5
3772,Myeloid,treatment,5
3773,NK,treatment,5
3774,junk_debris,treatment,5
3775,junk_dead,treatment,5
3776,junk_dead,treatment,5
3777,B,treatment,5
3778,CD4_T,treatment,5
3779,junk_dead,treatment,5
3780,NK,treatment,5
3781,Myeloid,treatment,5
3782,CD4_T,treatment,5
3783,junk_dead,treatment,5
3784,junk_noise,treatment,5
3785,junk_debris,treatment,5
3786,junk_doublet,treatment,5
3787,CD8_T,treatment,5
3788,junk_noise,treatment,5
3789,Myeloid,treatment,5
3790,junk_dead,treatment,5
3791,junk_doublet,treatment,5
3792,junk_debris,treatment,5
3793,B,treatment,5
3794,junk_debris,treatment,5
3795,B,treatment,5
3796,junk_doublet,treatment,5
3797,junk_debris,treatment,5
3798,B,treatment,5
3799,junk_debris,treatment,5
3800,junk_debris,treatment,5
3801,junk_doublet,treatment,5
3802,junk_dead,treatment,5
3803,CD4_T,treatment,5
3804,junk_doublet,treatment,5
3805,junk_dead,treatment,5
3806,Neutrophil,treatment,5
3807,junk_noise,treatment,5
3808,B,treatment,5
3809,junk_doublet,treatment,5
3810,junk_debris,treatment,5
3811,CD4_T,treatment,5
3812,B,treatment,5
3813,junk_debris,treatment,5
3814,junk_dead,treatment,5
3815,B,treatment,5
3816,Neutrophil,treatment,5
3817,junk_noise,treatment,5
3818,Myeloid,treatment,5
3819,CD4_T,treatment,5
3820,junk_dead,treatment,5
3821,CD4_T,treatment,5
3822,DC,treatment,5
3823,B,treatment,5
3824,junk_noise,treatment,5
3825,junk_debris,treatment,5
3826,B,treatment,5
3827,junk_noise,treatment,5
3828,junk_doublet,treatment,5
3829,NK,treatment,5
3830,junk_noise,treatment,5
3831,B,treatment,5
3832,junk_debris,treatment,5
3833,junk_debris,treatment,5
3834,junk_debris,treatment,5
3835,junk_dead,treatment,5
3836,junk_debris,treatment,5
3837,junk_dead,treatment,5
3838,junk_doublet,treatment,5
3839,Myeloid,treatment,5
3840,B,treatment,5
3841,B,treatment,5
3842,junk_dead,treatment,5
3843,CD4_T,treatment,5
3844,junk_debris,treatment,5
3845,Myeloid,treatment,5
3846,CD8_T,treatment,5
3847,junk_noise,treatment,5
3848,NK,treatment,5
3849,junk_doublet,treatment,5
3850,junk_doublet,treatment,5
3851,junk_doublet,treatment,5
3852,junk_doublet,treatment,5
3853,B,treatment,5
3854,CD4_T,treatment,5
3855,junk_noise,treatment,5
3856,junk_debris,treatment,5
3857,junk_dead,treatment,5
3858,junk_debris,treatment,5
3859,junk_debris,treatment,5
3860,junk_debris,treatment,5
3861,Myeloid,treatment,5
3862,junk_debris,treatment,5
3863,junk_debris,treatment,5
3864,B,treatment,5
3865,junk_dead,treatment,5
3866,junk_doublet,treatment,5
3867,junk_debris,treatment,5
3868,junk_dead,treatment,5
3869,junk_debris,treatment,5
3870,junk_doublet,treatment,5
3871,junk_debris,treatment,5
3872,junk_debris,treatment,5
3873,Neutrophil,treatment,5
3874,junk_dead,treatment,5
3875,junk_doublet,treatment,5
3876,B,treatment,5
3877,junk_debris,treatment,5
3878,junk_doublet,treatment,5
3879,junk_debris,treatment,5
3880,junk_dead,treatment,5
3881,junk_debris,treatment,5
3882,NK,treatment,5
3883,CD8_T,treatment,5
3884,junk_dead,treatment,5
3885,junk_debris,treatment,5
3886,CD8_T,treatment,5
3887,junk_dead,treatment,5
3888,junk_debris,treatment,5
3889,junk_debris,treatment,5
3890,junk_doublet,treatment,5
3891,NK,treatment,5
3892,Neutrophil,treatment,5
3893,junk_noise,treatment,5
3894,CD8_T,treatment,5
3895,junk_doublet,treatment,5
3896,Myeloid,treatment,5
3897,B,treatment,5
3898,B,treatment,5
3899,junk_doublet,treatment,5
3900,Myeloid,treatment,5
3901,junk_debris,treatment,5
3902,junk_debris,treatment,5
3903,junk_doublet,treatment,5
3904,junk_dead,treatment,5
3905,junk_doublet,treatment,5
3906,junk_doublet,treatment,5
3907,CD4_T,treatment,5
3908,junk_debris,treatment,5
3909,CD8_T,treatment,5
3910,junk_debris,treatment,5
3911,junk_noise,treatment,5
3912,CD4_T,treatment,5
3913,junk_debris,treatment,5
3914,junk_debris,treatment,5
3915,B,treatment,5
3916,junk_doublet,treatment,5
3917,junk_doublet,treatment,5
3918,CD4_T,treatment,5
3919,CD4_T,treatment,5
3920,Myeloid,treatment,5
3921,NK,treatment,5
3922,junk_dead,treatment,5
3923,junk_debris,treatment,5
3924,junk_dead,treatment,5
3925,NK,treatment,5
3926,B,treatment,5
3927,NK,treatment,5
3928,junk_debris,treatment,5
3929,Myeloid,treatment,5
3930,junk_debris,treatment,5
3931,Neutrophil,treatment,5
3932,junk_debris,treatment,5
3933,junk_debris,treatment,5
3934,Myeloid,treatment,5
3935,Neutrophil,treatment,5
3936,CD8_T,treatment,5
3937,CD4_T,treatment,5
3938,B,treatment,5
3939,junk_noise,treatment,5
3940,junk_debris,treatment,5
3941,junk_noise,treatment,5
3942,B,treatment,5
3943,junk_debris,treatment,5
3944,Neutrophil,treatment,5
3945,junk_noise,treatment,5
3946,junk_dead,treatment,5
3947,CD4_T,treatment,5
3948,junk_doublet,treatment,5
3949,junk_debris,treatment,5
3950,junk_debris,treatment,5
3951,junk_doublet,treatment,5
3952,junk_noise,treatment,5
3953,junk_debris,treatment,5
3954,CD8_T,treatment,5
3955,NK,treatment,5
3956,CD4_T,treatment,5
3957,junk_debris,treatment,5
3958,B,treatment,5
3959,junk_debris,treatment,5
3960,CD8_T,treatment,5
3961,B,treatment,5
3962,junk_debris,treatment,5
3963,NK,treatment,5
3964,junk_doublet,treatment,5
3965,junk_debris,treatment,5
3966,junk_debris,treatment,5
3967,junk_doublet,treatment,5
3968,B,treatment,5
3969,junk_doublet,treatment,5
3970,B,treatment,5
3971,CD4_T,treatment,5
3972,CD8_T,treatment,5
3973,CD8_T,treatment,5
3974,junk_dead,treatment,5
3975,junk_dead,treatment,5
3976,NK,treatment,5
3977,junk_noise,treatment,5
3978,junk_debris,treatment,5
3979,junk_debris,treatment,5
3980,B,treatment,5
3981,B,treatment,5
3982,B,treatment,5
3983,B,treatment,5
3984,junk_doublet,treatment,5
3985,junk_dead,treatment,5
3986,junk_debris,treatment,5
3987,Myeloid,treatment,5
3988,junk_debris,treatment,5
3989,NK,treatment,5
3990,Myeloid,treatment,5
3991,junk_debris,treatment,5
3992,junk_debris,treatment,5
3993,junk_dead,treatment,5
3994,junk_noise,treatment,5
3995,CD8_T,treatment,5
3996,junk_debris,treatment,5
3997,junk_doublet,treatment,5
3998,junk_doublet,treatment,5
3999,junk_doublet,treatment,5
4000,junk_debris,treatment,5
4001,junk_debris,treatment,5
4002,junk_dead,treatment,5
4003,Myeloid,treatment,5
4004,B,treatment,5
4005,junk_dead,treatment,5
4006,junk_doublet,treatment,5
4007,CD4_T,treatment,5
4008,junk_debris,treatment,5
4009,NK,treatment,5
4010,CD4_T,treatment,5
4011,junk_debris,treatment,5
4012,B,treatment,5
4013,junk_dead,treatment,5
4014,junk_debris,treatment,5
4015,junk_dead,treatment,5
4016,junk_doublet,treatment,5
4017,Myeloid,treatment,5
4018,CD4_T,treatment,5
4019,junk_debris,treatment,5
4020,junk_debris,treatment,5
4021,Myeloid,treatment,5
4022,junk_debris,treatment,5
4023,junk_debris,treatment,5
4024,junk_doublet,treatment,5
4025,junk_debris,treatment,5
4026,junk_doublet,treatment,5
4027,junk_noise,treatment,5
4028,junk_dead,treatment,5
4029,junk_debris,treatment,5
4030,junk_debris,treatment,5
4031,NK,treatment,5
4032,junk_dead,treatment,5
4033,junk_doublet,treatment,5
4034,junk_debris,treatment,5
4035,junk_doublet,treatment,5
4036,junk_dead,treatment,5
4037,junk_doublet,treatment,5
4038,Myeloid,treatment,5
4039,Neutrophil,treatment,5
4040,junk_noise,treatment,5
4041,junk_doublet,treatment,5
4042,junk_debris,treatment,5
4043,junk_debris,treatment,5
4044,junk_dead,treatment,5
4045,junk_noise,treatment,5
4046,B,treatment,5
4047,junk_noise,treatment,5
4048,CD8_T,treatment,5
4049,NK,treatment,5
4050,Neutrophil,treatment,5
4051,junk_debris,treatment,5
4052,DC,treatment,5
4053,junk_doublet,treatment,5
4054,junk_debris,treatment,5
4055,junk_dead,treatment,5
4056,junk_dead,treatment,5
4057,Myeloid,treatment,5
4058,CD8_T,treatment,5
4059,B,treatment,5
4060,CD8_T,treatment,5
4061,CD4_T,treatment,5
4062,junk_doublet,treatment,5
4063,junk_noise,treatment,5
4064,B,treatment,5
4065,junk_noise,treatment,5
4066,CD8_T,treatment,5
4067,junk_doublet,treatment,5
4068,junk_debris,treatment,5
4069,junk_dead,treatment,5
4070,Neutrophil,treatment,5
4071,junk_doublet,treatment,5
4072,junk_dead,treatment,5
4073,B,treatment,5
4074,junk_doublet,treatment,5
4075,junk_doublet,treatment,5
4076,junk_dead,treatment,5
4077,junk_doublet,treatment,5
4078,junk_dead,treatment,5
4079,junk_debris,treatment,5
4080,Neutrophil,treatment,5
4081,Neutrophil,treatment,5
4082,Neutrophil,treatment,5
4083,junk_debris,treatment,5
4084,B,treatment,5
4085,junk_noise,treatment,5
4086,CD8_T,treatment,5
4087,junk_debris,treatment,5
4088,B,treatment,5
4089,junk_doublet,treatment,5
4090,junk_noise,treatment,5
4091,junk_dead,treatment,5
4092,junk_debris,treatment,5
4093,Myeloid,treatment,5
4094,junk_doublet,treatment,5
4095,CD4_T,treatment,5
4096,junk_debris,treatment,5
4097,CD4_T,treatment,5
4098,B,treatment,5
4099,junk_doublet,treatment,5
4100,junk_noise,treatment,5
4101,junk_debris,treatment,5
4102,junk_noise,treatment,5
4103,junk_noise,treatment,5
4104,junk_debris,treatment,5
4105,junk_noise,treatment,5
4106,junk_dead,treatment,5
4107,junk_dead,treatment,5
4108,junk_dead,treatment,5
4109,B,treatment,5
4110,junk_doublet,treatment,5
4111,junk_doublet,treatment,5
4112,junk_noise,treatment,5
4113,junk_debris,treatment,5
4114,Neutrophil,treatment,5
4115,junk_debris,treatment,5
4116,junk_noise,treatment,5
4117,junk_doublet,treatment,5
4118,junk_dead,treatment,5
4119,CD8_T,treatment,5
4120,junk_dead,treatment,5
4121,junk_dead,treatment,5
4122,junk_dead,treatment,5
4123,junk_doublet,treatment,5
4124,junk_doublet,treatment,5
4125,junk_dead,treatment,5
4126,Myeloid,treatment,5
4127,junk_debris,treatment,5
4128,junk_noise,treatment,5
4129,B,treatment,5
4130,junk_dead,treatment,5
4131,junk_noise,treatment,5
4132,junk_dead,treatment,5
4133,junk_debris,treatment,5
4134,junk_doublet,treatment,5
4135,junk_debris,treatment,5
4136,junk_debris,treatment,5
4137,junk_debris,treatment,5
4138,junk_debris,treatment,5
4139,junk_debris,treatment,5
4140,junk_doublet,treatment,5
4141,Neutrophil,treatment,5
4142,junk_debris,treatment,5
4143,B,treatment,5
4144,NK,treatment,5
4145,Myeloid,treatment,5
4146,junk_debris,treatment,5
4147,junk_noise,treatment,5
4148,junk_doublet,treatment,5
4149,junk_dead,treatment,5
4150,junk_doublet,treatment,5
4151,junk_debris,treatment,5
4152,CD4_T,treatment,5
4153,junk_dead,treatment,5
4154,CD8_T,treatment,5
4155,junk_dead,treatment,5
4156,junk_debris,treatment,5
4157,junk_debris,treatment,5
4158,junk_debris,treatment,5
4159,junk_debris,treatment,5
4160,junk_debris,treatment,5
4161,junk_debris,treatment,5
4162,B,treatment,5
4163,junk_doublet,treatment,5
4164,junk_debris,treatment,5
4165,junk_noise,treatment,5
4166,B,treatment,5
4167,junk_debris,treatment,5
4168,junk_debris,treatment,5
4169,junk_doublet,treatment,5
4170,junk_dead,treatment,5
4171,junk_dead,treatment,5
4172,B,treatment,5
4173,junk_doublet,treatment,5
4174,junk_doublet,treatment,5
4175,junk_debris,treatment,5
4176,junk_debris,treatment,5
4177,junk_debris,treatment,5
4178,junk_debris,treatment,5
4179,junk_dead,treatment,5
4180,junk_doublet,treatment,5
4181,CD4_T,treatment,5
4182,junk_debris,treatment,5
4183,junk_debris,treatment,5
4184,junk_debris,treatment,5
4185,junk_dead,treatment,5
4186,junk_dead,treatment,5
4187,junk_dead,treatment,5
4188,junk_noise,treatment,5
4189,junk_doublet,treatment,5
4190,B,treatment,5
4191,Myeloid,treatment,5
4192,CD4_T,treatment,5
4193,B,treatment,5
4194,B,treatment,5
4195,junk_doublet,treatment,5
4196,junk_debris,treatment,5
4197,B,treatment,5
4198,CD8_T,treatment,5
4199,junk_debris,treatment,5
4200,junk_debris,treatment,5
4201,junk_dead,treatment,5
4202,junk_doublet,treatment,5
4203,Myeloid,treatment,5
4204,CD4_T,treatment,5
4205,junk_noise,treatment,5
4206,junk_debris,treatment,5
4207,junk_doublet,treatment,5
4208,NK,treatment,5
4209,DC,treatment,5
4210,junk_debris,treatment,5
4211,junk_debris,treatment,5
4212,junk_dead,treatment,5
4213,junk_debris,treatment,5
4214,junk_doublet,treatment,5
4215,CD4_T,treatment,5
4216,junk_dead,treatment,5
4217,B,treatment,5
4218,junk_doublet,treatment,5
4219,junk_dead,treatment,5
4220,DC,treatment,5
4221,junk_dead,treatment,5
4222,junk_dead,treatment,5
4223,junk_dead,treatment,5
4224,CD4_T,treatment,5
4225,NK,treatment,5
4226,junk_dead,treatment,5
4227,junk_noise,treatment,5
4228,junk_debris,treatment,5
4229,junk_dead,treatment,5
4230,junk_noise,treatment,5
4231,B,treatment,5
4232,junk_noise,treatment,5
4233,junk_noise,treatment,5
4234,junk_debris,treatment,5
4235,CD8_T,treatment,5
4236,junk_noise,treatment,5
4237,junk_noise,treatment,5
4238,junk_doublet,treatment,5
4239,B,treatment,5
4240,B,treatment,5
4241,CD8_T,treatment,5
4242,junk_doublet,treatment,5
4243,CD4_T,treatment,5
4244,junk_debris,treatment,5
4245,junk_debris,treatment,5
4246,CD4_T,treatment,5
4247,junk_doublet,treatment,5
4248,junk_noise,treatment,5
4249,junk_doublet,treatment,5
4250,junk_debris,treatment,5
4251,junk_debris,treatment,5
4252,NK,treatment,5
4253,junk_debris,treatment,5
4254,junk_debris,treatment,5
4255,junk_debris,treatment,5
4256,Neutrophil,treatment,5
4257,NK,treatment,5
4258,junk_dead,treatment,5
4259,junk_doublet,treatment,5
4260,junk_debris,treatment,5
4261,CD8_T,treatment,5
4262,junk_doublet,treatment,5
4263,junk_doublet,treatment,5
4264,junk_dead,treatment,5
4265,Neutrophil,treatment,5
4266,junk_debris,treatment,5
4267,junk_dead,treatment,5
4268,junk_doublet,treatment,5
4269,CD8_T,treatment,5
4270,Myeloid,treatment,5
4271,junk_doublet,treatment,5
4272,junk_noise,treatment,5
4273,junk_debris,treatment,5
4274,junk_dead,treatment,5
4275,junk_dead,treatment,5
4276,junk_dead,treatment,5
4277,junk_debris,treatment,5
4278,DC,treatment,5
4279,junk_doublet,treatment,5
4280,B,treatment,5
4281,junk_dead,treatment,5
4282,CD4_T,treatment,5
4283,junk_dead,treatment,5
4284,junk_debris,treatment,5
4285,junk_doublet,treatment,5
4286,junk_dead,treatment,5
4287,junk_dead,treatment,5
4288,junk_doublet,treatment,5
4289,CD4_T,treatment,5
4290,junk_doublet,treatment,5
4291,junk_dead,treatment,5
4292,B,treatment,5
4293,B,treatment,5
4294,junk_debris,treatment,5
4295,NK,treatment,5
4296,junk_debris,treatment,5
4297,junk_doublet,treatment,5
4298,junk_debris,treatment,5
4299,junk_doublet,treatment,5
4300,junk_debris,treatment,5
4301,CD4_T,treatment,5
4302,Myeloid,treatment,5
4303,junk_dead,treatment,5
4304,B,treatment,5
4305,junk_dead,treatment,5
4306,junk_dead,treatment,5
4307,junk_debris,treatment,5
4308,Myeloid,treatment,5
4309,junk_debris,treatment,5
4310,junk_doublet,treatment,5
4311,junk_debris,treatment,5
4312,junk_debris,treatment,5
4313,B,treatment,5
4314,junk_debris,treatment,5
4315,B,treatment,5
4316,junk_debris,treatment,5
4317,junk_debris,treatment,5
4318,junk_dead,treatment,5
4319,junk_noise,treatment,5
4320,junk_dead,treatment,5
4321,junk_doublet,treatment,5
4322,Myeloid,treatment,5
4323,B,treatment,5
4324,junk_dead,treatment,5
4325,junk_dead,treatment,5
4326,junk_noise,treatment,5
4327,CD8_T,treatment,5
4328,CD8_T,treatment,5
4329,Neutrophil,treatment,5
4330,junk_debris,treatment,5
4331,junk_noise,treatment,5
4332,junk_dead,treatment,5
4333,junk_doublet,treatment,5
4334,B,treatment,5
4335,CD4_T,treatment,5
4336,NK,treatment,5
4337,junk_debris,treatment,5
4338,B,treatment,5
4339,junk_dead,treatment,5
4340,junk_debris,treatment,5
4341,junk_debris,treatment,5
4342,B,treatment,5
4343,CD8_T,treatment,5
4344,junk_debris,treatment,5
4345,junk_noise,treatment,5
4346,Myeloid,treatment,5
4347,Myeloid,treatment,5
4348,B,treatment,5
4349,Neutrophil,treatment,5
4350,junk_doublet,treatment,5
4351,junk_debris,treatment,5
4352,junk_dead,treatment,5
4353,CD4_T,treatment,5
4354,B,treatment,5
4355,Neutrophil,treatment,5
4356,junk_noise,treatment,5
4357,junk_doublet,treatment,5
4358,Neutrophil,treatment,5
4359,junk_dead,treatment,5
4360,junk_doublet,treatment,5
4361,NK,treatment,5
4362,B,treatment,5
4363,Neutrophil,treatment,5
4364,B,treatment,5
4365,junk_debris,treatment,5
4366,junk_noise,treatment,5
4367,B,treatment,5
4368,CD4_T,treatment,5
4369,CD8_T,treatment,5
4370,Neutrophil,treatment,5
4371,junk_dead,treatment,5
4372,junk_doublet,treatment,5
4373,Myeloid,treatment,5
4374,junk_debris,treatment,5
4375,junk_doublet,treatment,5
4376,junk_doublet,treatment,5
4377,CD4_T,treatment,5
4378,junk_doublet,treatment,5
4379,junk_debris,treatment,5
4380,junk_debris,treatment,5
4381,junk_debris,treatment,5
4382,Myeloid,treatment,5
4383,junk_dead,treatment,5
4384,CD4_T,treatment,5
4385,junk_doublet,treatment,5
4386,junk_dead,treatment,5
4387,junk_doublet,treatment,5
4388,junk_debris,treatment,5
4389,junk_debris,treatment,5
4390,junk_debris,treatment,5
4391,junk_doublet,treatment,5
4392,CD4_T,treatment,5
4393,Neutrophil,treatment,5
4394,junk_debris,treatment,5
4395,junk_noise,treatment,5
4396,junk_doublet,treatment,5
4397,junk_debris,treatment,5
4398,junk_debris,treatment,5
4399,junk_doublet,treatment,5
4400,junk_doublet,treatment,5
4401,junk_debris,treatment,5
4402,junk_debris,treatment,5
4403,Myeloid,treatment,5
4404,B,treatment,5
4405,junk_debris,treatment,5
4406,junk_dead,treatment,5
4407,junk_debris,treatment,5
4408,junk_doublet,treatment,5
4409,junk_debris,treatment,5
4410,junk_debris,treatment,5
4411,junk_dead,treatment,5
4412,junk_noise,treatment,5
4413,CD8_T,treatment,5
4414,Myeloid,treatment,5
4415,junk_doublet,treatment,5
4416,Neutrophil,treatment,5
4417,junk_debris,treatment,5
4418,junk_debris,treatment,5
4419,junk_debris,treatment,5
4420,Myeloid,treatment,5
4421,junk_dead,treatment,5
4422,junk_debris,treatment,5
4423,junk_noise,treatment,5
4424,Myeloid,treatment,5
4425,CD4_T,treatment,5
4426,junk_debris,treatment,5
4427,junk_dead,treatment,5
4428,CD8_T,treatment,5
4429,junk_noise,treatment,5
4430,junk_debris,treatment,5
4431,CD4_T,treatment,5
4432,junk_doublet,treatment,5
4433,NK,treatment,5
4434,CD8_T,treatment,5
4435,junk_dead,treatment,5
4436,junk_debris,treatment,5
4437,junk_debris,treatment,5
4438,Neutrophil,treatment,5
4439,junk_doublet,treatment,5
4440,junk_doublet,treatment,5
4441,junk_noise,treatment,5
4442,junk_debris,treatment,5
4443,junk_debris,treatment,5
4444,junk_dead,treatment,5
4445,junk_dead,treatment,5
4446,CD4_T,treatment,5
4447,junk_debris,treatment,5
4448,junk_debris,treatment,5
4449,junk_dead,treatment,5
4450,B,treatment,5
4451,junk_dead,treatment,5
4452,B,treatment,5
4453,junk_noise,treatment,5
4454,CD4_T,treatment,5
4455,junk_noise,treatment,5
4456,junk_debris,treatment,5
4457,junk_doublet,treatment,5
4458,junk_dead,treatment,5
4459,junk_doublet,treatment,5
4460,Myeloid,treatment,5
4461,junk_doublet,treatment,5
4462,CD4_T,treatment,5
4463,junk_debris,treatment,5
4464,junk_debris,treatment,5
4465,Myeloid,treatment,5
4466,B,treatment,5
4467,Myeloid,treatment,5
4468,junk_dead,treatment,5
4469,junk_noise,treatment,5
4470,junk_noise,treatment,5
4471,junk_debris,treatment,5
4472,CD8_T,treatment,5
4473,junk_noise,treatment,5
4474,NK,treatment,5
4475,junk_noise,treatment,5
4476,junk_noise,treatment,5
4477,junk_debris,treatment,5
4478,junk_debris,treatment,5
4479,junk_doublet,treatment,5
4480,B,treatment,5
4481,Myeloid,treatment,5
4482,junk_dead,treatment,5
4483,junk_debris,treatment,5
4484,junk_dead,treatment,5
4485,B,treatment,5
4486,junk_dead,treatment,5
4487,B,treatment,5
4488,junk_debris,treatment,5
4489,junk_doublet,treatment,5
4490,CD4_T,treatment,5
4491,junk_doublet,treatment,5
4492,junk_noise,treatment,5
4493,junk_noise,treatment,5
4494,junk_dead,treatment,5
4495,Neutrophil,treatment,5
4496,junk_debris,treatment,5
4497,CD4_T,treatment,5
4498,CD8_T,treatment,5
4499,junk_debris,treatment,5
4500,B,treatment,5
4501,junk_debris,treatment,5
4502,CD4_T,treatment,5
4503,junk_dead,treatment,5
4504,Myeloid,treatment,5
4505,junk_dead,treatment,5
4506,junk_doublet,treatment,5
4507,CD8_T,treatment,5
4508,junk_doublet,treatment,5
4509,B,treatment,5
4510,junk_debris,treatment,5
4511,CD8_T,treatment,5
4512,B,treatment,5
4513,junk_doublet,treatment,5
4514,B,treatment,5
4515,junk_noise,treatment,5
4516,NK,treatment,5
4517,junk_dead,treatment,5
4518,junk_dead,treatment,5
4519,junk_noise,treatment,5
4520,junk_doublet,treatment,5
4521,junk_debris,treatment,5
4522,junk_dead,treatment,5
4523,junk_debris,treatment,5
4524,junk_debris,treatment,5
4525,junk_dead,treatment,5
4526,NK,treatment,5
4527,junk_debris,treatment,5
4528,Myeloid,treatment,5
4529,B,treatment,5
4530,junk_debris,treatment,5
4531,CD4_T,treatment,5
4532,Myeloid,treatment,5
4533,junk_dead,treatment,5
4534,junk_noise,treatment,5
4535,B,treatment,5
4536,junk_debris,treatment,5
4537,junk_doublet,treatment,5
4538,junk_dead,treatment,5
4539,Myeloid,treatment,5
4540,junk_dead,treatment,5
4541,CD4_T,treatment,5
4542,junk_dead,treatment,5
4543,junk_debris,treatment,5
4544,junk_doublet,treatment,5
4545,junk_doublet,treatment,5
4546,junk_noise,treatment,5
4547,CD8_T,treatment,5
4548,B,treatment,5
4549,junk_dead,treatment,5
4550,Neutrophil,treatment,5
4551,B,treatment,5
4552,B,treatment,5
4553,junk_debris,treatment,5
4554,junk_noise,treatment,5
4555,junk_debris,treatment,5
4556,Neutrophil,treatment,5
4557,CD4_T,treatment,5
4558,NK,treatment,5
4559,Myeloid,treatment,5
4560,junk_debris,treatment,5
4561,junk_dead,treatment,5
4562,junk_debris,treatment,5
4563,CD8_T,treatment,5
4564,Neutrophil,treatment,5
4565,CD4_T,treatment,5
4566,junk_debris,treatment,5
4567,NK,treatment,5
4568,junk_debris,treatment,5
4569,junk_debris,treatment,5
4570,junk_doublet,treatment,5
4571,junk_dead,treatment,5
4572,Neutrophil,treatment,5
4573,junk_noise,treatment,5
4574,junk_debris,treatment,5
4575,junk_debris,treatment,5
4576,Myeloid,treatment,5
4577,junk_noise,treatment,5
4578,Myeloid,treatment,5
4579,junk_dead,treatment,5
4580,junk_debris,treatment,5
4581,junk_dead,treatment,5
4582,junk_doublet,treatment,5
4583,junk_dead,treatment,5
4584,junk_debris,treatment,5
4585,Myeloid,treatment,5
4586,junk_doublet,treatment,5
4587,junk_noise,treatment,5
4588,junk_debris,treatment,5
4589,junk_debris,treatment,5
4590,junk_debris,treatment,5
4591,junk_noise,treatment,5
4592,junk_debris,treatment,5
4593,Myeloid,treatment,5
4594,CD4_T,treatment,5
4595,junk_dead,treatment,5
4596,junk_doublet,treatment,5
4597,junk_noise,treatment,5
4598,junk_dead,treatment,5
4599,junk_debris,treatment,5
4600,junk_debris,treatment,5
4601,junk_noise,treatment,5
4602,junk_debris,treatment,5
4603,junk_debris,treatment,5
4604,CD8_T,treatment,5
4605,Neutrophil,treatment,5
4606,junk_dead,treatment,5
4607,junk_dead,treatment,5
4608,junk_debris,treatment,5
4609,junk_doublet,treatment,5
4610,junk_doublet,treatment,5
4611,NK,treatment,5
4612,junk_doublet,treatment,5
4613,B,treatment,5
4614,junk_debris,treatment,5
4615,B,treatment,5
4616,junk_debris,treatment,5
4617,junk_dead,treatment,5
4618,CD4_T,treatment,5
4619,B,treatment,5
4620,junk_debris,treatment,5
4621,Myeloid,treatment,5
4622,Myeloid,treatment,5
4623,junk_debris,treatment,5
4624,CD8_T,treatment,5
4625,junk_debris,treatment,5
4626,junk_dead,treatment,5
4627,NK,treatment,5
4628,CD4_T,treatment,5
4629,Neutrophil,treatment,5
4630,junk_dead,treatment,5
4631,junk_doublet,treatment,5
4632,CD4_T,treatment,5
4633,Neutrophil,treatment,5
4634,junk_debris,treatment,5
4635,junk_debris,treatment,5
4636,junk_dead,treatment,5
4637,junk_debris,treatment,5
4638,junk_debris,treatment,5
4639,NK,treatment,5
4640,Myeloid,treatment,5
4641,junk_doublet,treatment,5
4642,Myeloid,treatment,5
4643,junk_dead,treatment,5
4644,junk_dead,treatment,5
4645,junk_dead,treatment,5
4646,B,treatment,5
4647,Neutrophil,treatment,5
4648,junk_debris,treatment,5
4649,CD8_T,treatment,5
4650,NK,treatment,5
4651,junk_dead,treatment,5
4652,junk_dead,treatment,5
4653,junk_debris,treatment,5
4654,junk_debris,treatment,5
4655,junk_dead,treatment,5
4656,junk_dead,treatment,5
4657,junk_doublet,treatment,5
4658,Myeloid,treatment,5
4659,junk_dead,treatment,5
4660,junk_dead,treatment,5
4661,Myeloid,treatment,5
4662,junk_debris,treatment,5
4663,junk_debris,treatment,5
4664,junk_doublet,treatment,5
4665,junk_dead,treatment,5
4666,CD8_T,treatment,5
4667,junk_dead,treatment,5
4668,junk_debris,treatment,5
4669,junk_debris,treatment,5
4670,junk_noise,treatment,5
4671,B,treatment,5
4672,junk_debris,treatment,5
4673,Myeloid,treatment,5
4674,junk_noise,treatment,5
4675,junk_debris,treatment,5
4676,Myeloid,treatment,5
4677,CD4_T,treatment,5
4678,CD4_T,treatment,5
4679,junk_doublet,treatment,5
4680,junk_dead,treatment,5
4681,junk_doublet,treatment,5
4682,junk_doublet,treatment,5
4683,Myeloid,treatment,5
4684,CD4_T,treatment,5
4685,junk_debris,treatment,5
4686,junk_dead,treatment,5
4687,B,treatment,5
4688,junk_debris,treatment,5
4689,Neutrophil,treatment,5
4690,NK,treatment,5
4691,junk_debris,treatment,5
4692,junk_debris,treatment,5
4693,junk_noise,treatment,5
4694,NK,treatment,5
4695,junk_noise,treatment,5
4696,Myeloid,treatment,5
4697,NK,treatment,5
4698,junk_dead,treatment,5
4699,B,treatment,5
4700,junk_doublet,treatment,5
4701,Neutrophil,treatment,5
4702,junk_noise,treatment,5
4703,Neutrophil,treatment,5
4704,junk_doublet,treatment,5
4705,B,treatment,5
4706,junk_noise,treatment,5
4707,junk_dead,treatment,5
4708,junk_debris,treatment,5
4709,CD8_T,treatment,5
4710,NK,treatment,5
4711,junk_dead,treatment,5
4712,Neutrophil,treatment,5
4713,NK,treatment,5
4714,junk_dead,treatment,5
4715,B,treatment,5
4716,B,treatment,5
4717,junk_debris,treatment,5
4718,Myeloid,treatment,5
4719,NK,treatment,5
4720,junk_noise,treatment,5
4721,Neutrophil,treatment,5
4722,junk_debris,treatment,5
4723,CD4_T,treatment,5
4724,junk_dead,treatment,5
4725,junk_noise,treatment,5
4726,B,treatment,5
4727,Neutrophil,treatment,5
4728,junk_dead,treatment,5
4729,junk_dead,treatment,5
4730,junk_noise,treatment,5
4731,CD4_T,treatment,5
4732,junk_noise,treatment,5
4733,junk_noise,treatment,5
4734,junk_dead,treatment,5
4735,B,treatment,5
4736,CD8_T,treatment,5
4737,junk_debris,treatment,5
4738,junk_debris,treatment,5
4739,junk_debris,treatment,5
4740,Myeloid,treatment,5
4741,junk_noise,treatment,5
4742,junk_doublet,treatment,5
4743,CD4_T,treatment,5
4744,junk_debris,treatment,5
4745,junk_debris,treatment,5
4746,junk_debris,treatment,5
4747,junk_noise,treatment,5
4748,junk_dead,treatment,5
4749,B,treatment,5
4750,junk_doublet,treatment,5
4751,junk_dead,treatment,5
4752,B,treatment,5
4753,junk_noise,treatment,5
4754,junk_debris,treatment,5
4755,Neutrophil,treatment,5
4756,junk_debris,treatment,5
4757,junk_debris,treatment,5
4758,junk_dead,treatment,5
4759,B,treatment,5
4760,junk_debris,treatment,5
4761,Neutrophil,treatment,5
4762,junk_doublet,treatment,5
4763,junk_dead,treatment,5
4764,junk_dead,treatment,5
4765,junk_debris,treatment,5
4766,junk_debris,treatment,5
4767,B,treatment,5
4768,junk_doublet,treatment,5
4769,junk_debris,treatment,5
4770,CD4_T,treatment,5
4771,junk_debris,treatment,5
4772,B,treatment,5
4773,CD4_T,treatment,5
4774,junk_doublet,treatment,5
4775,CD8_T,treatment,5
4776,Myeloid,treatment,5
4777,junk_doublet,treatment,5
4778,junk_dead,treatment,5
4779,junk_dead,treatment,5
4780,junk_doublet,treatment,5
4781,B,treatment,5
4782,junk_debris,treatment,5
4783,junk_noise,treatment,5
4784,junk_noise,treatment,5
4785,junk_debris,treatment,5
4786,DC,treatment,5
4787,junk_dead,treatment,5
4788,junk_debris,treatment,5
4789,junk_debris,treatment,5
4790,junk_dead,treatment,5
4791,junk_dead,treatment,5
4792,junk_debris,treatment,5
4793,junk_noise,treatment,5
4794,B,treatment,5
4795,Myeloid,treatment,5
4796,junk_debris,treatment,5
4797,NK,treatment,5
4798,CD4_T,treatment,5
4799,junk_doublet,treatment,5
4800,junk_debris,treatment,5
4801,junk_debris,treatment,5
4802,junk_doublet,treatment,5
4803,CD4_T,treatment,5
4804,Myeloid,treatment,5
4805,Myeloid,treatment,5
4806,CD4_T,treatment,5
4807,CD4_T,treatment,5
4808,junk_doublet,treatment,5
4809,junk_dead,treatment,5
4810,junk_debris,treatment,5
4811,junk_debris,treatment,5
4812,junk_doublet,treatment,5
4813,B,treatment,5
4814,junk_dead,treatment,5
4815,junk_dead,treatment,5
4816,B,treatment,5
4817,junk_dead,treatment,5
4818,Neutrophil,treatment,5
4819,junk_doublet,treatment,5
4820,junk_doublet,treatment,5
4821,junk_doublet,treatment,5
4822,junk_debris,treatment,5
4823,junk_debris,treatment,5
4824,junk_debris,treatment,5
4825,junk_debris,treatment,5
4826,junk_noise,treatment,5
4827,Myeloid,treatment,5
4828,junk_debris,treatment,5
4829,junk_debris,treatment,5
4830,DC,treatment,5
4831,CD4_T,treatment,5
4832,junk_debris,treatment,5
4833,junk_debris,treatment,5
4834,junk_dead,treatment,5
4835,junk_debris,treatment,5
4836,Myeloid,treatment,5
4837,junk_debris,treatment,5
4838,DC,treatment,5
4839,junk_doublet,treatment,5
4840,B,treatment,5
4841,B,treatment,5
4842,junk_dead,treatment,5
4843,junk_debris,treatment,5
4844,junk_debris,treatment,5
4845,junk_debris,treatment,5
4846,B,treatment,5
4847,junk_debris,treatment,5
4848,NK,treatment,5
4849,junk_dead,treatment,5
4850,junk_debris,treatment,5
4851,junk_doublet,treatment,5
4852,Neutrophil,treatment,5
4853,Myeloid,treatment,5
4854,Myeloid,treatment,5
4855,junk_doublet,treatment,5
4856,junk_debris,treatment,5
4857,CD4_T,treatment,5
4858,junk_dead,treatment,5
4859,CD4_T,treatment,5
4860,junk_doublet,treatment,5
4861,junk_dead,treatment,5
4862,B,treatment,5
4863,Neutrophil,treatment,5
4864,junk_debris,treatment,5
4865,B,treatment,5
4866,junk_debris,treatment,5
4867,B,treatment,5
4868,Myeloid,treatment,5
4869,Myeloid,treatment,5
4870,junk_dead,treatment,5
4871,junk_dead,treatment,5
4872,junk_debris,treatment,5
4873,junk_debris,treatment,5
4874,junk_debris,treatment,5
4875,B,treatment,5
4876,junk_dead,treatment,5
4877,CD8_T,treatment,5
4878,junk_doublet,treatment,5
4879,junk_debris,treatment,5
4880,NK,treatment,5
4881,junk_dead,treatment,5
4882,junk_doublet,treatment,5
4883,junk_debris,treatment,5
4884,junk_debris,treatment,5
4885,CD4_T,treatment,5
4886,junk_debris,treatment,5
4887,CD8_T,treatment,5
4888,Myeloid,treatment,5
4889,junk_doublet,treatment,5
4890,junk_dead,treatment,5
4891,junk_dead,treatment,5
4892,junk_dead,treatment,5
4893,Neutrophil,treatment,5
4894,junk_dead,treatment,5
4895,Myeloid,treatment,5
4896,junk_noise,treatment,5
4897,CD4_T,treatment,5
4898,junk_doublet,treatment,5
4899,CD8_T,treatment,5
4900,junk_doublet,treatment,5
4901,junk_doublet,treatment,5
4902,junk_debris,treatment,5
4903,junk_debris,treatment,5
4904,junk_debris,treatment,5
4905,B,treatment,5
4906,junk_debris,treatment,5
4907,junk_noise,treatment,5
4908,junk_dead,treatment,5
4909,junk_noise,treatment,5
4910,junk_debris,treatment,5
4911,B,treatment,5
4912,junk_debris,treatment,5
4913,CD4_T,treatment,5
4914,junk_doublet,treatment,5
4915,B,treatment,5
4916,junk_dead,treatment,5
4917,junk_debris,treatment,5
4918,junk_noise,treatment,5
4919,junk_debris,treatment,5
4920,B,treatment,5
4921,B,treatment,5
4922,Neutrophil,treatment,5
4923,CD8_T,treatment,5
4924,junk_dead,treatment,5
4925,junk_noise,treatment,5
4926,CD4_T,treatment,5
4927,NK,treatment,5
4928,B,treatment,5
4929,junk_debris,treatment,5
4930,junk_doublet,treatment,5
4931,DC,treatment,5
4932,Neutrophil,treatment,5
4933,Myeloid,treatment,5
4934,junk_doublet,treatment,5
4935,NK,treatment,5
4936,CD4_T,treatment,5
4937,Myeloid,treatment,5
4938,NK,treatment,5
4939,junk_noise,treatment,5
4940,junk_doublet,treatment,5
4941,junk_dead,treatment,5
4942,junk_debris,treatment,5
4943,junk_noise,treatment,5
4944,junk_noise,treatment,5
4945,junk_debris,treatment,5
4946,Myeloid,treatment,5
4947,NK,treatment,5
4948,NK,treatment,5
4949,B,treatment,5
4950,CD4_T,treatment,5
4951,B,treatment,5
4952,junk_dead,treatment,5
4953,junk_dead,treatment,5
4954,Neutrophil,treatment,5
4955,junk_debris,treatment,5
4956,junk_debris,treatment,5
4957,CD4_T,treatment,5
4958,Neutrophil,treatment,5
4959,CD8_T,treatment,5
4960,junk_dead,treatment,5
4961,junk_debris,treatment,5
4962,junk_debris,treatment,5
4963,junk_debris,treatment,5
4964,junk_noise,treatment,5
4965,junk_debris,treatment,5
4966,junk_dead,treatment,5
4967,junk_noise,treatment,5
4968,junk_debris,treatment,5
4969,CD4_T,treatment,5
4970,junk_noise,treatment,5
4971,junk_debris,treatment,5
4972,junk_debris,treatment,5
4973,B,treatment,5
4974,junk_debris,treatment,5
4975,junk_debris,treatment,5
4976,Neutrophil,treatment,5
4977,CD8_T,treatment,5
4978,junk_dead,treatment,5
4979,junk_doublet,treatment,5
4980,junk_doublet,treatment,5
4981,junk_debris,treatment,5
4982,junk_debris,treatment,5
4983,CD4_T,treatment,5
4984,junk_debris,treatment,5
4985,junk_debris,treatment,5
4986,junk_doublet,treatment,5
4987,CD4_T,treatment,5
4988,junk_debris,treatment,5
4989,junk_noise,treatment,5
4990,junk_doublet,treatment,5
4991,B,treatment,5
4992,junk_debris,treatment,5
4993,junk_debris,treatment,5
4994,Myeloid,treatment,5
4995,DC,treatment,5
4996,junk_debris,treatment,5
4997,junk_debris,treatment,5
4998,Myeloid,treatment,5
4999,junk_doublet,treatment,5
